省份,城市,区县,店铺名,店铺具体地点,评分,人均消费（元/人）,店铺特色菜,地址完整性,地址状态,区县依据,店铺ID,榜单来源,详情来源,区县来源
上海市,上海市,普陀区,温州牛肉馆（镇坪路店）,上海市普陀区中山北路2165弄7号-6号（秋月枫舍步行街内）,4.4,93,半筋半肉锅,省市区及街道已获取,已获取,榜单行政区/商圈归属,906454626,https://plat.dianping.com/app/femember-musteat-web/musteat-rank?cityid=1&notitlebar=1&ranktype=3,https://www.dianping.com/shop/906454626/photos/album,https://plat.dianping.com/app/femember-musteat-web/musteat-rank?cityid=1&notitlebar=1&ranktype=3
上海市,上海市,闵行区,隨時見,上海市闵行区虹梅路3219号九洲生活广场一楼1B,4.6,92,生蚵油条饭（微辣）,省市区及街道已获取,已获取,榜单行政区/商圈归属,63236083,https://plat.dianping.com/app/femember-musteat-web/musteat-rank?cityid=1&notitlebar=1&ranktype=3,https://www.dianping.com/shop/63236083/photos/album,https://plat.dianping.com/app/femember-musteat-web/musteat-rank?cityid=1&notitlebar=1&ranktype=3
上海市,上海市,徐汇区,今日牛事潮汕鲜牛肉火锅（徐汇总店）,上海市徐汇区柳州路423号,4.7,130,吊龙,省市区及街道已获取,已获取,榜单行政区/商圈归属,22465085,https://plat.dianping.com/app/femember-musteat-web/musteat-rank?cityid=1&notitlebar=1&ranktype=3,https://www.dianping.com/shop/22465085/photos/album,https://plat.dianping.com/app/femember-musteat-web/musteat-rank?cityid=1&notitlebar=1&ranktype=3
上海市,上海市,浦东新区,竹枝豆张记鸡汤豆腐花（新场古镇店）,上海市浦东新区新场大街457号（距沪南公路100米）,4.3,22,张记鸡汤豆腐花,省市区及街道已获取,已获取,榜单行政区/商圈归属,66271482,https://plat.dianping.com/app/femember-musteat-web/musteat-rank?cityid=1&notitlebar=1&ranktype=3,https://www.dianping.com/shop/66271482/photos/album,https://plat.dianping.com/app/femember-musteat-web/musteat-rank?cityid=1&notitlebar=1&ranktype=3
上海市,上海市,嘉定区,新时泰（南翔印象城MEGA店）,上海市嘉定区陈翔公路2299号印象城6层06-01b,4.9,130,香浓古法咖喱大虾,省市区及街道已获取,已获取,榜单行政区/商圈归属,1890179041,https://plat.dianping.com/app/femember-musteat-web/musteat-rank?cityid=1&notitlebar=1&ranktype=3,https://www.dianping.com/shop/1890179041/photos/album,https://plat.dianping.com/app/femember-musteat-web/musteat-rank?cityid=1&notitlebar=1&ranktype=3
上海市,上海市,长宁区,丸忠·鳗烤（新世纪广场店）,上海市长宁区兴义路48号新世纪广场C座店铺3楼,4.8,172,鳗鱼三吃,省市区及街道已获取,已获取,榜单行政区/商圈归属,68209993,https://plat.dianping.com/app/femember-musteat-web/musteat-rank?cityid=1&notitlebar=1&ranktype=3,https://www.dianping.com/shop/68209993/photos/album,https://plat.dianping.com/app/femember-musteat-web/musteat-rank?cityid=1&notitlebar=1&ranktype=3
上海市,上海市,徐汇区,云里·云南铜锅米线（长乐路店）,上海市徐汇区长乐路1235号,4.4,44,招牌牛肉铜锅米线,省市区及街道已获取,已获取,榜单行政区/商圈归属,1501394718,https://plat.dianping.com/app/femember-musteat-web/musteat-rank?cityid=1&notitlebar=1&ranktype=3,https://www.dianping.com/shop/1501394718/photos/album,https://plat.dianping.com/app/femember-musteat-web/musteat-rank?cityid=1&notitlebar=1&ranktype=3
上海市,上海市,黄浦区,黔香阁（大上海时代广场店）,上海市黄浦区淮海中路99号大上海时代广场6楼L603,4.4,130,秘制盗汗鸡,省市区及街道已获取,已获取,榜单行政区/商圈归属,99103072,https://plat.dianping.com/app/femember-musteat-web/musteat-rank?cityid=1&notitlebar=1&ranktype=3,https://www.dianping.com/shop/99103072/photos/album,https://plat.dianping.com/app/femember-musteat-web/musteat-rank?cityid=1&notitlebar=1&ranktype=3
上海市,上海市,静安区,麦汇红烧牛肉面（延长中路店）,上海市静安区延长中路516号,4.3,28,传统牛肉面,省市区及街道已获取,已获取,榜单行政区/商圈归属,26215782,https://plat.dianping.com/app/femember-musteat-web/musteat-rank?cityid=1&notitlebar=1&ranktype=3,https://www.dianping.com/shop/26215782/photos/album,https://plat.dianping.com/app/femember-musteat-web/musteat-rank?cityid=1&notitlebar=1&ranktype=3
上海市,上海市,静安区,灵馄·本帮馄饨,上海市静安区常德路818号-1号（近昌平路）,4.6,26,大馄饨全家福,省市区及街道已获取,已获取,榜单行政区/商圈归属,1902819323,https://plat.dianping.com/app/femember-musteat-web/musteat-rank?cityid=1&notitlebar=1&ranktype=3,https://www.dianping.com/shop/1902819323/photos/album,https://plat.dianping.com/app/femember-musteat-web/musteat-rank?cityid=1&notitlebar=1&ranktype=3
上海市,上海市,静安区,香港龙凤楼（巨鹿路洋房店）,上海市静安区巨鹿路889号巨鹿花园7-8号楼,4.7,210,龙凤虾饺皇,省市区及街道已获取,已获取,榜单行政区/商圈归属,8910946,https://plat.dianping.com/app/femember-musteat-web/musteat-rank?cityid=1&notitlebar=1&ranktype=3,https://www.dianping.com/shop/8910946/photos/album,https://plat.dianping.com/app/femember-musteat-web/musteat-rank?cityid=1&notitlebar=1&ranktype=3
上海市,上海市,宝山区,钱塘秋荷·新江浙菜（大华店）,上海市宝山区大华二路300号,4.7,105,秋荷烤鸭,省市区及街道已获取,已获取,榜单行政区/商圈归属,1055837211,https://plat.dianping.com/app/femember-musteat-web/musteat-rank?cityid=1&notitlebar=1&ranktype=3,https://www.dianping.com/shop/1055837211/photos/album,https://plat.dianping.com/app/femember-musteat-web/musteat-rank?cityid=1&notitlebar=1&ranktype=3
上海市,上海市,浦东新区,天辣（陆家嘴中心店）,上海市浦东新区浦东南路899号陆家嘴中心L+Mall6层611,4.7,115,水煮三峡生态鱼,省市区及街道已获取,已获取,榜单行政区/商圈归属,1106811618,https://plat.dianping.com/app/femember-musteat-web/musteat-rank?cityid=1&notitlebar=1&ranktype=3,https://www.dianping.com/shop/1106811618/photos/album,https://plat.dianping.com/app/femember-musteat-web/musteat-rank?cityid=1&notitlebar=1&ranktype=3
上海市,上海市,徐汇区,邹开喜·醉鸡煲小海鲜·鲜切牛肉店（襄阳北路店）,上海市徐汇区襄阳北路襄阳大楼隔壁,4.7,105,潮汕喜滋滋滋补醉鸡,省市区及街道已获取,已获取,榜单行政区/商圈归属,1178249344,https://plat.dianping.com/app/femember-musteat-web/musteat-rank?cityid=1&notitlebar=1&ranktype=3,https://www.dianping.com/shop/1178249344/photos/album,https://plat.dianping.com/app/femember-musteat-web/musteat-rank?cityid=1&notitlebar=1&ranktype=3
上海市,上海市,虹口区,鮨谷·日料铁板烧（太阳宫店）,上海市虹口区瑞虹路181号瑞虹天地太阳宫5层L5-17-18A,4.8,168,三文鱼,省市区及街道已获取,已获取,榜单行政区/商圈归属,1547767225,https://plat.dianping.com/app/femember-musteat-web/musteat-rank?cityid=1&notitlebar=1&ranktype=3,https://www.dianping.com/shop/1547767225/photos/album,https://plat.dianping.com/app/femember-musteat-web/musteat-rank?cityid=1&notitlebar=1&ranktype=3
上海市,上海市,普陀区,韩渔面馆（真北路店）,上海市普陀区长征镇真北路1058号红星美凯龙南馆1楼A8005商铺,4.4,49,软兜长鱼,省市区及街道已获取,已获取,榜单行政区/商圈归属,1567038097,https://plat.dianping.com/app/femember-musteat-web/musteat-rank?cityid=1&notitlebar=1&ranktype=3,https://www.dianping.com/shop/1567038097/photos/album,https://plat.dianping.com/app/femember-musteat-web/musteat-rank?cityid=1&notitlebar=1&ranktype=3
上海市,上海市,静安区,吉品小鲜Jhouse（静安店）,上海市静安区南京西路1818号1788广场2层204,4.8,189,绍酒醉膏蟹,省市区及街道已获取,已获取,榜单行政区/商圈归属,1104986152,https://plat.dianping.com/app/femember-musteat-web/musteat-rank?cityid=1&notitlebar=1&ranktype=3,https://www.dianping.com/shop/1104986152/photos/album,https://plat.dianping.com/app/femember-musteat-web/musteat-rank?cityid=1&notitlebar=1&ranktype=3
上海市,上海市,静安区,FAT COW（静安寺店）,上海市静安区曹家渡街道延平路135号1楼103室(近武定路口),4.7,108,牛肉鹅肝汉堡,省市区及街道已获取,已获取,榜单行政区/商圈归属,65801209,https://plat.dianping.com/app/femember-musteat-web/musteat-rank?cityid=1&notitlebar=1&ranktype=3,https://www.dianping.com/shop/65801209/photos/album,https://plat.dianping.com/app/femember-musteat-web/musteat-rank?cityid=1&notitlebar=1&ranktype=3
上海市,上海市,杨浦区,夏朵餐厅（复旦店）,上海市杨浦区政民路301号,4.6,129,西班牙海鮮焗飯,省市区及街道已获取,已获取,榜单行政区/商圈归属,501419,https://plat.dianping.com/app/femember-musteat-web/musteat-rank?cityid=1&notitlebar=1&ranktype=3,https://www.dianping.com/shop/501419/photos/album,https://plat.dianping.com/app/femember-musteat-web/musteat-rank?cityid=1&notitlebar=1&ranktype=3
上海市,上海市,黄浦区,岭海永周记潮州牛肉店（进贤路店）,上海市黄浦区进贤路120号B座,4.3,121,吊龙,省市区及街道已获取,已获取,榜单行政区/商圈归属,656665226,https://plat.dianping.com/app/femember-musteat-web/musteat-rank?cityid=1&notitlebar=1&ranktype=3,https://www.dianping.com/shop/656665226/photos/album,https://plat.dianping.com/app/femember-musteat-web/musteat-rank?cityid=1&notitlebar=1&ranktype=3
北京市,北京市,朝阳区,粤食佳（十里河店）,北京市朝阳区西大望南路32号铭泽生活广场a座2层,4.7,127,鲜虾脆皮红米肠,省市区及街道已获取,已获取,榜单行政区/商圈归属,102321469,https://plat.dianping.com/app/femember-musteat-web/musteat-rank?cityid=2&notitlebar=1&ranktype=3,https://www.dianping.com/shop/102321469/photos/album,https://plat.dianping.com/app/femember-musteat-web/musteat-rank?cityid=2&notitlebar=1&ranktype=3
北京市,北京市,朝阳区,小街猪手（团结湖店）,北京市朝阳区团结湖路9号楼南侧胡同内,4.8,125,酸汤猪手火锅,省市区及街道已获取,已获取,榜单行政区/商圈归属,4276155,https://plat.dianping.com/app/femember-musteat-web/musteat-rank?cityid=2&notitlebar=1&ranktype=3,https://www.dianping.com/shop/4276155/photos/album,https://plat.dianping.com/app/femember-musteat-web/musteat-rank?cityid=2&notitlebar=1&ranktype=3
北京市,北京市,朝阳区,鸟屯（三里屯店）,北京市朝阳区工体东路甲6号辉宿酒店1楼,4.8,157,鸡碎肉饭,省市区及街道已获取,已获取,榜单行政区/商圈归属,5477290,https://plat.dianping.com/app/femember-musteat-web/musteat-rank?cityid=2&notitlebar=1&ranktype=3,https://www.dianping.com/shop/5477290/photos/album,https://plat.dianping.com/app/femember-musteat-web/musteat-rank?cityid=2&notitlebar=1&ranktype=3
北京市,北京市,朝阳区,六日都烤牛内脏专门店（总店）,北京市朝阳区朝阳门外大街吉祥里209号底商,4.8,108,一米鲜烤牛大肠,省市区及街道已获取,已获取,榜单行政区/商圈归属,130321956,https://plat.dianping.com/app/femember-musteat-web/musteat-rank?cityid=2&notitlebar=1&ranktype=3,https://www.dianping.com/shop/130321956/photos/album,https://plat.dianping.com/app/femember-musteat-web/musteat-rank?cityid=2&notitlebar=1&ranktype=3
北京市,北京市,昌平区,老杨家清真菜（阳坊店）,北京市昌平区西贯市村西一巷30号,4.8,96,大蒜烧羊腰,省市区及街道已获取,已获取,榜单行政区/商圈归属,22704833,https://plat.dianping.com/app/femember-musteat-web/musteat-rank?cityid=2&notitlebar=1&ranktype=3,https://www.dianping.com/shop/22704833/photos/album,https://plat.dianping.com/app/femember-musteat-web/musteat-rank?cityid=2&notitlebar=1&ranktype=3
北京市,北京市,朝阳区,虎兵卫鳗白烧总本店（霄云路总店）,"北京市朝阳区霄云路27号中国庆安大厦3层3101室（肯德基楼上,近三元桥、亮马桥）",4.8,260,活烤鳗鱼,省市区及街道已获取,已获取,榜单行政区/商圈归属,13668932,https://plat.dianping.com/app/femember-musteat-web/musteat-rank?cityid=2&notitlebar=1&ranktype=3,https://www.dianping.com/shop/13668932/photos/album,https://plat.dianping.com/app/femember-musteat-web/musteat-rank?cityid=2&notitlebar=1&ranktype=3
北京市,北京市,朝阳区,桂香黄辣丁（望京SOHOT1商场店）,北京市朝阳区阜通东大街望京SOHO塔1A座2楼1203,4.7,87,桂香黄辣丁,省市区及街道已获取,已获取,榜单行政区/商圈归属,1412661800,https://plat.dianping.com/app/femember-musteat-web/musteat-rank?cityid=2&notitlebar=1&ranktype=3,https://www.dianping.com/shop/1412661800/photos/album,https://plat.dianping.com/app/femember-musteat-web/musteat-rank?cityid=2&notitlebar=1&ranktype=3
北京市,北京市,朝阳区,一坐一忘云南菜（北京skp店）,北京市朝阳区建国路87号skp购物中心D区6层D6004号,4.7,149,香茅草烤鲈鱼,省市区及街道已获取,已获取,榜单行政区/商圈归属,97674093,https://plat.dianping.com/app/femember-musteat-web/musteat-rank?cityid=2&notitlebar=1&ranktype=3,https://www.dianping.com/shop/97674093/photos/album,https://plat.dianping.com/app/femember-musteat-web/musteat-rank?cityid=2&notitlebar=1&ranktype=3
北京市,北京市,海淀区,羲和雅苑·北京烤鸭（中关村店）,北京市海淀区海淀街道中关村大街15-3号(近海淀中街kC),4.6,146,羲和烤鸭,省市区及街道已获取,已获取,榜单行政区/商圈归属,2401177,https://plat.dianping.com/app/femember-musteat-web/musteat-rank?cityid=2&notitlebar=1&ranktype=3,https://www.dianping.com/shop/2401177/photos/album,https://plat.dianping.com/app/femember-musteat-web/musteat-rank?cityid=2&notitlebar=1&ranktype=3
北京市,北京市,朝阳区,羊大爷涮肉（亮马桥总店）,"北京市朝阳区麦子店西街39号（近凯宾斯基饭店,近四季酒店,近燕莎友谊商城）",4.7,112,手切鲜羊肉,省市区及街道已获取,已获取,榜单行政区/商圈归属,17792860,https://plat.dianping.com/app/femember-musteat-web/musteat-rank?cityid=2&notitlebar=1&ranktype=3,https://www.dianping.com/shop/17792860/photos/album,https://plat.dianping.com/app/femember-musteat-web/musteat-rank?cityid=2&notitlebar=1&ranktype=3
北京市,北京市,丰台区,友乐园涮肉坊（年少时光店）,北京市丰台区芳古路方庄芳群园二区23号楼1层底商（方庄市场斜对面）,4.8,116,传统麻酱调料,省市区及街道已获取,已获取,榜单行政区/商圈归属,1938940506,https://plat.dianping.com/app/femember-musteat-web/musteat-rank?cityid=2&notitlebar=1&ranktype=3,https://www.dianping.com/shop/1938940506/photos/album,https://plat.dianping.com/app/femember-musteat-web/musteat-rank?cityid=2&notitlebar=1&ranktype=3
北京市,北京市,朝阳区,拾久（东三环中路辅路店）,北京市朝阳区东三环中路辅路与光华北一街交口第一家、麦乐迪对面,4.9,230,拾久绝味鱼头,省市区及街道已获取,已获取,榜单行政区/商圈归属,96441483,https://plat.dianping.com/app/femember-musteat-web/musteat-rank?cityid=2&notitlebar=1&ranktype=3,https://www.dianping.com/shop/96441483/photos/album,https://plat.dianping.com/app/femember-musteat-web/musteat-rank?cityid=2&notitlebar=1&ranktype=3
北京市,北京市,门头沟区,滩羊铺子南北疆特色汇（门头沟店）,北京市门头沟区梧桐汇6号院4号楼一至二层203室,4.9,111,羊肉串,省市区及街道已获取,已获取,同店铺ID出现在榜单县级城市入口,13804577,https://plat.dianping.com/app/femember-musteat-web/musteat-rank?cityid=2&notitlebar=1&ranktype=3,https://www.dianping.com/shop/13804577/photos/album,https://plat.dianping.com/app/femember-musteat-web/musteat-rank?cityid=4454&notitlebar=1&ranktype=3
北京市,北京市,东城区,沣元春饼馆（幸福巷店）,北京市东城区幸福巷幸福北里小区20号楼西面,4.4,60,手工春饼,省市区及街道已获取,已获取,榜单行政区/商圈归属,6337899,https://plat.dianping.com/app/femember-musteat-web/musteat-rank?cityid=2&notitlebar=1&ranktype=3,https://www.dianping.com/shop/6337899/photos/album,https://plat.dianping.com/app/femember-musteat-web/musteat-rank?cityid=2&notitlebar=1&ranktype=3
北京市,北京市,西城区,国华酒楼（右内店）,北京市西城区右安门内大街59号国华酒楼,4.6,90,北京烤鸭,省市区及街道已获取,已获取,榜单行政区/商圈归属,515074,https://plat.dianping.com/app/femember-musteat-web/musteat-rank?cityid=2&notitlebar=1&ranktype=3,https://www.dianping.com/shop/515074/photos/album,https://plat.dianping.com/app/femember-musteat-web/musteat-rank?cityid=2&notitlebar=1&ranktype=3
北京市,北京市,朝阳区,三清潭烧鹅（颐堤港店）,北京市朝阳区酒仙桥路18号颐堤港L3-41,4.8,165,三清潭烧鹅,省市区及街道已获取,已获取,榜单行政区/商圈归属,1540189993,https://plat.dianping.com/app/femember-musteat-web/musteat-rank?cityid=2&notitlebar=1&ranktype=3,https://www.dianping.com/shop/1540189993/photos/album,https://plat.dianping.com/app/femember-musteat-web/musteat-rank?cityid=2&notitlebar=1&ranktype=3
北京市,北京市,海淀区,钱塘花园·宁波菜,北京市海淀区双榆树北路59号,4.7,175,雪菜烧大黄鱼,省市区及街道已获取,已获取,榜单行政区/商圈归属,1879621,https://plat.dianping.com/app/femember-musteat-web/musteat-rank?cityid=2&notitlebar=1&ranktype=3,https://www.dianping.com/shop/1879621/photos/album,https://plat.dianping.com/app/femember-musteat-web/musteat-rank?cityid=2&notitlebar=1&ranktype=3
北京市,北京市,朝阳区,西庭·秀色Turkish Feast（新源里店）,北京市朝阳区新东路金尚源SHANG大厦一层115号（金尚源SHANG大厅右转）,4.8,193,牛肉奶酪皮塔饼,省市区及街道已获取,已获取,榜单行政区/商圈归属,132143508,https://plat.dianping.com/app/femember-musteat-web/musteat-rank?cityid=2&notitlebar=1&ranktype=3,https://www.dianping.com/shop/132143508/photos/album,https://plat.dianping.com/app/femember-musteat-web/musteat-rank?cityid=2&notitlebar=1&ranktype=3
北京市,北京市,朝阳区,蔡记表哥羊鸡火锅（来广营店）,北京市朝阳区来广营西路8号国创产业园2号楼,4.7,130,海南扇鸡焖花螺,省市区及街道已获取,已获取,榜单行政区/商圈归属,19144626,https://plat.dianping.com/app/femember-musteat-web/musteat-rank?cityid=2&notitlebar=1&ranktype=3,https://www.dianping.com/shop/19144626/photos/album,https://plat.dianping.com/app/femember-musteat-web/musteat-rank?cityid=2&notitlebar=1&ranktype=3
北京市,北京市,丰台区,老熟人烤肉城（西罗园店）,北京市丰台区西罗园南里68号京华酒店1层,4.7,114,特级肥牛,省市区及街道已获取,已获取,榜单行政区/商圈归属,512058,https://plat.dianping.com/app/femember-musteat-web/musteat-rank?cityid=2&notitlebar=1&ranktype=3,https://www.dianping.com/shop/512058/photos/album,https://plat.dianping.com/app/femember-musteat-web/musteat-rank?cityid=2&notitlebar=1&ranktype=3
浙江省,杭州市,西湖区,铁定鲜·乐清湾小海鲜,浙江省杭州市西湖区西溪路588号美帆广场二楼,4.7,139,古法鲜桂花黄鱼汤,省市区及街道已获取,已获取,榜单行政区/商圈归属,1768668409,https://plat.dianping.com/app/femember-musteat-web/musteat-rank?cityid=3&notitlebar=1&ranktype=3,https://www.dianping.com/shop/1768668409/photos/album,https://plat.dianping.com/app/femember-musteat-web/musteat-rank?cityid=3&notitlebar=1&ranktype=3
浙江省,杭州市,拱墅区,泉市鲜活牛肉店（太合B区店）,浙江省杭州市拱墅区太合商业中心1幢1层109室,4.8,111,泉市鲜活·吊龙,省市区及街道已获取,已获取,榜单行政区/商圈归属,886353466,https://plat.dianping.com/app/femember-musteat-web/musteat-rank?cityid=3&notitlebar=1&ranktype=3,https://www.dianping.com/shop/886353466/photos/album,https://plat.dianping.com/app/femember-musteat-web/musteat-rank?cityid=3&notitlebar=1&ranktype=3
浙江省,杭州市,钱塘区,晌熏·欧巴年糕,浙江省杭州市钱塘区经济开发区2号大街与5号大街交叉口和达城4层,4.8,74,意大利蜂蜜披萨,省市区及街道已获取,已获取,榜单行政区/商圈归属,57892853,https://plat.dianping.com/app/femember-musteat-web/musteat-rank?cityid=3&notitlebar=1&ranktype=3,https://www.dianping.com/shop/57892853/photos/album,https://plat.dianping.com/app/femember-musteat-web/musteat-rank?cityid=3&notitlebar=1&ranktype=3
浙江省,杭州市,滨江区,本分冒菜直营（滨江店）,浙江省杭州市滨江区浦沿街道江南大道3776号(元天科技大楼B座一层B区),4.3,51,冒菜之本分牛肉,省市区及街道已获取,已获取,榜单行政区/商圈归属,132202859,https://plat.dianping.com/app/femember-musteat-web/musteat-rank?cityid=3&notitlebar=1&ranktype=3,https://www.dianping.com/shop/132202859/photos/album,https://plat.dianping.com/app/femember-musteat-web/musteat-rank?cityid=3&notitlebar=1&ranktype=3
浙江省,杭州市,上城区,方老大面（江城路店）,浙江省杭州市上城区江城路629号,4.4,49,腰花茄汁拌川,省市区及街道已获取,已获取,榜单行政区/商圈归属,96281090,https://plat.dianping.com/app/femember-musteat-web/musteat-rank?cityid=3&notitlebar=1&ranktype=3,https://www.dianping.com/shop/96281090/photos/album,https://plat.dianping.com/app/femember-musteat-web/musteat-rank?cityid=3&notitlebar=1&ranktype=3
浙江省,杭州市,萧山区,乔村二十八道（钱江世纪城店）,浙江省杭州市萧山区鸿宁路1819号左右世界2幢1-4楼,4.8,173,山泉牛肉,省市区及街道已获取,已获取,榜单行政区/商圈归属,21963497,https://plat.dianping.com/app/femember-musteat-web/musteat-rank?cityid=3&notitlebar=1&ranktype=3,https://www.dianping.com/shop/21963497/photos/album,https://plat.dianping.com/app/femember-musteat-web/musteat-rank?cityid=3&notitlebar=1&ranktype=3
浙江省,杭州市,西湖区,辣得香湘菜馆（益乐路店）,浙江省杭州市西湖区益乐路39号S08-1室,4.4,68,小炒黄牛肉,省市区及街道已获取,已获取,榜单行政区/商圈归属,70787600,https://plat.dianping.com/app/femember-musteat-web/musteat-rank?cityid=3&notitlebar=1&ranktype=3,https://www.dianping.com/shop/70787600/photos/album,https://plat.dianping.com/app/femember-musteat-web/musteat-rank?cityid=3&notitlebar=1&ranktype=3
浙江省,杭州市,拱墅区,新周記（朝晖国都店·匠心杭帮菜·二十年品牌店）,浙江省杭州市拱墅区朝晖路182号国都发展大厦3楼（中国银行旁边电梯间上楼）,4.8,85,招牌豉油虾,省市区及街道已获取,已获取,榜单行政区/商圈归属,1105057531,https://plat.dianping.com/app/femember-musteat-web/musteat-rank?cityid=3&notitlebar=1&ranktype=3,https://www.dianping.com/shop/1105057531/photos/album,https://plat.dianping.com/app/femember-musteat-web/musteat-rank?cityid=3&notitlebar=1&ranktype=3
浙江省,杭州市,上城区,老头儿油爆虾·1987杭州烟火味（湖滨银泰in77D区店）,浙江省杭州市上城区延安路239号湖滨银泰in77D区4楼,4.6,98,干炸带鱼-老头儿真传,省市区及街道已获取,已获取,榜单行政区/商圈归属,124958930,https://plat.dianping.com/app/femember-musteat-web/musteat-rank?cityid=3&notitlebar=1&ranktype=3,https://www.dianping.com/shop/124958930/photos/album,https://plat.dianping.com/app/femember-musteat-web/musteat-rank?cityid=3&notitlebar=1&ranktype=3
浙江省,杭州市,,清塘湾农庄（青塘坞小区店）,浙江省杭州市珍珠北路马路村20号清塘湾20幢,4.9,78,一鱼二吃,区县或街道未核实,已获取,区县未核实,9221549,https://plat.dianping.com/app/femember-musteat-web/musteat-rank?cityid=3&notitlebar=1&ranktype=3,https://www.dianping.com/shop/9221549/photos/album,https://plat.dianping.com/app/femember-musteat-web/musteat-rank?cityid=3&notitlebar=1&ranktype=3
浙江省,杭州市,富阳区,山里湾妈妈菜·富阳12年老店,浙江省杭州市富阳区振兴路98号,4.6,91,八宝豆腐,省市区及街道已获取,已获取,同店铺ID出现在榜单县级城市入口,21217437,https://plat.dianping.com/app/femember-musteat-web/musteat-rank?cityid=3&notitlebar=1&ranktype=3,https://www.dianping.com/shop/21217437/photos/album,https://plat.dianping.com/app/femember-musteat-web/musteat-rank?cityid=869&notitlebar=1&ranktype=3
浙江省,杭州市,西湖区,昊家露·韩国料理&烤肉（转塘店）,浙江省杭州市西湖区转塘街道象山路合诚·之江商务中心1号楼201室（霞鸣街C出口）,4.1,92,韩式烤牛肉,省市区及街道已获取,已获取,榜单行政区/商圈归属,110731579,https://plat.dianping.com/app/femember-musteat-web/musteat-rank?cityid=3&notitlebar=1&ranktype=3,https://www.dianping.com/shop/110731579/photos/album,https://plat.dianping.com/app/femember-musteat-web/musteat-rank?cityid=3&notitlebar=1&ranktype=3
浙江省,杭州市,滨江区,老秦凉都黄牛肉馆（总店）,浙江省杭州市滨江区伟业路298-101号,4.8,98,极品生牛肉,省市区及街道已获取,已获取,榜单行政区/商圈归属,80989279,https://plat.dianping.com/app/femember-musteat-web/musteat-rank?cityid=3&notitlebar=1&ranktype=3,https://www.dianping.com/shop/80989279/photos/album,https://plat.dianping.com/app/femember-musteat-web/musteat-rank?cityid=3&notitlebar=1&ranktype=3
浙江省,杭州市,临安区,临安宴临安菜（博物馆店）,浙江省杭州市临安区天目路926号（门店免费停车场指引-请点击这里）,4.7,90,马啸黄牛肉火锅,省市区及街道已获取,已获取,同店铺ID出现在榜单县级城市入口,125214969,https://plat.dianping.com/app/femember-musteat-web/musteat-rank?cityid=3&notitlebar=1&ranktype=3,https://www.dianping.com/shop/125214969/photos/album,https://plat.dianping.com/app/femember-musteat-web/musteat-rank?cityid=868&notitlebar=1&ranktype=3
浙江省,杭州市,上城区,一席地·本地鸡窝·杭帮鸡火锅（邮电路店）,浙江省杭州市上城区邮电路23-1号,4.7,69,本地鸡窝（鸡煲）,省市区及街道已获取,已获取,榜单行政区/商圈归属,1939864,https://plat.dianping.com/app/femember-musteat-web/musteat-rank?cityid=3&notitlebar=1&ranktype=3,https://www.dianping.com/shop/1939864/photos/album,https://plat.dianping.com/app/femember-musteat-web/musteat-rank?cityid=3&notitlebar=1&ranktype=3
浙江省,杭州市,拱墅区,四灶儿·地道杭帮菜2005（湖墅南路店）,浙江省杭州市拱墅区米市巷街道湖墅南路228号（新周记隔壁）,4.7,98,酒酿馒头红烧肉,省市区及街道已获取,已获取,榜单行政区/商圈归属,1359475085,https://plat.dianping.com/app/femember-musteat-web/musteat-rank?cityid=3&notitlebar=1&ranktype=3,https://www.dianping.com/shop/1359475085/photos/album,https://plat.dianping.com/app/femember-musteat-web/musteat-rank?cityid=3&notitlebar=1&ranktype=3
浙江省,杭州市,西湖区,龙坞烤全羊（杭州总店）,浙江省杭州市西湖区转塘街道轮渡路27号附2号27号庄园内,4.9,156,龙坞烤全羊,省市区及街道已获取,已获取,榜单行政区/商圈归属,91905897,https://plat.dianping.com/app/femember-musteat-web/musteat-rank?cityid=3&notitlebar=1&ranktype=3,https://www.dianping.com/shop/91905897/photos/album,https://plat.dianping.com/app/femember-musteat-web/musteat-rank?cityid=3&notitlebar=1&ranktype=3
浙江省,杭州市,西湖区,金仲帮中餐厅（虎玉路店）,"浙江省杭州市西湖区南星街道虎玉路38号b幢102,103（八卦新村内）",4.7,139,鲍鱼烧鸡,省市区及街道已获取,已获取,榜单行政区/商圈归属,131312301,https://plat.dianping.com/app/femember-musteat-web/musteat-rank?cityid=3&notitlebar=1&ranktype=3,https://www.dianping.com/shop/131312301/photos/album,https://plat.dianping.com/app/femember-musteat-web/musteat-rank?cityid=3&notitlebar=1&ranktype=3
浙江省,杭州市,上城区,AJIYA味屋日式烧肉（开元路店）,浙江省杭州市上城区开元路75号,4.8,183,横膈膜,省市区及街道已获取,已获取,榜单行政区/商圈归属,95903467,https://plat.dianping.com/app/femember-musteat-web/musteat-rank?cityid=3&notitlebar=1&ranktype=3,https://www.dianping.com/shop/95903467/photos/album,https://plat.dianping.com/app/femember-musteat-web/musteat-rank?cityid=3&notitlebar=1&ranktype=3
浙江省,杭州市,萧山区,樱花屋·精致料理·烧鸟·深夜食堂（杭州店）,浙江省杭州市萧山区联合中心A座民和路483号(国泰科技大厦对面)门口就是停车场,4.8,116,牛肉寿喜锅,省市区及街道已获取,已获取,榜单行政区/商圈归属,123313888,https://plat.dianping.com/app/femember-musteat-web/musteat-rank?cityid=3&notitlebar=1&ranktype=3,https://www.dianping.com/shop/123313888/photos/album,https://plat.dianping.com/app/femember-musteat-web/musteat-rank?cityid=3&notitlebar=1&ranktype=3
广东省,广州市,越秀区,洞庭土菜馆（东山店）,广东省广州市越秀区中山一路小东园14号（近铁路文化宫小东园小区/东山口E口附近）,4.7,77,小炒黄牛肉,省市区及街道已获取,已获取,榜单行政区/商圈归属,518766,https://plat.dianping.com/app/femember-musteat-web/musteat-rank?cityid=4&notitlebar=1&ranktype=3,https://www.dianping.com/shop/518766/photos/album,https://plat.dianping.com/app/femember-musteat-web/musteat-rank?cityid=4&notitlebar=1&ranktype=3
广东省,广州市,白云区,椰林海鲜码头（白云无限极店）,广东省广州市白云区云城南二路2号无限极广场B座3楼301-305号,4.8,142,码头烧罗氏虾,省市区及街道已获取,已获取,榜单行政区/商圈归属,1536943160,https://plat.dianping.com/app/femember-musteat-web/musteat-rank?cityid=4&notitlebar=1&ranktype=3,https://www.dianping.com/shop/1536943160/photos/album,https://plat.dianping.com/app/femember-musteat-web/musteat-rank?cityid=4&notitlebar=1&ranktype=3
广东省,广州市,天河区,骏犇潮州兄弟·官塘牛肉火锅（天河客运站店）,广东省广州市天河区长兴路嘉福利晶酒店右侧100米,4.8,86,吊龙,省市区及街道已获取,已获取,榜单行政区/商圈归属,19583025,https://plat.dianping.com/app/femember-musteat-web/musteat-rank?cityid=4&notitlebar=1&ranktype=3,https://www.dianping.com/shop/19583025/photos/album,https://plat.dianping.com/app/femember-musteat-web/musteat-rank?cityid=4&notitlebar=1&ranktype=3
广东省,广州市,番禺区,翟辉冬瓜盅火锅（南村万博店）,广东省广州市番禺区官堂镇南路3号（万泓广场1层101号商铺）,4.8,98,五指毛桃冬瓜盅锅底,省市区及街道已获取,已获取,榜单行政区/商圈归属,19240479,https://plat.dianping.com/app/femember-musteat-web/musteat-rank?cityid=4&notitlebar=1&ranktype=3,https://www.dianping.com/shop/19240479/photos/album,https://plat.dianping.com/app/femember-musteat-web/musteat-rank?cityid=4&notitlebar=1&ranktype=3
广东省,广州市,白云区,麻蒲碳烤肉（远景路1号店）,广东省广州市白云区远景路24号韩食汇106-107铺,4.8,92,招牌秘制护心肉,省市区及街道已获取,已获取,榜单行政区/商圈归属,21741327,https://plat.dianping.com/app/femember-musteat-web/musteat-rank?cityid=4&notitlebar=1&ranktype=3,https://www.dianping.com/shop/21741327/photos/album,https://plat.dianping.com/app/femember-musteat-web/musteat-rank?cityid=4&notitlebar=1&ranktype=3
广东省,广州市,荔湾区,虫之圆·老表咸汤圆（西华路店）,广东省广州市荔湾区西华路455号（赵记传承巷内10米）,4.4,35,招牌鲜蚝泥虫咸汤圆,省市区及街道已获取,已获取,榜单行政区/商圈归属,1709538316,https://plat.dianping.com/app/femember-musteat-web/musteat-rank?cityid=4&notitlebar=1&ranktype=3,https://www.dianping.com/shop/1709538316/photos/album,https://plat.dianping.com/app/femember-musteat-web/musteat-rank?cityid=4&notitlebar=1&ranktype=3
广东省,广州市,越秀区,梁新记小食店（建设横马路店）,广东省广州市越秀区建设横马路30号1楼102,4,21,瘦肉拉肠,省市区及街道已获取,已获取,榜单行政区/商圈归属,2608603,https://plat.dianping.com/app/femember-musteat-web/musteat-rank?cityid=4&notitlebar=1&ranktype=3,https://www.dianping.com/shop/2608603/photos/album,https://plat.dianping.com/app/femember-musteat-web/musteat-rank?cityid=4&notitlebar=1&ranktype=3
广东省,广州市,海珠区,潮福餐馆（江南西店）,广东省广州市海珠区青柳大街35号,4.6,96,生腌虾,省市区及街道已获取,已获取,榜单行政区/商圈归属,567677148,https://plat.dianping.com/app/femember-musteat-web/musteat-rank?cityid=4&notitlebar=1&ranktype=3,https://www.dianping.com/shop/567677148/photos/album,https://plat.dianping.com/app/femember-musteat-web/musteat-rank?cityid=4&notitlebar=1&ranktype=3
广东省,广州市,番禺区,荔城生鲜盛宴（番禺旗舰店）,广东省广州市番禺区光明北路延长段东沙村路段,4.7,149,蒜蓉蒸长脚蟹,省市区及街道已获取,已获取,榜单行政区/商圈归属,2517784,https://plat.dianping.com/app/femember-musteat-web/musteat-rank?cityid=4&notitlebar=1&ranktype=3,https://www.dianping.com/shop/2517784/photos/album,https://plat.dianping.com/app/femember-musteat-web/musteat-rank?cityid=4&notitlebar=1&ranktype=3
广东省,广州市,荔湾区,华哥新鲜猪精品美食,广东省广州市荔湾区翠园道东朗沙洛新村七巷7号后门,4.8,84,猪X根,省市区及街道已获取,已获取,榜单行政区/商圈归属,2509105,https://plat.dianping.com/app/femember-musteat-web/musteat-rank?cityid=4&notitlebar=1&ranktype=3,https://www.dianping.com/shop/2509105/photos/album,https://plat.dianping.com/app/femember-musteat-web/musteat-rank?cityid=4&notitlebar=1&ranktype=3
广东省,广州市,荔湾区,西关明记肠粉（荔枝湾店）,广东省广州市荔湾区龙津西路72号（近泮溪酒家）,4.3,27,招牌牛腩肠粉,省市区及街道已获取,已获取,榜单行政区/商圈归属,520281,https://plat.dianping.com/app/femember-musteat-web/musteat-rank?cityid=4&notitlebar=1&ranktype=3,https://www.dianping.com/shop/520281/photos/album,https://plat.dianping.com/app/femember-musteat-web/musteat-rank?cityid=4&notitlebar=1&ranktype=3
广东省,广州市,天河区,美奈小馆·东南亚菜（K11店）,广东省广州市天河区珠江东路6号周大福金融中心负1楼33A号铺（近地铁3号线珠江新城站B口）,4.6,91,越式椰香咖喱牛腩,省市区及街道已获取,已获取,榜单行政区/商圈归属,98847029,https://plat.dianping.com/app/femember-musteat-web/musteat-rank?cityid=4&notitlebar=1&ranktype=3,https://www.dianping.com/shop/98847029/photos/album,https://plat.dianping.com/app/femember-musteat-web/musteat-rank?cityid=4&notitlebar=1&ranktype=3
广东省,广州市,荔湾区,点都德（大茶楼店）,广东省广州市荔湾区龙津中路587-589号（近地铁1、8号线陈家祠站B口）,4.8,76,金莎红米肠,省市区及街道已获取,已获取,榜单行政区/商圈归属,8846942,https://plat.dianping.com/app/femember-musteat-web/musteat-rank?cityid=4&notitlebar=1&ranktype=3,https://www.dianping.com/shop/8846942/photos/album,https://plat.dianping.com/app/femember-musteat-web/musteat-rank?cityid=4&notitlebar=1&ranktype=3
广东省,广州市,越秀区,和乐日本料理（淘金店）,广东省广州市越秀区华侨新村和平路15号,4.8,102,五色海鲜饭,省市区及街道已获取,已获取,榜单行政区/商圈归属,21332441,https://plat.dianping.com/app/femember-musteat-web/musteat-rank?cityid=4&notitlebar=1&ranktype=3,https://www.dianping.com/shop/21332441/photos/album,https://plat.dianping.com/app/femember-musteat-web/musteat-rank?cityid=4&notitlebar=1&ranktype=3
广东省,广州市,海珠区,十二舍·湯物素煮（江泰潤政店）,广东省广州市海珠区江燕路37号自编A1-2栋4-01,4.9,85,山泉水板栗腰果牛蒡火锅,省市区及街道已获取,已获取,榜单行政区/商圈归属,93255199,https://plat.dianping.com/app/femember-musteat-web/musteat-rank?cityid=4&notitlebar=1&ranktype=3,https://www.dianping.com/shop/93255199/photos/album,https://plat.dianping.com/app/femember-musteat-web/musteat-rank?cityid=4&notitlebar=1&ranktype=3
广东省,广州市,海珠区,博克老爹·蒙古烤羊排（南田路总店）,广东省广州市海珠区南田路荣德街30号,4.8,95,烤羊排,省市区及街道已获取,已获取,榜单行政区/商圈归属,18125156,https://plat.dianping.com/app/femember-musteat-web/musteat-rank?cityid=4&notitlebar=1&ranktype=3,https://www.dianping.com/shop/18125156/photos/album,https://plat.dianping.com/app/femember-musteat-web/musteat-rank?cityid=4&notitlebar=1&ranktype=3
广东省,广州市,番禺区,滋粥楼·顺德菜（番禺广场总店）,广东省广州市番禺区兴泰路与广场东路交叉口东行100米路北（近3、18、22号线番禺广场地铁站E出口）,4.8,106,古法烧鹅,省市区及街道已获取,已获取,榜单行政区/商圈归属,585024,https://plat.dianping.com/app/femember-musteat-web/musteat-rank?cityid=4&notitlebar=1&ranktype=3,https://www.dianping.com/shop/585024/photos/album,https://plat.dianping.com/app/femember-musteat-web/musteat-rank?cityid=4&notitlebar=1&ranktype=3
广东省,广州市,荔湾区,陶陶居酒家（第十甫路总店）,广东省广州市荔湾区第十甫路20号,4.6,101,陶陶居大虾饺,省市区及街道已获取,已获取,榜单行政区/商圈归属,517154,https://plat.dianping.com/app/femember-musteat-web/musteat-rank?cityid=4&notitlebar=1&ranktype=3,https://www.dianping.com/shop/517154/photos/album,https://plat.dianping.com/app/femember-musteat-web/musteat-rank?cityid=4&notitlebar=1&ranktype=3
广东省,广州市,天河区,禄运茶居·手工点心（体育西路店）,"广东省广州市天河区六运一街17号文昌商务楼1-3楼（近六运幼儿园,近正佳广场,近天环广场）",4.7,77,禄运金牌虾饺皇,省市区及街道已获取,已获取,榜单行政区/商圈归属,69810563,https://plat.dianping.com/app/femember-musteat-web/musteat-rank?cityid=4&notitlebar=1&ranktype=3,https://www.dianping.com/shop/69810563/photos/album,https://plat.dianping.com/app/femember-musteat-web/musteat-rank?cityid=4&notitlebar=1&ranktype=3
广东省,广州市,海珠区,花和尚·湘西小串烧烤（江南西店）,广东省广州市海珠区江南大道中217号穗花新村农业银行旁商铺,4.7,91,【潮发联名】烤鲜牛肉串,省市区及街道已获取,已获取,榜单行政区/商圈归属,108209081,https://plat.dianping.com/app/femember-musteat-web/musteat-rank?cityid=4&notitlebar=1&ranktype=3,https://www.dianping.com/shop/108209081/photos/album,https://plat.dianping.com/app/femember-musteat-web/musteat-rank?cityid=4&notitlebar=1&ranktype=3
江苏省,南京市,秦淮区,李记清真馆（打钉巷店）,江苏省南京市秦淮区打钉巷1号,4.3,29,牛肉锅贴,省市区及街道已获取,已获取,榜单行政区/商圈归属,566541,https://plat.dianping.com/app/femember-musteat-web/musteat-rank?cityid=5&notitlebar=1&ranktype=3,https://www.dianping.com/shop/566541/photos/album,https://plat.dianping.com/app/femember-musteat-web/musteat-rank?cityid=5&notitlebar=1&ranktype=3
江苏省,南京市,秦淮区,廣東阿生魚撈·斑魚海鮮粥火鍋（新街口店）,江苏省南京市秦淮区洪武路街道新街口羊皮巷和金銮巷交叉口向南100米,4.9,106,0.5毫米斑鱼片,省市区及街道已获取,已获取,榜单行政区/商圈归属,1806095393,https://plat.dianping.com/app/femember-musteat-web/musteat-rank?cityid=5&notitlebar=1&ranktype=3,https://www.dianping.com/shop/1806095393/photos/album,https://plat.dianping.com/app/femember-musteat-web/musteat-rank?cityid=5&notitlebar=1&ranktype=3
江苏省,南京市,玄武区,本家韩国烤肉（维景国际店）,江苏省南京市玄武区中山东路319号维景国际大酒店B1层（南京博物院旁50米）,4.7,119,首尔1993·牛五花,省市区及街道已获取,已获取,榜单行政区/商圈归属,18773931,https://plat.dianping.com/app/femember-musteat-web/musteat-rank?cityid=5&notitlebar=1&ranktype=3,https://www.dianping.com/shop/18773931/photos/album,https://plat.dianping.com/app/femember-musteat-web/musteat-rank?cityid=5&notitlebar=1&ranktype=3
江苏省,南京市,鼓楼区,La Mia Casa漫味意式小馆（上海路店）,江苏省南京市鼓楼区上海路南秀村14-1号,4.8,122,蘑菇汤,省市区及街道已获取,已获取,榜单行政区/商圈归属,98832462,https://plat.dianping.com/app/femember-musteat-web/musteat-rank?cityid=5&notitlebar=1&ranktype=3,https://www.dianping.com/shop/98832462/photos/album,https://plat.dianping.com/app/femember-musteat-web/musteat-rank?cityid=5&notitlebar=1&ranktype=3
江苏省,南京市,玄武区,三百碗宝应长鱼面（板仓街店）,江苏省南京市玄武区板仓街119-2号,4.1,41,红烧长鱼拌面,省市区及街道已获取,已获取,榜单行政区/商圈归属,6425228,https://plat.dianping.com/app/femember-musteat-web/musteat-rank?cityid=5&notitlebar=1&ranktype=3,https://www.dianping.com/shop/6425228/photos/album,https://plat.dianping.com/app/femember-musteat-web/musteat-rank?cityid=5&notitlebar=1&ranktype=3
江苏省,南京市,玄武区,刘长兴（鼓楼店）,江苏省南京市玄武区丹凤街高楼门6号,4.4,29,鱼汤馄饨,省市区及街道已获取,已获取,榜单行政区/商圈归属,93239585,https://plat.dianping.com/app/femember-musteat-web/musteat-rank?cityid=5&notitlebar=1&ranktype=3,https://www.dianping.com/shop/93239585/photos/album,https://plat.dianping.com/app/femember-musteat-web/musteat-rank?cityid=5&notitlebar=1&ranktype=3
江苏省,南京市,鼓楼区,BROWNSTONE布朗石西班牙餐厅（紫峰店）,江苏省南京市鼓楼区中山北路6号紫峰大厦一楼（紫峰购物广场一楼）,4.7,150,传统西班牙海鲜铁盘饭,省市区及街道已获取,已获取,榜单行政区/商圈归属,22356195,https://plat.dianping.com/app/femember-musteat-web/musteat-rank?cityid=5&notitlebar=1&ranktype=3,https://www.dianping.com/shop/22356195/photos/album,https://plat.dianping.com/app/femember-musteat-web/musteat-rank?cityid=5&notitlebar=1&ranktype=3
江苏省,南京市,秦淮区,楠波炭炉鸡煲馆（仙鹤街店）,江苏省南京市秦淮区仙鹤街2-5号,4.8,118,滋补人参果林鸡,省市区及街道已获取,已获取,榜单行政区/商圈归属,1258933522,https://plat.dianping.com/app/femember-musteat-web/musteat-rank?cityid=5&notitlebar=1&ranktype=3,https://www.dianping.com/shop/1258933522/photos/album,https://plat.dianping.com/app/femember-musteat-web/musteat-rank?cityid=5&notitlebar=1&ranktype=3
江苏省,南京市,雨花台区,牛总店·贵州黄牛肉馆（板桥店）,江苏省南京市雨花台区弘阳大道弘阳装饰城D2-108-114号,4.9,97,雪花牛肉,省市区及街道已获取,已获取,榜单行政区/商圈归属,39915470,https://plat.dianping.com/app/femember-musteat-web/musteat-rank?cityid=5&notitlebar=1&ranktype=3,https://www.dianping.com/shop/39915470/photos/album,https://plat.dianping.com/app/femember-musteat-web/musteat-rank?cityid=5&notitlebar=1&ranktype=3
江苏省,南京市,秦淮区,宝记烧烤·碳锅羊肉·啤酒（新街口店）,江苏省南京市秦淮区石鼓路42号建华大厦1层02号（好利来对面）,4.7,75,蜜汁鸡翅,省市区及街道已获取,已获取,榜单行政区/商圈归属,1654814784,https://plat.dianping.com/app/femember-musteat-web/musteat-rank?cityid=5&notitlebar=1&ranktype=3,https://www.dianping.com/shop/1654814784/photos/album,https://plat.dianping.com/app/femember-musteat-web/musteat-rank?cityid=5&notitlebar=1&ranktype=3
江苏省,南京市,秦淮区,小厨娘淮扬菜（南京博物院金城大厦店）,"江苏省南京市秦淮区龙蟠中路216号金城大厦B座4楼（适合宴请聚餐,近博物院/总统府/夫子庙,近西安门地铁站3号口）",4.8,89,厨娘八宝狮子头,省市区及街道已获取,已获取,榜单行政区/商圈归属,98694959,https://plat.dianping.com/app/femember-musteat-web/musteat-rank?cityid=5&notitlebar=1&ranktype=3,https://www.dianping.com/shop/98694959/photos/album,https://plat.dianping.com/app/femember-musteat-web/musteat-rank?cityid=5&notitlebar=1&ranktype=3
江苏省,南京市,秦淮区,雪花龙吊龙牛肉面（五福街总店）,江苏省南京市秦淮区五福街50号,4.6,36,吊龙牛肉面,省市区及街道已获取,已获取,榜单行政区/商圈归属,1612012220,https://plat.dianping.com/app/femember-musteat-web/musteat-rank?cityid=5&notitlebar=1&ranktype=3,https://www.dianping.com/shop/1612012220/photos/album,https://plat.dianping.com/app/femember-musteat-web/musteat-rank?cityid=5&notitlebar=1&ranktype=3
江苏省,南京市,秦淮区,荣记潮汕牛肉火锅（中华路旗舰店）,"江苏省南京市秦淮区中华路1号观城南楼2楼1-39号（近夫子庙,近甘熙宅第,翠贝卡楼上）",4.8,84,嫩牛肉,省市区及街道已获取,已获取,榜单行政区/商圈归属,21972556,https://plat.dianping.com/app/femember-musteat-web/musteat-rank?cityid=5&notitlebar=1&ranktype=3,https://www.dianping.com/shop/21972556/photos/album,https://plat.dianping.com/app/femember-musteat-web/musteat-rank?cityid=5&notitlebar=1&ranktype=3
江苏省,南京市,栖霞区,贵州苗乡牛肉馆,江苏省南京市栖霞区纬四路石油三村2-6号,4.4,99,带皮牛肉,省市区及街道已获取,已获取,榜单行政区/商圈归属,14699123,https://plat.dianping.com/app/femember-musteat-web/musteat-rank?cityid=5&notitlebar=1&ranktype=3,https://www.dianping.com/shop/14699123/photos/album,https://plat.dianping.com/app/femember-musteat-web/musteat-rank?cityid=5&notitlebar=1&ranktype=3
江苏省,南京市,秦淮区,小潘记鸭血粉丝汤,江苏省南京市秦淮区中山东路198号龙台国际大厦一楼（星巴克旁）,4.3,34,小潘记特色鸭血粉丝汤,省市区及街道已获取,已获取,榜单行政区/商圈归属,2867470,https://plat.dianping.com/app/femember-musteat-web/musteat-rank?cityid=5&notitlebar=1&ranktype=3,https://www.dianping.com/shop/2867470/photos/album,https://plat.dianping.com/app/femember-musteat-web/musteat-rank?cityid=5&notitlebar=1&ranktype=3
江苏省,南京市,秦淮区,懒生活餐厅（新街口店）,江苏省南京市秦淮区华侨路慈悲社5-2号05幢101室(鼓楼房产局停车院正对门),4.7,110,高汤酸菜鱼,省市区及街道已获取,已获取,榜单行政区/商圈归属,15112774,https://plat.dianping.com/app/femember-musteat-web/musteat-rank?cityid=5&notitlebar=1&ranktype=3,https://www.dianping.com/shop/15112774/photos/album,https://plat.dianping.com/app/femember-musteat-web/musteat-rank?cityid=5&notitlebar=1&ranktype=3
江苏省,南京市,鼓楼区,陈记一牛火锅（金域中央星河广场店）,江苏省南京市鼓楼区幕府西路星河广场11栋1楼11-3号商铺,4.7,114,牛筋丸,省市区及街道已获取,已获取,榜单行政区/商圈归属,7997036,https://plat.dianping.com/app/femember-musteat-web/musteat-rank?cityid=5&notitlebar=1&ranktype=3,https://www.dianping.com/shop/7997036/photos/album,https://plat.dianping.com/app/femember-musteat-web/musteat-rank?cityid=5&notitlebar=1&ranktype=3
江苏省,南京市,鼓楼区,私家厨房·巷子里的南京菜（厚载巷总店）,江苏省南京市鼓楼区厚载巷60号(近城市名人酒店),4.7,80,韭香嫩腰,省市区及街道已获取,已获取,榜单行政区/商圈归属,2801071,https://plat.dianping.com/app/femember-musteat-web/musteat-rank?cityid=5&notitlebar=1&ranktype=3,https://www.dianping.com/shop/2801071/photos/album,https://plat.dianping.com/app/femember-musteat-web/musteat-rank?cityid=5&notitlebar=1&ranktype=3
江苏省,南京市,秦淮区,寻魏·金陵十二菜（老门东店）,江苏省南京市秦淮区伍板桥27号（金陵美术馆旁）,4.7,117,雨花茶龙井虾仁,省市区及街道已获取,已获取,榜单行政区/商圈归属,98432388,https://plat.dianping.com/app/femember-musteat-web/musteat-rank?cityid=5&notitlebar=1&ranktype=3,https://www.dianping.com/shop/98432388/photos/album,https://plat.dianping.com/app/femember-musteat-web/musteat-rank?cityid=5&notitlebar=1&ranktype=3
江苏省,南京市,高淳区,高淳老街土菜馆（迎薰门店）,江苏省南京市高淳区高淳老街迎薰门2、4、6、8、10、12号（迎薰门美食街）,4.3,71,虎皮臭干,省市区及街道已获取,已获取,同店铺ID出现在榜单县级城市入口,3459715,https://plat.dianping.com/app/femember-musteat-web/musteat-rank?cityid=5&notitlebar=1&ranktype=3,https://www.dianping.com/shop/3459715/photos/album,https://plat.dianping.com/app/femember-musteat-web/musteat-rank?cityid=827&notitlebar=1&ranktype=3
江苏省,苏州市,姑苏区,老鲨鱼披萨店,江苏省苏州市姑苏区双塔街道长洲路1号(全家超市北面),4.6,87,温泉蛋松露火腿,省市区及街道已获取,已获取,榜单行政区/商圈归属,22763284,https://plat.dianping.com/app/femember-musteat-web/musteat-rank?cityid=6&notitlebar=1&ranktype=3,https://www.dianping.com/shop/22763284/photos/album,https://plat.dianping.com/app/femember-musteat-web/musteat-rank?cityid=6&notitlebar=1&ranktype=3
江苏省,苏州市,张家港市,福前吕氏老鹅,江苏省苏州市张家港市晨丰公路福前村8组,4.5,104,卤水老鹅,省市区及街道已获取,已获取,同店铺ID出现在榜单县级城市入口,899683247,https://plat.dianping.com/app/femember-musteat-web/musteat-rank?cityid=6&notitlebar=1&ranktype=3,https://www.dianping.com/shop/899683247/photos/album,https://plat.dianping.com/app/femember-musteat-web/musteat-rank?cityid=418&notitlebar=1&ranktype=3
江苏省,苏州市,吴中区,和顺羊肉馆（藏书镇店）,江苏省苏州市吴中区藏书穹灵路2270号（停车场:请从开开心心大药房侧边进入）,4.8,94,羊肉锅仔,省市区及街道已获取,已获取,榜单行政区/商圈归属,2341291,https://plat.dianping.com/app/femember-musteat-web/musteat-rank?cityid=6&notitlebar=1&ranktype=3,https://www.dianping.com/shop/2341291/photos/album,https://plat.dianping.com/app/femember-musteat-web/musteat-rank?cityid=6&notitlebar=1&ranktype=3
江苏省,苏州市,吴江区,酒坛子饭桶·农家菜（同里古镇店）,江苏省苏州市吴江区同里古镇中川路170号,4.1,63,小炒芦苇嫩芽,省市区及街道已获取,已获取,同店铺ID出现在榜单县级城市入口,3225781,https://plat.dianping.com/app/femember-musteat-web/musteat-rank?cityid=6&notitlebar=1&ranktype=3,https://www.dianping.com/shop/3225781/photos/album,https://plat.dianping.com/app/femember-musteat-web/musteat-rank?cityid=419&notitlebar=1&ranktype=3
江苏省,苏州市,姑苏区,香雪海饭店中餐厅（人民桥店）,江苏省苏州市姑苏区东一路8号轮船码头,4.6,130,松鼠桂鱼,省市区及街道已获取,已获取,榜单行政区/商圈归属,541014,https://plat.dianping.com/app/femember-musteat-web/musteat-rank?cityid=6&notitlebar=1&ranktype=3,https://www.dianping.com/shop/541014/photos/album,https://plat.dianping.com/app/femember-musteat-web/musteat-rank?cityid=6&notitlebar=1&ranktype=3
江苏省,苏州市,相城区,袁家水泊水浒烤肉（相城合景店）,江苏省苏州市相城区善济路合景峰汇3期5栋204沿街商铺,4.8,79,五花肉,省市区及街道已获取,已获取,榜单行政区/商圈归属,1544286346,https://plat.dianping.com/app/femember-musteat-web/musteat-rank?cityid=6&notitlebar=1&ranktype=3,https://www.dianping.com/shop/1544286346/photos/album,https://plat.dianping.com/app/femember-musteat-web/musteat-rank?cityid=6&notitlebar=1&ranktype=3
江苏省,苏州市,姑苏区,西园寺素食（西园弄戒幢律寺店）,江苏省苏州市姑苏区西园弄18号西园寺内,4.7,17,观音面,省市区及街道已获取,已获取,榜单行政区/商圈归属,540978,https://plat.dianping.com/app/femember-musteat-web/musteat-rank?cityid=6&notitlebar=1&ranktype=3,https://www.dianping.com/shop/540978/photos/album,https://plat.dianping.com/app/femember-musteat-web/musteat-rank?cityid=6&notitlebar=1&ranktype=3
江苏省,苏州市,苏州工业园区,拾壹雅苑（苏州协鑫广场店）,江苏省苏州市苏州工业园区思安街99号协鑫广场东区3楼L314-L315,4.8,163,泉州姜母鸭,省市区及街道已获取,已获取,榜单行政区/商圈归属,130317068,https://plat.dianping.com/app/femember-musteat-web/musteat-rank?cityid=6&notitlebar=1&ranktype=3,https://www.dianping.com/shop/130317068/photos/album,https://plat.dianping.com/app/femember-musteat-web/musteat-rank?cityid=6&notitlebar=1&ranktype=3
江苏省,苏州市,姑苏区,同得兴 Since·1995 传统苏式面馆（嘉馀坊店）,江苏省苏州市姑苏区人民路嘉馀坊6号,4.6,55,白汤面底,省市区及街道已获取,已获取,榜单行政区/商圈归属,541165,https://plat.dianping.com/app/femember-musteat-web/musteat-rank?cityid=6&notitlebar=1&ranktype=3,https://www.dianping.com/shop/541165/photos/album,https://plat.dianping.com/app/femember-musteat-web/musteat-rank?cityid=6&notitlebar=1&ranktype=3
江苏省,苏州市,吴江区,有家酸菜鱼（苏州吴江吾悦广场店）,江苏省苏州市吴江区开平路2188号吾悦广场4楼,4.6,75,酸汤酸菜鱼,省市区及街道已获取,已获取,榜单行政区/商圈归属,73601503,https://plat.dianping.com/app/femember-musteat-web/musteat-rank?cityid=6&notitlebar=1&ranktype=3,https://www.dianping.com/shop/73601503/photos/album,https://plat.dianping.com/app/femember-musteat-web/musteat-rank?cityid=6&notitlebar=1&ranktype=3
江苏省,苏州市,吴江区,泡菜世家·泡菜鱼（万宝店）,江苏省苏州市吴江区中山南路万宝财富商业广场1楼外街,4.6,70,非遗泡菜鱼(黑鱼),省市区及街道已获取,已获取,同店铺ID出现在榜单县级城市入口,92831523,https://plat.dianping.com/app/femember-musteat-web/musteat-rank?cityid=6&notitlebar=1&ranktype=3,https://www.dianping.com/shop/92831523/photos/album,https://plat.dianping.com/app/femember-musteat-web/musteat-rank?cityid=419&notitlebar=1&ranktype=3
江苏省,苏州市,吴江区,上上灶,江苏省苏州市吴江区笠泽路607号（桔子酒店隔壁）,4.7,126,手工煎虾饼（鲜虾现制）,省市区及街道已获取,已获取,榜单行政区/商圈归属,1729124575,https://plat.dianping.com/app/femember-musteat-web/musteat-rank?cityid=6&notitlebar=1&ranktype=3,https://www.dianping.com/shop/1729124575/photos/album,https://plat.dianping.com/app/femember-musteat-web/musteat-rank?cityid=6&notitlebar=1&ranktype=3
江苏省,苏州市,昆山市,德意楼（下塘店）,江苏省苏州市昆山市北后街22号（培本小学对面）,4.4,101,白斩鸡,省市区及街道已获取,已获取,同店铺ID出现在榜单县级城市入口,9959943,https://plat.dianping.com/app/femember-musteat-web/musteat-rank?cityid=6&notitlebar=1&ranktype=3,https://www.dianping.com/shop/9959943/photos/album,https://plat.dianping.com/app/femember-musteat-web/musteat-rank?cityid=416&notitlebar=1&ranktype=3
江苏省,苏州市,张家港市,犇犇牛肉火锅•贵州黄牛肉（河西路店）,江苏省苏州市张家港市河西路211号,4.7,98,招牌生牛肉,省市区及街道已获取,已获取,同店铺ID出现在榜单县级城市入口,933410357,https://plat.dianping.com/app/femember-musteat-web/musteat-rank?cityid=6&notitlebar=1&ranktype=3,https://www.dianping.com/shop/933410357/photos/album,https://plat.dianping.com/app/femember-musteat-web/musteat-rank?cityid=418&notitlebar=1&ranktype=3
江苏省,苏州市,苏州工业园区,熬八年·台湾沙嗲牛肉火锅（诚品店）,江苏省苏州市苏州工业园区金鸡湖街道月廊街8号诚品生活广场负一层B106,4.7,105,麻辣卤鸭血,省市区及街道已获取,已获取,榜单行政区/商圈归属,38203437,https://plat.dianping.com/app/femember-musteat-web/musteat-rank?cityid=6&notitlebar=1&ranktype=3,https://www.dianping.com/shop/38203437/photos/album,https://plat.dianping.com/app/femember-musteat-web/musteat-rank?cityid=6&notitlebar=1&ranktype=3
江苏省,苏州市,昆山市,聚宾阁家宴{本帮菜},江苏省苏州市昆山市新虹路与炎东路交叉口北50米路东,4.7,95,千岛湖砂锅鱼头,省市区及街道已获取,已获取,同店铺ID出现在榜单县级城市入口,1883105095,https://plat.dianping.com/app/femember-musteat-web/musteat-rank?cityid=6&notitlebar=1&ranktype=3,https://www.dianping.com/shop/1883105095/photos/album,https://plat.dianping.com/app/femember-musteat-web/musteat-rank?cityid=416&notitlebar=1&ranktype=3
江苏省,苏州市,苏州工业园区,苏城家宴（李公堤店）,江苏省苏州市苏州工业园区李公堤路43-45号（李公堤旁）,4.8,168,松鼠大桂鱼,省市区及街道已获取,已获取,榜单行政区/商圈归属,4716089,https://plat.dianping.com/app/femember-musteat-web/musteat-rank?cityid=6&notitlebar=1&ranktype=3,https://www.dianping.com/shop/4716089/photos/album,https://plat.dianping.com/app/femember-musteat-web/musteat-rank?cityid=6&notitlebar=1&ranktype=3
江苏省,苏州市,苏州工业园区,BetterThai 泰加（苏州中心店）,江苏省苏州市苏州工业园区湖西社区工作委员会星融街苏州中心商场南区5层B05-06（微软专卖店对面）,4.6,130,冬阴功海鲜汤,省市区及街道已获取,已获取,榜单行政区/商圈归属,96529201,https://plat.dianping.com/app/femember-musteat-web/musteat-rank?cityid=6&notitlebar=1&ranktype=3,https://www.dianping.com/shop/96529201/photos/album,https://plat.dianping.com/app/femember-musteat-web/musteat-rank?cityid=6&notitlebar=1&ranktype=3
江苏省,苏州市,太仓市,新锡爵·粤菜融合·匠心独具（太仓岳阳路店）,江苏省苏州市太仓市经济开发区岳阳路99号(近东仓南路),4.8,104,红烧河豚,省市区及街道已获取,已获取,榜单行政区/商圈归属,1997455,https://plat.dianping.com/app/femember-musteat-web/musteat-rank?cityid=6&notitlebar=1&ranktype=3,https://www.dianping.com/shop/1997455/photos/album,https://plat.dianping.com/app/femember-musteat-web/musteat-rank?cityid=6&notitlebar=1&ranktype=3
江苏省,苏州市,姑苏区,宴杨楼·苏式面馆,江苏省苏州市姑苏区十全街655号（南园宾馆北门入口处）,4.4,51,白焖肉,省市区及街道已获取,已获取,榜单行政区/商圈归属,1183162169,https://plat.dianping.com/app/femember-musteat-web/musteat-rank?cityid=6&notitlebar=1&ranktype=3,https://www.dianping.com/shop/1183162169/photos/album,https://plat.dianping.com/app/femember-musteat-web/musteat-rank?cityid=6&notitlebar=1&ranktype=3
广东省,深圳市,南山区,潮悦牛肉火锅店（西丽龙井店）,广东省深圳市南山区龙井路龙井综合楼1楼96号外围商铺（近龙井地铁站B口）,4.8,117,吊龙,省市区及街道已获取,已获取,榜单行政区/商圈归属,8979516,https://plat.dianping.com/app/femember-musteat-web/musteat-rank?cityid=7&notitlebar=1&ranktype=3,https://www.dianping.com/shop/8979516/photos/album,https://plat.dianping.com/app/femember-musteat-web/musteat-rank?cityid=7&notitlebar=1&ranktype=3
广东省,深圳市,宝安区,潮荣海鲜大饭店（宝安总店）,广东省深圳市宝安区四十五区自由路16-18号（近宝晖大厦）,4.7,103,潮汕炸粿肉,省市区及街道已获取,已获取,榜单行政区/商圈归属,1939147,https://plat.dianping.com/app/femember-musteat-web/musteat-rank?cityid=7&notitlebar=1&ranktype=3,https://www.dianping.com/shop/1939147/photos/album,https://plat.dianping.com/app/femember-musteat-web/musteat-rank?cityid=7&notitlebar=1&ranktype=3
广东省,深圳市,南山区,江南厨子（万象天地店）,广东省深圳市南山区粤海街道深南大道华润万象天地6层SL611号铺,4.8,146,松子鱼,省市区及街道已获取,已获取,榜单行政区/商圈归属,93777038,https://plat.dianping.com/app/femember-musteat-web/musteat-rank?cityid=7&notitlebar=1&ranktype=3,https://www.dianping.com/shop/93777038/photos/album,https://plat.dianping.com/app/femember-musteat-web/musteat-rank?cityid=7&notitlebar=1&ranktype=3
广东省,深圳市,南山区,一个锅（海岸城店）,广东省深圳市南山区海德三道海岸城东座169铺,4.4,67,招牌拉酱鸡爪,省市区及街道已获取,已获取,榜单行政区/商圈归属,502021488,https://plat.dianping.com/app/femember-musteat-web/musteat-rank?cityid=7&notitlebar=1&ranktype=3,https://www.dianping.com/shop/502021488/photos/album,https://plat.dianping.com/app/femember-musteat-web/musteat-rank?cityid=7&notitlebar=1&ranktype=3
广东省,深圳市,南山区,合气屋·糖果居酒屋（南山店）,广东省深圳市南山区南山大道2009号亿利达村3栋112,4.7,106,招牌芝士卷,省市区及街道已获取,已获取,榜单行政区/商圈归属,97816134,https://plat.dianping.com/app/femember-musteat-web/musteat-rank?cityid=7&notitlebar=1&ranktype=3,https://www.dianping.com/shop/97816134/photos/album,https://plat.dianping.com/app/femember-musteat-web/musteat-rank?cityid=7&notitlebar=1&ranktype=3
广东省,深圳市,福田区,pLeace2必乐时（福田卓悦中心店）,广东省深圳市福田区福华路346号OneAvenue卓悦中心东区1楼L138号铺,4.8,110,椒麻炙烤澳洲谷饲腹心肉,省市区及街道已获取,已获取,榜单行政区/商圈归属,701313316,https://plat.dianping.com/app/femember-musteat-web/musteat-rank?cityid=7&notitlebar=1&ranktype=3,https://www.dianping.com/shop/701313316/photos/album,https://plat.dianping.com/app/femember-musteat-web/musteat-rank?cityid=7&notitlebar=1&ranktype=3
广东省,深圳市,南山区,雪乡情东北菜（登良旗舰店）,广东省深圳市南山区登良路龙佳园1层107号,4.8,63,锅包肉,省市区及街道已获取,已获取,榜单行政区/商圈归属,16643245,https://plat.dianping.com/app/femember-musteat-web/musteat-rank?cityid=7&notitlebar=1&ranktype=3,https://www.dianping.com/shop/16643245/photos/album,https://plat.dianping.com/app/femember-musteat-web/musteat-rank?cityid=7&notitlebar=1&ranktype=3
广东省,深圳市,南山区,小煵记·深圳本地菜（南新店）,广东省深圳市南山区田厦社区南海台大厦106,4.4,119,豉油皇大虾,省市区及街道已获取,已获取,榜单行政区/商圈归属,1217663131,https://plat.dianping.com/app/femember-musteat-web/musteat-rank?cityid=7&notitlebar=1&ranktype=3,https://www.dianping.com/shop/1217663131/photos/album,https://plat.dianping.com/app/femember-musteat-web/musteat-rank?cityid=7&notitlebar=1&ranktype=3
广东省,深圳市,福田区,顺德公·广东猪肚鸡（车公庙总店）,广东省深圳市福田区泰然四路泰然科技园210栋111号,4.7,98,胡椒猪肚鸡,省市区及街道已获取,已获取,榜单行政区/商圈归属,93976586,https://plat.dianping.com/app/femember-musteat-web/musteat-rank?cityid=7&notitlebar=1&ranktype=3,https://www.dianping.com/shop/93976586/photos/album,https://plat.dianping.com/app/femember-musteat-web/musteat-rank?cityid=7&notitlebar=1&ranktype=3
广东省,深圳市,南山区,老顾客煲仔饭（蛇口店）,"广东省深圳市南山区招商路140-1号（水煮鱼乡旁,中国银行对面）",4.7,27,明火自选煲仔饭,省市区及街道已获取,已获取,榜单行政区/商圈归属,1933268543,https://plat.dianping.com/app/femember-musteat-web/musteat-rank?cityid=7&notitlebar=1&ranktype=3,https://www.dianping.com/shop/1933268543/photos/album,https://plat.dianping.com/app/femember-musteat-web/musteat-rank?cityid=7&notitlebar=1&ranktype=3
广东省,深圳市,宝安区,中山脆肉鲩（新圳东路店）,广东省深圳市宝安区新圳东路39号,4.7,93,脆鲩鱼腩,省市区及街道已获取,已获取,榜单行政区/商圈归属,16921181,https://plat.dianping.com/app/femember-musteat-web/musteat-rank?cityid=7&notitlebar=1&ranktype=3,https://www.dianping.com/shop/16921181/photos/album,https://plat.dianping.com/app/femember-musteat-web/musteat-rank?cityid=7&notitlebar=1&ranktype=3
广东省,深圳市,宝安区,于双蔡南家·湖南长沙菜（宝安大仟里店）,广东省深圳市宝安区海城路90、92号（宝安大仟里对面）,4.7,54,绝味凤爪,省市区及街道已获取,已获取,榜单行政区/商圈归属,1379304004,https://plat.dianping.com/app/femember-musteat-web/musteat-rank?cityid=7&notitlebar=1&ranktype=3,https://www.dianping.com/shop/1379304004/photos/album,https://plat.dianping.com/app/femember-musteat-web/musteat-rank?cityid=7&notitlebar=1&ranktype=3
广东省,深圳市,南山区,小炳胜（海岸城店）,广东省深圳市南山区文心五路33号海岸城购物中心负1层045号商铺,4.7,108,招积茄子,省市区及街道已获取,已获取,榜单行政区/商圈归属,122486153,https://plat.dianping.com/app/femember-musteat-web/musteat-rank?cityid=7&notitlebar=1&ranktype=3,https://www.dianping.com/shop/122486153/photos/album,https://plat.dianping.com/app/femember-musteat-web/musteat-rank?cityid=7&notitlebar=1&ranktype=3
广东省,深圳市,宝安区,湘田田·湖南土菜（新安店）,广东省深圳市宝安区建安工业区厂房1号新安三路126号,4.8,59,小炒黄牛肉,省市区及街道已获取,已获取,榜单行政区/商圈归属,1188610208,https://plat.dianping.com/app/femember-musteat-web/musteat-rank?cityid=7&notitlebar=1&ranktype=3,https://www.dianping.com/shop/1188610208/photos/album,https://plat.dianping.com/app/femember-musteat-web/musteat-rank?cityid=7&notitlebar=1&ranktype=3
广东省,深圳市,罗湖区,新起点脆肉鲩火锅（宝安南路店）,广东省深圳市罗湖区笋岗东路华通大厦三楼（亚朵酒店三楼）,4.8,102,脆鲩鱼上肉,省市区及街道已获取,已获取,榜单行政区/商圈归属,122228669,https://plat.dianping.com/app/femember-musteat-web/musteat-rank?cityid=7&notitlebar=1&ranktype=3,https://www.dianping.com/shop/122228669/photos/album,https://plat.dianping.com/app/femember-musteat-web/musteat-rank?cityid=7&notitlebar=1&ranktype=3
广东省,深圳市,福田区,洪哥白塔牛肉粿条汤（梅林中康路第十分店）,广东省深圳市福田区中康路88号,4.4,26,鲜牛肉粿条粉,省市区及街道已获取,已获取,榜单行政区/商圈归属,129787497,https://plat.dianping.com/app/femember-musteat-web/musteat-rank?cityid=7&notitlebar=1&ranktype=3,https://www.dianping.com/shop/129787497/photos/album,https://plat.dianping.com/app/femember-musteat-web/musteat-rank?cityid=7&notitlebar=1&ranktype=3
广东省,深圳市,南山区,Emily’s Cafe（半岛城邦店）,广东省深圳市南山区金世纪路2-7号,4.7,117,安格斯肉眼扒,省市区及街道已获取,已获取,榜单行政区/商圈归属,5198572,https://plat.dianping.com/app/femember-musteat-web/musteat-rank?cityid=7&notitlebar=1&ranktype=3,https://www.dianping.com/shop/5198572/photos/album,https://plat.dianping.com/app/femember-musteat-web/musteat-rank?cityid=7&notitlebar=1&ranktype=3
广东省,深圳市,南山区,家里头·潮汕味道（亿利达村店）,广东省深圳市南山区南山大道2009号亿利达村3栋107,4.8,98,酸菜炒牛肉,省市区及街道已获取,已获取,榜单行政区/商圈归属,742125735,https://plat.dianping.com/app/femember-musteat-web/musteat-rank?cityid=7&notitlebar=1&ranktype=3,https://www.dianping.com/shop/742125735/photos/album,https://plat.dianping.com/app/femember-musteat-web/musteat-rank?cityid=7&notitlebar=1&ranktype=3
广东省,深圳市,福田区,本源食集 日式烧肉·炉端烧（东海缤纷店）,广东省深圳市福田区香林路东海缤纷天地二楼2012铺,4.8,260,抹茶椰丝奶冻,省市区及街道已获取,已获取,榜单行政区/商圈归属,69350358,https://plat.dianping.com/app/femember-musteat-web/musteat-rank?cityid=7&notitlebar=1&ranktype=3,https://www.dianping.com/shop/69350358/photos/album,https://plat.dianping.com/app/femember-musteat-web/musteat-rank?cityid=7&notitlebar=1&ranktype=3
广东省,深圳市,南山区,洪大厨鸡煲（南山店）,广东省深圳市南山区海珠社区后海大道2332号,4.7,116,石橄榄鸡煲,省市区及街道已获取,已获取,榜单行政区/商圈归属,1525810029,https://plat.dianping.com/app/femember-musteat-web/musteat-rank?cityid=7&notitlebar=1&ranktype=3,https://www.dianping.com/shop/1525810029/photos/album,https://plat.dianping.com/app/femember-musteat-web/musteat-rank?cityid=7&notitlebar=1&ranktype=3
四川省,成都市,成华区,六合居·六合渔村（熊猫基地店）,四川省成都市成华区三河街道驿站环路300号（保利198）,4.6,93,特色锅边馍,省市区及街道已获取,已获取,榜单行政区/商圈归属,124566994,https://plat.dianping.com/app/femember-musteat-web/musteat-rank?cityid=8&notitlebar=1&ranktype=3,https://www.dianping.com/shop/124566994/photos/album,https://plat.dianping.com/app/femember-musteat-web/musteat-rank?cityid=8&notitlebar=1&ranktype=3
四川省,成都市,青羊区,乐山鲜知味钵钵鸡（草堂北路店）,四川省成都市青羊区草堂北路16号附18号,4.4,37,红油钵钵鸡,省市区及街道已获取,已获取,榜单行政区/商圈归属,3651508,https://plat.dianping.com/app/femember-musteat-web/musteat-rank?cityid=8&notitlebar=1&ranktype=3,https://www.dianping.com/shop/3651508/photos/album,https://plat.dianping.com/app/femember-musteat-web/musteat-rank?cityid=8&notitlebar=1&ranktype=3
四川省,成都市,武侯区,永乐饭店,四川省成都市武侯区肖家河中街36号,4.4,65,肝腰合炒,省市区及街道已获取,已获取,榜单行政区/商圈归属,2889190,https://plat.dianping.com/app/femember-musteat-web/musteat-rank?cityid=8&notitlebar=1&ranktype=3,https://www.dianping.com/shop/2889190/photos/album,https://plat.dianping.com/app/femember-musteat-web/musteat-rank?cityid=8&notitlebar=1&ranktype=3
四川省,成都市,青羊区,龙森园火锅（琴台路店）,四川省成都市青羊区少城街道琴台路60号,4.8,134,鲜毛肚,省市区及街道已获取,已获取,榜单行政区/商圈归属,530140,https://plat.dianping.com/app/femember-musteat-web/musteat-rank?cityid=8&notitlebar=1&ranktype=3,https://www.dianping.com/shop/530140/photos/album,https://plat.dianping.com/app/femember-musteat-web/musteat-rank?cityid=8&notitlebar=1&ranktype=3
四川省,成都市,温江区,雅安石棉围炉味道（温江店）,四川省成都市温江区凤溪大道中段109号（地铁19号线4号线凤溪河站G口前行20米）,4.3,53,五花肉,省市区及街道已获取,已获取,同店铺ID出现在榜单县级城市入口,96510337,https://plat.dianping.com/app/femember-musteat-web/musteat-rank?cityid=8&notitlebar=1&ranktype=3,https://www.dianping.com/shop/96510337/photos/album,https://plat.dianping.com/app/femember-musteat-web/musteat-rank?cityid=4425&notitlebar=1&ranktype=3
四川省,成都市,,青城甲（青城山店）,四川省成都市渠山路上元社区6组52号附2号,4.8,88,白果炖鸡,区县或街道未核实,已获取,区县未核实,69909312,https://plat.dianping.com/app/femember-musteat-web/musteat-rank?cityid=8&notitlebar=1&ranktype=3,https://www.dianping.com/shop/69909312/photos/album,https://plat.dianping.com/app/femember-musteat-web/musteat-rank?cityid=8&notitlebar=1&ranktype=3
四川省,成都市,武侯区,泸州酸菜豆花（共和路店）,四川省成都市武侯区共和路共和村8号附4号,4.7,56,极品豆花,省市区及街道已获取,已获取,榜单行政区/商圈归属,2776837,https://plat.dianping.com/app/femember-musteat-web/musteat-rank?cityid=8&notitlebar=1&ranktype=3,https://www.dianping.com/shop/2776837/photos/album,https://plat.dianping.com/app/femember-musteat-web/musteat-rank?cityid=8&notitlebar=1&ranktype=3
四川省,成都市,双流区,东大荒路边摊烤串（顺兴路店）,四川省成都市双流区顺兴路一段666号,4.5,69,牛肉串,省市区及街道已获取,已获取,同店铺ID出现在榜单县级城市入口,1490301368,https://plat.dianping.com/app/femember-musteat-web/musteat-rank?cityid=8&notitlebar=1&ranktype=3,https://www.dianping.com/shop/1490301368/photos/album,https://plat.dianping.com/app/femember-musteat-web/musteat-rank?cityid=1609&notitlebar=1&ranktype=3
四川省,成都市,锦江区,花吃嘴儿麻辣烫,四川省成都市锦江区望平街78号,4.3,74,油碟,省市区及街道已获取,已获取,榜单行政区/商圈归属,103480590,https://plat.dianping.com/app/femember-musteat-web/musteat-rank?cityid=8&notitlebar=1&ranktype=3,https://www.dianping.com/shop/103480590/photos/album,https://plat.dianping.com/app/femember-musteat-web/musteat-rank?cityid=8&notitlebar=1&ranktype=3
四川省,成都市,青白江区,胖哥来凤鱼（嘉裕街店）,四川省成都市青白江区青白江嘉裕街175号（德火锅正对面）,4.8,61,新来凤鱼,省市区及街道已获取,已获取,同店铺ID出现在榜单县级城市入口,104875820,https://plat.dianping.com/app/femember-musteat-web/musteat-rank?cityid=8&notitlebar=1&ranktype=3,https://www.dianping.com/shop/104875820/photos/album,https://plat.dianping.com/app/femember-musteat-web/musteat-rank?cityid=4461&notitlebar=1&ranktype=3
四川省,成都市,金牛区,德胜小河帮自贡火爆,四川省成都市金牛区花牌坊街8号1栋1单元1层121号,4.9,81,自贡鲜锅兔,省市区及街道已获取,已获取,榜单行政区/商圈归属,998061036,https://plat.dianping.com/app/femember-musteat-web/musteat-rank?cityid=8&notitlebar=1&ranktype=3,https://www.dianping.com/shop/998061036/photos/album,https://plat.dianping.com/app/femember-musteat-web/musteat-rank?cityid=8&notitlebar=1&ranktype=3
四川省,成都市,双流区,黑石香村柴火鸡,四川省成都市双流区正兴街道钓鱼嘴社区1组35号,4.8,68,锅边馍,省市区及街道已获取,已获取,同店铺ID出现在榜单县级城市入口,91641091,https://plat.dianping.com/app/femember-musteat-web/musteat-rank?cityid=8&notitlebar=1&ranktype=3,https://www.dianping.com/shop/91641091/photos/album,https://plat.dianping.com/app/femember-musteat-web/musteat-rank?cityid=1609&notitlebar=1&ranktype=3
四川省,成都市,郫都区,家乡苑农家乐,四川省成都市郫都区白沙路仁义村3组102号（成都籍漫新型装饰材料有限公司斜对面）,4.8,46,家常豆瓣鱼,省市区及街道已获取,已获取,榜单行政区/商圈归属,69551610,https://plat.dianping.com/app/femember-musteat-web/musteat-rank?cityid=8&notitlebar=1&ranktype=3,https://www.dianping.com/shop/69551610/photos/album,https://plat.dianping.com/app/femember-musteat-web/musteat-rank?cityid=8&notitlebar=1&ranktype=3
四川省,成都市,锦江区,黎叔杂酱面（九眼桥店）,四川省成都市锦江区天紫界国际公寓二号门口,4.3,15,素椒杂酱面,省市区及街道已获取,已获取,榜单行政区/商圈归属,126315763,https://plat.dianping.com/app/femember-musteat-web/musteat-rank?cityid=8&notitlebar=1&ranktype=3,https://www.dianping.com/shop/126315763/photos/album,https://plat.dianping.com/app/femember-musteat-web/musteat-rank?cityid=8&notitlebar=1&ranktype=3
四川省,成都市,锦江区,烤匠麻辣烤鱼（IFS店）,四川省成都市锦江区红星路三段1号成都IFS国际金融中心商场7楼L707号,4.8,102,经典麻辣烤鱼,省市区及街道已获取,已获取,榜单行政区/商圈归属,92551280,https://plat.dianping.com/app/femember-musteat-web/musteat-rank?cityid=8&notitlebar=1&ranktype=3,https://www.dianping.com/shop/92551280/photos/album,https://plat.dianping.com/app/femember-musteat-web/musteat-rank?cityid=8&notitlebar=1&ranktype=3
四川省,成都市,武侯区,根据地冷锅串串,四川省成都市武侯区成科路1号附11号（近美国领事馆）,4.1,61,牛肉,省市区及街道已获取,已获取,榜单行政区/商圈归属,5721251,https://plat.dianping.com/app/femember-musteat-web/musteat-rank?cityid=8&notitlebar=1&ranktype=3,https://www.dianping.com/shop/5721251/photos/album,https://plat.dianping.com/app/femember-musteat-web/musteat-rank?cityid=8&notitlebar=1&ranktype=3
四川省,成都市,,组织向南川菜馆,四川省成都市万象南路669号象南里1栋2层附209-213、224号,4.6,91,腰花,区县或街道未核实,已获取,区县未核实,91524029,https://plat.dianping.com/app/femember-musteat-web/musteat-rank?cityid=8&notitlebar=1&ranktype=3,https://www.dianping.com/shop/91524029/photos/album,https://plat.dianping.com/app/femember-musteat-web/musteat-rank?cityid=8&notitlebar=1&ranktype=3
四川省,成都市,新都区,鮨秀吉日式料理（新都店）,四川省成都市新都区香城北路8号附208号,4.7,95,芝士炸虾球,省市区及街道已获取,已获取,同店铺ID出现在榜单县级城市入口,45634951,https://plat.dianping.com/app/femember-musteat-web/musteat-rank?cityid=8&notitlebar=1&ranktype=3,https://www.dianping.com/shop/45634951/photos/album,https://plat.dianping.com/app/femember-musteat-web/musteat-rank?cityid=4424&notitlebar=1&ranktype=3
四川省,成都市,武侯区,小饕荟雅安贡椒鱼鲜馆（广福桥店）,四川省成都市武侯区广福路5号附34号,4.8,84,贡椒鱼,省市区及街道已获取,已获取,榜单行政区/商圈归属,94755715,https://plat.dianping.com/app/femember-musteat-web/musteat-rank?cityid=8&notitlebar=1&ranktype=3,https://www.dianping.com/shop/94755715/photos/album,https://plat.dianping.com/app/femember-musteat-web/musteat-rank?cityid=8&notitlebar=1&ranktype=3
四川省,成都市,武侯区,锦城印象火锅（彩虹店）,四川省成都市武侯区武侯祠大街19号(近彩虹桥头),4.8,125,锦城嫩牛肉,省市区及街道已获取,已获取,榜单行政区/商圈归属,2910745,https://plat.dianping.com/app/femember-musteat-web/musteat-rank?cityid=8&notitlebar=1&ranktype=3,https://www.dianping.com/shop/2910745/photos/album,https://plat.dianping.com/app/femember-musteat-web/musteat-rank?cityid=8&notitlebar=1&ranktype=3
重庆市,重庆市,两江新区,象隐·地道曼谷料理（观音桥天和里店）,重庆市两江新区观音桥步行街10号天和里购物中心6层,4.4,98,驰名冬阴功汤,省市区及街道已获取,已获取,榜单行政区/商圈归属,98628510,https://plat.dianping.com/app/femember-musteat-web/musteat-rank?cityid=9&notitlebar=1&ranktype=3,https://www.dianping.com/shop/98628510/photos/album,https://plat.dianping.com/app/femember-musteat-web/musteat-rank?cityid=9&notitlebar=1&ranktype=3
重庆市,重庆市,两江新区,壹坛·炭火烧肉（龙头寺总店）,重庆市两江新区文慧路99号附26号、附27号,4.8,115,壹坛人参渍五花肉,省市区及街道已获取,已获取,榜单行政区/商圈归属,130941630,https://plat.dianping.com/app/femember-musteat-web/musteat-rank?cityid=9&notitlebar=1&ranktype=3,https://www.dianping.com/shop/130941630/photos/album,https://plat.dianping.com/app/femember-musteat-web/musteat-rank?cityid=9&notitlebar=1&ranktype=3
重庆市,重庆市,两江新区,老甘家小龙虾江湖菜（洋河地标总店）,重庆市两江新区洋河中路91号,4.8,95,招牌麻辣小龙虾,省市区及街道已获取,已获取,榜单行政区/商圈归属,24341930,https://plat.dianping.com/app/femember-musteat-web/musteat-rank?cityid=9&notitlebar=1&ranktype=3,https://www.dianping.com/shop/24341930/photos/album,https://plat.dianping.com/app/femember-musteat-web/musteat-rank?cityid=9&notitlebar=1&ranktype=3
重庆市,重庆市,南岸区,渝大狮毛肚老火锅（南坪总店）,重庆市南岸区南坪东路15号（李子酒店旁）,4.8,78,步步高鲜虾滑,省市区及街道已获取,已获取,榜单行政区/商圈归属,96659668,https://plat.dianping.com/app/femember-musteat-web/musteat-rank?cityid=9&notitlebar=1&ranktype=3,https://www.dianping.com/shop/96659668/photos/album,https://plat.dianping.com/app/femember-musteat-web/musteat-rank?cityid=9&notitlebar=1&ranktype=3
重庆市,重庆市,永川区,鸡哈豆花（梅西广场店）,重庆市永川区胜利路18号,4.3,31,鸡哈豆花,省市区及街道已获取,已获取,同店铺ID出现在榜单县级城市入口,76858824,https://plat.dianping.com/app/femember-musteat-web/musteat-rank?cityid=9&notitlebar=1&ranktype=3,https://www.dianping.com/shop/76858824/photos/album,https://plat.dianping.com/app/femember-musteat-web/musteat-rank?cityid=4430&notitlebar=1&ranktype=3
重庆市,重庆市,巫山县,一家馆子纸包鱼（滨江路店）,重庆市巫山县宁江路525号（江山红叶酒店西北门对面）,4.4,55,蒜香纸包鱼,省市区及街道已获取,已获取,同店铺ID出现在榜单县级城市入口,91588231,https://plat.dianping.com/app/femember-musteat-web/musteat-rank?cityid=9&notitlebar=1&ranktype=3,https://www.dianping.com/shop/91588231/photos/album,https://plat.dianping.com/app/femember-musteat-web/musteat-rank?cityid=2295&notitlebar=1&ranktype=3
重庆市,重庆市,两江新区,肉甲韩国木炭烤肉（新壹街1店）,重庆市两江新区观音桥街道红石路观音桥龙湖新壹街B馆LG层大米先生对面,4.9,90,五花肉,省市区及街道已获取,已获取,榜单行政区/商圈归属,121462780,https://plat.dianping.com/app/femember-musteat-web/musteat-rank?cityid=9&notitlebar=1&ranktype=3,https://www.dianping.com/shop/121462780/photos/album,https://plat.dianping.com/app/femember-musteat-web/musteat-rank?cityid=9&notitlebar=1&ranktype=3
重庆市,重庆市,永川区,汤香耗儿鱼馆总店,重庆市永川区新泰路59号,4.6,83,水煮耗儿鱼,省市区及街道已获取,已获取,同店铺ID出现在榜单县级城市入口,14957821,https://plat.dianping.com/app/femember-musteat-web/musteat-rank?cityid=9&notitlebar=1&ranktype=3,https://www.dianping.com/shop/14957821/photos/album,https://plat.dianping.com/app/femember-musteat-web/musteat-rank?cityid=4430&notitlebar=1&ranktype=3
重庆市,重庆市,璧山区,醉三篇璧山兔来凤鱼（金科秀湖天都SKY MALL店）,重庆市璧山区泉山路金科中央公园城66号附115号秀湖水街大门斜对面,4.4,66,招牌来凤鱼,省市区及街道已获取,已获取,同店铺ID出现在榜单县级城市入口,96285156,https://plat.dianping.com/app/femember-musteat-web/musteat-rank?cityid=9&notitlebar=1&ranktype=3,https://www.dianping.com/shop/96285156/photos/album,https://plat.dianping.com/app/femember-musteat-web/musteat-rank?cityid=2287&notitlebar=1&ranktype=3
重庆市,重庆市,渝中区,龚大娃豆花面老店,重庆市渝中区民生路230号附2号（新华日报营业部旧址旁）,4.7,20,杂酱豆花面,省市区及街道已获取,已获取,榜单行政区/商圈归属,22029070,https://plat.dianping.com/app/femember-musteat-web/musteat-rank?cityid=9&notitlebar=1&ranktype=3,https://www.dianping.com/shop/22029070/photos/album,https://plat.dianping.com/app/femember-musteat-web/musteat-rank?cityid=9&notitlebar=1&ranktype=3
重庆市,重庆市,渝中区,李子坝梁山鸡（公园二鸡哥店）,"重庆市渝中区李子坝正街60号（近轨道2号线李子坝站1号口,李子坝公园正对面）",4.8,86,李子坝梁山鸡小锅,省市区及街道已获取,已获取,榜单行政区/商圈归属,18484475,https://plat.dianping.com/app/femember-musteat-web/musteat-rank?cityid=9&notitlebar=1&ranktype=3,https://www.dianping.com/shop/18484475/photos/album,https://plat.dianping.com/app/femember-musteat-web/musteat-rank?cityid=9&notitlebar=1&ranktype=3
重庆市,重庆市,两江新区,内江三三牛肉汤,重庆市两江新区红金路伟岸滨洲车库口,4.4,61,牛肉,省市区及街道已获取,已获取,榜单行政区/商圈归属,56581708,https://plat.dianping.com/app/femember-musteat-web/musteat-rank?cityid=9&notitlebar=1&ranktype=3,https://www.dianping.com/shop/56581708/photos/album,https://plat.dianping.com/app/femember-musteat-web/musteat-rank?cityid=9&notitlebar=1&ranktype=3
重庆市,重庆市,两江新区,鱼司机汽锅豆腐鱼（三溪口总店）,重庆市两江新区同兴北路196号,4.4,80,汽锅生态鱼,省市区及街道已获取,已获取,榜单行政区/商圈归属,102024389,https://plat.dianping.com/app/femember-musteat-web/musteat-rank?cityid=9&notitlebar=1&ranktype=3,https://www.dianping.com/shop/102024389/photos/album,https://plat.dianping.com/app/femember-musteat-web/musteat-rank?cityid=9&notitlebar=1&ranktype=3
重庆市,重庆市,两江新区,虾超心·虾蟹江湖菜（九街总店）,重庆市两江新区北城天街39号L173A号九街天街星城1楼,4.6,90,咖喱蛋黄罗氏虾,省市区及街道已获取,已获取,榜单行政区/商圈归属,93182062,https://plat.dianping.com/app/femember-musteat-web/musteat-rank?cityid=9&notitlebar=1&ranktype=3,https://www.dianping.com/shop/93182062/photos/album,https://plat.dianping.com/app/femember-musteat-web/musteat-rank?cityid=9&notitlebar=1&ranktype=3
重庆市,重庆市,两江新区,咖咖火锅（老店）,重庆市两江新区红石支路欧鹏花园E栋1楼1号,4.6,91,招牌卤香耙鸡脚,省市区及街道已获取,已获取,榜单行政区/商圈归属,1083868418,https://plat.dianping.com/app/femember-musteat-web/musteat-rank?cityid=9&notitlebar=1&ranktype=3,https://www.dianping.com/shop/1083868418/photos/album,https://plat.dianping.com/app/femember-musteat-web/musteat-rank?cityid=9&notitlebar=1&ranktype=3
重庆市,重庆市,沙坪坝区,胖子小吃（重师店）,重庆市沙坪坝区三峡广场地下购物中心,4,29,麻辣烫,省市区及街道已获取,已获取,榜单行政区/商圈归属,23045901,https://plat.dianping.com/app/femember-musteat-web/musteat-rank?cityid=9&notitlebar=1&ranktype=3,https://www.dianping.com/shop/23045901/photos/album,https://plat.dianping.com/app/femember-musteat-web/musteat-rank?cityid=9&notitlebar=1&ranktype=3
重庆市,重庆市,渝中区,储奇门鳝鱼火锅（解放碑店）,重庆市渝中区顺城街39号钻石星座商务大厦二楼,4.7,68,现划鳝鱼,省市区及街道已获取,已获取,榜单行政区/商圈归属,3304540,https://plat.dianping.com/app/femember-musteat-web/musteat-rank?cityid=9&notitlebar=1&ranktype=3,https://www.dianping.com/shop/3304540/photos/album,https://plat.dianping.com/app/femember-musteat-web/musteat-rank?cityid=9&notitlebar=1&ranktype=3
重庆市,重庆市,北碚区,罗二娃面庄（辽宁路店）,重庆市北碚区辽宁路与静宁路交叉口南50米,4.4,14,前腿杂酱面,省市区及街道已获取,已获取,榜单行政区/商圈归属,114324968,https://plat.dianping.com/app/femember-musteat-web/musteat-rank?cityid=9&notitlebar=1&ranktype=3,https://www.dianping.com/shop/114324968/photos/album,https://plat.dianping.com/app/femember-musteat-web/musteat-rank?cityid=9&notitlebar=1&ranktype=3
重庆市,重庆市,永川区,晓秧锅鲜货火锅（巨宇店）,重庆市永川区人民北路329号（巨宇江南小区东南角、御珑山停车库对面）,4.7,81,手打鲜虾滑,省市区及街道已获取,已获取,同店铺ID出现在榜单县级城市入口,66296027,https://plat.dianping.com/app/femember-musteat-web/musteat-rank?cityid=9&notitlebar=1&ranktype=3,https://www.dianping.com/shop/66296027/photos/album,https://plat.dianping.com/app/femember-musteat-web/musteat-rank?cityid=4430&notitlebar=1&ranktype=3
重庆市,重庆市,两江新区,一家烤串（汽博中心店）,重庆市两江新区栖霞路18号融创金茂时代20栋1单元1层1-1号商铺,4.4,73,烤面包,省市区及街道已获取,已获取,榜单行政区/商圈归属,67300716,https://plat.dianping.com/app/femember-musteat-web/musteat-rank?cityid=9&notitlebar=1&ranktype=3,https://www.dianping.com/shop/67300716/photos/album,https://plat.dianping.com/app/femember-musteat-web/musteat-rank?cityid=9&notitlebar=1&ranktype=3
天津市,天津市,红桥区,清真青琅轩水饺（弘丽园店）,天津市红桥区南运河南路与闸桥南路交叉口米兰弘丽园1-5-102,4.8,65,炸蒜香带鱼,省市区及街道已获取,已获取,榜单行政区/商圈归属,6145881,https://plat.dianping.com/app/femember-musteat-web/musteat-rank?cityid=10&notitlebar=1&ranktype=3,https://www.dianping.com/shop/6145881/photos/album,https://plat.dianping.com/app/femember-musteat-web/musteat-rank?cityid=10&notitlebar=1&ranktype=3
天津市,天津市,河北区,无量寿素食餐厅,天津市河北区真理道华光里社区1-5号底商,4.8,79,黑椒粒粒香,省市区及街道已获取,已获取,榜单行政区/商圈归属,98298566,https://plat.dianping.com/app/femember-musteat-web/musteat-rank?cityid=10&notitlebar=1&ranktype=3,https://www.dianping.com/shop/98298566/photos/album,https://plat.dianping.com/app/femember-musteat-web/musteat-rank?cityid=10&notitlebar=1&ranktype=3
天津市,天津市,北辰区,二园子烧烤店（天穆顺义里店）,天津市北辰区顺义道小李烧鸡旁边,4.8,48,纯正羊肉,省市区及街道已获取,已获取,榜单行政区/商圈归属,11463955,https://plat.dianping.com/app/femember-musteat-web/musteat-rank?cityid=10&notitlebar=1&ranktype=3,https://www.dianping.com/shop/11463955/photos/album,https://plat.dianping.com/app/femember-musteat-web/musteat-rank?cityid=10&notitlebar=1&ranktype=3
天津市,天津市,南开区,湖苑·天津菜·津味匠心烹鱼.（水上公园总店）,天津市南开区水上公园东路1号,4.8,90,酱焖鱼头,省市区及街道已获取,已获取,榜单行政区/商圈归属,90083302,https://plat.dianping.com/app/femember-musteat-web/musteat-rank?cityid=10&notitlebar=1&ranktype=3,https://www.dianping.com/shop/90083302/photos/album,https://plat.dianping.com/app/femember-musteat-web/musteat-rank?cityid=10&notitlebar=1&ranktype=3
天津市,天津市,南开区,清波坊桃花烤鸭·天津菜·湖畔津味（水上公园东路店）,天津市南开区水上公园东路1-6号,4.8,90,酥皮桃花鸭,省市区及街道已获取,已获取,榜单行政区/商圈归属,525983817,https://plat.dianping.com/app/femember-musteat-web/musteat-rank?cityid=10&notitlebar=1&ranktype=3,https://www.dianping.com/shop/525983817/photos/album,https://plat.dianping.com/app/femember-musteat-web/musteat-rank?cityid=10&notitlebar=1&ranktype=3
天津市,天津市,和平区,清真·古丽花儿·新疆美食（河南路店）,天津市和平区河南路106号平3、平4,4.9,65,新疆大盘鸡（精选鸡腿加皮带面）,省市区及街道已获取,已获取,榜单行政区/商圈归属,125170031,https://plat.dianping.com/app/femember-musteat-web/musteat-rank?cityid=10&notitlebar=1&ranktype=3,https://www.dianping.com/shop/125170031/photos/album,https://plat.dianping.com/app/femember-musteat-web/musteat-rank?cityid=10&notitlebar=1&ranktype=3
天津市,天津市,南开区,饶师傅大馅水饺（金海马店）,天津市南开区新兴路30号金海马一层底商,4.3,37,皮皮虾水饺,省市区及街道已获取,已获取,榜单行政区/商圈归属,2875198,https://plat.dianping.com/app/femember-musteat-web/musteat-rank?cityid=10&notitlebar=1&ranktype=3,https://www.dianping.com/shop/2875198/photos/album,https://plat.dianping.com/app/femember-musteat-web/musteat-rank?cityid=10&notitlebar=1&ranktype=3
天津市,天津市,南开区,乡悦天下（海光寺店）,天津市南开区南京路349号新天地大厦3楼306室,4.8,89,三湘鮰头鱼,省市区及街道已获取,已获取,榜单行政区/商圈归属,4702321,https://plat.dianping.com/app/femember-musteat-web/musteat-rank?cityid=10&notitlebar=1&ranktype=3,https://www.dianping.com/shop/4702321/photos/album,https://plat.dianping.com/app/femember-musteat-web/musteat-rank?cityid=10&notitlebar=1&ranktype=3
天津市,天津市,南开区,津门老金涮羊肉（密云路店）,天津市南开区密云路92号,4.7,85,鲜羊肉,省市区及街道已获取,已获取,榜单行政区/商圈归属,4503574,https://plat.dianping.com/app/femember-musteat-web/musteat-rank?cityid=10&notitlebar=1&ranktype=3,https://www.dianping.com/shop/4503574/photos/album,https://plat.dianping.com/app/femember-musteat-web/musteat-rank?cityid=10&notitlebar=1&ranktype=3
天津市,天津市,和平区,山上下日本料理·板前Omakase（天河城店）,天津市和平区大沽北路与哈尔滨道交叉口天河城购物中心七楼704,4.7,135,三文鱼刺身,省市区及街道已获取,已获取,榜单行政区/商圈归属,67383699,https://plat.dianping.com/app/femember-musteat-web/musteat-rank?cityid=10&notitlebar=1&ranktype=3,https://www.dianping.com/shop/67383699/photos/album,https://plat.dianping.com/app/femember-musteat-web/musteat-rank?cityid=10&notitlebar=1&ranktype=3
天津市,天津市,河西区,来顺成饭庄,天津市河西区大营门街道大沽南路366号(近苏州道),4.6,89,牛肉馅饼,省市区及街道已获取,已获取,榜单行政区/商圈归属,534813,https://plat.dianping.com/app/femember-musteat-web/musteat-rank?cityid=10&notitlebar=1&ranktype=3,https://www.dianping.com/shop/534813/photos/album,https://plat.dianping.com/app/femember-musteat-web/musteat-rank?cityid=10&notitlebar=1&ranktype=3
天津市,天津市,红桥区,王三姑牛肉饼,天津市红桥区西关北街富景花园小区东邻,4.4,31,牛肉饼,省市区及街道已获取,已获取,榜单行政区/商圈归属,2816968,https://plat.dianping.com/app/femember-musteat-web/musteat-rank?cityid=10&notitlebar=1&ranktype=3,https://www.dianping.com/shop/2816968/photos/album,https://plat.dianping.com/app/femember-musteat-web/musteat-rank?cityid=10&notitlebar=1&ranktype=3
天津市,天津市,和平区,起士林大饭店（小白楼店）,天津市和平区五大道街道浙江路29号（近小白楼地铁站A口）,4.4,158,罐焖牛肉,省市区及街道已获取,已获取,榜单行政区/商圈归属,61552110,https://plat.dianping.com/app/femember-musteat-web/musteat-rank?cityid=10&notitlebar=1&ranktype=3,https://www.dianping.com/shop/61552110/photos/album,https://plat.dianping.com/app/femember-musteat-web/musteat-rank?cityid=10&notitlebar=1&ranktype=3
天津市,天津市,南开区,八号码头蒸汽海鲜（鼓楼店）,天津市南开区北马路尚佳新苑5号楼底商旁,4.8,150,一筐蛤蜊,省市区及街道已获取,已获取,榜单行政区/商圈归属,67793353,https://plat.dianping.com/app/femember-musteat-web/musteat-rank?cityid=10&notitlebar=1&ranktype=3,https://www.dianping.com/shop/67793353/photos/album,https://plat.dianping.com/app/femember-musteat-web/musteat-rank?cityid=10&notitlebar=1&ranktype=3
天津市,天津市,南开区,老金炭烤羊腿·羊蝎子火锅·30年老店（密云一支路总店）,"天津市南开区密云一支路13号五金城对面（祖传水爆肚 四代传承水饺 天津本地人常吃的烤羊腿,烤羊排）",4.7,63,烤羊腿,省市区及街道已获取,已获取,榜单行政区/商圈归属,22355364,https://plat.dianping.com/app/femember-musteat-web/musteat-rank?cityid=10&notitlebar=1&ranktype=3,https://www.dianping.com/shop/22355364/photos/album,https://plat.dianping.com/app/femember-musteat-web/musteat-rank?cityid=10&notitlebar=1&ranktype=3
天津市,天津市,南开区,清真·赫斯提娅·新疆味道（智慧山店）,天津市南开区工华道壹号虚拟园108号,4.7,67,牛奶饭,省市区及街道已获取,已获取,榜单行政区/商圈归属,131289947,https://plat.dianping.com/app/femember-musteat-web/musteat-rank?cityid=10&notitlebar=1&ranktype=3,https://www.dianping.com/shop/131289947/photos/album,https://plat.dianping.com/app/femember-musteat-web/musteat-rank?cityid=10&notitlebar=1&ranktype=3
天津市,天津市,南开区,川国演义（卫津路店）,"天津市南开区卫津路14号,新都大厦（开车从卫津路转万德庄大街50米左边进停车场）",4.8,90,双人MINI毛血旺,省市区及街道已获取,已获取,榜单行政区/商圈归属,4670447,https://plat.dianping.com/app/femember-musteat-web/musteat-rank?cityid=10&notitlebar=1&ranktype=3,https://www.dianping.com/shop/4670447/photos/album,https://plat.dianping.com/app/femember-musteat-web/musteat-rank?cityid=10&notitlebar=1&ranktype=3
天津市,天津市,和平区,鲸岚·烧肉夜食（岳阳道店）,天津市和平区岳阳道128号附近（金泉大厦旁）,4.3,85,牛肉酱口蘑,省市区及街道已获取,已获取,榜单行政区/商圈归属,21212841,https://plat.dianping.com/app/femember-musteat-web/musteat-rank?cityid=10&notitlebar=1&ranktype=3,https://www.dianping.com/shop/21212841/photos/album,https://plat.dianping.com/app/femember-musteat-web/musteat-rank?cityid=10&notitlebar=1&ranktype=3
天津市,天津市,和平区,必点海鲜·海肠捞饭（滨江道一店）,天津市和平区赤峰道58号,4.7,149,海肠捞饭,省市区及街道已获取,已获取,榜单行政区/商圈归属,113893599,https://plat.dianping.com/app/femember-musteat-web/musteat-rank?cityid=10&notitlebar=1&ranktype=3,https://www.dianping.com/shop/113893599/photos/album,https://plat.dianping.com/app/femember-musteat-web/musteat-rank?cityid=10&notitlebar=1&ranktype=3
天津市,天津市,和平区,老六涮羊肉火锅店,天津市和平区辽宁路66号,4.6,97,人工手切鲜羊肉,省市区及街道已获取,已获取,榜单行政区/商圈归属,534772,https://plat.dianping.com/app/femember-musteat-web/musteat-rank?cityid=10&notitlebar=1&ranktype=3,https://www.dianping.com/shop/534772/photos/album,https://plat.dianping.com/app/femember-musteat-web/musteat-rank?cityid=10&notitlebar=1&ranktype=3
浙江省,宁波市,海曙区,阿拉名灶·阿拉宁波人的味道（月湖店）,浙江省宁波市海曙区镇明路近水楼台底商324、326、328号（近月湖盛园停车场）,4.8,108,招牌酱青蟹（半份）,省市区及街道已获取,已获取,榜单行政区/商圈归属,98419611,https://plat.dianping.com/app/femember-musteat-web/musteat-rank?cityid=11&notitlebar=1&ranktype=3,https://www.dianping.com/shop/98419611/photos/album,https://plat.dianping.com/app/femember-musteat-web/musteat-rank?cityid=11&notitlebar=1&ranktype=3
浙江省,宁波市,海曙区,宁波世纪蕉叶·泰国海鲜餐厅（马园路店）,浙江省宁波市海曙区马园路238号,4.8,167,招牌炭烧猪颈肉,省市区及街道已获取,已获取,榜单行政区/商圈归属,2398195,https://plat.dianping.com/app/femember-musteat-web/musteat-rank?cityid=11&notitlebar=1&ranktype=3,https://www.dianping.com/shop/2398195/photos/album,https://plat.dianping.com/app/femember-musteat-web/musteat-rank?cityid=11&notitlebar=1&ranktype=3
浙江省,宁波市,余姚市,醉胡桃小馆·甬味小鲜·生腌熟醉（四明西路店）,浙江省宁波市余姚市四明西路361-1号、361-2号（宁波银行隔壁）,4.9,124,臭豆腐牛蛙,省市区及街道已获取,已获取,同店铺ID出现在榜单县级城市入口,1209824483,https://plat.dianping.com/app/femember-musteat-web/musteat-rank?cityid=11&notitlebar=1&ranktype=3,https://www.dianping.com/shop/1209824483/photos/album,https://plat.dianping.com/app/femember-musteat-web/musteat-rank?cityid=423&notitlebar=1&ranktype=3
浙江省,宁波市,海曙区,如辉奉化点心（天一店）,浙江省宁波市海曙区竺家巷23号1-36室,4.5,21,灰汁团,省市区及街道已获取,已获取,榜单行政区/商圈归属,110365796,https://plat.dianping.com/app/femember-musteat-web/musteat-rank?cityid=11&notitlebar=1&ranktype=3,https://www.dianping.com/shop/110365796/photos/album,https://plat.dianping.com/app/femember-musteat-web/musteat-rank?cityid=11&notitlebar=1&ranktype=3
浙江省,宁波市,象山县,珍真汤包（塔山路店）,浙江省宁波市象山县丹东街道塔山路文峰小区北出口对面(塔山路241号),4.7,25,招牌鲜肉汤包,省市区及街道已获取,已获取,同店铺ID出现在榜单县级城市入口,6114951,https://plat.dianping.com/app/femember-musteat-web/musteat-rank?cityid=11&notitlebar=1&ranktype=3,https://www.dianping.com/shop/6114951/photos/album,https://plat.dianping.com/app/femember-musteat-web/musteat-rank?cityid=2309&notitlebar=1&ranktype=3
浙江省,宁波市,海曙区,宁海食府（总店·天一阁望京店）,浙江省宁波市海曙区望京路96号,4.9,207,家烧鲳鱼年糕,省市区及街道已获取,已获取,榜单行政区/商圈归属,3091099,https://plat.dianping.com/app/femember-musteat-web/musteat-rank?cityid=11&notitlebar=1&ranktype=3,https://www.dianping.com/shop/3091099/photos/album,https://plat.dianping.com/app/femember-musteat-web/musteat-rank?cityid=11&notitlebar=1&ranktype=3
浙江省,宁波市,鄞州区,甬上名灶·宁波小鲜（文化广场店）,浙江省宁波市鄞州区中山东路1999号二区1号楼,4.8,112,特色酱青蟹,省市区及街道已获取,已获取,榜单行政区/商圈归属,1941940851,https://plat.dianping.com/app/femember-musteat-web/musteat-rank?cityid=11&notitlebar=1&ranktype=3,https://www.dianping.com/shop/1941940851/photos/album,https://plat.dianping.com/app/femember-musteat-web/musteat-rank?cityid=11&notitlebar=1&ranktype=3
浙江省,宁波市,鄞州区,巴邑火锅（世纪东方店）,浙江省宁波市鄞州区中山东路1086号世纪东方商业广场F2-015（HM旁）,4.8,119,巴邑炒饭,省市区及街道已获取,已获取,榜单行政区/商圈归属,90888746,https://plat.dianping.com/app/femember-musteat-web/musteat-rank?cityid=11&notitlebar=1&ranktype=3,https://www.dianping.com/shop/90888746/photos/album,https://plat.dianping.com/app/femember-musteat-web/musteat-rank?cityid=11&notitlebar=1&ranktype=3
浙江省,宁波市,鄞州区,小漁廠私厨·宁波渔家菜,浙江省宁波市鄞州区舒波路365弄保利悠悦汇2号楼二楼,4.9,233,特大油条,省市区及街道已获取,已获取,榜单行政区/商圈归属,126996279,https://plat.dianping.com/app/femember-musteat-web/musteat-rank?cityid=11&notitlebar=1&ranktype=3,https://www.dianping.com/shop/126996279/photos/album,https://plat.dianping.com/app/femember-musteat-web/musteat-rank?cityid=11&notitlebar=1&ranktype=3
浙江省,宁波市,鄞州区,蚝翅·海鲜粥·烧烤·龙虾季（鄞州万达店）,浙江省宁波市鄞州区明州里广场西街5号楼,4.7,96,清蒸生蚝,省市区及街道已获取,已获取,榜单行政区/商圈归属,14199670,https://plat.dianping.com/app/femember-musteat-web/musteat-rank?cityid=11&notitlebar=1&ranktype=3,https://www.dianping.com/shop/14199670/photos/album,https://plat.dianping.com/app/femember-musteat-web/musteat-rank?cityid=11&notitlebar=1&ranktype=3
浙江省,宁波市,宁海县,鲜面缘海鲜面（兴工二路店）,浙江省宁波市宁海县兴工二路156号,4.4,44,东海小黄鱼海鲜面,省市区及街道已获取,已获取,同店铺ID出现在榜单县级城市入口,69157735,https://plat.dianping.com/app/femember-musteat-web/musteat-rank?cityid=11&notitlebar=1&ranktype=3,https://www.dianping.com/shop/69157735/photos/album,https://plat.dianping.com/app/femember-musteat-web/musteat-rank?cityid=2308&notitlebar=1&ranktype=3
浙江省,宁波市,宁海县,芬兰馏馆（宁海店）,浙江省宁波市宁海县兴工二路212号,4.4,22,核桃蛋汤,省市区及街道已获取,已获取,同店铺ID出现在榜单县级城市入口,59418610,https://plat.dianping.com/app/femember-musteat-web/musteat-rank?cityid=11&notitlebar=1&ranktype=3,https://www.dianping.com/shop/59418610/photos/album,https://plat.dianping.com/app/femember-musteat-web/musteat-rank?cityid=2308&notitlebar=1&ranktype=3
浙江省,宁波市,镇海区,国财牛杂（镇海店）,浙江省宁波市镇海区招宝山街道长生桥弄25号(近镇海渡口),4.4,30,牛杂面,省市区及街道已获取,已获取,同店铺ID出现在榜单县级城市入口,6005883,https://plat.dianping.com/app/femember-musteat-web/musteat-rank?cityid=11&notitlebar=1&ranktype=3,https://www.dianping.com/shop/6005883/photos/album,https://plat.dianping.com/app/femember-musteat-web/musteat-rank?cityid=4475&notitlebar=1&ranktype=3
浙江省,宁波市,海曙区,卿家姆小馆·生腌熟醉·宁波小鲜（旗舰店）,浙江省宁波市海曙区盛园巷60号（卿家姆小馆·创始店）,4.6,126,熟醉沼虾,省市区及街道已获取,已获取,榜单行政区/商圈归属,523092856,https://plat.dianping.com/app/femember-musteat-web/musteat-rank?cityid=11&notitlebar=1&ranktype=3,https://www.dianping.com/shop/523092856/photos/album,https://plat.dianping.com/app/femember-musteat-web/musteat-rank?cityid=11&notitlebar=1&ranktype=3
浙江省,宁波市,慈溪市,伟荣餐饮·野生活海鲜（孙塘南路店）,浙江省宁波市慈溪市孙塘南路南段240至250号,4.8,158,海鲜卷,省市区及街道已获取,已获取,同店铺ID出现在榜单县级城市入口,9231246,https://plat.dianping.com/app/femember-musteat-web/musteat-rank?cityid=11&notitlebar=1&ranktype=3,https://www.dianping.com/shop/9231246/photos/album,https://plat.dianping.com/app/femember-musteat-web/musteat-rank?cityid=421&notitlebar=1&ranktype=3
浙江省,宁波市,鄞州区,鱼露 SAMOOMPAI 泰式料理（钱湖店）,浙江省宁波市鄞州区长寿南路496号1层1-3号（钱湖天地、钱丰巷36号）,4.6,100,咖喱皇大虾,省市区及街道已获取,已获取,榜单行政区/商圈归属,68003119,https://plat.dianping.com/app/femember-musteat-web/musteat-rank?cityid=11&notitlebar=1&ranktype=3,https://www.dianping.com/shop/68003119/photos/album,https://plat.dianping.com/app/femember-musteat-web/musteat-rank?cityid=11&notitlebar=1&ranktype=3
浙江省,宁波市,象山县,渔满仓海鲜人家（石浦首店）,浙江省宁波市象山县渔港北路26号,4.8,137,葱油梭子蟹,省市区及街道已获取,已获取,同店铺ID出现在榜单县级城市入口,1384678800,https://plat.dianping.com/app/femember-musteat-web/musteat-rank?cityid=11&notitlebar=1&ranktype=3,https://www.dianping.com/shop/1384678800/photos/album,https://plat.dianping.com/app/femember-musteat-web/musteat-rank?cityid=2309&notitlebar=1&ranktype=3
浙江省,宁波市,海曙区,古田村·衢州菜庭院餐厅（天一旗舰店）,"浙江省宁波市海曙区天一广场智己pace1-2楼（天一三号门,天主教堂附近）",4.7,87,招牌鱼头粉干,省市区及街道已获取,已获取,榜单行政区/商圈归属,92442481,https://plat.dianping.com/app/femember-musteat-web/musteat-rank?cityid=11&notitlebar=1&ranktype=3,https://www.dianping.com/shop/92442481/photos/album,https://plat.dianping.com/app/femember-musteat-web/musteat-rank?cityid=11&notitlebar=1&ranktype=3
浙江省,宁波市,镇海区,名門砂锅,浙江省宁波市镇海区沿江西路69号,4.3,54,海陆双汇砂锅,省市区及街道已获取,已获取,同店铺ID出现在榜单县级城市入口,94265166,https://plat.dianping.com/app/femember-musteat-web/musteat-rank?cityid=11&notitlebar=1&ranktype=3,https://www.dianping.com/shop/94265166/photos/album,https://plat.dianping.com/app/femember-musteat-web/musteat-rank?cityid=4475&notitlebar=1&ranktype=3
浙江省,宁波市,鄞州区,鸡毛兑糖·家宴（百丈东路店）,浙江省宁波市鄞州区百丈东路909弄1-3号（兴业银行后面）,4.7,151,糖醋排骨,省市区及街道已获取,已获取,榜单行政区/商圈归属,8045529,https://plat.dianping.com/app/femember-musteat-web/musteat-rank?cityid=11&notitlebar=1&ranktype=3,https://www.dianping.com/shop/8045529/photos/album,https://plat.dianping.com/app/femember-musteat-web/musteat-rank?cityid=11&notitlebar=1&ranktype=3
江苏省,扬州市,邗江区,必香居·市井茶社（兴城路店）,江苏省扬州市邗江区兴城东路201号,4.1,39,虾籽馄饨,省市区及街道已获取,已获取,榜单行政区/商圈归属,2292733,https://plat.dianping.com/app/femember-musteat-web/musteat-rank?cityid=12&notitlebar=1&ranktype=3,https://www.dianping.com/shop/2292733/photos/album,https://plat.dianping.com/app/femember-musteat-web/musteat-rank?cityid=12&notitlebar=1&ranktype=3
江苏省,扬州市,邗江区,大蓝鲸烧烤排挡（京华城店）,江苏省扬州市邗江区绿杨路昌建君悦府西门旁,4.2,85,生米现煮海鲜粥,省市区及街道已获取,已获取,榜单行政区/商圈归属,1500460260,https://plat.dianping.com/app/femember-musteat-web/musteat-rank?cityid=12&notitlebar=1&ranktype=3,https://www.dianping.com/shop/1500460260/photos/album,https://plat.dianping.com/app/femember-musteat-web/musteat-rank?cityid=12&notitlebar=1&ranktype=3
江苏省,扬州市,广陵区,大潮淮·淮扬菜（何园旗舰店）,江苏省扬州市广陵区徐凝门大街85号（何园北50米路东）,4.6,85,木桶鱼汤牛腩,省市区及街道已获取,已获取,榜单行政区/商圈归属,27163026,https://plat.dianping.com/app/femember-musteat-web/musteat-rank?cityid=12&notitlebar=1&ranktype=3,https://www.dianping.com/shop/27163026/photos/album,https://plat.dianping.com/app/femember-musteat-web/musteat-rank?cityid=12&notitlebar=1&ranktype=3
江苏省,扬州市,广陵区,知味小馆（彩衣街店）,江苏省扬州市广陵区彩衣街96号,4.7,64,炝腰花,省市区及街道已获取,已获取,榜单行政区/商圈归属,90003603,https://plat.dianping.com/app/femember-musteat-web/musteat-rank?cityid=12&notitlebar=1&ranktype=3,https://www.dianping.com/shop/90003603/photos/album,https://plat.dianping.com/app/femember-musteat-web/musteat-rank?cityid=12&notitlebar=1&ranktype=3
江苏省,扬州市,广陵区,壶园美食·淮扬菜（东圈门店）,江苏省扬州市广陵区东圈门52号,4.4,64,扬州狮子头,省市区及街道已获取,已获取,榜单行政区/商圈归属,79595375,https://plat.dianping.com/app/femember-musteat-web/musteat-rank?cityid=12&notitlebar=1&ranktype=3,https://www.dianping.com/shop/79595375/photos/album,https://plat.dianping.com/app/femember-musteat-web/musteat-rank?cityid=12&notitlebar=1&ranktype=3
江苏省,扬州市,广陵区,双东酒店（东关街店）,江苏省扬州市广陵区文昌中路366号琼花观西侧,4.4,86,狮子头,省市区及街道已获取,已获取,榜单行政区/商圈归属,9094456,https://plat.dianping.com/app/femember-musteat-web/musteat-rank?cityid=12&notitlebar=1&ranktype=3,https://www.dianping.com/shop/9094456/photos/album,https://plat.dianping.com/app/femember-musteat-web/musteat-rank?cityid=12&notitlebar=1&ranktype=3
江苏省,扬州市,广陵区,东朋烤右（东关街店）,江苏省扬州市广陵区大东门街皇宫花园北门隔壁,4.7,77,招牌烤面包,省市区及街道已获取,已获取,榜单行政区/商圈归属,650194679,https://plat.dianping.com/app/femember-musteat-web/musteat-rank?cityid=12&notitlebar=1&ranktype=3,https://www.dianping.com/shop/650194679/photos/album,https://plat.dianping.com/app/femember-musteat-web/musteat-rank?cityid=12&notitlebar=1&ranktype=3
江苏省,扬州市,邗江区,正宗忘不了老鹅（梅岭店）,江苏省扬州市邗江区梅岭新村12栋-101室,4.6,66,盐水鹅,省市区及街道已获取,已获取,榜单行政区/商圈归属,5383701,https://plat.dianping.com/app/femember-musteat-web/musteat-rank?cityid=12&notitlebar=1&ranktype=3,https://www.dianping.com/shop/5383701/photos/album,https://plat.dianping.com/app/femember-musteat-web/musteat-rank?cityid=12&notitlebar=1&ranktype=3
江苏省,扬州市,高邮市,周姑娘不等味·龙虾馆·牛羊肉火锅·螃蟹（高邮店）,江苏省扬州市高邮市陆宇路与盐河西路交叉口南行180米路东,4.7,136,网红秘制龙虾,省市区及街道已获取,已获取,同店铺ID出现在榜单县级城市入口,130418701,https://plat.dianping.com/app/femember-musteat-web/musteat-rank?cityid=12&notitlebar=1&ranktype=3,https://www.dianping.com/shop/130418701/photos/album,https://plat.dianping.com/app/femember-musteat-web/musteat-rank?cityid=426&notitlebar=1&ranktype=3
江苏省,扬州市,邗江区,袁记原味老鹅（梅岭店）,江苏省扬州市邗江区梅岭西路10号（大五酒店对面）,4.4,55,盐水鹅,省市区及街道已获取,已获取,榜单行政区/商圈归属,2630647,https://plat.dianping.com/app/femember-musteat-web/musteat-rank?cityid=12&notitlebar=1&ranktype=3,https://www.dianping.com/shop/2630647/photos/album,https://plat.dianping.com/app/femember-musteat-web/musteat-rank?cityid=12&notitlebar=1&ranktype=3
江苏省,扬州市,邗江区,TA'CHEER塔雀 墨西哥餐厅（中集店）,江苏省扬州市邗江区文昌中路618号中集广场（内广场中庭）,4.8,112,墨西哥风味酱烤伊比利亚猪排,省市区及街道已获取,已获取,榜单行政区/商圈归属,1132441382,https://plat.dianping.com/app/femember-musteat-web/musteat-rank?cityid=12&notitlebar=1&ranktype=3,https://www.dianping.com/shop/1132441382/photos/album,https://plat.dianping.com/app/femember-musteat-web/musteat-rank?cityid=12&notitlebar=1&ranktype=3
江苏省,扬州市,邗江区,香园茶社（庭院红园店）,江苏省扬州市邗江区大虹桥路1号,4.6,68,香园虾籽馄饨,省市区及街道已获取,已获取,榜单行政区/商圈归属,920249596,https://plat.dianping.com/app/femember-musteat-web/musteat-rank?cityid=12&notitlebar=1&ranktype=3,https://www.dianping.com/shop/920249596/photos/album,https://plat.dianping.com/app/femember-musteat-web/musteat-rank?cityid=12&notitlebar=1&ranktype=3
江苏省,扬州市,邗江区,顧家廚房·私家菜（翠岗润扬北路店）,江苏省扬州市邗江区润扬北路13号润美生活广场1号楼1-2楼,4.4,88,顾家靓茄子,省市区及街道已获取,已获取,榜单行政区/商圈归属,131769863,https://plat.dianping.com/app/femember-musteat-web/musteat-rank?cityid=12&notitlebar=1&ranktype=3,https://www.dianping.com/shop/131769863/photos/album,https://plat.dianping.com/app/femember-musteat-web/musteat-rank?cityid=12&notitlebar=1&ranktype=3
江苏省,扬州市,广陵区,劉佘記·面馆,江苏省扬州市广陵区汶河街道四望亭路7-12号,4.4,42,蟹黄虾仁拌面,省市区及街道已获取,已获取,榜单行政区/商圈归属,5214321,https://plat.dianping.com/app/femember-musteat-web/musteat-rank?cityid=12&notitlebar=1&ranktype=3,https://www.dianping.com/shop/5214321/photos/album,https://plat.dianping.com/app/femember-musteat-web/musteat-rank?cityid=12&notitlebar=1&ranktype=3
江苏省,扬州市,高邮市,好邻居（高邮店）,江苏省扬州市高邮市府前街2号,4.5,69,汪豆腐,省市区及街道已获取,已获取,同店铺ID出现在榜单县级城市入口,2732128,https://plat.dianping.com/app/femember-musteat-web/musteat-rank?cityid=12&notitlebar=1&ranktype=3,https://www.dianping.com/shop/2732128/photos/album,https://plat.dianping.com/app/femember-musteat-web/musteat-rank?cityid=426&notitlebar=1&ranktype=3
江苏省,扬州市,邗江区,扬州香格里拉·柳园春茶肆,江苏省扬州市邗江区扬州香格里拉大酒店1楼,4.7,101,虾籽阳春面,省市区及街道已获取,已获取,榜单行政区/商圈归属,1398106238,https://plat.dianping.com/app/femember-musteat-web/musteat-rank?cityid=12&notitlebar=1&ranktype=3,https://www.dianping.com/shop/1398106238/photos/album,https://plat.dianping.com/app/femember-musteat-web/musteat-rank?cityid=12&notitlebar=1&ranktype=3
江苏省,扬州市,邗江区,打酱油·非遗淮扬菜（瘦西湖梅岭老店）,江苏省扬州市邗江区瘦西湖风景名胜区梅岭东路58号1-15,4.8,74,手撕竹林鸡,省市区及街道已获取,已获取,榜单行政区/商圈归属,129326986,https://plat.dianping.com/app/femember-musteat-web/musteat-rank?cityid=12&notitlebar=1&ranktype=3,https://www.dianping.com/shop/129326986/photos/album,https://plat.dianping.com/app/femember-musteat-web/musteat-rank?cityid=12&notitlebar=1&ranktype=3
江苏省,扬州市,邗江区,和风隐竹（瘦西湖印象汇店）,江苏省扬州市邗江区印象汇101号,4.6,115,鹅肝手握寿司,省市区及街道已获取,已获取,榜单行政区/商圈归属,1682202104,https://plat.dianping.com/app/femember-musteat-web/musteat-rank?cityid=12&notitlebar=1&ranktype=3,https://www.dianping.com/shop/1682202104/photos/album,https://plat.dianping.com/app/femember-musteat-web/musteat-rank?cityid=12&notitlebar=1&ranktype=3
江苏省,扬州市,邗江区,赛德大酒店（邗江中路店）,江苏省扬州市邗江区邗江中路432号凯旋国际大厦1层,4.8,102,扬州炒饭,省市区及街道已获取,已获取,榜单行政区/商圈归属,2399251,https://plat.dianping.com/app/femember-musteat-web/musteat-rank?cityid=12&notitlebar=1&ranktype=3,https://www.dianping.com/shop/2399251/photos/album,https://plat.dianping.com/app/femember-musteat-web/musteat-rank?cityid=12&notitlebar=1&ranktype=3
江苏省,扬州市,广陵区,教场咸货火锅（国庆路店）,江苏省扬州市广陵区国庆路教场119号,4.3,72,咸排锅底,省市区及街道已获取,已获取,榜单行政区/商圈归属,1794893974,https://plat.dianping.com/app/femember-musteat-web/musteat-rank?cityid=12&notitlebar=1&ranktype=3,https://www.dianping.com/shop/1794893974/photos/album,https://plat.dianping.com/app/femember-musteat-web/musteat-rank?cityid=12&notitlebar=1&ranktype=3
江苏省,无锡市,滨湖区,二泉园老菜馆·百年无锡菜,江苏省无锡市滨湖区绣嶂街3号（开车停古华山路地下停车场5号电梯可以最近到达）,4.6,87,无锡排骨,省市区及街道已获取,已获取,榜单行政区/商圈归属,6081685,https://plat.dianping.com/app/femember-musteat-web/musteat-rank?cityid=13&notitlebar=1&ranktype=3,https://www.dianping.com/shop/6081685/photos/album,https://plat.dianping.com/app/femember-musteat-web/musteat-rank?cityid=13&notitlebar=1&ranktype=3
江苏省,无锡市,滨湖区,泓历皇朝酒店（新体育中心店）,江苏省无锡市滨湖区青祁路788号(近新体育中心东大门),4.8,150,咸蛋黄焗基围虾,省市区及街道已获取,已获取,榜单行政区/商圈归属,578375,https://plat.dianping.com/app/femember-musteat-web/musteat-rank?cityid=13&notitlebar=1&ranktype=3,https://www.dianping.com/shop/578375/photos/album,https://plat.dianping.com/app/femember-musteat-web/musteat-rank?cityid=13&notitlebar=1&ranktype=3
江苏省,无锡市,梁溪区,渥美·和牛牛排·铁板烧（恒隆店）,江苏省无锡市梁溪区后西溪1号（7+7私家饭堂弄堂里贰楼川菜楼下）,4.8,98,M9和牛嫩肩,省市区及街道已获取,已获取,榜单行政区/商圈归属,1163019452,https://plat.dianping.com/app/femember-musteat-web/musteat-rank?cityid=13&notitlebar=1&ranktype=3,https://www.dianping.com/shop/1163019452/photos/album,https://plat.dianping.com/app/femember-musteat-web/musteat-rank?cityid=13&notitlebar=1&ranktype=3
江苏省,无锡市,宜兴市,九福楼大酒店,江苏省无锡市宜兴市人民南路258号（中国移动对面）,4.9,162,黑松露酱烧肉配泰国米饭,省市区及街道已获取,已获取,同店铺ID出现在榜单县级城市入口,2948269,https://plat.dianping.com/app/femember-musteat-web/musteat-rank?cityid=13&notitlebar=1&ranktype=3,https://www.dianping.com/shop/2948269/photos/album,https://plat.dianping.com/app/femember-musteat-web/musteat-rank?cityid=428&notitlebar=1&ranktype=3
江苏省,无锡市,宜兴市,王府壹號·特色菜馆（城东店）,江苏省无锡市宜兴市东虹东路428号,4.8,84,油条豆腐羹,省市区及街道已获取,已获取,同店铺ID出现在榜单县级城市入口,121886001,https://plat.dianping.com/app/femember-musteat-web/musteat-rank?cityid=13&notitlebar=1&ranktype=3,https://www.dianping.com/shop/121886001/photos/album,https://plat.dianping.com/app/femember-musteat-web/musteat-rank?cityid=428&notitlebar=1&ranktype=3
江苏省,无锡市,梁溪区,熙盛源（南禅寺步行街店）,江苏省无锡市梁溪区南禅寺步行街112-5号,4.1,30,无锡小笼包,省市区及街道已获取,已获取,榜单行政区/商圈归属,2092108,https://plat.dianping.com/app/femember-musteat-web/musteat-rank?cityid=13&notitlebar=1&ranktype=3,https://www.dianping.com/shop/2092108/photos/album,https://plat.dianping.com/app/femember-musteat-web/musteat-rank?cityid=13&notitlebar=1&ranktype=3
江苏省,无锡市,梁溪区,怡红园酒家（南市桥巷店）,江苏省无锡市梁溪区南市桥巷6-1号,4.4,84,干煎带鱼,省市区及街道已获取,已获取,榜单行政区/商圈归属,543442,https://plat.dianping.com/app/femember-musteat-web/musteat-rank?cityid=13&notitlebar=1&ranktype=3,https://www.dianping.com/shop/543442/photos/album,https://plat.dianping.com/app/femember-musteat-web/musteat-rank?cityid=13&notitlebar=1&ranktype=3
江苏省,无锡市,江阴市,食来运转·精致家常菜馆（君巫路店）,江苏省无锡市江阴市君巫路211号(百花园东南侧),4.7,85,农家酱骨头,省市区及街道已获取,已获取,同店铺ID出现在榜单县级城市入口,679670469,https://plat.dianping.com/app/femember-musteat-web/musteat-rank?cityid=13&notitlebar=1&ranktype=3,https://www.dianping.com/shop/679670469/photos/album,https://plat.dianping.com/app/femember-musteat-web/musteat-rank?cityid=427&notitlebar=1&ranktype=3
江苏省,无锡市,梁溪区,东海怡品海鲜豆捞（西水东店）,江苏省无锡市梁溪区学前西路西水东印象S11,4.9,221,海鲜馄饨,省市区及街道已获取,已获取,榜单行政区/商圈归属,122725169,https://plat.dianping.com/app/femember-musteat-web/musteat-rank?cityid=13&notitlebar=1&ranktype=3,https://www.dianping.com/shop/122725169/photos/album,https://plat.dianping.com/app/femember-musteat-web/musteat-rank?cityid=13&notitlebar=1&ranktype=3
江苏省,无锡市,滨湖区,宝界宏鹰（湖滨商业街店）,江苏省无锡市滨湖区尚美路蠡湖家园33-5号,4.6,95,清蒸鳗鱼,省市区及街道已获取,已获取,榜单行政区/商圈归属,6036787,https://plat.dianping.com/app/femember-musteat-web/musteat-rank?cityid=13&notitlebar=1&ranktype=3,https://www.dianping.com/shop/6036787/photos/album,https://plat.dianping.com/app/femember-musteat-web/musteat-rank?cityid=13&notitlebar=1&ranktype=3
江苏省,无锡市,滨湖区,罐桶屋韩国烤肉餐厅（显云街总店）,江苏省无锡市滨湖区信成道与方庙路交叉口显云街内,4.7,122,土豆泥,省市区及街道已获取,已获取,榜单行政区/商圈归属,20825064,https://plat.dianping.com/app/femember-musteat-web/musteat-rank?cityid=13&notitlebar=1&ranktype=3,https://www.dianping.com/shop/20825064/photos/album,https://plat.dianping.com/app/femember-musteat-web/musteat-rank?cityid=13&notitlebar=1&ranktype=3
江苏省,无锡市,梁溪区,大院涮羊肉（金科世界城店）,江苏省无锡市梁溪区中南路26号金科世界城沿街商铺3层,4.6,120,草原特级羔羊肉,省市区及街道已获取,已获取,榜单行政区/商圈归属,20681317,https://plat.dianping.com/app/femember-musteat-web/musteat-rank?cityid=13&notitlebar=1&ranktype=3,https://www.dianping.com/shop/20681317/photos/album,https://plat.dianping.com/app/femember-musteat-web/musteat-rank?cityid=13&notitlebar=1&ranktype=3
江苏省,无锡市,滨湖区,活潑鲜跳（湖滨商业街店）,江苏省无锡市滨湖区湖滨商业街180-1号,4.7,141,一地眉毛锅底,省市区及街道已获取,已获取,榜单行政区/商圈归属,73591329,https://plat.dianping.com/app/femember-musteat-web/musteat-rank?cityid=13&notitlebar=1&ranktype=3,https://www.dianping.com/shop/73591329/photos/album,https://plat.dianping.com/app/femember-musteat-web/musteat-rank?cityid=13&notitlebar=1&ranktype=3
江苏省,无锡市,滨湖区,枣园春天·烤全羊（方圆荟店）,江苏省无锡市滨湖区苏锡路2-7号方圆荟购物中心1-2层,4.8,128,蒜泥龙虾,省市区及街道已获取,已获取,榜单行政区/商圈归属,67442272,https://plat.dianping.com/app/femember-musteat-web/musteat-rank?cityid=13&notitlebar=1&ranktype=3,https://www.dianping.com/shop/67442272/photos/album,https://plat.dianping.com/app/femember-musteat-web/musteat-rank?cityid=13&notitlebar=1&ranktype=3
江苏省,无锡市,梁溪区,福将拉面（健康路店）,江苏省无锡市梁溪区健康路77-20号（阿开叔粤西食铺旁）,4.4,47,辣味豚骨拉面,省市区及街道已获取,已获取,榜单行政区/商圈归属,1001848050,https://plat.dianping.com/app/femember-musteat-web/musteat-rank?cityid=13&notitlebar=1&ranktype=3,https://www.dianping.com/shop/1001848050/photos/album,https://plat.dianping.com/app/femember-musteat-web/musteat-rank?cityid=13&notitlebar=1&ranktype=3
江苏省,无锡市,滨湖区,炙焰山铁板烧（海岸城店）,江苏省无锡市滨湖区立信大道海岸城A座5楼（海岸影城正对面）,4.8,122,炙焰特色牛肉炒饭,省市区及街道已获取,已获取,榜单行政区/商圈归属,1908910482,https://plat.dianping.com/app/femember-musteat-web/musteat-rank?cityid=13&notitlebar=1&ranktype=3,https://www.dianping.com/shop/1908910482/photos/album,https://plat.dianping.com/app/femember-musteat-web/musteat-rank?cityid=13&notitlebar=1&ranktype=3
江苏省,无锡市,梁溪区,小乐荟私房菜（宁海里店）,江苏省无锡市梁溪区江海路宁海段19号,4.6,99,扁尖小肠结,省市区及街道已获取,已获取,榜单行政区/商圈归属,67818735,https://plat.dianping.com/app/femember-musteat-web/musteat-rank?cityid=13&notitlebar=1&ranktype=3,https://www.dianping.com/shop/67818735/photos/album,https://plat.dianping.com/app/femember-musteat-web/musteat-rank?cityid=13&notitlebar=1&ranktype=3
江苏省,无锡市,梁溪区,林记潮牛·牛肉火锅（上马墩店）,江苏省无锡市梁溪区锡沪路360号A1号,4.8,102,牛肉丸,省市区及街道已获取,已获取,榜单行政区/商圈归属,18449737,https://plat.dianping.com/app/femember-musteat-web/musteat-rank?cityid=13&notitlebar=1&ranktype=3,https://www.dianping.com/shop/18449737/photos/album,https://plat.dianping.com/app/femember-musteat-web/musteat-rank?cityid=13&notitlebar=1&ranktype=3
江苏省,无锡市,滨湖区,天福苑（金城湾公园店）,江苏省无锡市滨湖区金石路与大剧院路交叉口金城湾公园内,4.8,126,玉兰饼,省市区及街道已获取,已获取,榜单行政区/商圈归属,8009926,https://plat.dianping.com/app/femember-musteat-web/musteat-rank?cityid=13&notitlebar=1&ranktype=3,https://www.dianping.com/shop/8009926/photos/album,https://plat.dianping.com/app/femember-musteat-web/musteat-rank?cityid=13&notitlebar=1&ranktype=3
江苏省,无锡市,梁溪区,食喱一家（吉庆街店）,江苏省无锡市梁溪区吉庆街105工运路26号2楼,4.5,67,日式厚切猪排咖喱饭,省市区及街道已获取,已获取,榜单行政区/商圈归属,1198212234,https://plat.dianping.com/app/femember-musteat-web/musteat-rank?cityid=13&notitlebar=1&ranktype=3,https://www.dianping.com/shop/1198212234/photos/album,https://plat.dianping.com/app/femember-musteat-web/musteat-rank?cityid=13&notitlebar=1&ranktype=3
福建省,福州市,鼓楼区,升记·猪杂粥觅味馆（黎明店）,福建省福州市鼓楼区兴园路220-1号,4.8,70,猪杂粥,省市区及街道已获取,已获取,榜单行政区/商圈归属,1608934447,https://plat.dianping.com/app/femember-musteat-web/musteat-rank?cityid=14&notitlebar=1&ranktype=3,https://www.dianping.com/shop/1608934447/photos/album,https://plat.dianping.com/app/femember-musteat-web/musteat-rank?cityid=14&notitlebar=1&ranktype=3
福建省,福州市,鼓楼区,郝太爺水煮牛肉传承人（营迹路店）,福建省福州市鼓楼区营迹路30号,4.6,74,水煮牛肉,省市区及街道已获取,已获取,榜单行政区/商圈归属,91692603,https://plat.dianping.com/app/femember-musteat-web/musteat-rank?cityid=14&notitlebar=1&ranktype=3,https://www.dianping.com/shop/91692603/photos/album,https://plat.dianping.com/app/femember-musteat-web/musteat-rank?cityid=14&notitlebar=1&ranktype=3
福建省,福州市,鼓楼区,宫创意寿司（华翔新村店）,福建省福州市鼓楼区高桥巷华翔新村C#12号店面,4.8,76,拔剑卷,省市区及街道已获取,已获取,榜单行政区/商圈归属,58059634,https://plat.dianping.com/app/femember-musteat-web/musteat-rank?cityid=14&notitlebar=1&ranktype=3,https://www.dianping.com/shop/58059634/photos/album,https://plat.dianping.com/app/femember-musteat-web/musteat-rank?cityid=14&notitlebar=1&ranktype=3
福建省,福州市,鼓楼区,关中往事（柳河路店）,福建省福州市鼓楼区安泰街道八一七北路268号冠亚广场6号楼2层01号,4.4,32,biangbiang面,省市区及街道已获取,已获取,榜单行政区/商圈归属,92342464,https://plat.dianping.com/app/femember-musteat-web/musteat-rank?cityid=14&notitlebar=1&ranktype=3,https://www.dianping.com/shop/92342464/photos/album,https://plat.dianping.com/app/femember-musteat-web/musteat-rank?cityid=14&notitlebar=1&ranktype=3
福建省,福州市,鼓楼区,迪摩食堂·超吉料理（恒宇国际店）,福建省福州市鼓楼区东城边街39号原东城边街东侧与温泉支路交叉处恒宇国际1号、2号楼连接体1层01店面-2,4.7,85,炙烧流心五宝盖饭,省市区及街道已获取,已获取,榜单行政区/商圈归属,92849397,https://plat.dianping.com/app/femember-musteat-web/musteat-rank?cityid=14&notitlebar=1&ranktype=3,https://www.dianping.com/shop/92849397/photos/album,https://plat.dianping.com/app/femember-musteat-web/musteat-rank?cityid=14&notitlebar=1&ranktype=3
福建省,福州市,台江区,La Q tapa西班牙餐厅（融侨中心店）,福建省福州市台江区江滨西大道100号融侨中心二楼2018三楼3012室,4.8,139,西班牙海鲜饭,省市区及街道已获取,已获取,榜单行政区/商圈归属,95997061,https://plat.dianping.com/app/femember-musteat-web/musteat-rank?cityid=14&notitlebar=1&ranktype=3,https://www.dianping.com/shop/95997061/photos/album,https://plat.dianping.com/app/femember-musteat-web/musteat-rank?cityid=14&notitlebar=1&ranktype=3
福建省,福州市,鼓楼区,林记沙茶面（东泰路店）,福建省福州市鼓楼区东街街道东泰路碧玉花园一层店面170号,4.4,26,沙茶面,省市区及街道已获取,已获取,榜单行政区/商圈归属,17409931,https://plat.dianping.com/app/femember-musteat-web/musteat-rank?cityid=14&notitlebar=1&ranktype=3,https://www.dianping.com/shop/17409931/photos/album,https://plat.dianping.com/app/femember-musteat-web/musteat-rank?cityid=14&notitlebar=1&ranktype=3
福建省,福州市,台江区,忠惠酱鸭·非遗老字号·捞化老铺（老药洲店）,福建省福州市台江区老药洲街62、66、68、70号,4.5,29,熟鱼粉干,省市区及街道已获取,已获取,榜单行政区/商圈归属,69452736,https://plat.dianping.com/app/femember-musteat-web/musteat-rank?cityid=14&notitlebar=1&ranktype=3,https://www.dianping.com/shop/69452736/photos/album,https://plat.dianping.com/app/femember-musteat-web/musteat-rank?cityid=14&notitlebar=1&ranktype=3
福建省,福州市,鼓楼区,尚干玲记拌面扁肉,福建省福州市鼓楼区鼓西路92号,4.2,24,扁肉,省市区及街道已获取,已获取,榜单行政区/商圈归属,19403015,https://plat.dianping.com/app/femember-musteat-web/musteat-rank?cityid=14&notitlebar=1&ranktype=3,https://www.dianping.com/shop/19403015/photos/album,https://plat.dianping.com/app/femember-musteat-web/musteat-rank?cityid=14&notitlebar=1&ranktype=3
福建省,福州市,晋安区,丰火人间（象兴路店）,福建省福州市晋安区象兴路32-1号,4.9,100,横膈膜,省市区及街道已获取,已获取,榜单行政区/商圈归属,869528286,https://plat.dianping.com/app/femember-musteat-web/musteat-rank?cityid=14&notitlebar=1&ranktype=3,https://www.dianping.com/shop/869528286/photos/album,https://plat.dianping.com/app/femember-musteat-web/musteat-rank?cityid=14&notitlebar=1&ranktype=3
福建省,福州市,鼓楼区,汕之膳·叶记鲜牛肉火锅（铁道大厦店）,福建省福州市鼓楼区五一中路铁道大厦旁华翔新村17号（先施大厦背后）,4.8,94,吊龙,省市区及街道已获取,已获取,榜单行政区/商圈归属,110329017,https://plat.dianping.com/app/femember-musteat-web/musteat-rank?cityid=14&notitlebar=1&ranktype=3,https://www.dianping.com/shop/110329017/photos/album,https://plat.dianping.com/app/femember-musteat-web/musteat-rank?cityid=14&notitlebar=1&ranktype=3
福建省,福州市,晋安区,紫阳海鲜楼·传承闽味（五四北店）,福建省福州市晋安区秀峰路421号永辉商业广场3楼（1号线象峰地铁口E- E2出口）,4.7,108,紫阳招牌荔枝肉,省市区及街道已获取,已获取,榜单行政区/商圈归属,663016152,https://plat.dianping.com/app/femember-musteat-web/musteat-rank?cityid=14&notitlebar=1&ranktype=3,https://www.dianping.com/shop/663016152/photos/album,https://plat.dianping.com/app/femember-musteat-web/musteat-rank?cityid=14&notitlebar=1&ranktype=3
福建省,福州市,鼓楼区,朱紫坊蹄膀·福州菜·非遗传承（井大店）,福建省福州市鼓楼区井大路132号（喜梦宝家居2楼）,4.4,45,朱紫坊蹄膀,省市区及街道已获取,已获取,榜单行政区/商圈归属,2122093,https://plat.dianping.com/app/femember-musteat-web/musteat-rank?cityid=14&notitlebar=1&ranktype=3,https://www.dianping.com/shop/2122093/photos/album,https://plat.dianping.com/app/femember-musteat-web/musteat-rank?cityid=14&notitlebar=1&ranktype=3
福建省,福州市,仓山区,霸腹烤肉（金山店）,福建省福州市仓山区杨周路17号恩歌产业园3号楼1楼31-33号铺（和泰汽修对面）,4.8,98,黄油横膈膜,省市区及街道已获取,已获取,榜单行政区/商圈归属,767546033,https://plat.dianping.com/app/femember-musteat-web/musteat-rank?cityid=14&notitlebar=1&ranktype=3,https://www.dianping.com/shop/767546033/photos/album,https://plat.dianping.com/app/femember-musteat-web/musteat-rank?cityid=14&notitlebar=1&ranktype=3
福建省,福州市,马尾区,兴仙饭店·闽味海鲜（马尾总店）,福建省福州市马尾区青洲路66号名成海洋中心大厦,4.9,98,紫苏梅子急汁虾,省市区及街道已获取,已获取,榜单行政区/商圈归属,5410555,https://plat.dianping.com/app/femember-musteat-web/musteat-rank?cityid=14&notitlebar=1&ranktype=3,https://www.dianping.com/shop/5410555/photos/album,https://plat.dianping.com/app/femember-musteat-web/musteat-rank?cityid=14&notitlebar=1&ranktype=3
福建省,福州市,台江区,THAI1949西泰料理（三迪中心店）,福建省福州市台江区江滨西大道三迪中心2楼03号商铺,4.8,141,秘制烤猪颈肉配泰国甜酱,省市区及街道已获取,已获取,榜单行政区/商圈归属,95022617,https://plat.dianping.com/app/femember-musteat-web/musteat-rank?cityid=14&notitlebar=1&ranktype=3,https://www.dianping.com/shop/95022617/photos/album,https://plat.dianping.com/app/femember-musteat-web/musteat-rank?cityid=14&notitlebar=1&ranktype=3
福建省,福州市,台江区,轮工壹号煎包（南园路店）,福建省福州市台江区南园路3号、5号,4.1,18,祖传煎包,省市区及街道已获取,已获取,榜单行政区/商圈归属,67443090,https://plat.dianping.com/app/femember-musteat-web/musteat-rank?cityid=14&notitlebar=1&ranktype=3,https://www.dianping.com/shop/67443090/photos/album,https://plat.dianping.com/app/femember-musteat-web/musteat-rank?cityid=14&notitlebar=1&ranktype=3
福建省,福州市,鼓楼区,渔如意·三秒烫斑鱼·火锅（福新总店）,福建省福州市鼓楼区福新中路85号,4.7,93,招牌如意斑鱼,省市区及街道已获取,已获取,榜单行政区/商圈归属,1961305,https://plat.dianping.com/app/femember-musteat-web/musteat-rank?cityid=14&notitlebar=1&ranktype=3,https://www.dianping.com/shop/1961305/photos/album,https://plat.dianping.com/app/femember-musteat-web/musteat-rank?cityid=14&notitlebar=1&ranktype=3
福建省,福州市,台江区,广达眼镜炖罐（广达店）,福建省福州市台江区广达路88号,4,31,拌粉,省市区及街道已获取,已获取,榜单行政区/商圈归属,67427579,https://plat.dianping.com/app/femember-musteat-web/musteat-rank?cityid=14&notitlebar=1&ranktype=3,https://www.dianping.com/shop/67427579/photos/album,https://plat.dianping.com/app/femember-musteat-web/musteat-rank?cityid=14&notitlebar=1&ranktype=3
福建省,福州市,台江区,没牙伯花生汤店（老药洲店）,福建省福州市台江区瀛洲街道老药洲街182号,4.3,13,花生汤,省市区及街道已获取,已获取,榜单行政区/商圈归属,2798158,https://plat.dianping.com/app/femember-musteat-web/musteat-rank?cityid=14&notitlebar=1&ranktype=3,https://www.dianping.com/shop/2798158/photos/album,https://plat.dianping.com/app/femember-musteat-web/musteat-rank?cityid=14&notitlebar=1&ranktype=3
福建省,厦门市,思明区,味友·厦门味（和平码头店）,福建省厦门市思明区鹭江道3号和平码头客运大楼二层DE单元,4.6,96,味友鸭肉面线,省市区及街道已获取,已获取,榜单行政区/商圈归属,18994568,https://plat.dianping.com/app/femember-musteat-web/musteat-rank?cityid=15&notitlebar=1&ranktype=3,https://www.dianping.com/shop/18994568/photos/album,https://plat.dianping.com/app/femember-musteat-web/musteat-rank?cityid=15&notitlebar=1&ranktype=3
福建省,厦门市,思明区,明月虾面（厦禾路店）,福建省厦门市思明区厦禾路180号(近大同小学),4.4,27,招牌虾面,省市区及街道已获取,已获取,榜单行政区/商圈归属,3168328,https://plat.dianping.com/app/femember-musteat-web/musteat-rank?cityid=15&notitlebar=1&ranktype=3,https://www.dianping.com/shop/3168328/photos/album,https://plat.dianping.com/app/femember-musteat-web/musteat-rank?cityid=15&notitlebar=1&ranktype=3
福建省,厦门市,思明区,洪溪社·现烹小馆（湖明路店）,福建省厦门市思明区湖明路24号-104-1,4.8,68,肉沫四季豆,省市区及街道已获取,已获取,榜单行政区/商圈归属,1725641399,https://plat.dianping.com/app/femember-musteat-web/musteat-rank?cityid=15&notitlebar=1&ranktype=3,https://www.dianping.com/shop/1725641399/photos/album,https://plat.dianping.com/app/femember-musteat-web/musteat-rank?cityid=15&notitlebar=1&ranktype=3
福建省,厦门市,思明区,阿忠食坊大排档·20年老店（万象城店）,福建省厦门市思明区金榜路111之一,4.7,114,海蛎捞饭（大）,省市区及街道已获取,已获取,榜单行政区/商圈归属,6011111,https://plat.dianping.com/app/femember-musteat-web/musteat-rank?cityid=15&notitlebar=1&ranktype=3,https://www.dianping.com/shop/6011111/photos/album,https://plat.dianping.com/app/femember-musteat-web/musteat-rank?cityid=15&notitlebar=1&ranktype=3
福建省,厦门市,思明区,袭击咖喱店,福建省厦门市思明区曾厝垵北二路曾厝垵后厝101号（近罗森便利店）,4.7,45,泰式椰香鸡肉黄咖喱,省市区及街道已获取,已获取,榜单行政区/商圈归属,548006401,https://plat.dianping.com/app/femember-musteat-web/musteat-rank?cityid=15&notitlebar=1&ranktype=3,https://www.dianping.com/shop/548006401/photos/album,https://plat.dianping.com/app/femember-musteat-web/musteat-rank?cityid=15&notitlebar=1&ranktype=3
福建省,厦门市,思明区,黑明餐厅（白鹭洲店）,福建省厦门市思明区湖滨南路57号金源大厦1层A单元,4.6,90,厦门薄饼,省市区及街道已获取,已获取,榜单行政区/商圈归属,69034252,https://plat.dianping.com/app/femember-musteat-web/musteat-rank?cityid=15&notitlebar=1&ranktype=3,https://www.dianping.com/shop/69034252/photos/album,https://plat.dianping.com/app/femember-musteat-web/musteat-rank?cityid=15&notitlebar=1&ranktype=3
福建省,厦门市,思明区,堂宴·老厦门私房菜（中山路店）,福建省厦门市思明区思明南路老虎城购物中心3层B1号商铺（麦当劳楼上）,4.5,96,黄鱼煮面线,省市区及街道已获取,已获取,榜单行政区/商圈归属,69723450,https://plat.dianping.com/app/femember-musteat-web/musteat-rank?cityid=15&notitlebar=1&ranktype=3,https://www.dianping.com/shop/69723450/photos/album,https://plat.dianping.com/app/femember-musteat-web/musteat-rank?cityid=15&notitlebar=1&ranktype=3
福建省,厦门市,思明区,1980烧肉粽（中山路店）,福建省厦门市思明区中华街道中山路353号(近工人文化宫旧址),4.2,28,经典烧肉粽,省市区及街道已获取,已获取,榜单行政区/商圈归属,547928,https://plat.dianping.com/app/femember-musteat-web/musteat-rank?cityid=15&notitlebar=1&ranktype=3,https://www.dianping.com/shop/547928/photos/album,https://plat.dianping.com/app/femember-musteat-web/musteat-rank?cityid=15&notitlebar=1&ranktype=3
福建省,厦门市,湖里区,阿扁酒档（枋湖店）,福建省厦门市湖里区枋湖东路701-2号,4.6,104,炸普宁豆腐,省市区及街道已获取,已获取,榜单行政区/商圈归属,1249604785,https://plat.dianping.com/app/femember-musteat-web/musteat-rank?cityid=15&notitlebar=1&ranktype=3,https://www.dianping.com/shop/1249604785/photos/album,https://plat.dianping.com/app/femember-musteat-web/musteat-rank?cityid=15&notitlebar=1&ranktype=3
福建省,厦门市,思明区,林四喜·闽南传家菜（鼓浪屿店）,福建省厦门市思明区龙头路300号（上屿水产对面）,4.7,100,四喜沙茶锅,省市区及街道已获取,已获取,榜单行政区/商圈归属,131589144,https://plat.dianping.com/app/femember-musteat-web/musteat-rank?cityid=15&notitlebar=1&ranktype=3,https://www.dianping.com/shop/131589144/photos/album,https://plat.dianping.com/app/femember-musteat-web/musteat-rank?cityid=15&notitlebar=1&ranktype=3
福建省,厦门市,思明区,牡蛎小屋·生蚝体验馆（高峰会店）,福建省厦门市思明区后滨路6-149号,4.8,108,牡蠣饭,省市区及街道已获取,已获取,榜单行政区/商圈归属,1472633683,https://plat.dianping.com/app/femember-musteat-web/musteat-rank?cityid=15&notitlebar=1&ranktype=3,https://www.dianping.com/shop/1472633683/photos/album,https://plat.dianping.com/app/femember-musteat-web/musteat-rank?cityid=15&notitlebar=1&ranktype=3
福建省,厦门市,湖里区,山城美食（枋湖东路店）,福建省厦门市湖里区枋湖东路金山小区内中亭57之5号（近西门）,4.7,82,招牌青椒兔,省市区及街道已获取,已获取,榜单行政区/商圈归属,44095864,https://plat.dianping.com/app/femember-musteat-web/musteat-rank?cityid=15&notitlebar=1&ranktype=3,https://www.dianping.com/shop/44095864/photos/album,https://plat.dianping.com/app/femember-musteat-web/musteat-rank?cityid=15&notitlebar=1&ranktype=3
福建省,厦门市,集美区,好口味煎蟹馆（集美集源店）,福建省厦门市集美区集源路58号4楼,4.8,109,招牌煎蟹,省市区及街道已获取,已获取,榜单行政区/商圈归属,1817424839,https://plat.dianping.com/app/femember-musteat-web/musteat-rank?cityid=15&notitlebar=1&ranktype=3,https://www.dianping.com/shop/1817424839/photos/album,https://plat.dianping.com/app/femember-musteat-web/musteat-rank?cityid=15&notitlebar=1&ranktype=3
福建省,厦门市,湖里区,悦来福·东山海鲜（东渡店）,福建省厦门市湖里区东渡路51号裕成大厦一层,4.7,127,爆款招牌水煮三鲜,省市区及街道已获取,已获取,榜单行政区/商圈归属,13774918,https://plat.dianping.com/app/femember-musteat-web/musteat-rank?cityid=15&notitlebar=1&ranktype=3,https://www.dianping.com/shop/13774918/photos/album,https://plat.dianping.com/app/femember-musteat-web/musteat-rank?cityid=15&notitlebar=1&ranktype=3
福建省,厦门市,湖里区,佳味餐厅（湖里店）,福建省厦门市湖里区华盛路25号-4（免税商场斜对面、 湖里免税站正对面）,4.7,83,功夫猪肝,省市区及街道已获取,已获取,榜单行政区/商圈归属,3285436,https://plat.dianping.com/app/femember-musteat-web/musteat-rank?cityid=15&notitlebar=1&ranktype=3,https://www.dianping.com/shop/3285436/photos/album,https://plat.dianping.com/app/femember-musteat-web/musteat-rank?cityid=15&notitlebar=1&ranktype=3
福建省,厦门市,思明区,巧媳妇鲁肉饭（宝龙店）,福建省厦门市思明区湖滨北路243-102号,4.3,29,小卤肉饭,省市区及街道已获取,已获取,榜单行政区/商圈归属,129409062,https://plat.dianping.com/app/femember-musteat-web/musteat-rank?cityid=15&notitlebar=1&ranktype=3,https://www.dianping.com/shop/129409062/photos/album,https://plat.dianping.com/app/femember-musteat-web/musteat-rank?cityid=15&notitlebar=1&ranktype=3
福建省,厦门市,集美区,chimoto琦摩（公园总店）,福建省厦门市集美区嘉庚公园后门公园路4号,4.6,58,天空之城,省市区及街道已获取,已获取,榜单行政区/商圈归属,77241431,https://plat.dianping.com/app/femember-musteat-web/musteat-rank?cityid=15&notitlebar=1&ranktype=3,https://www.dianping.com/shop/77241431/photos/album,https://plat.dianping.com/app/femember-musteat-web/musteat-rank?cityid=15&notitlebar=1&ranktype=3
福建省,厦门市,思明区,上屿水产（鼓浪屿店）,福建省厦门市思明区龙头路286号（林四喜闽南传家菜正对面）,4.8,100,干煎麻油姜母鸭,省市区及街道已获取,已获取,榜单行政区/商圈归属,22590993,https://plat.dianping.com/app/femember-musteat-web/musteat-rank?cityid=15&notitlebar=1&ranktype=3,https://www.dianping.com/shop/22590993/photos/album,https://plat.dianping.com/app/femember-musteat-web/musteat-rank?cityid=15&notitlebar=1&ranktype=3
福建省,厦门市,思明区,韩正苑·釜山夜市烤肉（明发十年店）,福建省厦门市思明区莲前西路莲坂商业广场西区221号,4.6,94,釜山鲜活八爪鱼肥牛锅,省市区及街道已获取,已获取,榜单行政区/商圈归属,17233900,https://plat.dianping.com/app/femember-musteat-web/musteat-rank?cityid=15&notitlebar=1&ranktype=3,https://www.dianping.com/shop/17233900/photos/album,https://plat.dianping.com/app/femember-musteat-web/musteat-rank?cityid=15&notitlebar=1&ranktype=3
福建省,厦门市,思明区,浮屿大同鸭肉粥·始于1983年,福建省厦门市思明区开禾路166号嘉英大厦,4.2,30,经典鸭肉粥,省市区及街道已获取,已获取,榜单行政区/商圈归属,547926,https://plat.dianping.com/app/femember-musteat-web/musteat-rank?cityid=15&notitlebar=1&ranktype=3,https://www.dianping.com/shop/547926/photos/album,https://plat.dianping.com/app/femember-musteat-web/musteat-rank?cityid=15&notitlebar=1&ranktype=3
湖北省,武汉市,汉阳区,七七饺子（玫瑰街店）,湖北省武汉市汉阳区玫瑰街245附1号玫西社区91号楼商铺,4.3,21,七七饺子,省市区及街道已获取,已获取,榜单行政区/商圈归属,66178172,https://plat.dianping.com/app/femember-musteat-web/musteat-rank?cityid=16&notitlebar=1&ranktype=3,https://www.dianping.com/shop/66178172/photos/album,https://plat.dianping.com/app/femember-musteat-web/musteat-rank?cityid=16&notitlebar=1&ranktype=3
湖北省,武汉市,江汉区,德润福严氏烧麦总店（友谊路总店）,湖北省武汉市江汉区双洞正街48号（友谊路b出口右拐60米）,4.3,14,重油烧麦配茶,省市区及街道已获取,已获取,榜单行政区/商圈归属,560498,https://plat.dianping.com/app/femember-musteat-web/musteat-rank?cityid=16&notitlebar=1&ranktype=3,https://www.dianping.com/shop/560498/photos/album,https://plat.dianping.com/app/femember-musteat-web/musteat-rank?cityid=16&notitlebar=1&ranktype=3
湖北省,武汉市,蔡甸区,洞庭秋晚（四新店）,湖北省武汉市蔡甸区芙蓉路太子湖畔星苑3号楼2-1号,4.8,75,洞庭剁椒鱼头王,省市区及街道已获取,已获取,榜单行政区/商圈归属,1448742261,https://plat.dianping.com/app/femember-musteat-web/musteat-rank?cityid=16&notitlebar=1&ranktype=3,https://www.dianping.com/shop/1448742261/photos/album,https://plat.dianping.com/app/femember-musteat-web/musteat-rank?cityid=16&notitlebar=1&ranktype=3
湖北省,武汉市,江汉区,Konpan空盤韩食酒馆（icc店）,湖北省武汉市江汉区icc环贸中心太和里商业一楼,4.7,115,什锦烤牛肠,省市区及街道已获取,已获取,榜单行政区/商圈归属,1001583358,https://plat.dianping.com/app/femember-musteat-web/musteat-rank?cityid=16&notitlebar=1&ranktype=3,https://www.dianping.com/shop/1001583358/photos/album,https://plat.dianping.com/app/femember-musteat-web/musteat-rank?cityid=16&notitlebar=1&ranktype=3
湖北省,武汉市,洪山区,草原大漠时光· 经典烤传统涮新蒙餐（梦时代店）,湖北省武汉市洪山区竹苑一路与石牌岭路交叉口南行50米路东,4.8,75,锡盟草原烤羊排,省市区及街道已获取,已获取,榜单行政区/商圈归属,123078756,https://plat.dianping.com/app/femember-musteat-web/musteat-rank?cityid=16&notitlebar=1&ranktype=3,https://www.dianping.com/shop/123078756/photos/album,https://plat.dianping.com/app/femember-musteat-web/musteat-rank?cityid=16&notitlebar=1&ranktype=3
湖北省,武汉市,洪山区,大中华酒楼（金地中心城店）,湖北省武汉市洪山区雄楚大道金地中心城东区1号楼1楼,4.9,98,大中华武昌鱼,省市区及街道已获取,已获取,榜单行政区/商圈归属,3651934,https://plat.dianping.com/app/femember-musteat-web/musteat-rank?cityid=16&notitlebar=1&ranktype=3,https://www.dianping.com/shop/3651934/photos/album,https://plat.dianping.com/app/femember-musteat-web/musteat-rank?cityid=16&notitlebar=1&ranktype=3
湖北省,武汉市,江汉区,西藏印象.西藏菜,湖北省武汉市江汉区解放大道374号,4.8,148,酋长烤羊排红柳枝烤牦牛肉串,省市区及街道已获取,已获取,榜单行政区/商圈归属,893220992,https://plat.dianping.com/app/femember-musteat-web/musteat-rank?cityid=16&notitlebar=1&ranktype=3,https://www.dianping.com/shop/893220992/photos/album,https://plat.dianping.com/app/femember-musteat-web/musteat-rank?cityid=16&notitlebar=1&ranktype=3
湖北省,武汉市,洪山区,仓桥家·焗寿司（群光广场店）,湖北省武汉市洪山区珞喻路6号群光广场8层（近珞狮路）,4.7,80,招牌鳗鱼焗卷,省市区及街道已获取,已获取,榜单行政区/商圈归属,2719240,https://plat.dianping.com/app/femember-musteat-web/musteat-rank?cityid=16&notitlebar=1&ranktype=3,https://www.dianping.com/shop/2719240/photos/album,https://plat.dianping.com/app/femember-musteat-web/musteat-rank?cityid=16&notitlebar=1&ranktype=3
湖北省,武汉市,硚口区,中山牛肉肥肠粉面馆（军工社区店）,湖北省武汉市硚口区中山大道12-14号军工社区,4.6,18,肥肠粉,省市区及街道已获取,已获取,榜单行政区/商圈归属,8948450,https://plat.dianping.com/app/femember-musteat-web/musteat-rank?cityid=16&notitlebar=1&ranktype=3,https://www.dianping.com/shop/8948450/photos/album,https://plat.dianping.com/app/femember-musteat-web/musteat-rank?cityid=16&notitlebar=1&ranktype=3
湖北省,武汉市,武昌区,李记鲜鱼糊汤粉（大成路店）,湖北省武汉市武昌区大成路26号,4.4,9,鲜鱼糊汤粉,省市区及街道已获取,已获取,榜单行政区/商圈归属,97817532,https://plat.dianping.com/app/femember-musteat-web/musteat-rank?cityid=16&notitlebar=1&ranktype=3,https://www.dianping.com/shop/97817532/photos/album,https://plat.dianping.com/app/femember-musteat-web/musteat-rank?cityid=16&notitlebar=1&ranktype=3
湖北省,武汉市,江岸区,萧三哥·藕汤印象（台北路店）,湖北省武汉市江岸区台北路210号附3号一楼（取水楼地铁站H出口旁）,4.8,66,排骨藕汤,省市区及街道已获取,已获取,榜单行政区/商圈归属,1638505084,https://plat.dianping.com/app/femember-musteat-web/musteat-rank?cityid=16&notitlebar=1&ranktype=3,https://www.dianping.com/shop/1638505084/photos/album,https://plat.dianping.com/app/femember-musteat-web/musteat-rank?cityid=16&notitlebar=1&ranktype=3
湖北省,武汉市,江汉区,巴厘龙虾·榜首油焖大虾（创始总店·万松园）,湖北省武汉市江汉区雪松路30号,4.8,116,油焖大虾,省市区及街道已获取,已获取,榜单行政区/商圈归属,13913365,https://plat.dianping.com/app/femember-musteat-web/musteat-rank?cityid=16&notitlebar=1&ranktype=3,https://www.dianping.com/shop/13913365/photos/album,https://plat.dianping.com/app/femember-musteat-web/musteat-rank?cityid=16&notitlebar=1&ranktype=3
湖北省,武汉市,江汉区,张记鲜鱼馆（常青三路店）,"湖北省武汉市江汉区常青三路181号（就当自己家,千万别客气）",4.4,77,大盆椒麻水煮鱼,省市区及街道已获取,已获取,榜单行政区/商圈归属,758058626,https://plat.dianping.com/app/femember-musteat-web/musteat-rank?cityid=16&notitlebar=1&ranktype=3,https://www.dianping.com/shop/758058626/photos/album,https://plat.dianping.com/app/femember-musteat-web/musteat-rank?cityid=16&notitlebar=1&ranktype=3
湖北省,武汉市,江岸区,顺风汤馆·广府粤菜（台北路店）,湖北省武汉市江岸区台北路216号（武汉杂技厅斜对面、小蓝鲸正对面）,4.8,98,镇店一品老鸡汤,省市区及街道已获取,已获取,榜单行政区/商圈归属,2125927,https://plat.dianping.com/app/femember-musteat-web/musteat-rank?cityid=16&notitlebar=1&ranktype=3,https://www.dianping.com/shop/2125927/photos/album,https://plat.dianping.com/app/femember-musteat-web/musteat-rank?cityid=16&notitlebar=1&ranktype=3
湖北省,武汉市,江岸区,鱼痴渔醉·食鲜集（汉口江滩店）,湖北省武汉市江岸区沿江大道汉口江滩江汉门32号（距离科技馆70米/23号码头游轮附近）,4.7,98,清蒸大白刁,省市区及街道已获取,已获取,榜单行政区/商圈归属,97218578,https://plat.dianping.com/app/femember-musteat-web/musteat-rank?cityid=16&notitlebar=1&ranktype=3,https://www.dianping.com/shop/97218578/photos/album,https://plat.dianping.com/app/femember-musteat-web/musteat-rank?cityid=16&notitlebar=1&ranktype=3
湖北省,武汉市,洪山区,汉煨·老手艺煨汤专门店（高铁站店）,湖北省武汉市洪山区黄鹤路特1号首层（近武汉高铁站西广场综合服务楼）,4.8,68,莲藕排骨汤,省市区及街道已获取,已获取,榜单行政区/商圈归属,1772503525,https://plat.dianping.com/app/femember-musteat-web/musteat-rank?cityid=16&notitlebar=1&ranktype=3,https://www.dianping.com/shop/1772503525/photos/album,https://plat.dianping.com/app/femember-musteat-web/musteat-rank?cityid=16&notitlebar=1&ranktype=3
湖北省,武汉市,江汉区,来菜·湖北头牌藕汤（江汉路M+旗舰店）,湖北省武汉市江汉区江汉路世纪都会广场5楼L5049B号,4.8,70,铫子筒骨煨藕汤,省市区及街道已获取,已获取,榜单行政区/商圈归属,896085029,https://plat.dianping.com/app/femember-musteat-web/musteat-rank?cityid=16&notitlebar=1&ranktype=3,https://www.dianping.com/shop/896085029/photos/album,https://plat.dianping.com/app/femember-musteat-web/musteat-rank?cityid=16&notitlebar=1&ranktype=3
湖北省,武汉市,武昌区,小秋水饺（大成路总店）,湖北省武汉市武昌区大成路66号,4,15,招牌原汤水饺,省市区及街道已获取,已获取,榜单行政区/商圈归属,2222806,https://plat.dianping.com/app/femember-musteat-web/musteat-rank?cityid=16&notitlebar=1&ranktype=3,https://www.dianping.com/shop/2222806/photos/album,https://plat.dianping.com/app/femember-musteat-web/musteat-rank?cityid=16&notitlebar=1&ranktype=3
湖北省,武汉市,青山区,老成都冷锅鱼（市政侧街店）,湖北省武汉市青山区工业二路青山广场B栋,4.7,107,冷锅鱼,省市区及街道已获取,已获取,榜单行政区/商圈归属,9063090,https://plat.dianping.com/app/femember-musteat-web/musteat-rank?cityid=16&notitlebar=1&ranktype=3,https://www.dianping.com/shop/9063090/photos/album,https://plat.dianping.com/app/femember-musteat-web/musteat-rank?cityid=16&notitlebar=1&ranktype=3
湖北省,武汉市,洪山区,辛村洛概念韩餐（八一路楚天府店）,湖北省武汉市洪山区八一路楚天府340附10,4.6,61,奶酪炸猪排,省市区及街道已获取,已获取,榜单行政区/商圈归属,703501190,https://plat.dianping.com/app/femember-musteat-web/musteat-rank?cityid=16&notitlebar=1&ranktype=3,https://www.dianping.com/shop/703501190/photos/album,https://plat.dianping.com/app/femember-musteat-web/musteat-rank?cityid=16&notitlebar=1&ranktype=3
陕西省,西安市,,龙城韩式烧烤（电子一路店）,陕西省西安市电子一路西安石油大学雁塔校区北门东200米路南（香山红叶小区斜对面）,4.8,81,酱香五花,区县或街道未核实,已获取,区县未核实,19705791,https://plat.dianping.com/app/femember-musteat-web/musteat-rank?cityid=17&notitlebar=1&ranktype=3,https://www.dianping.com/shop/19705791/photos/album,https://plat.dianping.com/app/femember-musteat-web/musteat-rank?cityid=17&notitlebar=1&ranktype=3
陕西省,西安市,,德發興茶冰廳（高新店）,陕西省西安市高新路52号地铁科技路E出口高科大厦一层,4.8,66,发记菠萝包,区县或街道未核实,已获取,区县未核实,1114415886,https://plat.dianping.com/app/femember-musteat-web/musteat-rank?cityid=17&notitlebar=1&ranktype=3,https://www.dianping.com/shop/1114415886/photos/album,https://plat.dianping.com/app/femember-musteat-web/musteat-rank?cityid=17&notitlebar=1&ranktype=3
陕西省,西安市,碑林区,西安贾三灌汤包·回坊小吃·清真炒菜（北院门总店）,陕西省西安市碑林区北院门93号,4.1,32,牛肉灌汤包,省市区及街道已获取,已获取,榜单行政区/商圈归属,566080,https://plat.dianping.com/app/femember-musteat-web/musteat-rank?cityid=17&notitlebar=1&ranktype=3,https://www.dianping.com/shop/566080/photos/album,https://plat.dianping.com/app/femember-musteat-web/musteat-rank?cityid=17&notitlebar=1&ranktype=3
陕西省,西安市,雁塔区,饺满上品·海胆水饺（曲江万众国际店）,陕西省西安市雁塔区万众国际商业中心B座2层10221-10222,4.9,127,原汁海胆水饺,省市区及街道已获取,已获取,榜单行政区/商圈归属,1874807860,https://plat.dianping.com/app/femember-musteat-web/musteat-rank?cityid=17&notitlebar=1&ranktype=3,https://www.dianping.com/shop/1874807860/photos/album,https://plat.dianping.com/app/femember-musteat-web/musteat-rank?cityid=17&notitlebar=1&ranktype=3
陕西省,西安市,雁塔区,长安大牌档之陕历博文化餐厅（小寨店）,"陕西省西安市雁塔区小寨东路赛格国际购物中心10层停车场9区,地铁2/3号线小寨站D口出,直梯直达10楼",4.7,50,长安葫芦鸡,省市区及街道已获取,已获取,榜单行政区/商圈归属,13897724,https://plat.dianping.com/app/femember-musteat-web/musteat-rank?cityid=17&notitlebar=1&ranktype=3,https://www.dianping.com/shop/13897724/photos/album,https://plat.dianping.com/app/femember-musteat-web/musteat-rank?cityid=17&notitlebar=1&ranktype=3
陕西省,西安市,碑林区,莲花餐饮（朱雀店）,陕西省西安市碑林区长安路街道朱雀大街中段1号(西安皇冠假日酒店隔壁),4.8,99,紫阳蒸盆子,省市区及街道已获取,已获取,榜单行政区/商圈归属,11577662,https://plat.dianping.com/app/femember-musteat-web/musteat-rank?cityid=17&notitlebar=1&ranktype=3,https://www.dianping.com/shop/11577662/photos/album,https://plat.dianping.com/app/femember-musteat-web/musteat-rank?cityid=17&notitlebar=1&ranktype=3
陕西省,西安市,碑林区,秦豫肉夹馍（骡马市总店）,陕西省西安市碑林区兴正元广场骡马市步行街南区1层3号,4.4,17,优质肉夹馍,省市区及街道已获取,已获取,榜单行政区/商圈归属,550469,https://plat.dianping.com/app/femember-musteat-web/musteat-rank?cityid=17&notitlebar=1&ranktype=3,https://www.dianping.com/shop/550469/photos/album,https://plat.dianping.com/app/femember-musteat-web/musteat-rank?cityid=17&notitlebar=1&ranktype=3
陕西省,西安市,莲湖区,费萨尔烤肉,陕西省西安市莲湖区庙后街176号（清真宏顺祥卤汁凉粉隔壁）,4.7,55,盐筋,省市区及街道已获取,已获取,榜单行政区/商圈归属,1652951897,https://plat.dianping.com/app/femember-musteat-web/musteat-rank?cityid=17&notitlebar=1&ranktype=3,https://www.dianping.com/shop/1652951897/photos/album,https://plat.dianping.com/app/femember-musteat-web/musteat-rank?cityid=17&notitlebar=1&ranktype=3
陕西省,西安市,,大秦御鼎雪花牛肉养生火锅（金桥国际广场店）,陕西省西安市高新四路与科技路交汇处向西100米路南金桥广场3楼,4.9,288,雪花牛肉开门红,区县或街道未核实,已获取,区县未核实,97303440,https://plat.dianping.com/app/femember-musteat-web/musteat-rank?cityid=17&notitlebar=1&ranktype=3,https://www.dianping.com/shop/97303440/photos/album,https://plat.dianping.com/app/femember-musteat-web/musteat-rank?cityid=17&notitlebar=1&ranktype=3
陕西省,西安市,未央区,清真瑞宝斋马峰酸汤水饺（天赐苑店）,陕西省西安市未央区龙首北路永新路18号天赐苑北门西10米,4.4,28,韭黄牛肉饺子,省市区及街道已获取,已获取,榜单行政区/商圈归属,102500607,https://plat.dianping.com/app/femember-musteat-web/musteat-rank?cityid=17&notitlebar=1&ranktype=3,https://www.dianping.com/shop/102500607/photos/album,https://plat.dianping.com/app/femember-musteat-web/musteat-rank?cityid=17&notitlebar=1&ranktype=3
陕西省,西安市,碑林区,Giacomo's手风琴西餐厅（兴庆南路店）,陕西省西安市碑林区太乙路街道皇甫路兴庆南路159号常春藤花园商业街3-1-7(常春藤商业街区西区南门),4.4,103,西冷牛排,省市区及街道已获取,已获取,榜单行政区/商圈归属,10649409,https://plat.dianping.com/app/femember-musteat-web/musteat-rank?cityid=17&notitlebar=1&ranktype=3,https://www.dianping.com/shop/10649409/photos/album,https://plat.dianping.com/app/femember-musteat-web/musteat-rank?cityid=17&notitlebar=1&ranktype=3
陕西省,西安市,临潼区,云水肴（临潼店）,陕西省西安市临潼区桃源中路中段南侧,4.7,72,菌汤锅底,省市区及街道已获取,已获取,同店铺ID出现在榜单县级城市入口,120009843,https://plat.dianping.com/app/femember-musteat-web/musteat-rank?cityid=17&notitlebar=1&ranktype=3,https://www.dianping.com/shop/120009843/photos/album,https://plat.dianping.com/app/femember-musteat-web/musteat-rank?cityid=4484&notitlebar=1&ranktype=3
陕西省,西安市,蓝田县,蓝田印象,陕西省西安市蓝田县北环路蓝丰家园北门对面,4.8,39,蓝田饸饹,省市区及街道已获取,已获取,同店铺ID出现在榜单县级城市入口,22140779,https://plat.dianping.com/app/femember-musteat-web/musteat-rank?cityid=17&notitlebar=1&ranktype=3,https://www.dianping.com/shop/22140779/photos/album,https://plat.dianping.com/app/femember-musteat-web/musteat-rank?cityid=2004&notitlebar=1&ranktype=3
陕西省,西安市,,濠尚四季潮汕牛肉火锅,陕西省西安市白沙路中段五十三中学校门口南行20米路西,4.8,103,匙柄,区县或街道未核实,已获取,区县未核实,69798296,https://plat.dianping.com/app/femember-musteat-web/musteat-rank?cityid=17&notitlebar=1&ranktype=3,https://www.dianping.com/shop/69798296/photos/album,https://plat.dianping.com/app/femember-musteat-web/musteat-rank?cityid=17&notitlebar=1&ranktype=3
陕西省,西安市,莲湖区,小贾麻花油茶,陕西省西安市莲湖区五星街24号,4.6,6,麻花,省市区及街道已获取,已获取,榜单行政区/商圈归属,2661130,https://plat.dianping.com/app/femember-musteat-web/musteat-rank?cityid=17&notitlebar=1&ranktype=3,https://www.dianping.com/shop/2661130/photos/album,https://plat.dianping.com/app/femember-musteat-web/musteat-rank?cityid=17&notitlebar=1&ranktype=3
陕西省,西安市,碑林区,醉长安（钟楼旗舰店）,陕西省西安市碑林区竹笆市7号（美豪丽致酒店旁）,4.6,77,老陕葫芦鸡,省市区及街道已获取,已获取,榜单行政区/商圈归属,92428861,https://plat.dianping.com/app/femember-musteat-web/musteat-rank?cityid=17&notitlebar=1&ranktype=3,https://www.dianping.com/shop/92428861/photos/album,https://plat.dianping.com/app/femember-musteat-web/musteat-rank?cityid=17&notitlebar=1&ranktype=3
陕西省,西安市,临潼区,陈聚德炒牛肉（临潼直营店）,陕西省西安市临潼区文化东路128号,4.7,48,陈聚德小炒,省市区及街道已获取,已获取,同店铺ID出现在榜单县级城市入口,122422382,https://plat.dianping.com/app/femember-musteat-web/musteat-rank?cityid=17&notitlebar=1&ranktype=3,https://www.dianping.com/shop/122422382/photos/album,https://plat.dianping.com/app/femember-musteat-web/musteat-rank?cityid=4484&notitlebar=1&ranktype=3
陕西省,西安市,碑林区,小杨烤肉·创始店·始于1988（建设店）,陕西省西安市碑林区建设西路256号,4.4,65,西安名吃羊肉串,省市区及街道已获取,已获取,榜单行政区/商圈归属,2072536,https://plat.dianping.com/app/femember-musteat-web/musteat-rank?cityid=17&notitlebar=1&ranktype=3,https://www.dianping.com/shop/2072536/photos/album,https://plat.dianping.com/app/femember-musteat-web/musteat-rank?cityid=17&notitlebar=1&ranktype=3
陕西省,西安市,临潼区,澄城崇斌水盆羊肉（临潼店）,陕西省西安市临潼区秦陵南路工商行政管理局临潼分局城关工商所东行40米路北,4.7,36,月牙饼,省市区及街道已获取,已获取,同店铺ID出现在榜单县级城市入口,96607076,https://plat.dianping.com/app/femember-musteat-web/musteat-rank?cityid=17&notitlebar=1&ranktype=3,https://www.dianping.com/shop/96607076/photos/album,https://plat.dianping.com/app/femember-musteat-web/musteat-rank?cityid=4484&notitlebar=1&ranktype=3
陕西省,西安市,,番食园鲜食火锅（高新店）,陕西省西安市高新路76号天地源丹轩坊13号楼1单元2层01室,4.9,99,番茄锅,区县或街道未核实,已获取,区县未核实,93237438,https://plat.dianping.com/app/femember-musteat-web/musteat-rank?cityid=17&notitlebar=1&ranktype=3,https://www.dianping.com/shop/93237438/photos/album,https://plat.dianping.com/app/femember-musteat-web/musteat-rank?cityid=17&notitlebar=1&ranktype=3
辽宁省,沈阳市,沈河区,奉天小满鱼头泡饼（文安路店）,辽宁省沈阳市沈河区文安路21号,4.4,82,鱼头泡饼半只,省市区及街道已获取,已获取,榜单行政区/商圈归属,24005104,https://plat.dianping.com/app/femember-musteat-web/musteat-rank?cityid=18&notitlebar=1&ranktype=3,https://www.dianping.com/shop/24005104/photos/album,https://plat.dianping.com/app/femember-musteat-web/musteat-rank?cityid=18&notitlebar=1&ranktype=3
辽宁省,沈阳市,沈河区,野人部落（总店）,"辽宁省沈阳市沈河区昆山中路5号1层-2层-3层,石油大厦隔壁",4.8,79,野人大拌菜,省市区及街道已获取,已获取,榜单行政区/商圈归属,111560075,https://plat.dianping.com/app/femember-musteat-web/musteat-rank?cityid=18&notitlebar=1&ranktype=3,https://www.dianping.com/shop/111560075/photos/album,https://plat.dianping.com/app/femember-musteat-web/musteat-rank?cityid=18&notitlebar=1&ranktype=3
辽宁省,沈阳市,铁西区,梁二龙虾·大闸蟹（铁西旗舰店）,辽宁省沈阳市铁西区保工北街3甲1号,4.8,117,蒜香小龙虾,省市区及街道已获取,已获取,榜单行政区/商圈归属,130515696,https://plat.dianping.com/app/femember-musteat-web/musteat-rank?cityid=18&notitlebar=1&ranktype=3,https://www.dianping.com/shop/130515696/photos/album,https://plat.dianping.com/app/femember-musteat-web/musteat-rank?cityid=18&notitlebar=1&ranktype=3
辽宁省,沈阳市,和平区,松兰味（西塔店）,辽宁省沈阳市和平区北市场街道西塔安图街3号20门,4.4,75,老式拌饭,省市区及街道已获取,已获取,榜单行政区/商圈归属,22440276,https://plat.dianping.com/app/femember-musteat-web/musteat-rank?cityid=18&notitlebar=1&ranktype=3,https://www.dianping.com/shop/22440276/photos/album,https://plat.dianping.com/app/femember-musteat-web/musteat-rank?cityid=18&notitlebar=1&ranktype=3
辽宁省,沈阳市,浑南区,王厚元饺子·辽菜（浑南店）,辽宁省沈阳市浑南区天成街金水花城2期14号楼沿街商铺,4.8,69,虾仁角瓜蒸饺,省市区及街道已获取,已获取,榜单行政区/商圈归属,102156181,https://plat.dianping.com/app/femember-musteat-web/musteat-rank?cityid=18&notitlebar=1&ranktype=3,https://www.dianping.com/shop/102156181/photos/album,https://plat.dianping.com/app/femember-musteat-web/musteat-rank?cityid=18&notitlebar=1&ranktype=3
辽宁省,沈阳市,铁西区,盛金山炭火烤肉（总店）,辽宁省沈阳市铁西区南六中路85号一层,4.9,71,特味肥牛,省市区及街道已获取,已获取,榜单行政区/商圈归属,767369080,https://plat.dianping.com/app/femember-musteat-web/musteat-rank?cityid=18&notitlebar=1&ranktype=3,https://www.dianping.com/shop/767369080/photos/album,https://plat.dianping.com/app/femember-musteat-web/musteat-rank?cityid=18&notitlebar=1&ranktype=3
辽宁省,沈阳市,和平区,老四季（总店）,辽宁省沈阳市和平区南二经街与十三纬路交叉口东行50米路北,4.1,17,老四季鸡架,省市区及街道已获取,已获取,榜单行政区/商圈归属,2649982,https://plat.dianping.com/app/femember-musteat-web/musteat-rank?cityid=18&notitlebar=1&ranktype=3,https://www.dianping.com/shop/2649982/photos/album,https://plat.dianping.com/app/femember-musteat-web/musteat-rank?cityid=18&notitlebar=1&ranktype=3
辽宁省,沈阳市,和平区,沈辽涮肉火锅（三经街店）,辽宁省沈阳市和平区南三经街66号,4.9,99,招牌烧麦,省市区及街道已获取,已获取,榜单行政区/商圈归属,1070269312,https://plat.dianping.com/app/femember-musteat-web/musteat-rank?cityid=18&notitlebar=1&ranktype=3,https://www.dianping.com/shop/1070269312/photos/album,https://plat.dianping.com/app/femember-musteat-web/musteat-rank?cityid=18&notitlebar=1&ranktype=3
辽宁省,沈阳市,铁西区,老铁老式麻辣烫手工炸串总店（南八中路店）,辽宁省沈阳市铁西区南八中路75甲号5门,4.3,32,老式麻辣烫,省市区及街道已获取,已获取,榜单行政区/商圈归属,68048176,https://plat.dianping.com/app/femember-musteat-web/musteat-rank?cityid=18&notitlebar=1&ranktype=3,https://www.dianping.com/shop/68048176/photos/album,https://plat.dianping.com/app/femember-musteat-web/musteat-rank?cityid=18&notitlebar=1&ranktype=3
辽宁省,沈阳市,铁西区,黑牛の店·和牛烧肉（铁西万象汇店）,辽宁省沈阳市铁西区建设东路158号沈阳铁西万象城4楼L456号商铺,4.7,134,黑牛肋条,省市区及街道已获取,已获取,榜单行政区/商圈归属,24063393,https://plat.dianping.com/app/femember-musteat-web/musteat-rank?cityid=18&notitlebar=1&ranktype=3,https://www.dianping.com/shop/24063393/photos/album,https://plat.dianping.com/app/femember-musteat-web/musteat-rank?cityid=18&notitlebar=1&ranktype=3
辽宁省,沈阳市,浑南区,小董哥烤串·爆汁大油边（金水花城店）,辽宁省沈阳市浑南区天成街金水花城1楼沿街商铺,4.7,84,爆汁大油边,省市区及街道已获取,已获取,榜单行政区/商圈归属,539448022,https://plat.dianping.com/app/femember-musteat-web/musteat-rank?cityid=18&notitlebar=1&ranktype=3,https://www.dianping.com/shop/539448022/photos/album,https://plat.dianping.com/app/femember-musteat-web/musteat-rank?cityid=18&notitlebar=1&ranktype=3
辽宁省,沈阳市,铁西区,董记老味道汤包（南十西路店）,辽宁省沈阳市铁西区启工街与南十西路交叉口东行150米路北,4.6,54,灌汤包,省市区及街道已获取,已获取,榜单行政区/商圈归属,4271195,https://plat.dianping.com/app/femember-musteat-web/musteat-rank?cityid=18&notitlebar=1&ranktype=3,https://www.dianping.com/shop/4271195/photos/album,https://plat.dianping.com/app/femember-musteat-web/musteat-rank?cityid=18&notitlebar=1&ranktype=3
辽宁省,沈阳市,于洪区,鱼之源小四川水煮鱼（总部）,辽宁省沈阳市于洪区泰山路64号,4.7,80,水煮黑鱼,省市区及街道已获取,已获取,榜单行政区/商圈归属,43627307,https://plat.dianping.com/app/femember-musteat-web/musteat-rank?cityid=18&notitlebar=1&ranktype=3,https://www.dianping.com/shop/43627307/photos/album,https://plat.dianping.com/app/femember-musteat-web/musteat-rank?cityid=18&notitlebar=1&ranktype=3
辽宁省,沈阳市,沈河区,中街吊炉饼鸡蛋糕小吃部,辽宁省沈阳市沈河区南苇巷13号,4.4,9,鸡蛋糕,省市区及街道已获取,已获取,榜单行政区/商圈归属,9146951,https://plat.dianping.com/app/femember-musteat-web/musteat-rank?cityid=18&notitlebar=1&ranktype=3,https://www.dianping.com/shop/9146951/photos/album,https://plat.dianping.com/app/femember-musteat-web/musteat-rank?cityid=18&notitlebar=1&ranktype=3
辽宁省,沈阳市,和平区,炆艺乳鸽•煲仔饭大排档,辽宁省沈阳市和平区北四经街2-2号,4.8,121,经典煲仔饭,省市区及街道已获取,已获取,榜单行政区/商圈归属,905006073,https://plat.dianping.com/app/femember-musteat-web/musteat-rank?cityid=18&notitlebar=1&ranktype=3,https://www.dianping.com/shop/905006073/photos/album,https://plat.dianping.com/app/femember-musteat-web/musteat-rank?cityid=18&notitlebar=1&ranktype=3
辽宁省,沈阳市,沈河区,平房小老头自助烤串（万泉店）,辽宁省沈阳市沈河区万泉街21号,4.4,73,羊肉串,省市区及街道已获取,已获取,榜单行政区/商圈归属,1973363006,https://plat.dianping.com/app/femember-musteat-web/musteat-rank?cityid=18&notitlebar=1&ranktype=3,https://www.dianping.com/shop/1973363006/photos/album,https://plat.dianping.com/app/femember-musteat-web/musteat-rank?cityid=18&notitlebar=1&ranktype=3
辽宁省,沈阳市,铁西区,群乐饭店,辽宁省沈阳市铁西区南六中路25-2号,4.4,39,肉沫茄子,省市区及街道已获取,已获取,榜单行政区/商圈归属,1972321,https://plat.dianping.com/app/femember-musteat-web/musteat-rank?cityid=18&notitlebar=1&ranktype=3,https://www.dianping.com/shop/1972321/photos/album,https://plat.dianping.com/app/femember-musteat-web/musteat-rank?cityid=18&notitlebar=1&ranktype=3
辽宁省,沈阳市,和平区,奉天烧烤（文安路店）,辽宁省沈阳市和平区文安路52号,4.7,69,童年炸小鸡肉串,省市区及街道已获取,已获取,榜单行政区/商圈归属,1766158043,https://plat.dianping.com/app/femember-musteat-web/musteat-rank?cityid=18&notitlebar=1&ranktype=3,https://www.dianping.com/shop/1766158043/photos/album,https://plat.dianping.com/app/femember-musteat-web/musteat-rank?cityid=18&notitlebar=1&ranktype=3
辽宁省,沈阳市,和平区,奉天小馆·非遗东北菜（文安路店）,辽宁省沈阳市和平区文安路18号B7,4.7,93,奉天老式锅包肉,省市区及街道已获取,已获取,榜单行政区/商圈归属,24515040,https://plat.dianping.com/app/femember-musteat-web/musteat-rank?cityid=18&notitlebar=1&ranktype=3,https://www.dianping.com/shop/24515040/photos/album,https://plat.dianping.com/app/femember-musteat-web/musteat-rank?cityid=18&notitlebar=1&ranktype=3
辽宁省,沈阳市,皇姑区,非遗·美食佳坛肉馆（沈阳总店）,辽宁省沈阳市皇姑区昆山中路51号（近嘉陵江街）,4.4,32,坛肉,省市区及街道已获取,已获取,榜单行政区/商圈归属,5506830,https://plat.dianping.com/app/femember-musteat-web/musteat-rank?cityid=18&notitlebar=1&ranktype=3,https://www.dianping.com/shop/5506830/photos/album,https://plat.dianping.com/app/femember-musteat-web/musteat-rank?cityid=18&notitlebar=1&ranktype=3
辽宁省,大连市,沙河口区,卢布里西餐厅（星海广场店）,辽宁省大连市沙河口区滨海西路555号,4.8,105,卢布里奶酪面包,省市区及街道已获取,已获取,榜单行政区/商圈归属,1218272323,https://plat.dianping.com/app/femember-musteat-web/musteat-rank?cityid=19&notitlebar=1&ranktype=3,https://www.dianping.com/shop/1218272323/photos/album,https://plat.dianping.com/app/femember-musteat-web/musteat-rank?cityid=19&notitlebar=1&ranktype=3
辽宁省,大连市,甘井子区,千日贺茶餐厅（高新万达店）,辽宁省大连市甘井子区黄浦路500号万达广场金街5-2-14号商铺（6号门对面）,4.6,73,蜜汁叉烧皇,省市区及街道已获取,已获取,榜单行政区/商圈归属,18357282,https://plat.dianping.com/app/femember-musteat-web/musteat-rank?cityid=19&notitlebar=1&ranktype=3,https://www.dianping.com/shop/18357282/photos/album,https://plat.dianping.com/app/femember-musteat-web/musteat-rank?cityid=19&notitlebar=1&ranktype=3
辽宁省,大连市,甘井子区,悦来香·地道大连菜（华南广场店）,辽宁省大连市甘井子区山东路171号1-2层2公建,4.7,84,锅包肉,省市区及街道已获取,已获取,榜单行政区/商圈归属,991995642,https://plat.dianping.com/app/femember-musteat-web/musteat-rank?cityid=19&notitlebar=1&ranktype=3,https://www.dianping.com/shop/991995642/photos/album,https://plat.dianping.com/app/femember-musteat-web/musteat-rank?cityid=19&notitlebar=1&ranktype=3
辽宁省,大连市,甘井子区,南浦洞肉铺（高新园店）,辽宁省大连市甘井子区高新园区敬贤街22-1号,4.7,98,山蒜叶猪五花,省市区及街道已获取,已获取,榜单行政区/商圈归属,69684015,https://plat.dianping.com/app/femember-musteat-web/musteat-rank?cityid=19&notitlebar=1&ranktype=3,https://www.dianping.com/shop/69684015/photos/album,https://plat.dianping.com/app/femember-musteat-web/musteat-rank?cityid=19&notitlebar=1&ranktype=3
辽宁省,大连市,西岗区,面道场（森茂店）,辽宁省大连市西岗区日新街道锦华街45号,4.4,61,沾汤面,省市区及街道已获取,已获取,榜单行政区/商圈归属,13783474,https://plat.dianping.com/app/femember-musteat-web/musteat-rank?cityid=19&notitlebar=1&ranktype=3,https://www.dianping.com/shop/13783474/photos/album,https://plat.dianping.com/app/femember-musteat-web/musteat-rank?cityid=19&notitlebar=1&ranktype=3
辽宁省,大连市,沙河口区,添福来墨鱼饺子·小海鲜·东北菜（大连星海·黄浦路店）,辽宁省大连市沙河口区黑石礁街道黄浦路359号(近东电社区),4.8,71,墨鱼水饺,省市区及街道已获取,已获取,榜单行政区/商圈归属,2241991,https://plat.dianping.com/app/femember-musteat-web/musteat-rank?cityid=19&notitlebar=1&ranktype=3,https://www.dianping.com/shop/2241991/photos/album,https://plat.dianping.com/app/femember-musteat-web/musteat-rank?cityid=19&notitlebar=1&ranktype=3
辽宁省,大连市,中山区,品海楼·大连海鲜·北派海肠捞饭（老虎滩·渔人码头店）,辽宁省大连市中山区滨海东路72号（近老虎滩渔人码头）,4.8,148,北派海肠捞饭,省市区及街道已获取,已获取,榜单行政区/商圈归属,17224334,https://plat.dianping.com/app/femember-musteat-web/musteat-rank?cityid=19&notitlebar=1&ranktype=3,https://www.dianping.com/shop/17224334/photos/album,https://plat.dianping.com/app/femember-musteat-web/musteat-rank?cityid=19&notitlebar=1&ranktype=3
辽宁省,大连市,中山区,南山小渔村·海肠捞饭·大连海鲜（南山店）,辽宁省大连市中山区七七街56号,4.8,115,小平岛黄金海胆,省市区及街道已获取,已获取,榜单行政区/商圈归属,26909887,https://plat.dianping.com/app/femember-musteat-web/musteat-rank?cityid=19&notitlebar=1&ranktype=3,https://www.dianping.com/shop/26909887/photos/album,https://plat.dianping.com/app/femember-musteat-web/musteat-rank?cityid=19&notitlebar=1&ranktype=3
辽宁省,大连市,沙河口区,大福饺子馆（新华街店）,辽宁省大连市沙河口区星海湾街道白山路与新华街交叉口东50米(白山路口东),4.3,50,鲅鱼饺子,省市区及街道已获取,已获取,榜单行政区/商圈归属,2606302,https://plat.dianping.com/app/femember-musteat-web/musteat-rank?cityid=19&notitlebar=1&ranktype=3,https://www.dianping.com/shop/2606302/photos/album,https://plat.dianping.com/app/femember-musteat-web/musteat-rank?cityid=19&notitlebar=1&ranktype=3
辽宁省,大连市,沙河口区,海之锤小油饼（锦绣店）,辽宁省大连市沙河口区李家街道锦绣路59-7号,4.3,77,海肠韭黄小油饼,省市区及街道已获取,已获取,榜单行政区/商圈归属,101931345,https://plat.dianping.com/app/femember-musteat-web/musteat-rank?cityid=19&notitlebar=1&ranktype=3,https://www.dianping.com/shop/101931345/photos/album,https://plat.dianping.com/app/femember-musteat-web/musteat-rank?cityid=19&notitlebar=1&ranktype=3
辽宁省,大连市,西岗区,野力肥牛火锅（新开路店）,辽宁省大连市西岗区新开路99号珠江国际大厦1-2楼,4.6,124,海鲜汁,省市区及街道已获取,已获取,榜单行政区/商圈归属,553122,https://plat.dianping.com/app/femember-musteat-web/musteat-rank?cityid=19&notitlebar=1&ranktype=3,https://www.dianping.com/shop/553122/photos/album,https://plat.dianping.com/app/femember-musteat-web/musteat-rank?cityid=19&notitlebar=1&ranktype=3
辽宁省,大连市,中山区,连芳酱油拉面,辽宁省大连市中山区玉光街61号,4.4,34,叉烧酱油拉面,省市区及街道已获取,已获取,榜单行政区/商圈归属,128490366,https://plat.dianping.com/app/femember-musteat-web/musteat-rank?cityid=19&notitlebar=1&ranktype=3,https://www.dianping.com/shop/128490366/photos/album,https://plat.dianping.com/app/femember-musteat-web/musteat-rank?cityid=19&notitlebar=1&ranktype=3
辽宁省,大连市,沙河口区,旅大印象·大连老菜馆·海胆三鲜焖子·海肠捞饭（星海店）,辽宁省大连市沙河口区中山路辰熙大厦A座4楼（近必胜客、罗森便利店右手边电梯）,4.8,98,海肠捞饭,省市区及街道已获取,已获取,榜单行政区/商圈归属,6187039,https://plat.dianping.com/app/femember-musteat-web/musteat-rank?cityid=19&notitlebar=1&ranktype=3,https://www.dianping.com/shop/6187039/photos/album,https://plat.dianping.com/app/femember-musteat-web/musteat-rank?cityid=19&notitlebar=1&ranktype=3
辽宁省,大连市,沙河口区,梦山水日本烧肉（五四广场店）,辽宁省大连市沙河口区长兴街137-139号富鸿国际大厦1楼（近五四广场）,4.3,70,三文鱼流心熔岩饭,省市区及街道已获取,已获取,榜单行政区/商圈归属,553301,https://plat.dianping.com/app/femember-musteat-web/musteat-rank?cityid=19&notitlebar=1&ranktype=3,https://www.dianping.com/shop/553301/photos/album,https://plat.dianping.com/app/femember-musteat-web/musteat-rank?cityid=19&notitlebar=1&ranktype=3
辽宁省,大连市,中山区,和膳家·烧鸟串·生鱼饭·料理（青泥友好店）,辽宁省大连市中山区昆明街40号,4.9,98,鸡提灯,省市区及街道已获取,已获取,榜单行政区/商圈归属,1480766788,https://plat.dianping.com/app/femember-musteat-web/musteat-rank?cityid=19&notitlebar=1&ranktype=3,https://www.dianping.com/shop/1480766788/photos/album,https://plat.dianping.com/app/femember-musteat-web/musteat-rank?cityid=19&notitlebar=1&ranktype=3
辽宁省,大连市,甘井子区,黄泥川·旅顺羊肉汤·大连地方菜（黄泥川店）,辽宁省大连市甘井子区龙王塘街道黄泥川村旅顺南路地铁12号线地铁站对面,4.7,63,羊汤,省市区及街道已获取,已获取,榜单行政区/商圈归属,18432647,https://plat.dianping.com/app/femember-musteat-web/musteat-rank?cityid=19&notitlebar=1&ranktype=3,https://www.dianping.com/shop/18432647/photos/album,https://plat.dianping.com/app/femember-musteat-web/musteat-rank?cityid=19&notitlebar=1&ranktype=3
辽宁省,大连市,中山区,海味当家·蒸锅海鲜（中山广场创始店）,辽宁省大连市中山区七一街57号,4.7,152,虾蟹海鲜粥,省市区及街道已获取,已获取,榜单行政区/商圈归属,27481199,https://plat.dianping.com/app/femember-musteat-web/musteat-rank?cityid=19&notitlebar=1&ranktype=3,https://www.dianping.com/shop/27481199/photos/album,https://plat.dianping.com/app/femember-musteat-web/musteat-rank?cityid=19&notitlebar=1&ranktype=3
辽宁省,大连市,金州区,浅草·鱼蔵日本料理（红梅店）,辽宁省大连市金州区松竹梅路太阳大厦1层商铺（槐城别墅对面）,4.8,166,【招牌】浅草招牌寿喜锅(两人前),省市区及街道已获取,已获取,榜单行政区/商圈归属,130954670,https://plat.dianping.com/app/femember-musteat-web/musteat-rank?cityid=19&notitlebar=1&ranktype=3,https://www.dianping.com/shop/130954670/photos/album,https://plat.dianping.com/app/femember-musteat-web/musteat-rank?cityid=19&notitlebar=1&ranktype=3
辽宁省,大连市,中山区,壮壮家常菜（南山店）,辽宁省大连市中山区解放街59号1层3号,4.4,66,干煸鱿鱼须,省市区及街道已获取,已获取,榜单行政区/商圈归属,1314634378,https://plat.dianping.com/app/femember-musteat-web/musteat-rank?cityid=19&notitlebar=1&ranktype=3,https://www.dianping.com/shop/1314634378/photos/album,https://plat.dianping.com/app/femember-musteat-web/musteat-rank?cityid=19&notitlebar=1&ranktype=3
辽宁省,大连市,中山区,干杯小木屋米酒店旗舰店,辽宁省大连市中山区七一街57号,4.7,86,火辣鸡爪,省市区及街道已获取,已获取,榜单行政区/商圈归属,76833808,https://plat.dianping.com/app/femember-musteat-web/musteat-rank?cityid=19&notitlebar=1&ranktype=3,https://www.dianping.com/shop/76833808/photos/album,https://plat.dianping.com/app/femember-musteat-web/musteat-rank?cityid=19&notitlebar=1&ranktype=3
山东省,青岛市,市南区,海燕小吃·海鲜家常菜,山东省青岛市市南区河南路25号101户,4.8,88,油泼比管,省市区及街道已获取,已获取,榜单行政区/商圈归属,65894165,https://plat.dianping.com/app/femember-musteat-web/musteat-rank?cityid=21&notitlebar=1&ranktype=3,https://www.dianping.com/shop/65894165/photos/album,https://plat.dianping.com/app/femember-musteat-web/musteat-rank?cityid=21&notitlebar=1&ranktype=3
山东省,青岛市,李沧区,京玉菲饭店（李村店）,山东省青岛市李沧区九水路60-78,4.6,79,京玉菲辣鸡爪,省市区及街道已获取,已获取,榜单行政区/商圈归属,5538561,https://plat.dianping.com/app/femember-musteat-web/musteat-rank?cityid=21&notitlebar=1&ranktype=3,https://www.dianping.com/shop/5538561/photos/album,https://plat.dianping.com/app/femember-musteat-web/musteat-rank?cityid=21&notitlebar=1&ranktype=3
山东省,青岛市,市南区,双合园·海鲜水饺青岛菜（金茂湾店）,"山东省青岛市市南区四川路23号金茂湾购物中心2楼,L201",4.7,73,老青岛大排,省市区及街道已获取,已获取,榜单行政区/商圈归属,98696134,https://plat.dianping.com/app/femember-musteat-web/musteat-rank?cityid=21&notitlebar=1&ranktype=3,https://www.dianping.com/shop/98696134/photos/album,https://plat.dianping.com/app/femember-musteat-web/musteat-rank?cityid=21&notitlebar=1&ranktype=3
山东省,青岛市,市南区,暖柿,山东省青岛市市南区闽江四路2号,4.9,82,墨西哥鸡肉薄饼,省市区及街道已获取,已获取,榜单行政区/商圈归属,715920069,https://plat.dianping.com/app/femember-musteat-web/musteat-rank?cityid=21&notitlebar=1&ranktype=3,https://www.dianping.com/shop/715920069/photos/album,https://plat.dianping.com/app/femember-musteat-web/musteat-rank?cityid=21&notitlebar=1&ranktype=3
山东省,青岛市,市南区,韩象烤肉·韩国料理（市南麦凯乐旗舰店）,山东省青岛市市南区漳州二路39号,4.8,83,牛五花(浇汁),省市区及街道已获取,已获取,榜单行政区/商圈归属,130943419,https://plat.dianping.com/app/femember-musteat-web/musteat-rank?cityid=21&notitlebar=1&ranktype=3,https://www.dianping.com/shop/130943419/photos/album,https://plat.dianping.com/app/femember-musteat-web/musteat-rank?cityid=21&notitlebar=1&ranktype=3
山东省,青岛市,市南区,Real&Safe 瑞福时食,山东省青岛市市南区江西路93号东一户,4.9,128,慢炖红汁牛肉,省市区及街道已获取,已获取,榜单行政区/商圈归属,955628078,https://plat.dianping.com/app/femember-musteat-web/musteat-rank?cityid=21&notitlebar=1&ranktype=3,https://www.dianping.com/shop/955628078/photos/album,https://plat.dianping.com/app/femember-musteat-web/musteat-rank?cityid=21&notitlebar=1&ranktype=3
山东省,青岛市,市北区,熔意蹄花火锅·海鲜（清江路店）,山东省青岛市市北区清江路1号,4.8,95,香辣蹄花鸳鸯锅,省市区及街道已获取,已获取,榜单行政区/商圈归属,69418594,https://plat.dianping.com/app/femember-musteat-web/musteat-rank?cityid=21&notitlebar=1&ranktype=3,https://www.dianping.com/shop/69418594/photos/album,https://plat.dianping.com/app/femember-musteat-web/musteat-rank?cityid=21&notitlebar=1&ranktype=3
山东省,青岛市,市北区,鑫复盛礼记酒店·青岛菜,山东省青岛市市北区黑龙江南路162号（国家白金五钻酒家）,4.7,117,流亭猪蹄,省市区及街道已获取,已获取,榜单行政区/商圈归属,93783071,https://plat.dianping.com/app/femember-musteat-web/musteat-rank?cityid=21&notitlebar=1&ranktype=3,https://www.dianping.com/shop/93783071/photos/album,https://plat.dianping.com/app/femember-musteat-web/musteat-rank?cityid=21&notitlebar=1&ranktype=3
山东省,青岛市,市北区,德贵和蒸饺（清水湾花园店）,山东省青岛市市北区南丰路25号-3户（水清沟地铁站A口步行490米）,4.6,32,牛肉蒸饺,省市区及街道已获取,已获取,榜单行政区/商圈归属,66698866,https://plat.dianping.com/app/femember-musteat-web/musteat-rank?cityid=21&notitlebar=1&ranktype=3,https://www.dianping.com/shop/66698866/photos/album,https://plat.dianping.com/app/femember-musteat-web/musteat-rank?cityid=21&notitlebar=1&ranktype=3
山东省,青岛市,市南区,厨大将烤肘子（嘉祥路店）,山东省青岛市市南区嘉祥路68号,4.8,67,大将烤肘子,省市区及街道已获取,已获取,榜单行政区/商圈归属,1840522429,https://plat.dianping.com/app/femember-musteat-web/musteat-rank?cityid=21&notitlebar=1&ranktype=3,https://www.dianping.com/shop/1840522429/photos/album,https://plat.dianping.com/app/femember-musteat-web/musteat-rank?cityid=21&notitlebar=1&ranktype=3
山东省,青岛市,市北区,北大荒人（辽阳西路店）,山东省青岛市市北区辽阳西路48号,4.6,68,锅包肉,省市区及街道已获取,已获取,榜单行政区/商圈归属,2326780,https://plat.dianping.com/app/femember-musteat-web/musteat-rank?cityid=21&notitlebar=1&ranktype=3,https://www.dianping.com/shop/2326780/photos/album,https://plat.dianping.com/app/femember-musteat-web/musteat-rank?cityid=21&notitlebar=1&ranktype=3
山东省,青岛市,崂山区,美达尔烧烤（银川东路店）,山东省青岛市崂山区银川东路33号（金岭新村29号楼西一号网点房、近国际会展中心）,4.4,89,电烤肉串,省市区及街道已获取,已获取,榜单行政区/商圈归属,2844844,https://plat.dianping.com/app/femember-musteat-web/musteat-rank?cityid=21&notitlebar=1&ranktype=3,https://www.dianping.com/shop/2844844/photos/album,https://plat.dianping.com/app/femember-musteat-web/musteat-rank?cityid=21&notitlebar=1&ranktype=3
山东省,青岛市,市南区,汤辰炖品·地道广东菜（海信广场店）,山东省青岛市市南区澳门路海信广场一期负一层星巴克斜对面,4.9,147,腊味煲仔饭,省市区及街道已获取,已获取,榜单行政区/商圈归属,131943138,https://plat.dianping.com/app/femember-musteat-web/musteat-rank?cityid=21&notitlebar=1&ranktype=3,https://www.dianping.com/shop/131943138/photos/album,https://plat.dianping.com/app/femember-musteat-web/musteat-rank?cityid=21&notitlebar=1&ranktype=3
山东省,青岛市,黄岛区,八两八金·莱芜特色炒鸡（峨眉山店）,山东省青岛市黄岛区峨眉山路241号,4.7,53,莱芜花椒鸡,省市区及街道已获取,已获取,榜单行政区/商圈归属,1682610540,https://plat.dianping.com/app/femember-musteat-web/musteat-rank?cityid=21&notitlebar=1&ranktype=3,https://www.dianping.com/shop/1682610540/photos/album,https://plat.dianping.com/app/femember-musteat-web/musteat-rank?cityid=21&notitlebar=1&ranktype=3
山东省,青岛市,城阳区,东门韩国烤肉·韩国料理（创始店）,山东省青岛市城阳区兴阳路247-7号水榭花都小区南,4.8,75,東門吾桑格,省市区及街道已获取,已获取,榜单行政区/商圈归属,129073965,https://plat.dianping.com/app/femember-musteat-web/musteat-rank?cityid=21&notitlebar=1&ranktype=3,https://www.dianping.com/shop/129073965/photos/album,https://plat.dianping.com/app/femember-musteat-web/musteat-rank?cityid=21&notitlebar=1&ranktype=3
山东省,青岛市,市南区,Mr匠蹄先生·小館（绍兴路店）,山东省青岛市市南区绍兴路21号,4.8,75,匠先生原味蹄,省市区及街道已获取,已获取,榜单行政区/商圈归属,751830642,https://plat.dianping.com/app/femember-musteat-web/musteat-rank?cityid=21&notitlebar=1&ranktype=3,https://www.dianping.com/shop/751830642/photos/album,https://plat.dianping.com/app/femember-musteat-web/musteat-rank?cityid=21&notitlebar=1&ranktype=3
山东省,青岛市,城阳区,三荣土俗村参鸡汤（1号店）,山东省青岛市城阳区兴阳路247-39号,4.8,81,原味参鸡汤,省市区及街道已获取,已获取,榜单行政区/商圈归属,22214326,https://plat.dianping.com/app/femember-musteat-web/musteat-rank?cityid=21&notitlebar=1&ranktype=3,https://www.dianping.com/shop/22214326/photos/album,https://plat.dianping.com/app/femember-musteat-web/musteat-rank?cityid=21&notitlebar=1&ranktype=3
山东省,青岛市,市南区,佳亭食堂（香港中路店）,山东省青岛市市南区香港中路141号乙（高雄路与香港中路交叉口平台）,4.8,124,树与鳗卷,省市区及街道已获取,已获取,榜单行政区/商圈归属,92071990,https://plat.dianping.com/app/femember-musteat-web/musteat-rank?cityid=21&notitlebar=1&ranktype=3,https://www.dianping.com/shop/92071990/photos/album,https://plat.dianping.com/app/femember-musteat-web/musteat-rank?cityid=21&notitlebar=1&ranktype=3
山东省,青岛市,市南区,鸭力山大暖夜小馆（市南店）,山东省青岛市市南区云霄路70号,4.6,51,绵软鸭肝,省市区及街道已获取,已获取,榜单行政区/商圈归属,1782587437,https://plat.dianping.com/app/femember-musteat-web/musteat-rank?cityid=21&notitlebar=1&ranktype=3,https://www.dianping.com/shop/1782587437/photos/album,https://plat.dianping.com/app/femember-musteat-web/musteat-rank?cityid=21&notitlebar=1&ranktype=3
山东省,青岛市,市南区,依海湾·30年手挑蒸鲜（奥帆中心店）,山东省青岛市市南区澳门路86号百丽广场西区126户（近奥帆中心5号门）,4.8,100,招牌一锅鲜,省市区及街道已获取,已获取,榜单行政区/商圈归属,18029795,https://plat.dianping.com/app/femember-musteat-web/musteat-rank?cityid=21&notitlebar=1&ranktype=3,https://www.dianping.com/shop/18029795/photos/album,https://plat.dianping.com/app/femember-musteat-web/musteat-rank?cityid=21&notitlebar=1&ranktype=3
山东省,济南市,历下区,老福耶小草帽石锅鱼（奥体店）,山东省济南市历下区经十路奥体中心8号入口左拐100米路南,4.7,101,招牌福汤,省市区及街道已获取,已获取,榜单行政区/商圈归属,74553138,https://plat.dianping.com/app/femember-musteat-web/musteat-rank?cityid=22&notitlebar=1&ranktype=3,https://www.dianping.com/shop/74553138/photos/album,https://plat.dianping.com/app/femember-musteat-web/musteat-rank?cityid=22&notitlebar=1&ranktype=3
山东省,济南市,历下区,鑫龙火锅城（环山路店）,山东省济南市历下区环山路43号,4.7,89,羊肉,省市区及街道已获取,已获取,榜单行政区/商圈归属,556342,https://plat.dianping.com/app/femember-musteat-web/musteat-rank?cityid=22&notitlebar=1&ranktype=3,https://www.dianping.com/shop/556342/photos/album,https://plat.dianping.com/app/femember-musteat-web/musteat-rank?cityid=22&notitlebar=1&ranktype=3
山东省,济南市,天桥区,魁盛居百年鲁菜馆（县西巷店）,山东省济南市天桥区县西巷都市丽人婚纱摄影对面,4.4,97,爆炒腰花,省市区及街道已获取,已获取,榜单行政区/商圈归属,1166874638,https://plat.dianping.com/app/femember-musteat-web/musteat-rank?cityid=22&notitlebar=1&ranktype=3,https://www.dianping.com/shop/1166874638/photos/album,https://plat.dianping.com/app/femember-musteat-web/musteat-rank?cityid=22&notitlebar=1&ranktype=3
山东省,济南市,槐荫区,梁记串串香（西市场店）,山东省济南市槐荫区经二路与纬九路交叉口南行50米路东,4.8,58,香菜牛肉,省市区及街道已获取,已获取,榜单行政区/商圈归属,110364185,https://plat.dianping.com/app/femember-musteat-web/musteat-rank?cityid=22&notitlebar=1&ranktype=3,https://www.dianping.com/shop/110364185/photos/album,https://plat.dianping.com/app/femember-musteat-web/musteat-rank?cityid=22&notitlebar=1&ranktype=3
山东省,济南市,市中区,清真·德兴顺（趵突泉店）,山东省济南市市中区共青团路12-1号（趵突泉北门西100米）,4.6,92,门钉肉饼,省市区及街道已获取,已获取,榜单行政区/商圈归属,1988042595,https://plat.dianping.com/app/femember-musteat-web/musteat-rank?cityid=22&notitlebar=1&ranktype=3,https://www.dianping.com/shop/1988042595/photos/album,https://plat.dianping.com/app/femember-musteat-web/musteat-rank?cityid=22&notitlebar=1&ranktype=3
山东省,济南市,历下区,内蒙焖面大盆骨餐馆（山大路店）,山东省济南市历下区山大路63-16号,4.6,28,内蒙焖面,省市区及街道已获取,已获取,榜单行政区/商圈归属,92773133,https://plat.dianping.com/app/femember-musteat-web/musteat-rank?cityid=22&notitlebar=1&ranktype=3,https://www.dianping.com/shop/92773133/photos/album,https://plat.dianping.com/app/femember-musteat-web/musteat-rank?cityid=22&notitlebar=1&ranktype=3
山东省,济南市,莱芜区,雪湖煜辰鱼头老店（雪野湖店）,山东省济南市莱芜区雪野街道邢家峪村雪野水库大桥北端100米路西,4.8,58,煎饼河虾,省市区及街道已获取,已获取,同店铺ID出现在榜单县级城市入口,95246430,https://plat.dianping.com/app/femember-musteat-web/musteat-rank?cityid=22&notitlebar=1&ranktype=3,https://www.dianping.com/shop/95246430/photos/album,https://plat.dianping.com/app/femember-musteat-web/musteat-rank?cityid=154&notitlebar=1&ranktype=3
山东省,济南市,槐荫区,笨鸡小跑·临沂炒鸡（印象济南店）,山东省济南市槐荫区印象济南泉世界3区14号2楼,4.8,74,临沂炖鸡（小公鸡中份）,省市区及街道已获取,已获取,榜单行政区/商圈归属,1868285427,https://plat.dianping.com/app/femember-musteat-web/musteat-rank?cityid=22&notitlebar=1&ranktype=3,https://www.dianping.com/shop/1868285427/photos/album,https://plat.dianping.com/app/femember-musteat-web/musteat-rank?cityid=22&notitlebar=1&ranktype=3
山东省,济南市,天桥区,小马扎大排档·小核桃炭烤肉（造纸厂总店）,山东省济南市天桥区少年路少年宫2号鲁丰造纸厂院内,4.7,102,鲜拌牛上脑,省市区及街道已获取,已获取,榜单行政区/商圈归属,938859159,https://plat.dianping.com/app/femember-musteat-web/musteat-rank?cityid=22&notitlebar=1&ranktype=3,https://www.dianping.com/shop/938859159/photos/album,https://plat.dianping.com/app/femember-musteat-web/musteat-rank?cityid=22&notitlebar=1&ranktype=3
山东省,济南市,市中区,鲁南仔·滕州炒鸡（经三路店）,山东省济南市市中区经三路133号（经三路与纬四路交叉口东北角）,4.7,61,招牌滕州辣子鸡,省市区及街道已获取,已获取,榜单行政区/商圈归属,38329294,https://plat.dianping.com/app/femember-musteat-web/musteat-rank?cityid=22&notitlebar=1&ranktype=3,https://www.dianping.com/shop/38329294/photos/album,https://plat.dianping.com/app/femember-musteat-web/musteat-rank?cityid=22&notitlebar=1&ranktype=3
山东省,济南市,槐荫区,楼兰香西域抓饭（纬七路店）,山东省济南市槐荫区经三纬七路21号院,4.8,34,羊排抓饭,省市区及街道已获取,已获取,榜单行政区/商圈归属,66787605,https://plat.dianping.com/app/femember-musteat-web/musteat-rank?cityid=22&notitlebar=1&ranktype=3,https://www.dianping.com/shop/66787605/photos/album,https://plat.dianping.com/app/femember-musteat-web/musteat-rank?cityid=22&notitlebar=1&ranktype=3
山东省,济南市,历下区,教师之家赵家羊汤馆（东青龙街店）,山东省济南市历下区东青龙街15号,4.3,35,羊肉汤,省市区及街道已获取,已获取,榜单行政区/商圈归属,4103152,https://plat.dianping.com/app/femember-musteat-web/musteat-rank?cityid=22&notitlebar=1&ranktype=3,https://www.dianping.com/shop/4103152/photos/album,https://plat.dianping.com/app/femember-musteat-web/musteat-rank?cityid=22&notitlebar=1&ranktype=3
山东省,济南市,历城区,双新刘记烤饼,山东省济南市历城区洪翔路62号,4.7,19,梅菜鲜肉烤饼,省市区及街道已获取,已获取,榜单行政区/商圈归属,111967564,https://plat.dianping.com/app/femember-musteat-web/musteat-rank?cityid=22&notitlebar=1&ranktype=3,https://www.dianping.com/shop/111967564/photos/album,https://plat.dianping.com/app/femember-musteat-web/musteat-rank?cityid=22&notitlebar=1&ranktype=3
山东省,济南市,章丘区,垛庄老靳家炒鸡•铁锅炖（双山街道福安路店）,山东省济南市章丘区福安路杨胡市场6-15号,4.7,62,经典酱香炒鸡,省市区及街道已获取,已获取,同店铺ID出现在榜单县级城市入口,1340744311,https://plat.dianping.com/app/femember-musteat-web/musteat-rank?cityid=22&notitlebar=1&ranktype=3,https://www.dianping.com/shop/1340744311/photos/album,https://plat.dianping.com/app/femember-musteat-web/musteat-rank?cityid=1118&notitlebar=1&ranktype=3
山东省,济南市,天桥区,刘小忙把子肉（北园大街总店）,山东省济南市天桥区北园大街502-6号,4.6,25,把子肉,省市区及街道已获取,已获取,榜单行政区/商圈归属,113886395,https://plat.dianping.com/app/femember-musteat-web/musteat-rank?cityid=22&notitlebar=1&ranktype=3,https://www.dianping.com/shop/113886395/photos/album,https://plat.dianping.com/app/femember-musteat-web/musteat-rank?cityid=22&notitlebar=1&ranktype=3
山东省,济南市,天桥区,湖南文氏湘菜馆（顺河高架路店）,山东省济南市天桥区北园大街389号齐鲁国际美食广场B区18号,4.3,75,双色鱼头,省市区及街道已获取,已获取,榜单行政区/商圈归属,3454021,https://plat.dianping.com/app/femember-musteat-web/musteat-rank?cityid=22&notitlebar=1&ranktype=3,https://www.dianping.com/shop/3454021/photos/album,https://plat.dianping.com/app/femember-musteat-web/musteat-rank?cityid=22&notitlebar=1&ranktype=3
山东省,济南市,天桥区,秦记火烧（济南供电局第二宿舍店）,山东省济南市天桥区铜元局前街31号,4.4,10,麻酱糖烧饼,省市区及街道已获取,已获取,榜单行政区/商圈归属,6253117,https://plat.dianping.com/app/femember-musteat-web/musteat-rank?cityid=22&notitlebar=1&ranktype=3,https://www.dianping.com/shop/6253117/photos/album,https://plat.dianping.com/app/femember-musteat-web/musteat-rank?cityid=22&notitlebar=1&ranktype=3
山东省,济南市,槐荫区,陈氏肥蛤（小纬六路总店）,山东省济南市槐荫区小纬六路165号,4.7,92,甜麻肥蛤,省市区及街道已获取,已获取,榜单行政区/商圈归属,17710759,https://plat.dianping.com/app/femember-musteat-web/musteat-rank?cityid=22&notitlebar=1&ranktype=3,https://www.dianping.com/shop/17710759/photos/album,https://plat.dianping.com/app/femember-musteat-web/musteat-rank?cityid=22&notitlebar=1&ranktype=3
山东省,济南市,历下区,罗氏江上渔家铁锅炖鱼（经十路店）,山东省济南市历下区第一大道2号经十路与环山路交叉路口东南侧,4.8,74,干豆角,省市区及街道已获取,已获取,榜单行政区/商圈归属,790382757,https://plat.dianping.com/app/femember-musteat-web/musteat-rank?cityid=22&notitlebar=1&ranktype=3,https://www.dianping.com/shop/790382757/photos/album,https://plat.dianping.com/app/femember-musteat-web/musteat-rank?cityid=22&notitlebar=1&ranktype=3
山东省,济南市,历下区,老济南四合院·正宗鲁菜（朝山街店）,"山东省济南市历下区朝山街43-1号2楼（距离千佛山10分钟,距离趵突泉5分钟,距离泉城广场4分钟）",4.6,74,特色炒鸡,省市区及街道已获取,已获取,榜单行政区/商圈归属,94017884,https://plat.dianping.com/app/femember-musteat-web/musteat-rank?cityid=22&notitlebar=1&ranktype=3,https://www.dianping.com/shop/94017884/photos/album,https://plat.dianping.com/app/femember-musteat-web/musteat-rank?cityid=22&notitlebar=1&ranktype=3
海南省,海口市,美兰区,椰源•原味椰子鸡（银谷苑店）,海南省海口市美兰区海甸岛银谷苑商铺第一层110号商铺,4.8,89,原味椰子鸡,省市区及街道已获取,已获取,榜单行政区/商圈归属,16001838,https://plat.dianping.com/app/femember-musteat-web/musteat-rank?cityid=23&notitlebar=1&ranktype=3,https://www.dianping.com/shop/16001838/photos/album,https://plat.dianping.com/app/femember-musteat-web/musteat-rank?cityid=23&notitlebar=1&ranktype=3
海南省,海口市,龙华区,青石烧烤（玉沙国际店）,海南省海口市龙华区玉沙路玉沙国际一楼101商铺,4.3,83,原味羊肉串,省市区及街道已获取,已获取,榜单行政区/商圈归属,98456421,https://plat.dianping.com/app/femember-musteat-web/musteat-rank?cityid=23&notitlebar=1&ranktype=3,https://www.dianping.com/shop/98456421/photos/album,https://plat.dianping.com/app/femember-musteat-web/musteat-rank?cityid=23&notitlebar=1&ranktype=3
海南省,海口市,龙华区,符姐金牌海南粉（龙华店）,海南省海口市龙华区龙华路22号（喜来咖啡旁）,4.3,17,招牌海南粉,省市区及街道已获取,已获取,榜单行政区/商圈归属,921159315,https://plat.dianping.com/app/femember-musteat-web/musteat-rank?cityid=23&notitlebar=1&ranktype=3,https://www.dianping.com/shop/921159315/photos/album,https://plat.dianping.com/app/femember-musteat-web/musteat-rank?cityid=23&notitlebar=1&ranktype=3
海南省,海口市,龙华区,聚福安·传统老爸茶（大英店）,海南省海口市龙华区海府街道大英路69号嘉茂大厦2楼,4.4,65,酱汁凤爪,省市区及街道已获取,已获取,榜单行政区/商圈归属,1232645852,https://plat.dianping.com/app/femember-musteat-web/musteat-rank?cityid=23&notitlebar=1&ranktype=3,https://www.dianping.com/shop/1232645852/photos/album,https://plat.dianping.com/app/femember-musteat-web/musteat-rank?cityid=23&notitlebar=1&ranktype=3
海南省,海口市,龙华区,鸽先生（世贸店）,海南省海口市龙华区金贸西路1号富丽花园1楼铺面,4.5,86,全鸽养生汤,省市区及街道已获取,已获取,榜单行政区/商圈归属,50759012,https://plat.dianping.com/app/femember-musteat-web/musteat-rank?cityid=23&notitlebar=1&ranktype=3,https://www.dianping.com/shop/50759012/photos/album,https://plat.dianping.com/app/femember-musteat-web/musteat-rank?cityid=23&notitlebar=1&ranktype=3
海南省,海口市,美兰区,六味牛杂煲·斋菜煲（桫椤湾店）,海南省海口市美兰区国兴大道63号桫椤湾艺术风情街一楼中间天桥3号电梯古茗旁边走进去15米,4.6,56,招牌牛杂煲（糟粕醋）,省市区及街道已获取,已获取,榜单行政区/商圈归属,1657141917,https://plat.dianping.com/app/femember-musteat-web/musteat-rank?cityid=23&notitlebar=1&ranktype=3,https://www.dianping.com/shop/1657141917/photos/album,https://plat.dianping.com/app/femember-musteat-web/musteat-rank?cityid=23&notitlebar=1&ranktype=3
海南省,海口市,龙华区,武国四物椰鸡·文昌鸡养生餐厅（海控国际店）,海南省海口市龙华区滨海大道109-9号海控国际广场C座1层011号铺位（希尔顿酒店后门）,4.7,103,四物椰鸡,省市区及街道已获取,已获取,榜单行政区/商圈归属,124300773,https://plat.dianping.com/app/femember-musteat-web/musteat-rank?cityid=23&notitlebar=1&ranktype=3,https://www.dianping.com/shop/124300773/photos/album,https://plat.dianping.com/app/femember-musteat-web/musteat-rank?cityid=23&notitlebar=1&ranktype=3
海南省,海口市,龙华区,东就鸭饭店·古早海南菜（滨海店）,海南省海口市龙华区滨海大道20-8号滨海阳光,4.4,77,鲍汁手工黑豆腐,省市区及街道已获取,已获取,榜单行政区/商圈归属,2097502,https://plat.dianping.com/app/femember-musteat-web/musteat-rank?cityid=23&notitlebar=1&ranktype=3,https://www.dianping.com/shop/2097502/photos/album,https://plat.dianping.com/app/femember-musteat-web/musteat-rank?cityid=23&notitlebar=1&ranktype=3
海南省,海口市,美兰区,海岛八号龙虾烧烤田鸡（蓝天路总店）,海南省海口市美兰区蓝天路35号韦豪温泉酒店（正门左侧泳池旁铺面）,4.6,89,蒜蓉小龙虾（大份）,省市区及街道已获取,已获取,榜单行政区/商圈归属,18683741,https://plat.dianping.com/app/femember-musteat-web/musteat-rank?cityid=23&notitlebar=1&ranktype=3,https://www.dianping.com/shop/18683741/photos/album,https://plat.dianping.com/app/femember-musteat-web/musteat-rank?cityid=23&notitlebar=1&ranktype=3
海南省,海口市,龙华区,虾焖虾面（义龙后路店）,海南省海口市龙华区义龙后路11号,4.2,24,秘酱双大虾牛肉鲜贝鸡蛋焖面,省市区及街道已获取,已获取,榜单行政区/商圈归属,1344194898,https://plat.dianping.com/app/femember-musteat-web/musteat-rank?cityid=23&notitlebar=1&ranktype=3,https://www.dianping.com/shop/1344194898/photos/album,https://plat.dianping.com/app/femember-musteat-web/musteat-rank?cityid=23&notitlebar=1&ranktype=3
海南省,海口市,秀英区,牛局别馆·日式烧肉（远大购物中心店）,海南省海口市秀英区长滨四路7号远大购物中心北馆5F,4.6,120,雪酪,省市区及街道已获取,已获取,榜单行政区/商圈归属,896224127,https://plat.dianping.com/app/femember-musteat-web/musteat-rank?cityid=23&notitlebar=1&ranktype=3,https://www.dianping.com/shop/896224127/photos/album,https://plat.dianping.com/app/femember-musteat-web/musteat-rank?cityid=23&notitlebar=1&ranktype=3
海南省,海口市,美兰区,湘惠馆•湖南家宴（海甸岛店）,海南省海口市美兰区人民大道39号南苑大厦1-2楼,4.4,71,松涛水库双椒大鱼头,省市区及街道已获取,已获取,榜单行政区/商圈归属,2190931,https://plat.dianping.com/app/femember-musteat-web/musteat-rank?cityid=23&notitlebar=1&ranktype=3,https://www.dianping.com/shop/2190931/photos/album,https://plat.dianping.com/app/femember-musteat-web/musteat-rank?cityid=23&notitlebar=1&ranktype=3
海南省,海口市,龙华区,正哥点心专家（上邦百汇城店）,海南省海口市龙华区龙华路上邦百汇城2号楼3层,4.3,62,传统酱香蒸凤爪,省市区及街道已获取,已获取,榜单行政区/商圈归属,98227719,https://plat.dianping.com/app/femember-musteat-web/musteat-rank?cityid=23&notitlebar=1&ranktype=3,https://www.dianping.com/shop/98227719/photos/album,https://plat.dianping.com/app/femember-musteat-web/musteat-rank?cityid=23&notitlebar=1&ranktype=3
海南省,海口市,美兰区,东记清补凉（五指山店）,海南省海口市美兰区五指山路11院,4.3,15,椰奶清补凉,省市区及街道已获取,已获取,榜单行政区/商圈归属,23013830,https://plat.dianping.com/app/femember-musteat-web/musteat-rank?cityid=23&notitlebar=1&ranktype=3,https://www.dianping.com/shop/23013830/photos/album,https://plat.dianping.com/app/femember-musteat-web/musteat-rank?cityid=23&notitlebar=1&ranktype=3
海南省,海口市,龙华区,海南·白切世家 · 海南菜（骑楼老街店）,海南省海口市龙华区骑楼老街水巷口50号（水巷口街海边宽宽隔壁）,4.4,87,大椰白切文昌鸡,省市区及街道已获取,已获取,榜单行政区/商圈归属,1541738424,https://plat.dianping.com/app/femember-musteat-web/musteat-rank?cityid=23&notitlebar=1&ranktype=3,https://www.dianping.com/shop/1541738424/photos/album,https://plat.dianping.com/app/femember-musteat-web/musteat-rank?cityid=23&notitlebar=1&ranktype=3
海南省,海口市,龙华区,吴记后安粉汤店（龙华NO.1店）,海南省海口市龙华区龙华路龙华商业城B幢第三间(近龙华商城),4,20,后安粉,省市区及街道已获取,已获取,榜单行政区/商圈归属,9902562,https://plat.dianping.com/app/femember-musteat-web/musteat-rank?cityid=23&notitlebar=1&ranktype=3,https://www.dianping.com/shop/9902562/photos/album,https://plat.dianping.com/app/femember-musteat-web/musteat-rank?cityid=23&notitlebar=1&ranktype=3
海南省,海口市,琼山区,筑下栖食（城西路店）,海南省海口市琼山区城西路1号（栖酒店一楼）,4.6,89,有机蔬菜可颂,省市区及街道已获取,已获取,榜单行政区/商圈归属,127373776,https://plat.dianping.com/app/femember-musteat-web/musteat-rank?cityid=23&notitlebar=1&ranktype=3,https://www.dianping.com/shop/127373776/photos/album,https://plat.dianping.com/app/femember-musteat-web/musteat-rank?cityid=23&notitlebar=1&ranktype=3
海南省,海口市,美兰区,牛排王糟粕醋火锅（海甸分店）,海南省海口市美兰区海甸二东路水岸星城A区首层铺面（邮政银行斜对面）,4.1,123,糟粕醋火锅,省市区及街道已获取,已获取,榜单行政区/商圈归属,22744442,https://plat.dianping.com/app/femember-musteat-web/musteat-rank?cityid=23&notitlebar=1&ranktype=3,https://www.dianping.com/shop/22744442/photos/album,https://plat.dianping.com/app/femember-musteat-web/musteat-rank?cityid=23&notitlebar=1&ranktype=3
河北省,石家庄市,裕华区,两益李记·牛汤饸饹（雅清街店）,河北省石家庄市裕华区雅清街藏龙福地20号底商,4.8,47,招牌牛汤饸饹,省市区及街道已获取,已获取,榜单行政区/商圈归属,104090641,https://plat.dianping.com/app/femember-musteat-web/musteat-rank?cityid=24&notitlebar=1&ranktype=3,https://www.dianping.com/shop/104090641/photos/album,https://plat.dianping.com/app/femember-musteat-web/musteat-rank?cityid=24&notitlebar=1&ranktype=3
河北省,石家庄市,长安区,胡家大厨（建北店）,河北省石家庄市长安区建设北大街223号,4.8,72,一品神仙鸡,省市区及街道已获取,已获取,榜单行政区/商圈归属,132848910,https://plat.dianping.com/app/femember-musteat-web/musteat-rank?cityid=24&notitlebar=1&ranktype=3,https://www.dianping.com/shop/132848910/photos/album,https://plat.dianping.com/app/femember-musteat-web/musteat-rank?cityid=24&notitlebar=1&ranktype=3
河北省,石家庄市,长安区,仙品龙虾（总店）,河北省石家庄市长安区阜康街道平安北大街与和平东路交口北行200米路西(阿尔卡迪亚荣盛广场对面),4.7,133,蒜蓉小龙虾,省市区及街道已获取,已获取,榜单行政区/商圈归属,23098635,https://plat.dianping.com/app/femember-musteat-web/musteat-rank?cityid=24&notitlebar=1&ranktype=3,https://www.dianping.com/shop/23098635/photos/album,https://plat.dianping.com/app/femember-musteat-web/musteat-rank?cityid=24&notitlebar=1&ranktype=3
河北省,石家庄市,桥西区,绣莲小镇（休门店）,河北省石家庄市桥西区四中路16号中国盒子1号商铺,4.9,92,贵州凯里特色酸汤鱼,省市区及街道已获取,已获取,榜单行政区/商圈归属,6298466,https://plat.dianping.com/app/femember-musteat-web/musteat-rank?cityid=24&notitlebar=1&ranktype=3,https://www.dianping.com/shop/6298466/photos/album,https://plat.dianping.com/app/femember-musteat-web/musteat-rank?cityid=24&notitlebar=1&ranktype=3
河北省,石家庄市,桥西区,石门老街纸皮馅饼·融合菜（维明店）,河北省石家庄市桥西区维明南大街355号盛世华庭竹溪园西门自南向北第25间,4.7,43,牛肉圆葱馅饼,省市区及街道已获取,已获取,榜单行政区/商圈归属,92050261,https://plat.dianping.com/app/femember-musteat-web/musteat-rank?cityid=24&notitlebar=1&ranktype=3,https://www.dianping.com/shop/92050261/photos/album,https://plat.dianping.com/app/femember-musteat-web/musteat-rank?cityid=24&notitlebar=1&ranktype=3
河北省,石家庄市,长安区,天府小吃荟·川菜·小吃（勒泰店）,河北省石家庄市长安区中山东路勒泰中心庄里街四楼,4.8,34,陈皮红豆沙,省市区及街道已获取,已获取,榜单行政区/商圈归属,67215179,https://plat.dianping.com/app/femember-musteat-web/musteat-rank?cityid=24&notitlebar=1&ranktype=3,https://www.dianping.com/shop/67215179/photos/album,https://plat.dianping.com/app/femember-musteat-web/musteat-rank?cityid=24&notitlebar=1&ranktype=3
河北省,石家庄市,正定县,马记羊汤（中山西路店）,河北省石家庄市正定县恒州南街250号,4.4,40,羊汤,省市区及街道已获取,已获取,同店铺ID出现在榜单县级城市入口,23164578,https://plat.dianping.com/app/femember-musteat-web/musteat-rank?cityid=24&notitlebar=1&ranktype=3,https://www.dianping.com/shop/23164578/photos/album,https://plat.dianping.com/app/femember-musteat-web/musteat-rank?cityid=445&notitlebar=1&ranktype=3
河北省,石家庄市,长安区,金山菜馆饺子酒（富强店）,河北省石家庄市长安区裕华东路96号,4.6,59,金山熏脊骨,省市区及街道已获取,已获取,榜单行政区/商圈归属,8840016,https://plat.dianping.com/app/femember-musteat-web/musteat-rank?cityid=24&notitlebar=1&ranktype=3,https://www.dianping.com/shop/8840016/photos/album,https://plat.dianping.com/app/femember-musteat-web/musteat-rank?cityid=24&notitlebar=1&ranktype=3
河北省,石家庄市,新华区,石门侯·石门馄饨侯（革新北街店）,河北省石家庄市新华区革新北街与维明北大街交叉口东行50米路北,4.7,15,小鲜肉馄饨,省市区及街道已获取,已获取,榜单行政区/商圈归属,80276918,https://plat.dianping.com/app/femember-musteat-web/musteat-rank?cityid=24&notitlebar=1&ranktype=3,https://www.dianping.com/shop/80276918/photos/album,https://plat.dianping.com/app/femember-musteat-web/musteat-rank?cityid=24&notitlebar=1&ranktype=3
河北省,石家庄市,桥西区,小放牛河北菜（北国商城店）,河北省石家庄市桥西区中山东路与建设南大街交叉口北国商城西扩8楼,4.8,67,神仙鸡大份,省市区及街道已获取,已获取,榜单行政区/商圈归属,22313423,https://plat.dianping.com/app/femember-musteat-web/musteat-rank?cityid=24&notitlebar=1&ranktype=3,https://www.dianping.com/shop/22313423/photos/album,https://plat.dianping.com/app/femember-musteat-web/musteat-rank?cityid=24&notitlebar=1&ranktype=3
河北省,石家庄市,长安区,伊茉家的烤肉店（勒泰中心店）,河北省石家庄市长安区中山东路39号勒泰中心2层庄里街,4.8,95,坛子牛排,省市区及街道已获取,已获取,榜单行政区/商圈归属,92870369,https://plat.dianping.com/app/femember-musteat-web/musteat-rank?cityid=24&notitlebar=1&ranktype=3,https://www.dianping.com/shop/92870369/photos/album,https://plat.dianping.com/app/femember-musteat-web/musteat-rank?cityid=24&notitlebar=1&ranktype=3
河北省,石家庄市,裕华区,褚小白·烧烤铜锅涮,河北省石家庄市裕华区祁连街与海河道交口南行50米路西,4.7,74,铜锅涮,省市区及街道已获取,已获取,榜单行政区/商圈归属,98716834,https://plat.dianping.com/app/femember-musteat-web/musteat-rank?cityid=24&notitlebar=1&ranktype=3,https://www.dianping.com/shop/98716834/photos/album,https://plat.dianping.com/app/femember-musteat-web/musteat-rank?cityid=24&notitlebar=1&ranktype=3
河北省,石家庄市,桥西区,孙大厨鸽子馆（自强店）,河北省石家庄市桥西区中华南大街与自强路交叉口西行200米路北中山体育馆一层（中交财富大厦正对面）,4.7,91,脆皮鸽子,省市区及街道已获取,已获取,榜单行政区/商圈归属,3482293,https://plat.dianping.com/app/femember-musteat-web/musteat-rank?cityid=24&notitlebar=1&ranktype=3,https://www.dianping.com/shop/3482293/photos/album,https://plat.dianping.com/app/femember-musteat-web/musteat-rank?cityid=24&notitlebar=1&ranktype=3
河北省,石家庄市,新华区,巴适猪阿朱串串锅（兴凯路店）,河北省石家庄市新华区北荣街与兴凯路交叉口西行50米路南,4.6,62,牛肉,省市区及街道已获取,已获取,榜单行政区/商圈归属,96495530,https://plat.dianping.com/app/femember-musteat-web/musteat-rank?cityid=24&notitlebar=1&ranktype=3,https://www.dianping.com/shop/96495530/photos/album,https://plat.dianping.com/app/femember-musteat-web/musteat-rank?cityid=24&notitlebar=1&ranktype=3
河北省,石家庄市,正定县,回真楼（东门店）,河北省石家庄市正定县正定镇旺泉南街与卫前路交叉口西北角(旺泉南街17-18号旺泉古街南头),4.5,66,铁锅炖,省市区及街道已获取,已获取,同店铺ID出现在榜单县级城市入口,4024756,https://plat.dianping.com/app/femember-musteat-web/musteat-rank?cityid=24&notitlebar=1&ranktype=3,https://www.dianping.com/shop/4024756/photos/album,https://plat.dianping.com/app/femember-musteat-web/musteat-rank?cityid=445&notitlebar=1&ranktype=3
河北省,石家庄市,桥西区,藕巷餐厅（南小街店）,河北省石家庄市桥西区金裕花园底商1-115号,4.8,59,麻香茄子,省市区及街道已获取,已获取,榜单行政区/商圈归属,97780364,https://plat.dianping.com/app/femember-musteat-web/musteat-rank?cityid=24&notitlebar=1&ranktype=3,https://www.dianping.com/shop/97780364/photos/album,https://plat.dianping.com/app/femember-musteat-web/musteat-rank?cityid=24&notitlebar=1&ranktype=3
河北省,石家庄市,裕华区,张记聚福楼（青园街店）,河北省石家庄市裕华区青园街与槐中路交口南行100米路西（亚太酒店对面）,4.7,53,东北锅包肉,省市区及街道已获取,已获取,榜单行政区/商圈归属,4676855,https://plat.dianping.com/app/femember-musteat-web/musteat-rank?cityid=24&notitlebar=1&ranktype=3,https://www.dianping.com/shop/4676855/photos/album,https://plat.dianping.com/app/femember-musteat-web/musteat-rank?cityid=24&notitlebar=1&ranktype=3
河北省,石家庄市,长安区,明月斋清真饭店,河北省石家庄市长安区跃进街道和平东路与谈固大街交叉口西50米路北(石化加油站东10米),4.4,62,炸羊排（小份）,省市区及街道已获取,已获取,榜单行政区/商圈归属,19605961,https://plat.dianping.com/app/femember-musteat-web/musteat-rank?cityid=24&notitlebar=1&ranktype=3,https://www.dianping.com/shop/19605961/photos/album,https://plat.dianping.com/app/femember-musteat-web/musteat-rank?cityid=24&notitlebar=1&ranktype=3
河北省,石家庄市,桥西区,热河食府（中山路店）,河北省石家庄市桥西区中山西路石家庄气象局东300米,4.8,76,皇家御品锅,省市区及街道已获取,已获取,榜单行政区/商圈归属,2164186,https://plat.dianping.com/app/femember-musteat-web/musteat-rank?cityid=24&notitlebar=1&ranktype=3,https://www.dianping.com/shop/2164186/photos/album,https://plat.dianping.com/app/femember-musteat-web/musteat-rank?cityid=24&notitlebar=1&ranktype=3
河北省,石家庄市,桥西区,皖尊一头牛板面（总店）,河北省石家庄市桥西区泰丰观湖东门南行50米路西底商101-102,4.4,22,招牌板面,省市区及街道已获取,已获取,榜单行政区/商圈归属,651076735,https://plat.dianping.com/app/femember-musteat-web/musteat-rank?cityid=24&notitlebar=1&ranktype=3,https://www.dianping.com/shop/651076735/photos/album,https://plat.dianping.com/app/femember-musteat-web/musteat-rank?cityid=24&notitlebar=1&ranktype=3
河北省,唐山市,路北区,久久餐厅（西山道店）,河北省唐山市路北区西山道99号,4.2,54,土匪猪肝,省市区及街道已获取,已获取,榜单行政区/商圈归属,2467027,https://plat.dianping.com/app/femember-musteat-web/musteat-rank?cityid=25&notitlebar=1&ranktype=3,https://www.dianping.com/shop/2467027/photos/album,https://plat.dianping.com/app/femember-musteat-web/musteat-rank?cityid=25&notitlebar=1&ranktype=3
河北省,唐山市,路北区,祥合顺干烧鱼（建华西道店）,河北省唐山市路北区建华道与华岩路交口南行100米路西,4.4,62,祥合顺干烧鱼,省市区及街道已获取,已获取,榜单行政区/商圈归属,15667636,https://plat.dianping.com/app/femember-musteat-web/musteat-rank?cityid=25&notitlebar=1&ranktype=3,https://www.dianping.com/shop/15667636/photos/album,https://plat.dianping.com/app/femember-musteat-web/musteat-rank?cityid=25&notitlebar=1&ranktype=3
河北省,唐山市,路北区,凤凰园·脆皮鸽子·花椒肉·唐山菜（铂悦山店）,河北省唐山市路北区大里北路与长虹西道交汇处东行100米,4.3,75,花椒肉,省市区及街道已获取,已获取,榜单行政区/商圈归属,93345621,https://plat.dianping.com/app/femember-musteat-web/musteat-rank?cityid=25&notitlebar=1&ranktype=3,https://www.dianping.com/shop/93345621/photos/album,https://plat.dianping.com/app/femember-musteat-web/musteat-rank?cityid=25&notitlebar=1&ranktype=3
河北省,唐山市,路北区,清真唐羴肉饼（煤医道店）,河北省唐山市路北区西北井小区东门第一间,4,44,特色肉饼,省市区及街道已获取,已获取,榜单行政区/商圈归属,1871393688,https://plat.dianping.com/app/femember-musteat-web/musteat-rank?cityid=25&notitlebar=1&ranktype=3,https://www.dianping.com/shop/1871393688/photos/album,https://plat.dianping.com/app/femember-musteat-web/musteat-rank?cityid=25&notitlebar=1&ranktype=3
河北省,唐山市,路北区,桃源村铁锅炖（华岩路店）,河北省唐山市路北区是华岩路与裕丰街交口北行50米路西,4.7,52,铁锅炖鱼,省市区及街道已获取,已获取,榜单行政区/商圈归属,1995978082,https://plat.dianping.com/app/femember-musteat-web/musteat-rank?cityid=25&notitlebar=1&ranktype=3,https://www.dianping.com/shop/1995978082/photos/album,https://plat.dianping.com/app/femember-musteat-web/musteat-rank?cityid=25&notitlebar=1&ranktype=3
河北省,唐山市,路北区,圣炙烤宴·鲜肉炭烤（爱琴海店）,河北省唐山市路北区卫国路18-1号,4.6,59,羊肉串烤串,省市区及街道已获取,已获取,榜单行政区/商圈归属,50445453,https://plat.dianping.com/app/femember-musteat-web/musteat-rank?cityid=25&notitlebar=1&ranktype=3,https://www.dianping.com/shop/50445453/photos/album,https://plat.dianping.com/app/femember-musteat-web/musteat-rank?cityid=25&notitlebar=1&ranktype=3
河北省,唐山市,路北区,刘家大院（建华东道店）,河北省唐山市路北区建华道与龙泽路交叉口东行200米路北,4,54,麻酱大拉皮,省市区及街道已获取,已获取,榜单行政区/商圈归属,75700328,https://plat.dianping.com/app/femember-musteat-web/musteat-rank?cityid=25&notitlebar=1&ranktype=3,https://www.dianping.com/shop/75700328/photos/album,https://plat.dianping.com/app/femember-musteat-web/musteat-rank?cityid=25&notitlebar=1&ranktype=3
河北省,唐山市,路南区,唐山宴大唐州府精品中餐,河北省唐山市路南区学院南路唐山宴3楼,4.1,103,泉水豆腐,省市区及街道已获取,已获取,榜单行政区/商圈归属,131660035,https://plat.dianping.com/app/femember-musteat-web/musteat-rank?cityid=25&notitlebar=1&ranktype=3,https://www.dianping.com/shop/131660035/photos/album,https://plat.dianping.com/app/femember-musteat-web/musteat-rank?cityid=25&notitlebar=1&ranktype=3
河北省,唐山市,路北区,第一驴.经典老菜.家常菜.火锅（友谊路店）,河北省唐山市路北区友谊路与翔云道交叉口南行50米路西,4.2,61,驴肉蒸饺,省市区及街道已获取,已获取,榜单行政区/商圈归属,80618417,https://plat.dianping.com/app/femember-musteat-web/musteat-rank?cityid=25&notitlebar=1&ranktype=3,https://www.dianping.com/shop/80618417/photos/album,https://plat.dianping.com/app/femember-musteat-web/musteat-rank?cityid=25&notitlebar=1&ranktype=3
河北省,秦皇岛市,海港区,一万金麻辣小龙虾,河北省秦皇岛市海港区光华路51号（红桥市场）,4.4,94,蒜香小龙虾,省市区及街道已获取,已获取,榜单行政区/商圈归属,19361953,https://plat.dianping.com/app/femember-musteat-web/musteat-rank?cityid=26&notitlebar=1&ranktype=3,https://www.dianping.com/shop/19361953/photos/album,https://plat.dianping.com/app/femember-musteat-web/musteat-rank?cityid=26&notitlebar=1&ranktype=3
河北省,秦皇岛市,海港区,赶海部落海鲜城（海阳路店）,河北省秦皇岛市海港区海阳路219号,4.4,100,活八爪鱼炖红烧肉,省市区及街道已获取,已获取,榜单行政区/商圈归属,563810,https://plat.dianping.com/app/femember-musteat-web/musteat-rank?cityid=26&notitlebar=1&ranktype=3,https://www.dianping.com/shop/563810/photos/album,https://plat.dianping.com/app/femember-musteat-web/musteat-rank?cityid=26&notitlebar=1&ranktype=3
河北省,秦皇岛市,,铁饭碗火锅老店（庐山路店）,河北省秦皇岛市庐山路19号,4.8,77,羔羊肉,区县或街道未核实,已获取,区县未核实,24635036,https://plat.dianping.com/app/femember-musteat-web/musteat-rank?cityid=26&notitlebar=1&ranktype=3,https://www.dianping.com/shop/24635036/photos/album,https://plat.dianping.com/app/femember-musteat-web/musteat-rank?cityid=26&notitlebar=1&ranktype=3
河北省,秦皇岛市,,熙成烧烤（白塔岭店）,河北省秦皇岛市河北大街西段54号,4.2,77,宫后筋,区县或街道未核实,已获取,区县未核实,558206,https://plat.dianping.com/app/femember-musteat-web/musteat-rank?cityid=26&notitlebar=1&ranktype=3,https://www.dianping.com/shop/558206/photos/album,https://plat.dianping.com/app/femember-musteat-web/musteat-rank?cityid=26&notitlebar=1&ranktype=3
河北省,秦皇岛市,昌黎县,常季海鲜（阿那亚六期店）,河北省秦皇岛市昌黎县滨海新大道阿那亚社区听海假日生活区六期九区36栋(近南2门)（仅限接待园区内客人）,4.8,165,杏仁茄子,省市区及街道已获取,已获取,同店铺ID出现在榜单县级城市入口,1838719832,https://plat.dianping.com/app/femember-musteat-web/musteat-rank?cityid=26&notitlebar=1&ranktype=3,https://www.dianping.com/shop/1838719832/photos/album,https://plat.dianping.com/app/femember-musteat-web/musteat-rank?cityid=477&notitlebar=1&ranktype=3
河北省,秦皇岛市,山海关区,龙香居海鲜浑锅家常菜·特色驴肉,河北省秦皇岛市山海关区关城南路南园宾馆东胡同内20米路西,4.4,63,特色古城浑锅,省市区及街道已获取,已获取,榜单行政区/商圈归属,67164844,https://plat.dianping.com/app/femember-musteat-web/musteat-rank?cityid=26&notitlebar=1&ranktype=3,https://www.dianping.com/shop/67164844/photos/album,https://plat.dianping.com/app/femember-musteat-web/musteat-rank?cityid=26&notitlebar=1&ranktype=3
河北省,秦皇岛市,昌黎县,晓麦穗大餡蒸餃（阿那亚店）,河北省秦皇岛市昌黎县滨海新大道阿那亚社区生活区四期2栋1楼106-108号（仅限制于接待园区内客人）,4.7,72,手剥大虾蒸饺,省市区及街道已获取,已获取,同店铺ID出现在榜单县级城市入口,1195991563,https://plat.dianping.com/app/femember-musteat-web/musteat-rank?cityid=26&notitlebar=1&ranktype=3,https://www.dianping.com/shop/1195991563/photos/album,https://plat.dianping.com/app/femember-musteat-web/musteat-rank?cityid=477&notitlebar=1&ranktype=3
河北省,秦皇岛市,海港区,渤海味道手工饺子馆,河北省秦皇岛市海港区海阳路锦绣嘉园小区南门西50米,4.7,43,鲅鱼馅饺子,省市区及街道已获取,已获取,榜单行政区/商圈归属,77266253,https://plat.dianping.com/app/femember-musteat-web/musteat-rank?cityid=26&notitlebar=1&ranktype=3,https://www.dianping.com/shop/77266253/photos/album,https://plat.dianping.com/app/femember-musteat-web/musteat-rank?cityid=26&notitlebar=1&ranktype=3
河北省,秦皇岛市,海港区,元鼎斑鱼火锅（秦皇大街店）,河北省秦皇岛市海港区秦皇东大街与迎宾路交叉口东150米路南（服务北里18栋6号）,4.7,86,明星斑鱼片,省市区及街道已获取,已获取,榜单行政区/商圈归属,5428527,https://plat.dianping.com/app/femember-musteat-web/musteat-rank?cityid=26&notitlebar=1&ranktype=3,https://www.dianping.com/shop/5428527/photos/album,https://plat.dianping.com/app/femember-musteat-web/musteat-rank?cityid=26&notitlebar=1&ranktype=3
河北省,秦皇岛市,海港区,东大港1979·精品烤鸭·海鲜家常菜,河北省秦皇岛市海港区河北大街东段175号,4.6,76,海肠捞饭,省市区及街道已获取,已获取,榜单行政区/商圈归属,2307169,https://plat.dianping.com/app/femember-musteat-web/musteat-rank?cityid=26&notitlebar=1&ranktype=3,https://www.dianping.com/shop/2307169/photos/album,https://plat.dianping.com/app/femember-musteat-web/musteat-rank?cityid=26&notitlebar=1&ranktype=3
河北省,秦皇岛市,北戴河新区,永安·渤海渔家菜（宁海道店）,河北省秦皇岛市北戴河新区南戴河宁海道155号,4.4,83,金牌脆皮虾,省市区及街道已获取,已获取,原始地址行政区,4131986,https://plat.dianping.com/app/femember-musteat-web/musteat-rank?cityid=26&notitlebar=1&ranktype=3,https://www.dianping.com/shop/4131986/photos/album,https://plat.dianping.com/app/femember-musteat-web/musteat-rank?cityid=26&notitlebar=1&ranktype=3
河北省,秦皇岛市,,胖妹精品海鲜家常菜（戴河大街店）,河北省秦皇岛市南戴河街道戴河大街洋河大桥东行一百米,4.9,70,手抓海鲜,区县或街道未核实,已获取,区县未核实,1375147280,https://plat.dianping.com/app/femember-musteat-web/musteat-rank?cityid=26&notitlebar=1&ranktype=3,https://www.dianping.com/shop/1375147280/photos/album,https://plat.dianping.com/app/femember-musteat-web/musteat-rank?cityid=26&notitlebar=1&ranktype=3
河北省,秦皇岛市,海港区,森一子·道帮子烤牛肉（红桥店）,河北省秦皇岛市海港区民族路红桥市场天华超市对面,4.8,76,坛子牛排,省市区及街道已获取,已获取,榜单行政区/商圈归属,65188122,https://plat.dianping.com/app/femember-musteat-web/musteat-rank?cityid=26&notitlebar=1&ranktype=3,https://www.dianping.com/shop/65188122/photos/album,https://plat.dianping.com/app/femember-musteat-web/musteat-rank?cityid=26&notitlebar=1&ranktype=3
河北省,秦皇岛市,,关东独一处（青馨家园店）,河北省秦皇岛市长江西道科师对面,4.2,56,锅包肉,区县或街道未核实,已获取,区县未核实,69254897,https://plat.dianping.com/app/femember-musteat-web/musteat-rank?cityid=26&notitlebar=1&ranktype=3,https://www.dianping.com/shop/69254897/photos/album,https://plat.dianping.com/app/femember-musteat-web/musteat-rank?cityid=26&notitlebar=1&ranktype=3
河北省,邯郸市,丛台区,五谷丰登（滏东店）,河北省邯郸市丛台区滏东大街和果园路交叉口东北角,4.8,68,五谷丰登,省市区及街道已获取,已获取,榜单行政区/商圈归属,18591825,https://plat.dianping.com/app/femember-musteat-web/musteat-rank?cityid=27&notitlebar=1&ranktype=3,https://www.dianping.com/shop/18591825/photos/album,https://plat.dianping.com/app/femember-musteat-web/musteat-rank?cityid=27&notitlebar=1&ranktype=3
河北省,邯郸市,邯山区,磁州民肴•邯郸地方菜头部品牌（和平店）,河北省邯郸市邯山区和平路与东柳西街交口东行100米路北,4.1,61,磁州焖子,省市区及街道已获取,已获取,榜单行政区/商圈归属,19661301,https://plat.dianping.com/app/femember-musteat-web/musteat-rank?cityid=27&notitlebar=1&ranktype=3,https://www.dianping.com/shop/19661301/photos/album,https://plat.dianping.com/app/femember-musteat-web/musteat-rank?cityid=27&notitlebar=1&ranktype=3
河北省,邯郸市,丛台区,乔家驴肉火烧（汉光华府店）,河北省邯郸市丛台区中华大街中船汉光华府320-8号,4.3,23,驴肉火烧,省市区及街道已获取,已获取,榜单行政区/商圈归属,17786928,https://plat.dianping.com/app/femember-musteat-web/musteat-rank?cityid=27&notitlebar=1&ranktype=3,https://www.dianping.com/shop/17786928/photos/album,https://plat.dianping.com/app/femember-musteat-web/musteat-rank?cityid=27&notitlebar=1&ranktype=3
河北省,邯郸市,永年区,河北非遗马连升全驴宴,河北省邯郸市永年区新洺路与广源街交叉口西北角,4.6,89,驴肉拼盘(小份）,省市区及街道已获取,已获取,同店铺ID出现在榜单县级城市入口,58568971,https://plat.dianping.com/app/femember-musteat-web/musteat-rank?cityid=27&notitlebar=1&ranktype=3,https://www.dianping.com/shop/58568971/photos/album,https://plat.dianping.com/app/femember-musteat-web/musteat-rank?cityid=567&notitlebar=1&ranktype=3
河北省,邯郸市,丛台区,六合居·邯郸菜·武安菜起源地,河北省邯郸市丛台区联纺西路与建设大街交叉口美食林千鹤超市西行50米路北,4.8,50,武安拽面,省市区及街道已获取,已获取,榜单行政区/商圈归属,8808347,https://plat.dianping.com/app/femember-musteat-web/musteat-rank?cityid=27&notitlebar=1&ranktype=3,https://www.dianping.com/shop/8808347/photos/album,https://plat.dianping.com/app/femember-musteat-web/musteat-rank?cityid=27&notitlebar=1&ranktype=3
河北省,邯郸市,邯山区,西部湾老诸板面（总店）,河北省邯郸市邯山区东环路与和平路交叉口南行300米路东西部湾老诸板面,4.3,18,板面,省市区及街道已获取,已获取,榜单行政区/商圈归属,130455313,https://plat.dianping.com/app/femember-musteat-web/musteat-rank?cityid=27&notitlebar=1&ranktype=3,https://www.dianping.com/shop/130455313/photos/album,https://plat.dianping.com/app/femember-musteat-web/musteat-rank?cityid=27&notitlebar=1&ranktype=3
河北省,邯郸市,丛台区,邯城味道四菜一汤（曙光店）,河北省邯郸市丛台区曙光街-49号院,4.8,51,邯郸小炒,省市区及街道已获取,已获取,榜单行政区/商圈归属,6451286,https://plat.dianping.com/app/femember-musteat-web/musteat-rank?cityid=27&notitlebar=1&ranktype=3,https://www.dianping.com/shop/6451286/photos/album,https://plat.dianping.com/app/femember-musteat-web/musteat-rank?cityid=27&notitlebar=1&ranktype=3
河北省,邯郸市,磁县,鼓楼焖子,河北省邯郸市磁县阜才中学西南门西80米,4.2,34,焖子,省市区及街道已获取,已获取,同店铺ID出现在榜单县级城市入口,76905320,https://plat.dianping.com/app/femember-musteat-web/musteat-rank?cityid=27&notitlebar=1&ranktype=3,https://www.dianping.com/shop/76905320/photos/album,https://plat.dianping.com/app/femember-musteat-web/musteat-rank?cityid=565&notitlebar=1&ranktype=3
河北省,邯郸市,丛台区,郭八火烧店（曙光街店）,河北省邯郸市丛台区三公司家属院二公司院,4.4,13,火烧夹红烧肉,省市区及街道已获取,已获取,榜单行政区/商圈归属,68273257,https://plat.dianping.com/app/femember-musteat-web/musteat-rank?cityid=27&notitlebar=1&ranktype=3,https://www.dianping.com/shop/68273257/photos/album,https://plat.dianping.com/app/femember-musteat-web/musteat-rank?cityid=27&notitlebar=1&ranktype=3
河北省,邯郸市,磁县,御景楼磁州宴,河北省邯郸市磁县平安路与友谊大街交叉口西南角御景楼磁州宴,4.2,52,鲜粉皮,省市区及街道已获取,已获取,同店铺ID出现在榜单县级城市入口,106528076,https://plat.dianping.com/app/femember-musteat-web/musteat-rank?cityid=27&notitlebar=1&ranktype=3,https://www.dianping.com/shop/106528076/photos/album,https://plat.dianping.com/app/femember-musteat-web/musteat-rank?cityid=565&notitlebar=1&ranktype=3
河北省,保定市,竞秀区,白府牛罩（总店）,河北省保定市竞秀区复兴中路2837号,4.4,62,牛肉罩饼,省市区及街道已获取,已获取,榜单行政区/商圈归属,2471542,https://plat.dianping.com/app/femember-musteat-web/musteat-rank?cityid=29&notitlebar=1&ranktype=3,https://www.dianping.com/shop/2471542/photos/album,https://plat.dianping.com/app/femember-musteat-web/musteat-rank?cityid=29&notitlebar=1&ranktype=3
河北省,保定市,竞秀区,慧泽园·烤鸭·新保定菜（向阳北大街店）,河北省保定市竞秀区向阳北大街2658号直隶文苑东门南侧,4.7,81,刘氏谷香酥烤鸭,省市区及街道已获取,已获取,榜单行政区/商圈归属,548728457,https://plat.dianping.com/app/femember-musteat-web/musteat-rank?cityid=29&notitlebar=1&ranktype=3,https://www.dianping.com/shop/548728457/photos/album,https://plat.dianping.com/app/femember-musteat-web/musteat-rank?cityid=29&notitlebar=1&ranktype=3
河北省,保定市,竞秀区,相家重庆老火锅（翠园街总店）,"河北省保定市竞秀区天鹅路与翠园街交叉北行100米路东,翠园街337号",4.7,97,鸳鸯锅底,省市区及街道已获取,已获取,榜单行政区/商圈归属,21910963,https://plat.dianping.com/app/femember-musteat-web/musteat-rank?cityid=29&notitlebar=1&ranktype=3,https://www.dianping.com/shop/21910963/photos/album,https://plat.dianping.com/app/femember-musteat-web/musteat-rank?cityid=29&notitlebar=1&ranktype=3
河北省,保定市,莲池区,永生号炙子烤肉（锦湖北大街店）,河北省保定市莲池区锦湖北大街未来城A区1288-38号,4.4,53,炸馒头片配臭豆腐,省市区及街道已获取,已获取,榜单行政区/商圈归属,1517582984,https://plat.dianping.com/app/femember-musteat-web/musteat-rank?cityid=29&notitlebar=1&ranktype=3,https://www.dianping.com/shop/1517582984/photos/album,https://plat.dianping.com/app/femember-musteat-web/musteat-rank?cityid=29&notitlebar=1&ranktype=3
河北省,保定市,莲池区,锅碗记（红旗大街店）,河北省保定市莲池区红旗大街79号与东风路交叉口南行10米路东,4.3,47,宫保鸡丁,省市区及街道已获取,已获取,榜单行政区/商圈归属,2008699,https://plat.dianping.com/app/femember-musteat-web/musteat-rank?cityid=29&notitlebar=1&ranktype=3,https://www.dianping.com/shop/2008699/photos/album,https://plat.dianping.com/app/femember-musteat-web/musteat-rank?cityid=29&notitlebar=1&ranktype=3
河北省,保定市,竞秀区,直隶安家罩饼（总店）,"河北省保定市竞秀区天鹅西路199号,国际俱乐部北侧底商",4.7,63,牛肉罩饼,省市区及街道已获取,已获取,榜单行政区/商圈归属,24288219,https://plat.dianping.com/app/femember-musteat-web/musteat-rank?cityid=29&notitlebar=1&ranktype=3,https://www.dianping.com/shop/24288219/photos/album,https://plat.dianping.com/app/femember-musteat-web/musteat-rank?cityid=29&notitlebar=1&ranktype=3
河北省,保定市,竞秀区,喵探·保定烤鱼（翠园街店）,河北省保定市竞秀区翠园街311号,4.8,80,手工豆花无限续加,省市区及街道已获取,已获取,榜单行政区/商圈归属,91682806,https://plat.dianping.com/app/femember-musteat-web/musteat-rank?cityid=29&notitlebar=1&ranktype=3,https://www.dianping.com/shop/91682806/photos/album,https://plat.dianping.com/app/femember-musteat-web/musteat-rank?cityid=29&notitlebar=1&ranktype=3
河北省,保定市,莲池区,五德斋·清真菜·牛肉罩饼,河北省保定市莲池区长城南大街430号,4.3,37,百年卤煮鸡,省市区及街道已获取,已获取,榜单行政区/商圈归属,640792819,https://plat.dianping.com/app/femember-musteat-web/musteat-rank?cityid=29&notitlebar=1&ranktype=3,https://www.dianping.com/shop/640792819/photos/album,https://plat.dianping.com/app/femember-musteat-web/musteat-rank?cityid=29&notitlebar=1&ranktype=3
河北省,保定市,莲池区,会炊生活餐厅（玉兰大街烤鸭店）,河北省保定市莲池区玉兰大街571号（狮城佰俪小区北侧）,4.7,62,会炊谷香酥烤鸭,省市区及街道已获取,已获取,榜单行政区/商圈归属,98243668,https://plat.dianping.com/app/femember-musteat-web/musteat-rank?cityid=29&notitlebar=1&ranktype=3,https://www.dianping.com/shop/98243668/photos/album,https://plat.dianping.com/app/femember-musteat-web/musteat-rank?cityid=29&notitlebar=1&ranktype=3
河北省,保定市,竞秀区,史记炒腰花·保定菜（百花店）,河北省保定市竞秀区阳光南大街中央峰景B区对面,4.6,61,鸡汤氽丸子,省市区及街道已获取,已获取,榜单行政区/商圈归属,45519319,https://plat.dianping.com/app/femember-musteat-web/musteat-rank?cityid=29&notitlebar=1&ranktype=3,https://www.dianping.com/shop/45519319/photos/album,https://plat.dianping.com/app/femember-musteat-web/musteat-rank?cityid=29&notitlebar=1&ranktype=3
河北省,张家口市,桥西区,张家烧饼烧饼夹肘子坛子肉（西苑北路店）,河北省张家口市桥西区建设西街名仕嘉苑北门马路对面停车场旁边,4.4,23,烧饼夹坛子肉,省市区及街道已获取,已获取,榜单行政区/商圈归属,646462206,https://plat.dianping.com/app/femember-musteat-web/musteat-rank?cityid=30&notitlebar=1&ranktype=3,https://www.dianping.com/shop/646462206/photos/album,https://plat.dianping.com/app/femember-musteat-web/musteat-rank?cityid=30&notitlebar=1&ranktype=3
河北省,张家口市,张北县,大伟烤全羊（张北总店）,河北省张家口市张北县张库大道郡都苑小区底商(天顺小区对面南格林豪泰北80米),4.8,91,大伟秘制烤羊腿,省市区及街道已获取,已获取,榜单行政区/商圈归属,19701477,https://plat.dianping.com/app/femember-musteat-web/musteat-rank?cityid=30&notitlebar=1&ranktype=3,https://www.dianping.com/shop/19701477/photos/album,https://plat.dianping.com/app/femember-musteat-web/musteat-rank?cityid=30&notitlebar=1&ranktype=3
河北省,张家口市,桥东区,马玉楼老马电烤羊肉串（总店）,河北省张家口市桥东区工业中横街30号11号底商,4.4,65,招牌电烤羊肉串,省市区及街道已获取,已获取,榜单行政区/商圈归属,1277654228,https://plat.dianping.com/app/femember-musteat-web/musteat-rank?cityid=30&notitlebar=1&ranktype=3,https://www.dianping.com/shop/1277654228/photos/album,https://plat.dianping.com/app/femember-musteat-web/musteat-rank?cityid=30&notitlebar=1&ranktype=3
河北省,张家口市,宣化区,蜀园饺子荟（恒基世纪花园店）,河北省张家口市宣化区大北街恒基花园底商,4,57,猪肉韭菜饺子,省市区及街道已获取,已获取,同店铺ID出现在榜单县级城市入口,570945708,https://plat.dianping.com/app/femember-musteat-web/musteat-rank?cityid=30&notitlebar=1&ranktype=3,https://www.dianping.com/shop/570945708/photos/album,https://plat.dianping.com/app/femember-musteat-web/musteat-rank?cityid=456&notitlebar=1&ranktype=3
河北省,张家口市,崇礼区,小俗馆非遗羊蝎子·冰煮羊·烤羊排（崇礼店）,河北省张家口市崇礼区裕兴路酒吧文化城3号商业楼A段16号底商,4.2,92,招牌羊蝎子火锅,省市区及街道已获取,已获取,榜单行政区/商圈归属,131798549,https://plat.dianping.com/app/femember-musteat-web/musteat-rank?cityid=30&notitlebar=1&ranktype=3,https://www.dianping.com/shop/131798549/photos/album,https://plat.dianping.com/app/femember-musteat-web/musteat-rank?cityid=30&notitlebar=1&ranktype=3
河北省,张家口市,崇礼区,炖香居,河北省张家口市崇礼区酒吧文化城5号楼B段45号,4.7,93,出锅的花卷,省市区及街道已获取,已获取,榜单行政区/商圈归属,122794359,https://plat.dianping.com/app/femember-musteat-web/musteat-rank?cityid=30&notitlebar=1&ranktype=3,https://www.dianping.com/shop/122794359/photos/album,https://plat.dianping.com/app/femember-musteat-web/musteat-rank?cityid=30&notitlebar=1&ranktype=3
河北省,张家口市,张北县,德胜莜面庄·烧烤·羊排,河北省张家口市张北县张库大道德胜莜面庄,4.4,75,沙葱炒鸡蛋,省市区及街道已获取,已获取,同店铺ID出现在榜单县级城市入口,90448695,https://plat.dianping.com/app/femember-musteat-web/musteat-rank?cityid=30&notitlebar=1&ranktype=3,https://www.dianping.com/shop/90448695/photos/album,https://plat.dianping.com/app/femember-musteat-web/musteat-rank?cityid=457&notitlebar=1&ranktype=3
河北省,张家口市,桥西区,达尔汗涮肉坊（开元溪府店）,河北省张家口市桥西区惠安街开元溪府底商西门30号,4.4,91,招牌羊肉,省市区及街道已获取,已获取,榜单行政区/商圈归属,132036354,https://plat.dianping.com/app/femember-musteat-web/musteat-rank?cityid=30&notitlebar=1&ranktype=3,https://www.dianping.com/shop/132036354/photos/album,https://plat.dianping.com/app/femember-musteat-web/musteat-rank?cityid=30&notitlebar=1&ranktype=3
河北省,张家口市,宣化区,朝阳楼饭庄,河北省张家口市宣化区宣府大街82号,4.3,67,招牌肉饼,省市区及街道已获取,已获取,同店铺ID出现在榜单县级城市入口,5268938,https://plat.dianping.com/app/femember-musteat-web/musteat-rank?cityid=30&notitlebar=1&ranktype=3,https://www.dianping.com/shop/5268938/photos/album,https://plat.dianping.com/app/femember-musteat-web/musteat-rank?cityid=456&notitlebar=1&ranktype=3
河北省,承德市,双桥区,新乾隆酒楼·大福的店,河北省承德市双桥区世纪中路福地华园A3号楼底商,4.8,78,宫廷改刀肉,省市区及街道已获取,已获取,榜单行政区/商圈归属,1214141858,https://plat.dianping.com/app/femember-musteat-web/musteat-rank?cityid=31&notitlebar=1&ranktype=3,https://www.dianping.com/shop/1214141858/photos/album,https://plat.dianping.com/app/femember-musteat-web/musteat-rank?cityid=31&notitlebar=1&ranktype=3
河北省,承德市,双桥区,新二子饭店（西大街店）,河北省承德市双桥区西大街118号,4.4,71,招牌酱刺骨,省市区及街道已获取,已获取,榜单行政区/商圈归属,9881524,https://plat.dianping.com/app/femember-musteat-web/musteat-rank?cityid=31&notitlebar=1&ranktype=3,https://www.dianping.com/shop/9881524/photos/album,https://plat.dianping.com/app/femember-musteat-web/musteat-rank?cityid=31&notitlebar=1&ranktype=3
河北省,承德市,双桥区,清真喜兰老丁羊汤特色小吃,河北省承德市双桥区新柳路竹林寺小学对面,4.2,31,烧饼,省市区及街道已获取,已获取,榜单行政区/商圈归属,5495894,https://plat.dianping.com/app/femember-musteat-web/musteat-rank?cityid=31&notitlebar=1&ranktype=3,https://www.dianping.com/shop/5495894/photos/album,https://plat.dianping.com/app/femember-musteat-web/musteat-rank?cityid=31&notitlebar=1&ranktype=3
河北省,承德市,双桥区,清真回回,河北省承德市双桥区南园旱河4号,4.3,59,白菜鸡片,省市区及街道已获取,已获取,榜单行政区/商圈归属,92350718,https://plat.dianping.com/app/femember-musteat-web/musteat-rank?cityid=31&notitlebar=1&ranktype=3,https://www.dianping.com/shop/92350718/photos/album,https://plat.dianping.com/app/femember-musteat-web/musteat-rank?cityid=31&notitlebar=1&ranktype=3
河北省,承德市,双桥区,清真·羊上树火锅（承德总店1店）,河北省承德市双桥区山神庙沟路长安小区13号楼101商业,4.7,71,特色羊蝎子,省市区及街道已获取,已获取,榜单行政区/商圈归属,22402693,https://plat.dianping.com/app/femember-musteat-web/musteat-rank?cityid=31&notitlebar=1&ranktype=3,https://www.dianping.com/shop/22402693/photos/album,https://plat.dianping.com/app/femember-musteat-web/musteat-rank?cityid=31&notitlebar=1&ranktype=3
河北省,承德市,双桥区,老三羊汤【北兴隆街店】,河北省承德市双桥区山庄路北兴隆街西8号商铺,4.1,38,招牌羊汤,省市区及街道已获取,已获取,榜单行政区/商圈归属,2305744,https://plat.dianping.com/app/femember-musteat-web/musteat-rank?cityid=31&notitlebar=1&ranktype=3,https://www.dianping.com/shop/2305744/photos/album,https://plat.dianping.com/app/femember-musteat-web/musteat-rank?cityid=31&notitlebar=1&ranktype=3
河北省,承德市,双桥区,香和兴剪刀面（承德总店）,河北省承德市双桥区流水沟路枯柳树24号,4.1,29,香炸豆腐,省市区及街道已获取,已获取,榜单行政区/商圈归属,1547159063,https://plat.dianping.com/app/femember-musteat-web/musteat-rank?cityid=31&notitlebar=1&ranktype=3,https://www.dianping.com/shop/1547159063/photos/album,https://plat.dianping.com/app/femember-musteat-web/musteat-rank?cityid=31&notitlebar=1&ranktype=3
河北省,承德市,双桥区,老董羊汤（普宁寺店）,"河北省承德市双桥区普宁路981医院对面（近避暑山庄,普宁寺）",4.7,31,烧饼,省市区及街道已获取,已获取,榜单行政区/商圈归属,1995149024,https://plat.dianping.com/app/femember-musteat-web/musteat-rank?cityid=31&notitlebar=1&ranktype=3,https://www.dianping.com/shop/1995149024/photos/album,https://plat.dianping.com/app/femember-musteat-web/musteat-rank?cityid=31&notitlebar=1&ranktype=3
河北省,承德市,双桥区,大三和（避暑山庄店）,河北省承德市双桥区流水沟路23号钟鼓楼小区6号底商,4.2,76,手切鲜羊肉,省市区及街道已获取,已获取,榜单行政区/商圈归属,5340167,https://plat.dianping.com/app/femember-musteat-web/musteat-rank?cityid=31&notitlebar=1&ranktype=3,https://www.dianping.com/shop/5340167/photos/album,https://plat.dianping.com/app/femember-musteat-web/musteat-rank?cityid=31&notitlebar=1&ranktype=3
河北省,沧州市,运河区,沧州老味道（颐和家园店）,河北省沧州市运河区永安南大道颐和家园18#-103铺,4.2,38,手擀面,省市区及街道已获取,已获取,榜单行政区/商圈归属,65484815,https://plat.dianping.com/app/femember-musteat-web/musteat-rank?cityid=32&notitlebar=1&ranktype=3,https://www.dianping.com/shop/65484815/photos/album,https://plat.dianping.com/app/femember-musteat-web/musteat-rank?cityid=32&notitlebar=1&ranktype=3
河北省,沧州市,运河区,岳记羊肠馆（陵园小区店）,河北省沧州市运河区光荣路陵园小区南门东起第一间平房,4.3,27,羊肠子,省市区及街道已获取,已获取,榜单行政区/商圈归属,45401210,https://plat.dianping.com/app/femember-musteat-web/musteat-rank?cityid=32&notitlebar=1&ranktype=3,https://www.dianping.com/shop/45401210/photos/album,https://plat.dianping.com/app/femember-musteat-web/musteat-rank?cityid=32&notitlebar=1&ranktype=3
河北省,沧州市,运河区,铁赢焖饼烩饼（沧州总店）,河北省沧州市运河区清池南大道24-17号,4.2,25,肉焖饼,省市区及街道已获取,已获取,榜单行政区/商圈归属,57791226,https://plat.dianping.com/app/femember-musteat-web/musteat-rank?cityid=32&notitlebar=1&ranktype=3,https://www.dianping.com/shop/57791226/photos/album,https://plat.dianping.com/app/femember-musteat-web/musteat-rank?cityid=32&notitlebar=1&ranktype=3
河北省,沧州市,新华区,四通饭庄（清池南大道店）,河北省沧州市新华区清池南大道41号,4.1,57,焦溜里脊,省市区及街道已获取,已获取,榜单行政区/商圈归属,9540247,https://plat.dianping.com/app/femember-musteat-web/musteat-rank?cityid=32&notitlebar=1&ranktype=3,https://www.dianping.com/shop/9540247/photos/album,https://plat.dianping.com/app/femember-musteat-web/musteat-rank?cityid=32&notitlebar=1&ranktype=3
河北省,沧州市,新华区,余乐圈火锅鸡（丽水花庭店）,河北省沧州市新华区交通北大道运茂小区西门,4.3,48,火锅鸡中锅,省市区及街道已获取,已获取,榜单行政区/商圈归属,75122826,https://plat.dianping.com/app/femember-musteat-web/musteat-rank?cityid=32&notitlebar=1&ranktype=3,https://www.dianping.com/shop/75122826/photos/album,https://plat.dianping.com/app/femember-musteat-web/musteat-rank?cityid=32&notitlebar=1&ranktype=3
河北省,沧州市,运河区,正宗流河火锅鸡（总店）,河北省沧州市运河区鲸川路凤凰城C区南门东行80米（凤凰城C区008门市）,4.2,43,火锅鸡,省市区及街道已获取,已获取,榜单行政区/商圈归属,73424228,https://plat.dianping.com/app/femember-musteat-web/musteat-rank?cityid=32&notitlebar=1&ranktype=3,https://www.dianping.com/shop/73424228/photos/album,https://plat.dianping.com/app/femember-musteat-web/musteat-rank?cityid=32&notitlebar=1&ranktype=3
河北省,沧州市,运河区,超越火锅居（一世界店）,河北省沧州市运河区解放中路华元一世界15号楼113号门市,4.5,56,招牌火锅鸡,省市区及街道已获取,已获取,榜单行政区/商圈归属,102357697,https://plat.dianping.com/app/femember-musteat-web/musteat-rank?cityid=32&notitlebar=1&ranktype=3,https://www.dianping.com/shop/102357697/photos/album,https://plat.dianping.com/app/femember-musteat-web/musteat-rank?cityid=32&notitlebar=1&ranktype=3
河北省,沧州市,河间市,高玛纳驴肉火烧（河间总店）,河北省沧州市河间市曙光中路15号,4.8,64,驴肉火烧,省市区及街道已获取,已获取,同店铺ID出现在榜单县级城市入口,9430932,https://plat.dianping.com/app/femember-musteat-web/musteat-rank?cityid=32&notitlebar=1&ranktype=3,https://www.dianping.com/shop/9430932/photos/album,https://plat.dianping.com/app/femember-musteat-web/musteat-rank?cityid=531&notitlebar=1&ranktype=3
河北省,沧州市,运河区,赵一锅火锅鸡（浮阳南大道店）,河北省沧州市运河区浮阳南大道,4,63,鸡拐筋,省市区及街道已获取,已获取,榜单行政区/商圈归属,1020639974,https://plat.dianping.com/app/femember-musteat-web/musteat-rank?cityid=32&notitlebar=1&ranktype=3,https://www.dianping.com/shop/1020639974/photos/album,https://plat.dianping.com/app/femember-musteat-web/musteat-rank?cityid=32&notitlebar=1&ranktype=3
河北省,沧州市,运河区,二强兴济羊肠子,河北省沧州市运河区文庙小区5号楼底商,4,24,羊肠汤,省市区及街道已获取,已获取,榜单行政区/商圈归属,59190722,https://plat.dianping.com/app/femember-musteat-web/musteat-rank?cityid=32&notitlebar=1&ranktype=3,https://www.dianping.com/shop/59190722/photos/album,https://plat.dianping.com/app/femember-musteat-web/musteat-rank?cityid=32&notitlebar=1&ranktype=3
河北省,沧州市,新华区,0317火锅鸡·清真（维明路店）,"河北省沧州市新华区清池北大道与维明路交叉口东行200米路南,公交车13路,18路,22路,158路,430路,613路,615路,623路,902路,920路等",4.6,43,招牌麻辣火锅鸡,省市区及街道已获取,已获取,榜单行政区/商圈归属,68201643,https://plat.dianping.com/app/femember-musteat-web/musteat-rank?cityid=32&notitlebar=1&ranktype=3,https://www.dianping.com/shop/68201643/photos/album,https://plat.dianping.com/app/femember-musteat-web/musteat-rank?cityid=32&notitlebar=1&ranktype=3
河北省,沧州市,运河区,民族会馆清真餐厅,河北省沧州市运河区解放西路颐和广场12号楼民族会馆内,4.3,77,飞天大公鸡,省市区及街道已获取,已获取,榜单行政区/商圈归属,66757820,https://plat.dianping.com/app/femember-musteat-web/musteat-rank?cityid=32&notitlebar=1&ranktype=3,https://www.dianping.com/shop/66757820/photos/album,https://plat.dianping.com/app/femember-musteat-web/musteat-rank?cityid=32&notitlebar=1&ranktype=3
河北省,沧州市,运河区,根旺饭店（天成明月洲店）,河北省沧州市运河区御景街天成明月洲西区底商A2-101号,4.2,81,扒牛肉条,省市区及街道已获取,已获取,榜单行政区/商圈归属,605471298,https://plat.dianping.com/app/femember-musteat-web/musteat-rank?cityid=32&notitlebar=1&ranktype=3,https://www.dianping.com/shop/605471298/photos/album,https://plat.dianping.com/app/femember-musteat-web/musteat-rank?cityid=32&notitlebar=1&ranktype=3
河北省,廊坊市,广阳区,弘顺一锅鲜（开发区总店）,河北省廊坊市广阳区友谊路109号会展中心东门斜对面,4.4,53,排骨土豆豆角一锅鲜,省市区及街道已获取,已获取,榜单行政区/商圈归属,21147753,https://plat.dianping.com/app/femember-musteat-web/musteat-rank?cityid=33&notitlebar=1&ranktype=3,https://www.dianping.com/shop/21147753/photos/album,https://plat.dianping.com/app/femember-musteat-web/musteat-rank?cityid=33&notitlebar=1&ranktype=3
河北省,廊坊市,大厂回族自治县,跃华春火锅·烤肉城（大厂县夏垫店）,河北省廊坊市大厂回族自治县夏垫镇一零二国道北侧京东温泉度假村西侧50米,4.7,92,特色麻酱烧饼,省市区及街道已获取,已获取,榜单行政区/商圈归属,108263093,https://plat.dianping.com/app/femember-musteat-web/musteat-rank?cityid=33&notitlebar=1&ranktype=3,https://www.dianping.com/shop/108263093/photos/album,https://plat.dianping.com/app/femember-musteat-web/musteat-rank?cityid=33&notitlebar=1&ranktype=3
河北省,廊坊市,三河市,龙识灶台鱼（燕郊店）,河北省廊坊市三河市燕郊开发区学院大街福城5期南门东300米路北（芊福堂对面）,4.8,71,鮰鱼锅,省市区及街道已获取,已获取,同店铺ID出现在榜单县级城市入口,831319280,https://plat.dianping.com/app/femember-musteat-web/musteat-rank?cityid=33&notitlebar=1&ranktype=3,https://www.dianping.com/shop/831319280/photos/album,https://plat.dianping.com/app/femember-musteat-web/musteat-rank?cityid=490&notitlebar=1&ranktype=3
河北省,廊坊市,广阳区,老县城王记油酥火烧（万达金街店）,河北省廊坊市广阳区新华路万达广场2号门廊坊金街北外街A1-11,4.4,14,油酥火烧夹肉,省市区及街道已获取,已获取,榜单行政区/商圈归属,21802580,https://plat.dianping.com/app/femember-musteat-web/musteat-rank?cityid=33&notitlebar=1&ranktype=3,https://www.dianping.com/shop/21802580/photos/album,https://plat.dianping.com/app/femember-musteat-web/musteat-rank?cityid=33&notitlebar=1&ranktype=3
河北省,廊坊市,大厂回族自治县,独一味羊蝎子烧烤店（东环路店）,河北省廊坊市大厂回族自治县大厂镇城关东环路康德名居小区(康安路康德名居底商3号),4.8,75,镇店之宝羊蝎子,省市区及街道已获取,已获取,同店铺ID出现在榜单县级城市入口,45636105,https://plat.dianping.com/app/femember-musteat-web/musteat-rank?cityid=33&notitlebar=1&ranktype=3,https://www.dianping.com/shop/45636105/photos/album,https://plat.dianping.com/app/femember-musteat-web/musteat-rank?cityid=496&notitlebar=1&ranktype=3
河北省,廊坊市,广阳区,张家菜馆（华兴矿区店）,河北省廊坊市广阳区振兴街东6-3（锐·柏悦酒店楼下）,4.8,53,宫爆鸡丁,省市区及街道已获取,已获取,榜单行政区/商圈归属,123011712,https://plat.dianping.com/app/femember-musteat-web/musteat-rank?cityid=33&notitlebar=1&ranktype=3,https://www.dianping.com/shop/123011712/photos/album,https://plat.dianping.com/app/femember-musteat-web/musteat-rank?cityid=33&notitlebar=1&ranktype=3
河北省,廊坊市,香河县,渠口·周家肉饼（香河店）,河北省廊坊市香河县通唐公路中国邮政隔壁,4.3,54,猪肉肉饼,省市区及街道已获取,已获取,榜单行政区/商圈归属,68493752,https://plat.dianping.com/app/femember-musteat-web/musteat-rank?cityid=33&notitlebar=1&ranktype=3,https://www.dianping.com/shop/68493752/photos/album,https://plat.dianping.com/app/femember-musteat-web/musteat-rank?cityid=33&notitlebar=1&ranktype=3
河北省,廊坊市,广阳区,七修酒店·元善家宴,河北省廊坊市广阳区友谊路新绎七修酒店内,4.6,86,武大郎烧饼,省市区及街道已获取,已获取,榜单行政区/商圈归属,32321320,https://plat.dianping.com/app/femember-musteat-web/musteat-rank?cityid=33&notitlebar=1&ranktype=3,https://www.dianping.com/shop/32321320/photos/album,https://plat.dianping.com/app/femember-musteat-web/musteat-rank?cityid=33&notitlebar=1&ranktype=3
河北省,廊坊市,广阳区,祥记蒸饺店（富中路店）,河北省廊坊市广阳区富中路10号,4.4,80,驴肉大葱蒸饺,省市区及街道已获取,已获取,榜单行政区/商圈归属,120003389,https://plat.dianping.com/app/femember-musteat-web/musteat-rank?cityid=33&notitlebar=1&ranktype=3,https://www.dianping.com/shop/120003389/photos/album,https://plat.dianping.com/app/femember-musteat-web/musteat-rank?cityid=33&notitlebar=1&ranktype=3
河北省,廊坊市,香河县,桐花凤非遗香河肉饼·香河菜（绣水街店）,河北省廊坊市香河县家具大道闫庄村居然之家对面西侧50米,4.7,39,千层肉饼,省市区及街道已获取,已获取,同店铺ID出现在榜单县级城市入口,128091089,https://plat.dianping.com/app/femember-musteat-web/musteat-rank?cityid=33&notitlebar=1&ranktype=3,https://www.dianping.com/shop/128091089/photos/album,https://plat.dianping.com/app/femember-musteat-web/musteat-rank?cityid=493&notitlebar=1&ranktype=3
河北省,廊坊市,,古洼一锅鲜（开发区店）,河北省廊坊市廊坊经济技术开发区花栖左岸7号商业,4.4,65,排骨炖豆角,区县或街道未核实,已获取,原始地址与榜单区县冲突，待核实,5467526,https://plat.dianping.com/app/femember-musteat-web/musteat-rank?cityid=33&notitlebar=1&ranktype=3,https://www.dianping.com/shop/5467526/photos/album,https://plat.dianping.com/app/femember-musteat-web/musteat-rank?cityid=33&notitlebar=1&ranktype=3
山西省,太原市,小店区,吉羊斋（亲贤店）,山西省太原市小店区亲贤北街与官道巷交叉口向南60米路东,4.9,90,厚切羔羊肉,省市区及街道已获取,已获取,榜单行政区/商圈归属,65968377,https://plat.dianping.com/app/femember-musteat-web/musteat-rank?cityid=35&notitlebar=1&ranktype=3,https://www.dianping.com/shop/65968377/photos/album,https://plat.dianping.com/app/femember-musteat-web/musteat-rank?cityid=35&notitlebar=1&ranktype=3
山西省,太原市,晋源区,奈九居酒屋（万象城店）,山西省太原市晋源区长兴路5号华润大厦T3号楼1层1026号底商,4.8,165,黄金芝士焗对虾,省市区及街道已获取,已获取,榜单行政区/商圈归属,120019725,https://plat.dianping.com/app/femember-musteat-web/musteat-rank?cityid=35&notitlebar=1&ranktype=3,https://www.dianping.com/shop/120019725/photos/album,https://plat.dianping.com/app/femember-musteat-web/musteat-rank?cityid=35&notitlebar=1&ranktype=3
山西省,太原市,杏花岭区,麦子油泼面（新建路店）,山西省太原市杏花岭区新建路科创造型旁,4,31,油泼面,省市区及街道已获取,已获取,榜单行政区/商圈归属,18694565,https://plat.dianping.com/app/femember-musteat-web/musteat-rank?cityid=35&notitlebar=1&ranktype=3,https://www.dianping.com/shop/18694565/photos/album,https://plat.dianping.com/app/femember-musteat-web/musteat-rank?cityid=35&notitlebar=1&ranktype=3
山西省,太原市,迎泽区,孜燃谷（老军营1号店）,山西省太原市迎泽区老军营中巷与菜园西街交叉口东南角,4.7,24,招牌羊肉串,省市区及街道已获取,已获取,榜单行政区/商圈归属,97310744,https://plat.dianping.com/app/femember-musteat-web/musteat-rank?cityid=35&notitlebar=1&ranktype=3,https://www.dianping.com/shop/97310744/photos/album,https://plat.dianping.com/app/femember-musteat-web/musteat-rank?cityid=35&notitlebar=1&ranktype=3
山西省,太原市,迎泽区,红门小院（双塔西街店）,山西省太原市迎泽区双塔西街清汾苑内加油站旁（体育馆正对面）,4.4,70,锅包肉,省市区及街道已获取,已获取,榜单行政区/商圈归属,6000227,https://plat.dianping.com/app/femember-musteat-web/musteat-rank?cityid=35&notitlebar=1&ranktype=3,https://www.dianping.com/shop/6000227/photos/album,https://plat.dianping.com/app/femember-musteat-web/musteat-rank?cityid=35&notitlebar=1&ranktype=3
山西省,太原市,杏花岭区,晋宝章大同刀削面（旱西门店）,山西省太原市杏花岭区旱西门街1号,4.4,24,招牌大同猪肉面,省市区及街道已获取,已获取,榜单行政区/商圈归属,1739661827,https://plat.dianping.com/app/femember-musteat-web/musteat-rank?cityid=35&notitlebar=1&ranktype=3,https://www.dianping.com/shop/1739661827/photos/album,https://plat.dianping.com/app/femember-musteat-web/musteat-rank?cityid=35&notitlebar=1&ranktype=3
山西省,太原市,小店区,闹闹龙虾（体育路店）,山西省太原市小店区体育路慧泽苑21号,4.7,129,闹闹龙虾,省市区及街道已获取,已获取,榜单行政区/商圈归属,1496131651,https://plat.dianping.com/app/femember-musteat-web/musteat-rank?cityid=35&notitlebar=1&ranktype=3,https://www.dianping.com/shop/1496131651/photos/album,https://plat.dianping.com/app/femember-musteat-web/musteat-rank?cityid=35&notitlebar=1&ranktype=3
山西省,太原市,小店区,九斤面皮,山西省太原市小店区人民北路与先锋街交叉口（实验小学东侧，13路小店站公交站旁）,4.7,12,面皮,省市区及街道已获取,已获取,榜单行政区/商圈归属,21989956,https://plat.dianping.com/app/femember-musteat-web/musteat-rank?cityid=35&notitlebar=1&ranktype=3,https://www.dianping.com/shop/21989956/photos/album,https://plat.dianping.com/app/femember-musteat-web/musteat-rank?cityid=35&notitlebar=1&ranktype=3
山西省,太原市,小店区,利源沾片子（核馨苑店）,山西省太原市小店区并州南路西一巷9-54号,4.2,40,玉谷叶沾片子,省市区及街道已获取,已获取,榜单行政区/商圈归属,22133857,https://plat.dianping.com/app/femember-musteat-web/musteat-rank?cityid=35&notitlebar=1&ranktype=3,https://www.dianping.com/shop/22133857/photos/album,https://plat.dianping.com/app/femember-musteat-web/musteat-rank?cityid=35&notitlebar=1&ranktype=3
山西省,太原市,迎泽区,老海子面食店（海子边店）,山西省太原市迎泽区海子边街36号（文瀛公园北门旁）,4,24,老太原打卤面,省市区及街道已获取,已获取,榜单行政区/商圈归属,130477209,https://plat.dianping.com/app/femember-musteat-web/musteat-rank?cityid=35&notitlebar=1&ranktype=3,https://www.dianping.com/shop/130477209/photos/album,https://plat.dianping.com/app/femember-musteat-web/musteat-rank?cityid=35&notitlebar=1&ranktype=3
山西省,太原市,迎泽区,老马家蒸饺（南海街店）,山西省太原市迎泽区南海街万民药店正对面,4.5,38,蒸饺,省市区及街道已获取,已获取,榜单行政区/商圈归属,15124720,https://plat.dianping.com/app/femember-musteat-web/musteat-rank?cityid=35&notitlebar=1&ranktype=3,https://www.dianping.com/shop/15124720/photos/album,https://plat.dianping.com/app/femember-musteat-web/musteat-rank?cityid=35&notitlebar=1&ranktype=3
山西省,太原市,万柏林区,林香斋旗舰店（千峰路店）,山西省太原市万柏林区千峰南路111号（唐明茶城南侧）,4.8,87,糖醋脆皮丸子,省市区及街道已获取,已获取,榜单行政区/商圈归属,110571719,https://plat.dianping.com/app/femember-musteat-web/musteat-rank?cityid=35&notitlebar=1&ranktype=3,https://www.dianping.com/shop/110571719/photos/album,https://plat.dianping.com/app/femember-musteat-web/musteat-rank?cityid=35&notitlebar=1&ranktype=3
山西省,太原市,杏花岭区,郝刚刚羊杂割（柳巷店）,山西省太原市杏花岭区鼓楼街道柳巷与府东街交叉口南50米路西（柳巷83号）,4.3,28,羊肉汤,省市区及街道已获取,已获取,榜单行政区/商圈归属,566723,https://plat.dianping.com/app/femember-musteat-web/musteat-rank?cityid=35&notitlebar=1&ranktype=3,https://www.dianping.com/shop/566723/photos/album,https://plat.dianping.com/app/femember-musteat-web/musteat-rank?cityid=35&notitlebar=1&ranktype=3
山西省,太原市,迎泽区,湘之乐·经典湖南菜（五一广场店）,山西省太原市迎泽区迎泽南街鼎元时代往东77米,4.8,66,小炒黄牛肉,省市区及街道已获取,已获取,榜单行政区/商圈归属,4711575,https://plat.dianping.com/app/femember-musteat-web/musteat-rank?cityid=35&notitlebar=1&ranktype=3,https://www.dianping.com/shop/4711575/photos/album,https://plat.dianping.com/app/femember-musteat-web/musteat-rank?cityid=35&notitlebar=1&ranktype=3
山西省,太原市,迎泽区,李家韩国料理（柳巷店）,山西省太原市迎泽区柳巷南路118号（李先生牛肉面东南20米,4.4,75,芝士年糕火锅,省市区及街道已获取,已获取,榜单行政区/商圈归属,6334398,https://plat.dianping.com/app/femember-musteat-web/musteat-rank?cityid=35&notitlebar=1&ranktype=3,https://www.dianping.com/shop/6334398/photos/album,https://plat.dianping.com/app/femember-musteat-web/musteat-rank?cityid=35&notitlebar=1&ranktype=3
山西省,太原市,小店区,初蓉丨遇见新川菜（亲贤街荣耀店）,山西省太原市小店区亲贤北街79号（茂业天地对面）,4.7,75,不忘初心水煮鱼,省市区及街道已获取,已获取,榜单行政区/商圈归属,1582928459,https://plat.dianping.com/app/femember-musteat-web/musteat-rank?cityid=35&notitlebar=1&ranktype=3,https://www.dianping.com/shop/1582928459/photos/album,https://plat.dianping.com/app/femember-musteat-web/musteat-rank?cityid=35&notitlebar=1&ranktype=3
山西省,太原市,杏花岭区,六合涮肉坊,山西省太原市杏花岭区兵工南马路上关生活广场16号商铺,4.8,73,铜火锅,省市区及街道已获取,已获取,榜单行政区/商圈归属,98565478,https://plat.dianping.com/app/femember-musteat-web/musteat-rank?cityid=35&notitlebar=1&ranktype=3,https://www.dianping.com/shop/98565478/photos/album,https://plat.dianping.com/app/femember-musteat-web/musteat-rank?cityid=35&notitlebar=1&ranktype=3
山西省,太原市,小店区,百年认一力 山西老字号（南中环店）,山西省太原市小店区南中环街200号（南中环街与体育南路交叉口南100米路东）,4.6,69,传统牛羊肉蒸饺,省市区及街道已获取,已获取,榜单行政区/商圈归属,8821947,https://plat.dianping.com/app/femember-musteat-web/musteat-rank?cityid=35&notitlebar=1&ranktype=3,https://www.dianping.com/shop/8821947/photos/album,https://plat.dianping.com/app/femember-musteat-web/musteat-rank?cityid=35&notitlebar=1&ranktype=3
山西省,太原市,小店区,粥六•新晋菜（南中环店）,山西省太原市小店区南中环街锦绣苑东侧二层,4.6,56,粥六当家鱼,省市区及街道已获取,已获取,榜单行政区/商圈归属,18092509,https://plat.dianping.com/app/femember-musteat-web/musteat-rank?cityid=35&notitlebar=1&ranktype=3,https://www.dianping.com/shop/18092509/photos/album,https://plat.dianping.com/app/femember-musteat-web/musteat-rank?cityid=35&notitlebar=1&ranktype=3
山西省,太原市,小店区,杏花堂（南中环店）,山西省太原市小店区南中环街426号山西国际金融中心B座2层BF201号,4.8,103,王大师传承过油肉,省市区及街道已获取,已获取,榜单行政区/商圈归属,125130920,https://plat.dianping.com/app/femember-musteat-web/musteat-rank?cityid=35&notitlebar=1&ranktype=3,https://www.dianping.com/shop/125130920/photos/album,https://plat.dianping.com/app/femember-musteat-web/musteat-rank?cityid=35&notitlebar=1&ranktype=3
山西省,大同市,平城区,喜晋道面馆（华严寺广场店）,山西省大同市平城区清远街古城B区1号商铺（钟楼南侧）,4.4,38,传统肉沫面,省市区及街道已获取,已获取,榜单行政区/商圈归属,112274677,https://plat.dianping.com/app/femember-musteat-web/musteat-rank?cityid=36&notitlebar=1&ranktype=3,https://www.dianping.com/shop/112274677/photos/album,https://plat.dianping.com/app/femember-musteat-web/musteat-rank?cityid=36&notitlebar=1&ranktype=3
山西省,大同市,平城区,德味羊杂馆（教场街店）,山西省大同市平城区清远门内街与教场街交叉口东北角,4.1,21,半粉半羊杂,省市区及街道已获取,已获取,榜单行政区/商圈归属,687493613,https://plat.dianping.com/app/femember-musteat-web/musteat-rank?cityid=36&notitlebar=1&ranktype=3,https://www.dianping.com/shop/687493613/photos/album,https://plat.dianping.com/app/femember-musteat-web/musteat-rank?cityid=36&notitlebar=1&ranktype=3
山西省,大同市,平城区,明月轩火锅（平城街店）,山西省大同市平城区武定街道平城街与御河西路交叉路口往东约100米（御馨花城西南侧）,4.4,79,什锦锅,省市区及街道已获取,已获取,榜单行政区/商圈归属,9907030,https://plat.dianping.com/app/femember-musteat-web/musteat-rank?cityid=36&notitlebar=1&ranktype=3,https://www.dianping.com/shop/9907030/photos/album,https://plat.dianping.com/app/femember-musteat-web/musteat-rank?cityid=36&notitlebar=1&ranktype=3
山西省,大同市,平城区,老柴削面（向阳里店）,山西省大同市平城区永泰南路与向阳街交叉口北50米路东,4,21,传统猪肉面,省市区及街道已获取,已获取,榜单行政区/商圈归属,2471530,https://plat.dianping.com/app/femember-musteat-web/musteat-rank?cityid=36&notitlebar=1&ranktype=3,https://www.dianping.com/shop/2471530/photos/album,https://plat.dianping.com/app/femember-musteat-web/musteat-rank?cityid=36&notitlebar=1&ranktype=3
山西省,大同市,平城区,云锦会·大同小馆（鼓楼店）,山西省大同市平城区鼓楼东街2-2号（大同古城内）,4.7,71,黄米凉糕,省市区及街道已获取,已获取,榜单行政区/商圈归属,132155374,https://plat.dianping.com/app/femember-musteat-web/musteat-rank?cityid=36&notitlebar=1&ranktype=3,https://www.dianping.com/shop/132155374/photos/album,https://plat.dianping.com/app/femember-musteat-web/musteat-rank?cityid=36&notitlebar=1&ranktype=3
山西省,大同市,平城区,田园北魏家宴·大同菜（大都府店）,山西省大同市平城区北魏家宴大都府店,4.7,68,平城烤鸡,省市区及街道已获取,已获取,榜单行政区/商圈归属,11555040,https://plat.dianping.com/app/femember-musteat-web/musteat-rank?cityid=36&notitlebar=1&ranktype=3,https://www.dianping.com/shop/11555040/photos/album,https://plat.dianping.com/app/femember-musteat-web/musteat-rank?cityid=36&notitlebar=1&ranktype=3
山西省,大同市,平城区,豆面老号刘姥姥（003部）,山西省大同市平城区振华路与迎宾街交叉口龙新花园底商,4.4,19,大碗面,省市区及街道已获取,已获取,榜单行政区/商圈归属,73575914,https://plat.dianping.com/app/femember-musteat-web/musteat-rank?cityid=36&notitlebar=1&ranktype=3,https://www.dianping.com/shop/73575914/photos/album,https://plat.dianping.com/app/femember-musteat-web/musteat-rank?cityid=36&notitlebar=1&ranktype=3
山西省,大同市,平城区,清真·老大同姜计兵围炉烤串（康乐街总店）,山西省大同市平城区康乐街西口127号,4.8,66,草原羊肉,省市区及街道已获取,已获取,榜单行政区/商圈归属,129386538,https://plat.dianping.com/app/femember-musteat-web/musteat-rank?cityid=36&notitlebar=1&ranktype=3,https://www.dianping.com/shop/129386538/photos/album,https://plat.dianping.com/app/femember-musteat-web/musteat-rank?cityid=36&notitlebar=1&ranktype=3
山西省,大同市,平城区,凯鸽酒楼·雁北民间菜（华北星城店）,山西省大同市平城区永固街华北星城6号楼底商(华北星一期门口),4.6,61,凯鸽风沙鸡,省市区及街道已获取,已获取,榜单行政区/商圈归属,40488632,https://plat.dianping.com/app/femember-musteat-web/musteat-rank?cityid=36&notitlebar=1&ranktype=3,https://www.dianping.com/shop/40488632/photos/album,https://plat.dianping.com/app/femember-musteat-web/musteat-rank?cityid=36&notitlebar=1&ranktype=3
山西省,大同市,平城区,龍聚祥烧麦馆（明堂公园店）,山西省大同市平城区明堂公园商铺S4-106,4.8,68,黄米凉糕,省市区及街道已获取,已获取,榜单行政区/商圈归属,96478333,https://plat.dianping.com/app/femember-musteat-web/musteat-rank?cityid=36&notitlebar=1&ranktype=3,https://www.dianping.com/shop/96478333/photos/album,https://plat.dianping.com/app/femember-musteat-web/musteat-rank?cityid=36&notitlebar=1&ranktype=3
山西省,大同市,平城区,鼓楼东街老火锅（鼓楼店）,山西省大同市平城区永泰街鼓楼东街2-3号,4.4,97,黄米凉糕,省市区及街道已获取,已获取,榜单行政区/商圈归属,50436735,https://plat.dianping.com/app/femember-musteat-web/musteat-rank?cityid=36&notitlebar=1&ranktype=3,https://www.dianping.com/shop/50436735/photos/album,https://plat.dianping.com/app/femember-musteat-web/musteat-rank?cityid=36&notitlebar=1&ranktype=3
山西省,长治市,潞州区,清真马老大胡辣汤（御龙庭店）,山西省长治市潞州区长邯北路御龙庭小区1号楼11号一层商铺,4.5,14,优质胡辣汤,省市区及街道已获取,已获取,榜单行政区/商圈归属,98450081,https://plat.dianping.com/app/femember-musteat-web/musteat-rank?cityid=38&notitlebar=1&ranktype=3,https://www.dianping.com/shop/98450081/photos/album,https://plat.dianping.com/app/femember-musteat-web/musteat-rank?cityid=38&notitlebar=1&ranktype=3
山西省,长治市,潞州区,长治味道（紫金西街店）,山西省长治市潞州区紫金西街179号,4.1,56,特色地锅鸡,省市区及街道已获取,已获取,榜单行政区/商圈归属,18634639,https://plat.dianping.com/app/femember-musteat-web/musteat-rank?cityid=38&notitlebar=1&ranktype=3,https://www.dianping.com/shop/18634639/photos/album,https://plat.dianping.com/app/femember-musteat-web/musteat-rank?cityid=38&notitlebar=1&ranktype=3
山西省,长治市,潞州区,复源全羊肉汤馆（营口小区店）,山西省长治市潞州区英雄南路街道西大街营口小区首层(石油公司对面),4.3,45,牛肉卷饼,省市区及街道已获取,已获取,榜单行政区/商圈归属,6005274,https://plat.dianping.com/app/femember-musteat-web/musteat-rank?cityid=38&notitlebar=1&ranktype=3,https://www.dianping.com/shop/6005274/photos/album,https://plat.dianping.com/app/femember-musteat-web/musteat-rank?cityid=38&notitlebar=1&ranktype=3
山西省,长治市,潞州区,品味潞州,山西省长治市潞州区正则美食广场南区10号品味潞州,4.8,70,泉水煮羊肉,省市区及街道已获取,已获取,榜单行政区/商圈归属,1114119487,https://plat.dianping.com/app/femember-musteat-web/musteat-rank?cityid=38&notitlebar=1&ranktype=3,https://www.dianping.com/shop/1114119487/photos/album,https://plat.dianping.com/app/femember-musteat-web/musteat-rank?cityid=38&notitlebar=1&ranktype=3
山西省,长治市,潞州区,潞州宴·长治人的会客厅（长兴北路店）,山西省长治市潞州区长兴北路容海苑小区商铺6-7区（万达广场斜对面）,4.7,81,驴肉甩饼,省市区及街道已获取,已获取,榜单行政区/商圈归属,22516265,https://plat.dianping.com/app/femember-musteat-web/musteat-rank?cityid=38&notitlebar=1&ranktype=3,https://www.dianping.com/shop/22516265/photos/album,https://plat.dianping.com/app/femember-musteat-web/musteat-rank?cityid=38&notitlebar=1&ranktype=3
山西省,长治市,潞城区,红艳甩饼,山西省长治市潞城区西华路潞康小区东南侧约90米,4.1,46,甩饼,省市区及街道已获取,已获取,同店铺ID出现在榜单县级城市入口,95363953,https://plat.dianping.com/app/femember-musteat-web/musteat-rank?cityid=38&notitlebar=1&ranktype=3,https://www.dianping.com/shop/95363953/photos/album,https://plat.dianping.com/app/femember-musteat-web/musteat-rank?cityid=591&notitlebar=1&ranktype=3
山西省,长治市,潞城区,潞广甩饼,山西省长治市潞城区合意街利国巷93号,4.3,41,椒盐驴肉卷饼,省市区及街道已获取,已获取,同店铺ID出现在榜单县级城市入口,125846461,https://plat.dianping.com/app/femember-musteat-web/musteat-rank?cityid=38&notitlebar=1&ranktype=3,https://www.dianping.com/shop/125846461/photos/album,https://plat.dianping.com/app/femember-musteat-web/musteat-rank?cityid=591&notitlebar=1&ranktype=3
山西省,长治市,潞州区,故乡一家人粗粮馆（长邯南路店）,山西省长治市潞州区长邯南路与延安中路交汇东行60米路南（佰嘉乐量贩式KTV对面）,4.1,59,老娘土豆糕,省市区及街道已获取,已获取,榜单行政区/商圈归属,17883253,https://plat.dianping.com/app/femember-musteat-web/musteat-rank?cityid=38&notitlebar=1&ranktype=3,https://www.dianping.com/shop/17883253/photos/album,https://plat.dianping.com/app/femember-musteat-web/musteat-rank?cityid=38&notitlebar=1&ranktype=3
山西省,晋中市,榆次区,左记羊汤（榆次总店）,山西省晋中市榆次区北关街道中都路300号,4.3,31,特制羊肉汤,省市区及街道已获取,已获取,同店铺ID出现在榜单县级城市入口,4226938,https://plat.dianping.com/app/femember-musteat-web/musteat-rank?cityid=41&notitlebar=1&ranktype=3,https://www.dianping.com/shop/4226938/photos/album,https://plat.dianping.com/app/femember-musteat-web/musteat-rank?cityid=4487&notitlebar=1&ranktype=3
山西省,晋中市,榆次区,正太饭店（中都路店）,山西省晋中市榆次区中都路300号,4.2,50,和子饭,省市区及街道已获取,已获取,同店铺ID出现在榜单县级城市入口,5296714,https://plat.dianping.com/app/femember-musteat-web/musteat-rank?cityid=41&notitlebar=1&ranktype=3,https://www.dianping.com/shop/5296714/photos/album,https://plat.dianping.com/app/femember-musteat-web/musteat-rank?cityid=4487&notitlebar=1&ranktype=3
山西省,晋中市,榆次区,榆次桃花面（柳西西三巷店）,山西省晋中市榆次区柳西西三巷981号,4.5,37,榆次桃花面,省市区及街道已获取,已获取,榜单行政区/商圈归属,1821037951,https://plat.dianping.com/app/femember-musteat-web/musteat-rank?cityid=41&notitlebar=1&ranktype=3,https://www.dianping.com/shop/1821037951/photos/album,https://plat.dianping.com/app/femember-musteat-web/musteat-rank?cityid=41&notitlebar=1&ranktype=3
山西省,晋中市,榆次区,千里飘香麻辣王（榆次总店）,山西省晋中市榆次区北关街道正太北路人寿保险公司宿舍对面(近工人俱乐部),4.3,17,麻辣烫,省市区及街道已获取,已获取,同店铺ID出现在榜单县级城市入口,4227411,https://plat.dianping.com/app/femember-musteat-web/musteat-rank?cityid=41&notitlebar=1&ranktype=3,https://www.dianping.com/shop/4227411/photos/album,https://plat.dianping.com/app/femember-musteat-web/musteat-rank?cityid=4487&notitlebar=1&ranktype=3
山西省,晋中市,平遥县,滨河食府特色餐饮（曙光东街店）,山西省晋中市平遥县曙光中街滨河花园东3号,4.3,45,土豆片栲栳栳,省市区及街道已获取,已获取,同店铺ID出现在榜单县级城市入口,48331209,https://plat.dianping.com/app/femember-musteat-web/musteat-rank?cityid=41&notitlebar=1&ranktype=3,https://www.dianping.com/shop/48331209/photos/album,https://plat.dianping.com/app/femember-musteat-web/musteat-rank?cityid=628&notitlebar=1&ranktype=3
山西省,晋中市,平遥县,平遥胡记碗秃（小察院街店）,山西省晋中市平遥县小察院街4号,4.7,28,碗托,省市区及街道已获取,已获取,同店铺ID出现在榜单县级城市入口,73580559,https://plat.dianping.com/app/femember-musteat-web/musteat-rank?cityid=41&notitlebar=1&ranktype=3,https://www.dianping.com/shop/73580559/photos/album,https://plat.dianping.com/app/femember-musteat-web/musteat-rank?cityid=628&notitlebar=1&ranktype=3
山西省,晋中市,平遥县,天元奎饭店（南大街二店）,山西省晋中市平遥县南大街86号（古城中心）,4.8,67,长龙茄子,省市区及街道已获取,已获取,同店铺ID出现在榜单县级城市入口,1705992954,https://plat.dianping.com/app/femember-musteat-web/musteat-rank?cityid=41&notitlebar=1&ranktype=3,https://www.dianping.com/shop/1705992954/photos/album,https://plat.dianping.com/app/femember-musteat-web/musteat-rank?cityid=628&notitlebar=1&ranktype=3
山西省,运城市,盐湖区,河东小馆（条山街店）,山西省运城市盐湖区条山街汉邦酒店一楼,4.6,60,花轿鸡,省市区及街道已获取,已获取,榜单行政区/商圈归属,32566828,https://plat.dianping.com/app/femember-musteat-web/musteat-rank?cityid=42&notitlebar=1&ranktype=3,https://www.dianping.com/shop/32566828/photos/album,https://plat.dianping.com/app/femember-musteat-web/musteat-rank?cityid=42&notitlebar=1&ranktype=3
山西省,运城市,盐湖区,鸿祥粥饼屋•山西家常菜（中银路店）,山西省运城市盐湖区中银南路畜牧局楼下,4.5,42,香酥小油饼,省市区及街道已获取,已获取,榜单行政区/商圈归属,5616693,https://plat.dianping.com/app/femember-musteat-web/musteat-rank?cityid=42&notitlebar=1&ranktype=3,https://www.dianping.com/shop/5616693/photos/album,https://plat.dianping.com/app/femember-musteat-web/musteat-rank?cityid=42&notitlebar=1&ranktype=3
山西省,运城市,盐湖区,星河摇滚炒鸡总店,山西省运城市盐湖区涑水东街星河幼儿园对面巷子简艺图文广告隔壁,4.3,26,摇滚炒鸡,省市区及街道已获取,已获取,榜单行政区/商圈归属,1846420796,https://plat.dianping.com/app/femember-musteat-web/musteat-rank?cityid=42&notitlebar=1&ranktype=3,https://www.dianping.com/shop/1846420796/photos/album,https://plat.dianping.com/app/femember-musteat-web/musteat-rank?cityid=42&notitlebar=1&ranktype=3
山西省,运城市,盐湖区,娃蛋火锅店（东华路店）,山西省运城市盐湖区东华路禹都派出所对面,4.3,28,娃蛋铜火锅,省市区及街道已获取,已获取,榜单行政区/商圈归属,10605298,https://plat.dianping.com/app/femember-musteat-web/musteat-rank?cityid=42&notitlebar=1&ranktype=3,https://www.dianping.com/shop/10605298/photos/album,https://plat.dianping.com/app/femember-musteat-web/musteat-rank?cityid=42&notitlebar=1&ranktype=3
山西省,运城市,盐湖区,新绛火锅村（钟楼小区店）,山西省运城市盐湖区钟楼小区西门实验小学幼儿园对面,4.3,38,新绛火锅,省市区及街道已获取,已获取,榜单行政区/商圈归属,44362640,https://plat.dianping.com/app/femember-musteat-web/musteat-rank?cityid=42&notitlebar=1&ranktype=3,https://www.dianping.com/shop/44362640/photos/album,https://plat.dianping.com/app/femember-musteat-web/musteat-rank?cityid=42&notitlebar=1&ranktype=3
山西省,运城市,盐湖区,张氏北相羊肉胡卜（八一总店）,山西省运城市盐湖区西城街道解放路路西小区旁(晋州大厦西北),4.4,29,羊肉胡卜,省市区及街道已获取,已获取,榜单行政区/商圈归属,9935839,https://plat.dianping.com/app/femember-musteat-web/musteat-rank?cityid=42&notitlebar=1&ranktype=3,https://www.dianping.com/shop/9935839/photos/album,https://plat.dianping.com/app/femember-musteat-web/musteat-rank?cityid=42&notitlebar=1&ranktype=3
山西省,运城市,盐湖区,解州王剑羊肉泡（河东广场店）,山西省运城市盐湖区东城街道红旗东街与东城墙路交口向南100米路西,4.4,39,羊肉泡,省市区及街道已获取,已获取,榜单行政区/商圈归属,4065451,https://plat.dianping.com/app/femember-musteat-web/musteat-rank?cityid=42&notitlebar=1&ranktype=3,https://www.dianping.com/shop/4065451/photos/album,https://plat.dianping.com/app/femember-musteat-web/musteat-rank?cityid=42&notitlebar=1&ranktype=3
山西省,运城市,盐湖区,隆兴美面食馆（韩信路店）,山西省运城市盐湖区韩信路与红旗东街交叉口向北90米路西（外滩首府对面）,4.3,52,招牌功夫鱼,省市区及街道已获取,已获取,榜单行政区/商圈归属,95393979,https://plat.dianping.com/app/femember-musteat-web/musteat-rank?cityid=42&notitlebar=1&ranktype=3,https://www.dianping.com/shop/95393979/photos/album,https://plat.dianping.com/app/femember-musteat-web/musteat-rank?cityid=42&notitlebar=1&ranktype=3
山西省,忻州市,五台县,鸿磐·酱醋鱼（五台山店）,山西省忻州市五台县五台山风景区杨柏峪灵峰寺对面,4.4,71,酱醋鱼,省市区及街道已获取,已获取,同店铺ID出现在榜单县级城市入口,65739932,https://plat.dianping.com/app/femember-musteat-web/musteat-rank?cityid=43&notitlebar=1&ranktype=3,https://www.dianping.com/shop/65739932/photos/album,https://plat.dianping.com/app/femember-musteat-web/musteat-rank?cityid=609&notitlebar=1&ranktype=3
山西省,忻州市,忻府区,七盔八碗（忻州古城店）,山西省忻州市忻府区秀容街道泰山庙巷19号,3.7,51,红烧肉丸子,省市区及街道已获取,已获取,榜单行政区/商圈归属,1581008839,https://plat.dianping.com/app/femember-musteat-web/musteat-rank?cityid=43&notitlebar=1&ranktype=3,https://www.dianping.com/shop/1581008839/photos/album,https://plat.dianping.com/app/femember-musteat-web/musteat-rank?cityid=43&notitlebar=1&ranktype=3
山西省,忻州市,忻府区,红馥郁饭店·忻州菜,山西省忻州市忻府区新建北路日月宏小区底商,4.2,44,糖醋里脊,省市区及街道已获取,已获取,榜单行政区/商圈归属,9774379,https://plat.dianping.com/app/femember-musteat-web/musteat-rank?cityid=43&notitlebar=1&ranktype=3,https://www.dianping.com/shop/9774379/photos/album,https://plat.dianping.com/app/femember-musteat-web/musteat-rank?cityid=43&notitlebar=1&ranktype=3
山西省,忻州市,忻府区,晋光明早餐店,山西省忻州市忻府区光明东街人事局旁4号门面,4,10,豆腐脑,省市区及街道已获取,已获取,榜单行政区/商圈归属,45330498,https://plat.dianping.com/app/femember-musteat-web/musteat-rank?cityid=43&notitlebar=1&ranktype=3,https://www.dianping.com/shop/45330498/photos/album,https://plat.dianping.com/app/femember-musteat-web/musteat-rank?cityid=43&notitlebar=1&ranktype=3
山西省,忻州市,五台县,张记羊肉（五台山店）,"山西省忻州市五台县风景名胜区杨柏峪后街灵峰寺停车场入口对面胡同（坐8路友谊路口下车,步行3分钟）",4.4,70,羊肉面锅,省市区及街道已获取,已获取,同店铺ID出现在榜单县级城市入口,664849899,https://plat.dianping.com/app/femember-musteat-web/musteat-rank?cityid=43&notitlebar=1&ranktype=3,https://www.dianping.com/shop/664849899/photos/album,https://plat.dianping.com/app/femember-musteat-web/musteat-rank?cityid=609&notitlebar=1&ranktype=3
山西省,忻州市,忻府区,奇村杂碎（忻州古城店）,山西省忻州市忻府区泰山庙巷忻州古城,4.4,16,猪杂（小碗）,省市区及街道已获取,已获取,榜单行政区/商圈归属,1732751885,https://plat.dianping.com/app/femember-musteat-web/musteat-rank?cityid=43&notitlebar=1&ranktype=3,https://www.dianping.com/shop/1732751885/photos/album,https://plat.dianping.com/app/femember-musteat-web/musteat-rank?cityid=43&notitlebar=1&ranktype=3
山西省,忻州市,五台县,天天向上素食餐厅（五台山店）,山西省忻州市五台县台怀镇杨柏峪砂石线与友谊路交叉口（友谊宾馆东100米）,4.4,78,素风味竹烤鱼,省市区及街道已获取,已获取,同店铺ID出现在榜单县级城市入口,18497287,https://plat.dianping.com/app/femember-musteat-web/musteat-rank?cityid=43&notitlebar=1&ranktype=3,https://www.dianping.com/shop/18497287/photos/album,https://plat.dianping.com/app/femember-musteat-web/musteat-rank?cityid=609&notitlebar=1&ranktype=3
山西省,临汾市,洪洞县,老洪洞·洪洞菜（十里香大槐树店）,山西省临汾市洪洞县大槐树镇恒富东大街龙泉家园对面（苑艺幼儿园西侧）,4.9,52,秘制脱骨带鱼,省市区及街道已获取,已获取,同店铺ID出现在榜单县级城市入口,22229931,https://plat.dianping.com/app/femember-musteat-web/musteat-rank?cityid=44&notitlebar=1&ranktype=3,https://www.dianping.com/shop/22229931/photos/album,https://plat.dianping.com/app/femember-musteat-web/musteat-rank?cityid=635&notitlebar=1&ranktype=3
山西省,临汾市,洪洞县,丁字口饭店,山西省临汾市洪洞县洪广路洪洞广胜寺客运站,4.1,50,烂糊白菜,省市区及街道已获取,已获取,榜单行政区/商圈归属,114433324,https://plat.dianping.com/app/femember-musteat-web/musteat-rank?cityid=44&notitlebar=1&ranktype=3,https://www.dianping.com/shop/114433324/photos/album,https://plat.dianping.com/app/femember-musteat-web/musteat-rank?cityid=44&notitlebar=1&ranktype=3
山西省,临汾市,尧都区,小姚主食工坊（平阳北街店）,山西省临汾市尧都区平阳北街中段342号,4.5,24,羊肉揪面片,省市区及街道已获取,已获取,榜单行政区/商圈归属,3498754,https://plat.dianping.com/app/femember-musteat-web/musteat-rank?cityid=44&notitlebar=1&ranktype=3,https://www.dianping.com/shop/3498754/photos/album,https://plat.dianping.com/app/femember-musteat-web/musteat-rank?cityid=44&notitlebar=1&ranktype=3
山西省,临汾市,尧都区,杨家味道,山西省临汾市尧都区平水街临汾市人民医院西门斜对面,4.3,57,砂锅全鸡,省市区及街道已获取,已获取,榜单行政区/商圈归属,1412236484,https://plat.dianping.com/app/femember-musteat-web/musteat-rank?cityid=44&notitlebar=1&ranktype=3,https://www.dianping.com/shop/1412236484/photos/album,https://plat.dianping.com/app/femember-musteat-web/musteat-rank?cityid=44&notitlebar=1&ranktype=3
山西省,临汾市,尧都区,白老三牛肉丸子面（平阳广场店）,山西省临汾市尧都区平阳中街7号,3.7,21,牛肉丸子面特色面,省市区及街道已获取,已获取,榜单行政区/商圈归属,3215338,https://plat.dianping.com/app/femember-musteat-web/musteat-rank?cityid=44&notitlebar=1&ranktype=3,https://www.dianping.com/shop/3215338/photos/album,https://plat.dianping.com/app/femember-musteat-web/musteat-rank?cityid=44&notitlebar=1&ranktype=3
山西省,临汾市,尧都区,三晋老田饸饹面（中大街店）,山西省临汾市尧都区滨河街道中大街南1号德和大厦4层(全季酒店旁),4.1,56,饸络面,省市区及街道已获取,已获取,榜单行政区/商圈归属,93623871,https://plat.dianping.com/app/femember-musteat-web/musteat-rank?cityid=44&notitlebar=1&ranktype=3,https://www.dianping.com/shop/93623871/photos/album,https://plat.dianping.com/app/femember-musteat-web/musteat-rank?cityid=44&notitlebar=1&ranktype=3
山西省,临汾市,尧都区,张老四羊汤馆（平阳北街店）,山西省临汾市尧都区车站街街道五道庙1号楼(平阳北街西),4.2,23,羊杂汤,省市区及街道已获取,已获取,榜单行政区/商圈归属,8824091,https://plat.dianping.com/app/femember-musteat-web/musteat-rank?cityid=44&notitlebar=1&ranktype=3,https://www.dianping.com/shop/8824091/photos/album,https://plat.dianping.com/app/femember-musteat-web/musteat-rank?cityid=44&notitlebar=1&ranktype=3
内蒙古自治区,呼和浩特市,新城区,斡鲁朵蒙古料理,内蒙古自治区呼和浩特市新城区乌兰察布西街呼和浩特内蒙古饭店t3慢生活商业街区底商01号,4.4,96,奶皮蔬果沙拉,省市区及街道已获取,已获取,榜单行政区/商圈归属,1077742129,https://plat.dianping.com/app/femember-musteat-web/musteat-rank?cityid=46&notitlebar=1&ranktype=3,https://www.dianping.com/shop/1077742129/photos/album,https://plat.dianping.com/app/femember-musteat-web/musteat-rank?cityid=46&notitlebar=1&ranktype=3
内蒙古自治区,呼和浩特市,新城区,金戈铁骑铁帽烤肉,内蒙古自治区呼和浩特市新城区胜利街与呼伦贝尔北路交叉口往东200米（俄罗斯大肉串正对面）,4.6,76,烤鸡蛋,省市区及街道已获取,已获取,榜单行政区/商圈归属,1316083306,https://plat.dianping.com/app/femember-musteat-web/musteat-rank?cityid=46&notitlebar=1&ranktype=3,https://www.dianping.com/shop/1316083306/photos/album,https://plat.dianping.com/app/femember-musteat-web/musteat-rank?cityid=46&notitlebar=1&ranktype=3
内蒙古自治区,呼和浩特市,赛罕区,盛扬楼·杨氏铜锅涮冰煮羊清真火锅（公务员小区店）,内蒙古自治区呼和浩特市赛罕区呼伦贝尔南路全季酒店旁,4.4,77,大刀羔羊肉,省市区及街道已获取,已获取,榜单行政区/商圈归属,1973700056,https://plat.dianping.com/app/femember-musteat-web/musteat-rank?cityid=46&notitlebar=1&ranktype=3,https://www.dianping.com/shop/1973700056/photos/album,https://plat.dianping.com/app/femember-musteat-web/musteat-rank?cityid=46&notitlebar=1&ranktype=3
内蒙古自治区,呼和浩特市,玉泉区,绥合稍麦（小召店）,内蒙古自治区呼和浩特市玉泉区钰景花园南门小召派出所斜对面,4.7,23,蒸稍麦,省市区及街道已获取,已获取,榜单行政区/商圈归属,68448413,https://plat.dianping.com/app/femember-musteat-web/musteat-rank?cityid=46&notitlebar=1&ranktype=3,https://www.dianping.com/shop/68448413/photos/album,https://plat.dianping.com/app/femember-musteat-web/musteat-rank?cityid=46&notitlebar=1&ranktype=3
内蒙古自治区,呼和浩特市,新城区,老·贝尔杂碎馆,内蒙古自治区呼和浩特市新城区东风路街道光华街与外贸巷交叉口东北角(近兴安北路),4.7,27,羊杂,省市区及街道已获取,已获取,榜单行政区/商圈归属,2397442,https://plat.dianping.com/app/femember-musteat-web/musteat-rank?cityid=46&notitlebar=1&ranktype=3,https://www.dianping.com/shop/2397442/photos/album,https://plat.dianping.com/app/femember-musteat-web/musteat-rank?cityid=46&notitlebar=1&ranktype=3
内蒙古自治区,呼和浩特市,回民区,半亩地莜面大王（五四商城店）,内蒙古自治区呼和浩特市回民区郭勒南路3号加利大厦1楼,4.8,71,莜面花样全席,省市区及街道已获取,已获取,榜单行政区/商圈归属,2172580,https://plat.dianping.com/app/femember-musteat-web/musteat-rank?cityid=46&notitlebar=1&ranktype=3,https://www.dianping.com/shop/2172580/photos/album,https://plat.dianping.com/app/femember-musteat-web/musteat-rank?cityid=46&notitlebar=1&ranktype=3
内蒙古自治区,呼和浩特市,新城区,老绥元烧麦·家常菜（如意店）,内蒙古自治区呼和浩特市新城区如意路如意住宅小区东门南侧,4.3,52,羊肉大葱烧麦,省市区及街道已获取,已获取,榜单行政区/商圈归属,18233369,https://plat.dianping.com/app/femember-musteat-web/musteat-rank?cityid=46&notitlebar=1&ranktype=3,https://www.dianping.com/shop/18233369/photos/album,https://plat.dianping.com/app/femember-musteat-web/musteat-rank?cityid=46&notitlebar=1&ranktype=3
内蒙古自治区,呼和浩特市,玉泉区,沁园稍麦（小召头道巷店）,内蒙古自治区呼和浩特市玉泉区小召头道巷泓博花园北门旁,4.4,24,稍麦,省市区及街道已获取,已获取,榜单行政区/商圈归属,27341550,https://plat.dianping.com/app/femember-musteat-web/musteat-rank?cityid=46&notitlebar=1&ranktype=3,https://www.dianping.com/shop/27341550/photos/album,https://plat.dianping.com/app/femember-musteat-web/musteat-rank?cityid=46&notitlebar=1&ranktype=3
内蒙古自治区,呼和浩特市,新城区,德乐海蒙餐,内蒙古自治区呼和浩特市新城区新城东街75号(艺术学院西)（中国银行对面）,4.6,111,草原手把肉,省市区及街道已获取,已获取,榜单行政区/商圈归属,559234,https://plat.dianping.com/app/femember-musteat-web/musteat-rank?cityid=46&notitlebar=1&ranktype=3,https://www.dianping.com/shop/559234/photos/album,https://plat.dianping.com/app/femember-musteat-web/musteat-rank?cityid=46&notitlebar=1&ranktype=3
内蒙古自治区,呼和浩特市,赛罕区,萫尔冰煮羊（绿地店）,内蒙古自治区呼和浩特市赛罕区敕勒川大街绿地蓝海大厦B座103底商,4.7,97,冰煮羊,省市区及街道已获取,已获取,榜单行政区/商圈归属,17832735,https://plat.dianping.com/app/femember-musteat-web/musteat-rank?cityid=46&notitlebar=1&ranktype=3,https://www.dianping.com/shop/17832735/photos/album,https://plat.dianping.com/app/femember-musteat-web/musteat-rank?cityid=46&notitlebar=1&ranktype=3
内蒙古自治区,呼和浩特市,新城区,蒙古珍烧烤（兴泰御都店）,内蒙古自治区呼和浩特市新城区艺术厅南街与乌兰察布西街交叉口东北角大都会二楼,4.2,83,脆皮大油边,省市区及街道已获取,已获取,榜单行政区/商圈归属,1343534905,https://plat.dianping.com/app/femember-musteat-web/musteat-rank?cityid=46&notitlebar=1&ranktype=3,https://www.dianping.com/shop/1343534905/photos/album,https://plat.dianping.com/app/femember-musteat-web/musteat-rank?cityid=46&notitlebar=1&ranktype=3
内蒙古自治区,呼和浩特市,新城区,枣红马蒙古餐（八一店）,内蒙古自治区呼和浩特市新城区呼伦贝尔北路海光大厦一楼,4.4,76,锅奶茶,省市区及街道已获取,已获取,榜单行政区/商圈归属,2171614,https://plat.dianping.com/app/femember-musteat-web/musteat-rank?cityid=46&notitlebar=1&ranktype=3,https://www.dianping.com/shop/2171614/photos/album,https://plat.dianping.com/app/femember-musteat-web/musteat-rank?cityid=46&notitlebar=1&ranktype=3
内蒙古自治区,呼和浩特市,新城区,额尔敦传统涮（体育场店）,内蒙古自治区呼和浩特市新城区成吉思汗大街呼和浩特体育场东门旁,4.8,110,高钙羊肉,省市区及街道已获取,已获取,榜单行政区/商圈归属,16004186,https://plat.dianping.com/app/femember-musteat-web/musteat-rank?cityid=46&notitlebar=1&ranktype=3,https://www.dianping.com/shop/16004186/photos/album,https://plat.dianping.com/app/femember-musteat-web/musteat-rank?cityid=46&notitlebar=1&ranktype=3
内蒙古自治区,呼和浩特市,赛罕区,泽成冰煮羊（非·遗公务员小区店）,内蒙古自治区呼和浩特市赛罕区呼伦贝尔南路与包头大街交叉口北行50米路东,4.5,98,冰煮羊,省市区及街道已获取,已获取,榜单行政区/商圈归属,18143204,https://plat.dianping.com/app/femember-musteat-web/musteat-rank?cityid=46&notitlebar=1&ranktype=3,https://www.dianping.com/shop/18143204/photos/album,https://plat.dianping.com/app/femember-musteat-web/musteat-rank?cityid=46&notitlebar=1&ranktype=3
内蒙古自治区,呼和浩特市,赛罕区,巴音浩日娲·蒙餐（呼市店）,内蒙古自治区呼和浩特市赛罕区银河北街万豪长隆湾南门,4.7,102,巴音手扒肉,省市区及街道已获取,已获取,榜单行政区/商圈归属,1979287218,https://plat.dianping.com/app/femember-musteat-web/musteat-rank?cityid=46&notitlebar=1&ranktype=3,https://www.dianping.com/shop/1979287218/photos/album,https://plat.dianping.com/app/femember-musteat-web/musteat-rank?cityid=46&notitlebar=1&ranktype=3
内蒙古自治区,呼和浩特市,赛罕区,格日勒阿妈蒙古厨房（东岸店）,内蒙古自治区呼和浩特市赛罕区东五纬街与晨光路交汇处西北角东岸国际A区21号楼商业街南段,4.4,75,甜奶酪馅饼,省市区及街道已获取,已获取,榜单行政区/商圈归属,90998122,https://plat.dianping.com/app/femember-musteat-web/musteat-rank?cityid=46&notitlebar=1&ranktype=3,https://www.dianping.com/shop/90998122/photos/album,https://plat.dianping.com/app/femember-musteat-web/musteat-rank?cityid=46&notitlebar=1&ranktype=3
内蒙古自治区,包头市,青山区,牧人嘎查蒙餐（富强路店）,内蒙古自治区包头市青山区富强路9号街坊-37-123-1,4.7,82,手扒肉,省市区及街道已获取,已获取,榜单行政区/商圈归属,48413565,https://plat.dianping.com/app/femember-musteat-web/musteat-rank?cityid=47&notitlebar=1&ranktype=3,https://www.dianping.com/shop/48413565/photos/album,https://plat.dianping.com/app/femember-musteat-web/musteat-rank?cityid=47&notitlebar=1&ranktype=3
内蒙古自治区,包头市,东河区,牧上都炭火烤羊腿·烧烤（东河店）,内蒙古自治区包头市东河区耐火厂路欧艺家园17号底店,4.8,85,蒙古奶茶,省市区及街道已获取,已获取,榜单行政区/商圈归属,21673176,https://plat.dianping.com/app/femember-musteat-web/musteat-rank?cityid=47&notitlebar=1&ranktype=3,https://www.dianping.com/shop/21673176/photos/album,https://plat.dianping.com/app/femember-musteat-web/musteat-rank?cityid=47&notitlebar=1&ranktype=3
内蒙古自治区,包头市,东河区,背头稍美（工业路店）,内蒙古自治区包头市东河区环城路与工业路交汇处南210米,4.3,29,专供醋,省市区及街道已获取,已获取,榜单行政区/商圈归属,3523060,https://plat.dianping.com/app/femember-musteat-web/musteat-rank?cityid=47&notitlebar=1&ranktype=3,https://www.dianping.com/shop/3523060/photos/album,https://plat.dianping.com/app/femember-musteat-web/musteat-rank?cityid=47&notitlebar=1&ranktype=3
内蒙古自治区,包头市,青山区,蒙小痴小羊排·内蒙菜·蒙餐（圈点生活店）,内蒙古自治区包头市青山区青东路与文化路东北角圈点生活底商,4.5,69,内蒙羊小腿血肉肠拼肚包肉,省市区及街道已获取,已获取,榜单行政区/商圈归属,1871512384,https://plat.dianping.com/app/femember-musteat-web/musteat-rank?cityid=47&notitlebar=1&ranktype=3,https://www.dianping.com/shop/1871512384/photos/album,https://plat.dianping.com/app/femember-musteat-web/musteat-rank?cityid=47&notitlebar=1&ranktype=3
内蒙古自治区,包头市,青山区,小尾羊火锅（大厦店）,内蒙古自治区包头市青山区文化路77号小尾羊大厦四层,4.8,97,鲜切羔羊肉,省市区及街道已获取,已获取,榜单行政区/商圈归属,4718379,https://plat.dianping.com/app/femember-musteat-web/musteat-rank?cityid=47&notitlebar=1&ranktype=3,https://www.dianping.com/shop/4718379/photos/album,https://plat.dianping.com/app/femember-musteat-web/musteat-rank?cityid=47&notitlebar=1&ranktype=3
内蒙古自治区,包头市,青山区,乡村居焖面·内蒙菜（大连店）,内蒙古自治区包头市青山区呼得木林大街与少先路交叉口南行50米路西,4.6,49,排骨焖面,省市区及街道已获取,已获取,榜单行政区/商圈归属,6188419,https://plat.dianping.com/app/femember-musteat-web/musteat-rank?cityid=47&notitlebar=1&ranktype=3,https://www.dianping.com/shop/6188419/photos/album,https://plat.dianping.com/app/femember-musteat-web/musteat-rank?cityid=47&notitlebar=1&ranktype=3
内蒙古自治区,包头市,昆都仑区,阿亮烤翅·内蒙烧烤·深夜酒场（创始店）,内蒙古自治区包头市昆都仑区少先路太阳城北街西口东50米路南,4.5,75,羊肉串,省市区及街道已获取,已获取,榜单行政区/商圈归属,65655971,https://plat.dianping.com/app/femember-musteat-web/musteat-rank?cityid=47&notitlebar=1&ranktype=3,https://www.dianping.com/shop/65655971/photos/album,https://plat.dianping.com/app/femember-musteat-web/musteat-rank?cityid=47&notitlebar=1&ranktype=3
内蒙古自治区,包头市,昆都仑区,快乐小羊火锅餐厅（锡华店）,内蒙古自治区包头市昆都仑区市府东路与钢铁大街交叉口南200米路东鸿德酒店旁,4.8,95,锡林精英大片羊（大份）,省市区及街道已获取,已获取,榜单行政区/商圈归属,97584014,https://plat.dianping.com/app/femember-musteat-web/musteat-rank?cityid=47&notitlebar=1&ranktype=3,https://www.dianping.com/shop/97584014/photos/album,https://plat.dianping.com/app/femember-musteat-web/musteat-rank?cityid=47&notitlebar=1&ranktype=3
内蒙古自治区,包头市,昆都仑区,马家稍美清真（总店）,内蒙古自治区包头市昆都仑区阿尔丁大街恩和小区二区二层商店10号,4.5,28,手切羊肉稍美,省市区及街道已获取,已获取,榜单行政区/商圈归属,50297297,https://plat.dianping.com/app/femember-musteat-web/musteat-rank?cityid=47&notitlebar=1&ranktype=3,https://www.dianping.com/shop/50297297/photos/album,https://plat.dianping.com/app/femember-musteat-web/musteat-rank?cityid=47&notitlebar=1&ranktype=3
内蒙古自治区,包头市,九原区,三未源火锅（总店）,内蒙古自治区包头市九原区少先路财校北门西200米（财校北门东，汇富厨具正对面）,4.4,82,三未源招牌羊肉,省市区及街道已获取,已获取,榜单行政区/商圈归属,5200354,https://plat.dianping.com/app/femember-musteat-web/musteat-rank?cityid=47&notitlebar=1&ranktype=3,https://www.dianping.com/shop/5200354/photos/album,https://plat.dianping.com/app/femember-musteat-web/musteat-rank?cityid=47&notitlebar=1&ranktype=3
内蒙古自治区,赤峰市,松山区,城南对夹（玉龙广场店）,内蒙古自治区赤峰市松山区财富大厦A座1楼01012号（全季酒店楼下）,4,33,普通对夹,省市区及街道已获取,已获取,榜单行政区/商圈归属,3325750,https://plat.dianping.com/app/femember-musteat-web/musteat-rank?cityid=49&notitlebar=1&ranktype=3,https://www.dianping.com/shop/3325750/photos/album,https://plat.dianping.com/app/femember-musteat-web/musteat-rank?cityid=49&notitlebar=1&ranktype=3
内蒙古自治区,赤峰市,松山区,宴宾楼（锦绣店）,内蒙古自治区赤峰市松山区玉龙街道全宁街与天义路交叉口(五指生楼下),4,78,锅包肉,省市区及街道已获取,已获取,榜单行政区/商圈归属,67391731,https://plat.dianping.com/app/femember-musteat-web/musteat-rank?cityid=49&notitlebar=1&ranktype=3,https://www.dianping.com/shop/67391731/photos/album,https://plat.dianping.com/app/femember-musteat-web/musteat-rank?cityid=49&notitlebar=1&ranktype=3
内蒙古自治区,赤峰市,红山区,草原传奇鲜羊火锅（桥北店）,内蒙古自治区赤峰市红山区赤锡路金宇国际小区B区50-10号,4.8,93,乌珠穆沁排酸手工鲜切羊肉,省市区及街道已获取,已获取,榜单行政区/商圈归属,75142853,https://plat.dianping.com/app/femember-musteat-web/musteat-rank?cityid=49&notitlebar=1&ranktype=3,https://www.dianping.com/shop/75142853/photos/album,https://plat.dianping.com/app/femember-musteat-web/musteat-rank?cityid=49&notitlebar=1&ranktype=3
内蒙古自治区,赤峰市,红山区,王爷府鲜羊涮（万达店）,内蒙古自治区赤峰市红山区宝山路万达广场水岸天街西段（万达嘉华后身）,4.8,105,苏尼特肋排卷肉,省市区及街道已获取,已获取,榜单行政区/商圈归属,67591117,https://plat.dianping.com/app/femember-musteat-web/musteat-rank?cityid=49&notitlebar=1&ranktype=3,https://www.dianping.com/shop/67591117/photos/album,https://plat.dianping.com/app/femember-musteat-web/musteat-rank?cityid=49&notitlebar=1&ranktype=3
内蒙古自治区,赤峰市,松山区,萨仁格勒玛,内蒙古自治区赤峰市松山区八家组团临湟大街南林西路东1号楼01017号厅,4.3,77,酸奶饼,省市区及街道已获取,已获取,榜单行政区/商圈归属,63050583,https://plat.dianping.com/app/femember-musteat-web/musteat-rank?cityid=49&notitlebar=1&ranktype=3,https://www.dianping.com/shop/63050583/photos/album,https://plat.dianping.com/app/femember-musteat-web/musteat-rank?cityid=49&notitlebar=1&ranktype=3
内蒙古自治区,赤峰市,红山区,呼兰蒙餐（园林路店）,内蒙古自治区赤峰市红山区园林路53-5号,4.1,75,活羊手把肉,省市区及街道已获取,已获取,榜单行政区/商圈归属,4293240,https://plat.dianping.com/app/femember-musteat-web/musteat-rank?cityid=49&notitlebar=1&ranktype=3,https://www.dianping.com/shop/4293240/photos/album,https://plat.dianping.com/app/femember-musteat-web/musteat-rank?cityid=49&notitlebar=1&ranktype=3
内蒙古自治区,赤峰市,松山区,宏利对夹（全宁街店）,内蒙古自治区赤峰市松山区玉龙街道全宁街16-19号(新城区行政审批服务中心对面),4.1,28,精肉双料对夹,省市区及街道已获取,已获取,榜单行政区/商圈归属,6246450,https://plat.dianping.com/app/femember-musteat-web/musteat-rank?cityid=49&notitlebar=1&ranktype=3,https://www.dianping.com/shop/6246450/photos/album,https://plat.dianping.com/app/femember-musteat-web/musteat-rank?cityid=49&notitlebar=1&ranktype=3
内蒙古自治区,赤峰市,红山区,巧媳妇（哈达西街店）,内蒙古自治区赤峰市红山区哈达街红赫宾馆东行60米（影都斜对面）,4.2,51,锅包肉,省市区及街道已获取,已获取,榜单行政区/商圈归属,9832581,https://plat.dianping.com/app/femember-musteat-web/musteat-rank?cityid=49&notitlebar=1&ranktype=3,https://www.dianping.com/shop/9832581/photos/album,https://plat.dianping.com/app/femember-musteat-web/musteat-rank?cityid=49&notitlebar=1&ranktype=3
内蒙古自治区,赤峰市,松山区,云图腾蒙古演艺蒙餐厅,内蒙古自治区赤峰市松山区宝山路与罕山街交叉口北120米,4.3,106,锅包肉,省市区及街道已获取,已获取,榜单行政区/商圈归属,1154225322,https://plat.dianping.com/app/femember-musteat-web/musteat-rank?cityid=49&notitlebar=1&ranktype=3,https://www.dianping.com/shop/1154225322/photos/album,https://plat.dianping.com/app/femember-musteat-web/musteat-rank?cityid=49&notitlebar=1&ranktype=3
内蒙古自治区,鄂尔多斯市,伊金霍洛旗,乡村牛仔烧烤餐厅（金辉店）,内蒙古自治区鄂尔多斯市伊金霍洛旗公园路亚峰伊锦苑,4.7,83,香锅鸡爪爪,省市区及街道已获取,已获取,榜单行政区/商圈归属,113872123,https://plat.dianping.com/app/femember-musteat-web/musteat-rank?cityid=51&notitlebar=1&ranktype=3,https://www.dianping.com/shop/113872123/photos/album,https://plat.dianping.com/app/femember-musteat-web/musteat-rank?cityid=51&notitlebar=1&ranktype=3
内蒙古自治区,鄂尔多斯市,东胜区,杬味铁帽烤肉·内蒙古本土烤肉（宏源店）,内蒙古自治区鄂尔多斯市东胜区沙日乌素路宏源一品小区西门底商,4.4,79,鸡蛋,省市区及街道已获取,已获取,榜单行政区/商圈归属,67224852,https://plat.dianping.com/app/femember-musteat-web/musteat-rank?cityid=51&notitlebar=1&ranktype=3,https://www.dianping.com/shop/67224852/photos/album,https://plat.dianping.com/app/femember-musteat-web/musteat-rank?cityid=51&notitlebar=1&ranktype=3
内蒙古自治区,鄂尔多斯市,东胜区,托娅蒙古早茶（鑫通店）,内蒙古自治区鄂尔多斯市东胜区民悦大酒店22-1号,4,39,素烧卖,省市区及街道已获取,已获取,榜单行政区/商圈归属,1873816395,https://plat.dianping.com/app/femember-musteat-web/musteat-rank?cityid=51&notitlebar=1&ranktype=3,https://www.dianping.com/shop/1873816395/photos/album,https://plat.dianping.com/app/femember-musteat-web/musteat-rank?cityid=51&notitlebar=1&ranktype=3
内蒙古自治区,鄂尔多斯市,东胜区,老魏稍麦馆,内蒙古自治区鄂尔多斯市东胜区粮库小区西2门旁,4.3,19,煎稍麦,省市区及街道已获取,已获取,榜单行政区/商圈归属,58026568,https://plat.dianping.com/app/femember-musteat-web/musteat-rank?cityid=51&notitlebar=1&ranktype=3,https://www.dianping.com/shop/58026568/photos/album,https://plat.dianping.com/app/femember-musteat-web/musteat-rank?cityid=51&notitlebar=1&ranktype=3
内蒙古自治区,鄂尔多斯市,达拉特旗,北禾三香,内蒙古自治区鄂尔多斯市达拉特旗蒙达陶瓷文化广场（大花瓶东30米）,4.8,61,原味羊三香,省市区及街道已获取,已获取,同店铺ID出现在榜单县级城市入口,93419872,https://plat.dianping.com/app/femember-musteat-web/musteat-rank?cityid=51&notitlebar=1&ranktype=3,https://www.dianping.com/shop/93419872/photos/album,https://plat.dianping.com/app/femember-musteat-web/musteat-rank?cityid=3543&notitlebar=1&ranktype=3
内蒙古自治区,鄂尔多斯市,东胜区,俏啤小牛烧烤（东胜星月湾店）,内蒙古自治区鄂尔多斯市东胜区铁西腾飞街星月湾小区商业3号楼101室,4.2,77,溜汁宽粉,省市区及街道已获取,已获取,榜单行政区/商圈归属,97142540,https://plat.dianping.com/app/femember-musteat-web/musteat-rank?cityid=51&notitlebar=1&ranktype=3,https://www.dianping.com/shop/97142540/photos/album,https://plat.dianping.com/app/femember-musteat-web/musteat-rank?cityid=51&notitlebar=1&ranktype=3
内蒙古自治区,鄂尔多斯市,伊金霍洛旗,伊盟人家西北菜（文明小区店）,内蒙古自治区鄂尔多斯市伊金霍洛旗札萨克街文明小区北门对面,4.6,86,老伊盟烩酸菜,省市区及街道已获取,已获取,同店铺ID出现在榜单县级城市入口,96379093,https://plat.dianping.com/app/femember-musteat-web/musteat-rank?cityid=51&notitlebar=1&ranktype=3,https://www.dianping.com/shop/96379093/photos/album,https://plat.dianping.com/app/femember-musteat-web/musteat-rank?cityid=3549&notitlebar=1&ranktype=3
内蒙古自治区,鄂尔多斯市,达拉特旗,满口香稍美馆（西园店）,内蒙古自治区鄂尔多斯市达拉特旗市府街达拉特旗西园小区,4.6,23,牛肉稍美,省市区及街道已获取,已获取,榜单行政区/商圈归属,27244705,https://plat.dianping.com/app/femember-musteat-web/musteat-rank?cityid=51&notitlebar=1&ranktype=3,https://www.dianping.com/shop/27244705/photos/album,https://plat.dianping.com/app/femember-musteat-web/musteat-rank?cityid=51&notitlebar=1&ranktype=3
内蒙古自治区,鄂尔多斯市,康巴什区,康厨家乡菜（信息大厦店）,内蒙古自治区鄂尔多斯市康巴什区安康街信息大厦C座120号,4.4,61,过油肉土豆片,省市区及街道已获取,已获取,榜单行政区/商圈归属,114476324,https://plat.dianping.com/app/femember-musteat-web/musteat-rank?cityid=51&notitlebar=1&ranktype=3,https://www.dianping.com/shop/114476324/photos/album,https://plat.dianping.com/app/femember-musteat-web/musteat-rank?cityid=51&notitlebar=1&ranktype=3
内蒙古自治区,鄂尔多斯市,康巴什区,康和人家乡土菜（呼能商业广场店）,内蒙古自治区鄂尔多斯市康巴什区呼能广场底商D11,4.4,71,暖水山泉炖阿尔巴斯山羊肉,省市区及街道已获取,已获取,榜单行政区/商圈归属,18519318,https://plat.dianping.com/app/femember-musteat-web/musteat-rank?cityid=51&notitlebar=1&ranktype=3,https://www.dianping.com/shop/18519318/photos/album,https://plat.dianping.com/app/femember-musteat-web/musteat-rank?cityid=51&notitlebar=1&ranktype=3
内蒙古自治区,鄂尔多斯市,达拉特旗,燕飞老字号涮园（园丁小区店）,内蒙古自治区鄂尔多斯市达拉特旗金鹏路7号园丁小区西门17号底店,4.4,64,特色鸳鸯,省市区及街道已获取,已获取,榜单行政区/商圈归属,57752091,https://plat.dianping.com/app/femember-musteat-web/musteat-rank?cityid=51&notitlebar=1&ranktype=3,https://www.dianping.com/shop/57752091/photos/album,https://plat.dianping.com/app/femember-musteat-web/musteat-rank?cityid=51&notitlebar=1&ranktype=3
内蒙古自治区,呼伦贝尔市,额尔古纳市,胡老大铁锅炖,内蒙古自治区呼伦贝尔市额尔古纳市莫尔道嘎中心街粮食局胡同税务所旁,4.8,63,特色玉米饼,省市区及街道已获取,已获取,同店铺ID出现在榜单县级城市入口,13669257,https://plat.dianping.com/app/femember-musteat-web/musteat-rank?cityid=52&notitlebar=1&ranktype=3,https://www.dianping.com/shop/13669257/photos/album,https://plat.dianping.com/app/femember-musteat-web/musteat-rank?cityid=671&notitlebar=1&ranktype=3
内蒙古自治区,呼伦贝尔市,海拉尔区,和润羊肉汤馆（育英路店）,内蒙古自治区呼伦贝尔市海拉尔区西大街西大街小区3号楼5-1-18号,4.4,24,羊肉汤,省市区及街道已获取,已获取,榜单行政区/商圈归属,95191134,https://plat.dianping.com/app/femember-musteat-web/musteat-rank?cityid=52&notitlebar=1&ranktype=3,https://www.dianping.com/shop/95191134/photos/album,https://plat.dianping.com/app/femember-musteat-web/musteat-rank?cityid=52&notitlebar=1&ranktype=3
内蒙古自治区,呼伦贝尔市,满洲里市,蒙祥原烤吧（总店）,内蒙古自治区呼伦贝尔市满洲里市文明路通联大厦对面,4.4,81,大汉肉饼,省市区及街道已获取,已获取,同店铺ID出现在榜单县级城市入口,67070620,https://plat.dianping.com/app/femember-musteat-web/musteat-rank?cityid=52&notitlebar=1&ranktype=3,https://www.dianping.com/shop/67070620/photos/album,https://plat.dianping.com/app/femember-musteat-web/musteat-rank?cityid=667&notitlebar=1&ranktype=3
内蒙古自治区,呼伦贝尔市,额尔古纳市,鸿源家常菜饺子馆,内蒙古自治区呼伦贝尔市额尔古纳市莫尔道嘎镇五居绿星文化广场北103米,3.9,55,野菜馅水饺,省市区及街道已获取,已获取,榜单行政区/商圈归属,57938935,https://plat.dianping.com/app/femember-musteat-web/musteat-rank?cityid=52&notitlebar=1&ranktype=3,https://www.dianping.com/shop/57938935/photos/album,https://plat.dianping.com/app/femember-musteat-web/musteat-rank?cityid=52&notitlebar=1&ranktype=3
内蒙古自治区,呼伦贝尔市,满洲里市,诺敏塔拉奶茶—布里亚特包子-手把肉（满洲里店）,内蒙古自治区呼伦贝尔市满洲里市六道街现代花园小区5号楼14号门市,4.4,67,锅茶,省市区及街道已获取,已获取,同店铺ID出现在榜单县级城市入口,18707506,https://plat.dianping.com/app/femember-musteat-web/musteat-rank?cityid=52&notitlebar=1&ranktype=3,https://www.dianping.com/shop/18707506/photos/album,https://plat.dianping.com/app/femember-musteat-web/musteat-rank?cityid=667&notitlebar=1&ranktype=3
内蒙古自治区,呼伦贝尔市,满洲里市,鑫丽都西餐厅（秋林小区店）,内蒙古自治区呼伦贝尔市满洲里市二道街国旅秋林综合楼地下三号门市,4.4,84,皇后沙拉,省市区及街道已获取,已获取,同店铺ID出现在榜单县级城市入口,17542275,https://plat.dianping.com/app/femember-musteat-web/musteat-rank?cityid=52&notitlebar=1&ranktype=3,https://www.dianping.com/shop/17542275/photos/album,https://plat.dianping.com/app/femember-musteat-web/musteat-rank?cityid=667&notitlebar=1&ranktype=3
内蒙古自治区,呼伦贝尔市,海拉尔区,九牧羊鲜羊肉火锅·传承呼伦贝尔涮羊肉（河西店）,内蒙古自治区呼伦贝尔市海拉尔区正阳办开发区草市街2号,4.5,70,招牌鲜切羊腿肉,省市区及街道已获取,已获取,榜单行政区/商圈归属,126674285,https://plat.dianping.com/app/femember-musteat-web/musteat-rank?cityid=52&notitlebar=1&ranktype=3,https://www.dianping.com/shop/126674285/photos/album,https://plat.dianping.com/app/femember-musteat-web/musteat-rank?cityid=52&notitlebar=1&ranktype=3
内蒙古自治区,呼伦贝尔市,海拉尔区,菌香原文化主题火锅（河东党校店）,内蒙古自治区呼伦贝尔市海拉尔区奋斗镇加格达奇路天欣园小区4号楼6号门市(党校往北200米),4.1,75,滋补保健菌汤锅,省市区及街道已获取,已获取,榜单行政区/商圈归属,16817177,https://plat.dianping.com/app/femember-musteat-web/musteat-rank?cityid=52&notitlebar=1&ranktype=3,https://www.dianping.com/shop/16817177/photos/album,https://plat.dianping.com/app/femember-musteat-web/musteat-rank?cityid=52&notitlebar=1&ranktype=3
内蒙古自治区,呼伦贝尔市,满洲里市,草原饭店火锅,内蒙古自治区呼伦贝尔市满洲里市政北小区3号楼底商,4.5,88,鲜羊肉,省市区及街道已获取,已获取,同店铺ID出现在榜单县级城市入口,2689882,https://plat.dianping.com/app/femember-musteat-web/musteat-rank?cityid=52&notitlebar=1&ranktype=3,https://www.dianping.com/shop/2689882/photos/album,https://plat.dianping.com/app/femember-musteat-web/musteat-rank?cityid=667&notitlebar=1&ranktype=3
内蒙古自治区,呼伦贝尔市,满洲里市,乌勒吉羊粪火手扒肉·烤羊排羊腿蒙餐,内蒙古自治区呼伦贝尔市满洲里市道南街道二道街中舜市场门市房B区205室,4.3,87,手把肉,省市区及街道已获取,已获取,同店铺ID出现在榜单县级城市入口,10345812,https://plat.dianping.com/app/femember-musteat-web/musteat-rank?cityid=52&notitlebar=1&ranktype=3,https://www.dianping.com/shop/10345812/photos/album,https://plat.dianping.com/app/femember-musteat-web/musteat-rank?cityid=667&notitlebar=1&ranktype=3
内蒙古自治区,呼伦贝尔市,满洲里市,大峰烧烤涮肚店,内蒙古自治区呼伦贝尔市满洲里市一道街庆宇小区一号楼1-9门市,4.4,83,烤油边,省市区及街道已获取,已获取,同店铺ID出现在榜单县级城市入口,103666947,https://plat.dianping.com/app/femember-musteat-web/musteat-rank?cityid=52&notitlebar=1&ranktype=3,https://www.dianping.com/shop/103666947/photos/album,https://plat.dianping.com/app/femember-musteat-web/musteat-rank?cityid=667&notitlebar=1&ranktype=3
内蒙古自治区,呼伦贝尔市,额尔古纳市,玛丽亚西餐厅非遗俄餐,内蒙古自治区呼伦贝尔市额尔古纳市哈萨尔路353号（额尔古纳市体育馆正对面）,4.7,90,红汤,省市区及街道已获取,已获取,同店铺ID出现在榜单县级城市入口,6144904,https://plat.dianping.com/app/femember-musteat-web/musteat-rank?cityid=52&notitlebar=1&ranktype=3,https://www.dianping.com/shop/6144904/photos/album,https://plat.dianping.com/app/femember-musteat-web/musteat-rank?cityid=671&notitlebar=1&ranktype=3
内蒙古自治区,呼伦贝尔市,海拉尔区,老三骨头馆（白桦东路店）,内蒙古自治区呼伦贝尔市海拉尔区正阳街道白桦东路87号(近中国电信),4.4,81,骨头,省市区及街道已获取,已获取,榜单行政区/商圈归属,5257386,https://plat.dianping.com/app/femember-musteat-web/musteat-rank?cityid=52&notitlebar=1&ranktype=3,https://www.dianping.com/shop/5257386/photos/album,https://plat.dianping.com/app/femember-musteat-web/musteat-rank?cityid=52&notitlebar=1&ranktype=3
内蒙古自治区,锡林郭勒盟,多伦县,格日勒蒙餐（龙泽湖路店）,内蒙古自治区锡林郭勒盟多伦县会盟大街水芗茗居,3.9,83,奶茶,省市区及街道已获取,已获取,同店铺ID出现在榜单县级城市入口,56891417,https://plat.dianping.com/app/femember-musteat-web/musteat-rank?cityid=54&notitlebar=1&ranktype=3,https://www.dianping.com/shop/56891417/photos/album,https://plat.dianping.com/app/femember-musteat-web/musteat-rank?cityid=683&notitlebar=1&ranktype=3
内蒙古自治区,锡林郭勒盟,多伦县,喜来顺（悦合店）,内蒙古自治区锡林郭勒盟多伦县多伦大街272号,4.7,123,肋腹肉,省市区及街道已获取,已获取,同店铺ID出现在榜单县级城市入口,93574596,https://plat.dianping.com/app/femember-musteat-web/musteat-rank?cityid=54&notitlebar=1&ranktype=3,https://www.dianping.com/shop/93574596/photos/album,https://plat.dianping.com/app/femember-musteat-web/musteat-rank?cityid=683&notitlebar=1&ranktype=3
内蒙古自治区,锡林郭勒盟,二连浩特市,元苍狼蒙餐（团结路店）,内蒙古自治区锡林郭勒盟二连浩特市团结路与锡林街交叉口西北方向行驶50米路东,4,48,手把肉,省市区及街道已获取,已获取,榜单行政区/商圈归属,8892318,https://plat.dianping.com/app/femember-musteat-web/musteat-rank?cityid=54&notitlebar=1&ranktype=3,https://www.dianping.com/shop/8892318/photos/album,https://plat.dianping.com/app/femember-musteat-web/musteat-rank?cityid=54&notitlebar=1&ranktype=3
内蒙古自治区,锡林郭勒盟,东乌珠穆沁旗,红焱牛肉面馆,内蒙古自治区锡林郭勒盟东乌珠穆沁旗广源路n号,4.3,27,牛肉面,省市区及街道已获取,已获取,榜单行政区/商圈归属,24631477,https://plat.dianping.com/app/femember-musteat-web/musteat-rank?cityid=54&notitlebar=1&ranktype=3,https://www.dianping.com/shop/24631477/photos/album,https://plat.dianping.com/app/femember-musteat-web/musteat-rank?cityid=54&notitlebar=1&ranktype=3
内蒙古自治区,锡林郭勒盟,锡林浩特市,绿达涮府（重庆路店）,内蒙古自治区锡林郭勒盟锡林浩特市重庆路与锡林大街交汇处东南侧,4.7,89,涮羊肉,省市区及街道已获取,已获取,同店铺ID出现在榜单县级城市入口,67308261,https://plat.dianping.com/app/femember-musteat-web/musteat-rank?cityid=54&notitlebar=1&ranktype=3,https://www.dianping.com/shop/67308261/photos/album,https://plat.dianping.com/app/femember-musteat-web/musteat-rank?cityid=367&notitlebar=1&ranktype=3
内蒙古自治区,锡林郭勒盟,锡林浩特市,双鑫饭莊,内蒙古自治区锡林郭勒盟锡林浩特市团结大街双锅居西南方20米,4.2,52,驼肉馅饼,省市区及街道已获取,已获取,同店铺ID出现在榜单县级城市入口,948506366,https://plat.dianping.com/app/femember-musteat-web/musteat-rank?cityid=54&notitlebar=1&ranktype=3,https://www.dianping.com/shop/948506366/photos/album,https://plat.dianping.com/app/femember-musteat-web/musteat-rank?cityid=367&notitlebar=1&ranktype=3
内蒙古自治区,锡林郭勒盟,锡林浩特市,白吉勒牛肉面（锡林浩特店）,内蒙古自治区锡林郭勒盟锡林浩特市锡林大街121号,4.4,27,酸奶牛肉面,省市区及街道已获取,已获取,同店铺ID出现在榜单县级城市入口,122907720,https://plat.dianping.com/app/femember-musteat-web/musteat-rank?cityid=54&notitlebar=1&ranktype=3,https://www.dianping.com/shop/122907720/photos/album,https://plat.dianping.com/app/femember-musteat-web/musteat-rank?cityid=367&notitlebar=1&ranktype=3
内蒙古自治区,锡林郭勒盟,二连浩特市,二平手把肉（盛鑫嘉园店）,内蒙古自治区锡林郭勒盟二连浩特市苏尼特街逸夫小学南200米路西（冠军一品陶瓷砖向西南10米）,4.2,120,手把肉,省市区及街道已获取,已获取,同店铺ID出现在榜单县级城市入口,62717105,https://plat.dianping.com/app/femember-musteat-web/musteat-rank?cityid=54&notitlebar=1&ranktype=3,https://www.dianping.com/shop/62717105/photos/album,https://plat.dianping.com/app/femember-musteat-web/musteat-rank?cityid=682&notitlebar=1&ranktype=3
内蒙古自治区,锡林郭勒盟,锡林浩特市,鲜羔楼（察哈尔大街店）,内蒙古自治区锡林郭勒盟锡林浩特市察哈尔大街锡林郭勒盟气象局正对面,4.4,73,无尾羔羊肉,省市区及街道已获取,已获取,同店铺ID出现在榜单县级城市入口,18974050,https://plat.dianping.com/app/femember-musteat-web/musteat-rank?cityid=54&notitlebar=1&ranktype=3,https://www.dianping.com/shop/18974050/photos/album,https://plat.dianping.com/app/femember-musteat-web/musteat-rank?cityid=367&notitlebar=1&ranktype=3
内蒙古自治区,锡林郭勒盟,东乌珠穆沁旗,金戈元蒙古包子大王,内蒙古自治区锡林郭勒盟东乌珠穆沁旗阿拉坦合力东路南阳光小区3号楼18号商铺,4.6,60,奶茶,省市区及街道已获取,已获取,同店铺ID出现在榜单县级城市入口,645116026,https://plat.dianping.com/app/femember-musteat-web/musteat-rank?cityid=54&notitlebar=1&ranktype=3,https://www.dianping.com/shop/645116026/photos/album,https://plat.dianping.com/app/femember-musteat-web/musteat-rank?cityid=3571&notitlebar=1&ranktype=3
内蒙古自治区,锡林郭勒盟,锡林浩特市,塞伊德·蒙餐（锡林浩特店）,内蒙古自治区锡林郭勒盟锡林浩特市重庆路时泰酒店底商,4.4,89,手把肉,省市区及街道已获取,已获取,同店铺ID出现在榜单县级城市入口,40123059,https://plat.dianping.com/app/femember-musteat-web/musteat-rank?cityid=54&notitlebar=1&ranktype=3,https://www.dianping.com/shop/40123059/photos/album,https://plat.dianping.com/app/femember-musteat-web/musteat-rank?cityid=367&notitlebar=1&ranktype=3
内蒙古自治区,锡林郭勒盟,锡林浩特市,锡林老崔家烧麦馆,内蒙古自治区锡林郭勒盟锡林浩特市重庆路与玛拉沁西街交叉口西北120米,4.3,35,烧麦,省市区及街道已获取,已获取,同店铺ID出现在榜单县级城市入口,854017600,https://plat.dianping.com/app/femember-musteat-web/musteat-rank?cityid=54&notitlebar=1&ranktype=3,https://www.dianping.com/shop/854017600/photos/album,https://plat.dianping.com/app/femember-musteat-web/musteat-rank?cityid=367&notitlebar=1&ranktype=3
内蒙古自治区,乌兰察布市,集宁区,超超铁帽烤肉（师范学院泉山校区）,内蒙古自治区乌兰察布市集宁区工农北路6号,4.2,65,鸡蛋,省市区及街道已获取,已获取,榜单行政区/商圈归属,108332568,https://plat.dianping.com/app/femember-musteat-web/musteat-rank?cityid=55&notitlebar=1&ranktype=3,https://www.dianping.com/shop/108332568/photos/album,https://plat.dianping.com/app/femember-musteat-web/musteat-rank?cityid=55&notitlebar=1&ranktype=3
内蒙古自治区,乌兰察布市,集宁区,四子王焖把炖（致远街）,内蒙古自治区乌兰察布市集宁区致远街北50米,4,82,焖羊肉,省市区及街道已获取,已获取,榜单行政区/商圈归属,50625215,https://plat.dianping.com/app/femember-musteat-web/musteat-rank?cityid=55&notitlebar=1&ranktype=3,https://www.dianping.com/shop/50625215/photos/album,https://plat.dianping.com/app/femember-musteat-web/musteat-rank?cityid=55&notitlebar=1&ranktype=3
内蒙古自治区,乌兰察布市,集宁区,绥远老稍麦（集宁总店）,内蒙古自治区乌兰察布市集宁区泰和路康源平价大药房对面,4.4,28,羊肉沙葱稍麦,省市区及街道已获取,已获取,榜单行政区/商圈归属,17488714,https://plat.dianping.com/app/femember-musteat-web/musteat-rank?cityid=55&notitlebar=1&ranktype=3,https://www.dianping.com/shop/17488714/photos/album,https://plat.dianping.com/app/femember-musteat-web/musteat-rank?cityid=55&notitlebar=1&ranktype=3
内蒙古自治区,乌兰察布市,集宁区,小宋木炭烤羊腿（总店）,内蒙古自治区乌兰察布市集宁区泉山街道杜尔伯特西大街广电大厦对面(包商村镇银行西面),4.2,96,生烤羊腿,省市区及街道已获取,已获取,榜单行政区/商圈归属,17841785,https://plat.dianping.com/app/femember-musteat-web/musteat-rank?cityid=55&notitlebar=1&ranktype=3,https://www.dianping.com/shop/17841785/photos/album,https://plat.dianping.com/app/femember-musteat-web/musteat-rank?cityid=55&notitlebar=1&ranktype=3
内蒙古自治区,乌兰察布市,集宁区,联营烧麦·草原石榴红（乌兰察布店）,内蒙古自治区乌兰察布市集宁区恩和大街乌兰察布购物中心北门东行100米路南,4.3,49,上品羊腿肉馅烧麦,省市区及街道已获取,已获取,榜单行政区/商圈归属,15112149,https://plat.dianping.com/app/femember-musteat-web/musteat-rank?cityid=55&notitlebar=1&ranktype=3,https://www.dianping.com/shop/15112149/photos/album,https://plat.dianping.com/app/femember-musteat-web/musteat-rank?cityid=55&notitlebar=1&ranktype=3
内蒙古自治区,乌兰察布市,集宁区,呼市烧麦羊杂（幸福路店）,内蒙古自治区乌兰察布市集宁区幸福路26号,4.4,33,蒸烧麦,省市区及街道已获取,已获取,榜单行政区/商圈归属,57201587,https://plat.dianping.com/app/femember-musteat-web/musteat-rank?cityid=55&notitlebar=1&ranktype=3,https://www.dianping.com/shop/57201587/photos/album,https://plat.dianping.com/app/femember-musteat-web/musteat-rank?cityid=55&notitlebar=1&ranktype=3
内蒙古自治区,乌兰察布市,集宁区,东东烧麦羊杂店,内蒙古自治区乌兰察布市集宁区王府明珠小区14号,4.4,25,精品羊肉沙葱烧卖,省市区及街道已获取,已获取,榜单行政区/商圈归属,512684241,https://plat.dianping.com/app/femember-musteat-web/musteat-rank?cityid=55&notitlebar=1&ranktype=3,https://www.dianping.com/shop/512684241/photos/album,https://plat.dianping.com/app/femember-musteat-web/musteat-rank?cityid=55&notitlebar=1&ranktype=3
内蒙古自治区,乌兰察布市,集宁区,白大·草原馅饼（新区店）,内蒙古自治区乌兰察布市集宁区致远街6号,4.7,59,牛肉馅饼,省市区及街道已获取,已获取,榜单行政区/商圈归属,45354949,https://plat.dianping.com/app/femember-musteat-web/musteat-rank?cityid=55&notitlebar=1&ranktype=3,https://www.dianping.com/shop/45354949/photos/album,https://plat.dianping.com/app/femember-musteat-web/musteat-rank?cityid=55&notitlebar=1&ranktype=3
内蒙古自治区,乌兰察布市,集宁区,芙蓉火锅（幸福广场店）,内蒙古自治区乌兰察布市集宁区建桥路幸福广场南门绿苑小区对面,4.5,65,手切鲜羊肉,省市区及街道已获取,已获取,榜单行政区/商圈归属,9692600,https://plat.dianping.com/app/femember-musteat-web/musteat-rank?cityid=55&notitlebar=1&ranktype=3,https://www.dianping.com/shop/9692600/photos/album,https://plat.dianping.com/app/femember-musteat-web/musteat-rank?cityid=55&notitlebar=1&ranktype=3
辽宁省,鞍山市,立山区,清真福燕来顺马家肉饼店,辽宁省鞍山市立山区劳动路4号,4.1,53,招牌肉饼,省市区及街道已获取,已获取,榜单行政区/商圈归属,10599447,https://plat.dianping.com/app/femember-musteat-web/musteat-rank?cityid=58&notitlebar=1&ranktype=3,https://www.dianping.com/shop/10599447/photos/album,https://plat.dianping.com/app/femember-musteat-web/musteat-rank?cityid=58&notitlebar=1&ranktype=3
辽宁省,鞍山市,立山区,渔掌门（铁东店）,辽宁省鞍山市立山区对炉街6号市委党校东墙外（近建国南路）,4.3,74,家炖胖头鱼,省市区及街道已获取,已获取,榜单行政区/商圈归属,5376794,https://plat.dianping.com/app/femember-musteat-web/musteat-rank?cityid=58&notitlebar=1&ranktype=3,https://www.dianping.com/shop/5376794/photos/album,https://plat.dianping.com/app/femember-musteat-web/musteat-rank?cityid=58&notitlebar=1&ranktype=3
辽宁省,鞍山市,铁东区,富祥酒店·东北菜（鞍山店）,辽宁省鞍山市铁东区祥和嘉园工人东街1-45-94号,4.4,61,锅包肉,省市区及街道已获取,已获取,榜单行政区/商圈归属,1656581302,https://plat.dianping.com/app/femember-musteat-web/musteat-rank?cityid=58&notitlebar=1&ranktype=3,https://www.dianping.com/shop/1656581302/photos/album,https://plat.dianping.com/app/femember-musteat-web/musteat-rank?cityid=58&notitlebar=1&ranktype=3
辽宁省,鞍山市,铁东区,我从岫岩来羊汤馆（总店）,辽宁省鞍山市铁东区工人街52栋,4.1,68,岫岩羊肉汤,省市区及街道已获取,已获取,榜单行政区/商圈归属,75157135,https://plat.dianping.com/app/femember-musteat-web/musteat-rank?cityid=58&notitlebar=1&ranktype=3,https://www.dianping.com/shop/75157135/photos/album,https://plat.dianping.com/app/femember-musteat-web/musteat-rank?cityid=58&notitlebar=1&ranktype=3
辽宁省,鞍山市,立山区,天外天美食城（和平路店）,辽宁省鞍山市立山区和平路34号,4.1,52,酥黄菜,省市区及街道已获取,已获取,榜单行政区/商圈归属,8884774,https://plat.dianping.com/app/femember-musteat-web/musteat-rank?cityid=58&notitlebar=1&ranktype=3,https://www.dianping.com/shop/8884774/photos/album,https://plat.dianping.com/app/femember-musteat-web/musteat-rank?cityid=58&notitlebar=1&ranktype=3
辽宁省,鞍山市,立山区,辽C小串（水源店）,辽宁省鞍山市立山区沙河街道水源交通岗东走500米(渤海明珠商务宾馆对面),4.5,56,羊肉串,省市区及街道已获取,已获取,榜单行政区/商圈归属,24950033,https://plat.dianping.com/app/femember-musteat-web/musteat-rank?cityid=58&notitlebar=1&ranktype=3,https://www.dianping.com/shop/24950033/photos/album,https://plat.dianping.com/app/femember-musteat-web/musteat-rank?cityid=58&notitlebar=1&ranktype=3
辽宁省,鞍山市,立山区,海迎春虾饺（立山店）,辽宁省鞍山市立山区胜利北路46号,4,36,手工水晶虾饺,省市区及街道已获取,已获取,榜单行政区/商圈归属,15038716,https://plat.dianping.com/app/femember-musteat-web/musteat-rank?cityid=58&notitlebar=1&ranktype=3,https://www.dianping.com/shop/15038716/photos/album,https://plat.dianping.com/app/femember-musteat-web/musteat-rank?cityid=58&notitlebar=1&ranktype=3
辽宁省,鞍山市,铁西区,盛贺轩清真馆,辽宁省鞍山市铁西区铁西七道街122号（清真寺西门、机电城东门南走50米）,4.4,56,特色回头肉饼,省市区及街道已获取,已获取,榜单行政区/商圈归属,9575430,https://plat.dianping.com/app/femember-musteat-web/musteat-rank?cityid=58&notitlebar=1&ranktype=3,https://www.dianping.com/shop/9575430/photos/album,https://plat.dianping.com/app/femember-musteat-web/musteat-rank?cityid=58&notitlebar=1&ranktype=3
辽宁省,鞍山市,立山区,有缘老式泥炉烧烤,辽宁省鞍山市立山区立山街18号,4.1,72,羊肋条,省市区及街道已获取,已获取,榜单行政区/商圈归属,40179915,https://plat.dianping.com/app/femember-musteat-web/musteat-rank?cityid=58&notitlebar=1&ranktype=3,https://www.dianping.com/shop/40179915/photos/album,https://plat.dianping.com/app/femember-musteat-web/musteat-rank?cityid=58&notitlebar=1&ranktype=3
辽宁省,鞍山市,铁东区,东山烤肉一部（湖南店）,辽宁省鞍山市铁东区明达山水居54-4号,4.7,65,雪花牛肉,省市区及街道已获取,已获取,榜单行政区/商圈归属,1836752217,https://plat.dianping.com/app/femember-musteat-web/musteat-rank?cityid=58&notitlebar=1&ranktype=3,https://www.dianping.com/shop/1836752217/photos/album,https://plat.dianping.com/app/femember-musteat-web/musteat-rank?cityid=58&notitlebar=1&ranktype=3
辽宁省,鞍山市,铁西区,四季繁荣面馆（铁西六道街店）,辽宁省鞍山市铁西区人民路与铁西六道街交叉口西南方向30米,4.1,17,抻面,省市区及街道已获取,已获取,榜单行政区/商圈归属,9563229,https://plat.dianping.com/app/femember-musteat-web/musteat-rank?cityid=58&notitlebar=1&ranktype=3,https://www.dianping.com/shop/9563229/photos/album,https://plat.dianping.com/app/femember-musteat-web/musteat-rank?cityid=58&notitlebar=1&ranktype=3
辽宁省,鞍山市,铁东区,山南熏肉大饼（辽菜旗舰店）,辽宁省鞍山市铁东区山南街道钢锋街45栋1号(近山南邮局),4.1,59,熏肉大饼,省市区及街道已获取,已获取,榜单行政区/商圈归属,4227971,https://plat.dianping.com/app/femember-musteat-web/musteat-rank?cityid=58&notitlebar=1&ranktype=3,https://www.dianping.com/shop/4227971/photos/album,https://plat.dianping.com/app/femember-musteat-web/musteat-rank?cityid=58&notitlebar=1&ranktype=3
辽宁省,抚顺市,新抚区,福天龙·烤肉店,辽宁省抚顺市新抚区东四路步行街商海大厦南门对面,4.6,75,传承招牌肥牛,省市区及街道已获取,已获取,榜单行政区/商圈归属,2422108,https://plat.dianping.com/app/femember-musteat-web/musteat-rank?cityid=59&notitlebar=1&ranktype=3,https://www.dianping.com/shop/2422108/photos/album,https://plat.dianping.com/app/femember-musteat-web/musteat-rank?cityid=59&notitlebar=1&ranktype=3
辽宁省,抚顺市,顺城区,老农民饭店,辽宁省抚顺市顺城区新华在水一方正对面,4.4,50,杀猪菜,省市区及街道已获取,已获取,榜单行政区/商圈归属,9929592,https://plat.dianping.com/app/femember-musteat-web/musteat-rank?cityid=59&notitlebar=1&ranktype=3,https://www.dianping.com/shop/9929592/photos/album,https://plat.dianping.com/app/femember-musteat-web/musteat-rank?cityid=59&notitlebar=1&ranktype=3
辽宁省,抚顺市,顺城区,小黑帽河东市场炸串,辽宁省抚顺市顺城区新城路东段河东市场路口,4.2,36,大鸡排,省市区及街道已获取,已获取,榜单行政区/商圈归属,96706235,https://plat.dianping.com/app/femember-musteat-web/musteat-rank?cityid=59&notitlebar=1&ranktype=3,https://www.dianping.com/shop/96706235/photos/album,https://plat.dianping.com/app/femember-musteat-web/musteat-rank?cityid=59&notitlebar=1&ranktype=3
辽宁省,抚顺市,顺城区,五十中小肉串（新华店）,辽宁省抚顺市顺城区乾安社区(新华一路)4号,4,39,经典麻辣拌,省市区及街道已获取,已获取,榜单行政区/商圈归属,1140191342,https://plat.dianping.com/app/femember-musteat-web/musteat-rank?cityid=59&notitlebar=1&ranktype=3,https://www.dianping.com/shop/1140191342/photos/album,https://plat.dianping.com/app/femember-musteat-web/musteat-rank?cityid=59&notitlebar=1&ranktype=3
辽宁省,抚顺市,顺城区,大伙房水库鱼·三里鱼香（将军店）,辽宁省抚顺市顺城区将军·尚层南(靖宇街西),4.5,85,胖头鱼,省市区及街道已获取,已获取,榜单行政区/商圈归属,1167770815,https://plat.dianping.com/app/femember-musteat-web/musteat-rank?cityid=59&notitlebar=1&ranktype=3,https://www.dianping.com/shop/1167770815/photos/album,https://plat.dianping.com/app/femember-musteat-web/musteat-rank?cityid=59&notitlebar=1&ranktype=3
辽宁省,抚顺市,新抚区,老街坊包子铺（五道街店）,辽宁省抚顺市新抚区五道街17号,4.4,52,素三鲜包子,省市区及街道已获取,已获取,榜单行政区/商圈归属,5628541,https://plat.dianping.com/app/femember-musteat-web/musteat-rank?cityid=59&notitlebar=1&ranktype=3,https://www.dianping.com/shop/5628541/photos/album,https://plat.dianping.com/app/femember-musteat-web/musteat-rank?cityid=59&notitlebar=1&ranktype=3
辽宁省,抚顺市,新抚区,旺运麻辣拌肉串店（中和路店）,辽宁省抚顺市新抚区中和路与九道街交叉口西50米,4.2,31,麻辣拌,省市区及街道已获取,已获取,榜单行政区/商圈归属,13692002,https://plat.dianping.com/app/femember-musteat-web/musteat-rank?cityid=59&notitlebar=1&ranktype=3,https://www.dianping.com/shop/13692002/photos/album,https://plat.dianping.com/app/femember-musteat-web/musteat-rank?cityid=59&notitlebar=1&ranktype=3
辽宁省,丹东市,宽甸满族自治县,23号烧烤,辽宁省丹东市宽甸满族自治县青山沟路南市场夜市,4.2,64,牛肉煎锅,省市区及街道已获取,已获取,同店铺ID出现在榜单县级城市入口,96279663,https://plat.dianping.com/app/femember-musteat-web/musteat-rank?cityid=61&notitlebar=1&ranktype=3,https://www.dianping.com/shop/96279663/photos/album,https://plat.dianping.com/app/femember-musteat-web/musteat-rank?cityid=712&notitlebar=1&ranktype=3
辽宁省,丹东市,振兴区,兴隆海鲜菜馆,辽宁省丹东市振兴区沿江开发区B区16号楼101室,4,72,辣炒黄蚬子,省市区及街道已获取,已获取,榜单行政区/商圈归属,48756607,https://plat.dianping.com/app/femember-musteat-web/musteat-rank?cityid=61&notitlebar=1&ranktype=3,https://www.dianping.com/shop/48756607/photos/album,https://plat.dianping.com/app/femember-musteat-web/musteat-rank?cityid=61&notitlebar=1&ranktype=3
辽宁省,丹东市,振兴区,天福汤饭,辽宁省丹东市振兴区丰茂小区16号,4.7,54,土豆拌饭,省市区及街道已获取,已获取,榜单行政区/商圈归属,1335814013,https://plat.dianping.com/app/femember-musteat-web/musteat-rank?cityid=61&notitlebar=1&ranktype=3,https://www.dianping.com/shop/1335814013/photos/album,https://plat.dianping.com/app/femember-musteat-web/musteat-rank?cityid=61&notitlebar=1&ranktype=3
辽宁省,丹东市,振兴区,边江铁锅炖鱼（振八街店）,辽宁省丹东市振兴区振八街54-7(游泳馆对面)距抗美援朝纪念馆步行1.4km,4.8,60,饼子,省市区及街道已获取,已获取,榜单行政区/商圈归属,129739063,https://plat.dianping.com/app/femember-musteat-web/musteat-rank?cityid=61&notitlebar=1&ranktype=3,https://www.dianping.com/shop/129739063/photos/album,https://plat.dianping.com/app/femember-musteat-web/musteat-rank?cityid=61&notitlebar=1&ranktype=3
辽宁省,丹东市,元宝区,老爷爷压锅菜·丹东小海鲜,辽宁省丹东市元宝区锦山大街68-4号,4.8,73,碳烤脊骨,省市区及街道已获取,已获取,榜单行政区/商圈归属,122017862,https://plat.dianping.com/app/femember-musteat-web/musteat-rank?cityid=61&notitlebar=1&ranktype=3,https://www.dianping.com/shop/122017862/photos/album,https://plat.dianping.com/app/femember-musteat-web/musteat-rank?cityid=61&notitlebar=1&ranktype=3
辽宁省,丹东市,东港市,风林火山,辽宁省丹东市东港市新兴街道锦都家园小区1#楼门市107#、108#、109#(港都丽府西南角对面),4.4,104,特色烤羊腿,省市区及街道已获取,已获取,同店铺ID出现在榜单县级城市入口,11552192,https://plat.dianping.com/app/femember-musteat-web/musteat-rank?cityid=61&notitlebar=1&ranktype=3,https://www.dianping.com/shop/11552192/photos/album,https://plat.dianping.com/app/femember-musteat-web/musteat-rank?cityid=711&notitlebar=1&ranktype=3
辽宁省,丹东市,振兴区,老字号杨家吊炉饼（十一经街9号店）,辽宁省丹东市振兴区十一经街9号,4.2,13,吊炉饼,省市区及街道已获取,已获取,榜单行政区/商圈归属,9586832,https://plat.dianping.com/app/femember-musteat-web/musteat-rank?cityid=61&notitlebar=1&ranktype=3,https://www.dianping.com/shop/9586832/photos/album,https://plat.dianping.com/app/femember-musteat-web/musteat-rank?cityid=61&notitlebar=1&ranktype=3
辽宁省,丹东市,振兴区,永盛海鲜家常菜（黄海大道店）,辽宁省丹东市振兴区黄海大道与中央大道交叉口,4.5,117,黄蚬子,省市区及街道已获取,已获取,榜单行政区/商圈归属,77136582,https://plat.dianping.com/app/femember-musteat-web/musteat-rank?cityid=61&notitlebar=1&ranktype=3,https://www.dianping.com/shop/77136582/photos/album,https://plat.dianping.com/app/femember-musteat-web/musteat-rank?cityid=61&notitlebar=1&ranktype=3
辽宁省,丹东市,振兴区,十三中烤翅（朝韩风情街店）,辽宁省丹东市振兴区一经街与四纬路交叉口,4.5,79,特色盘肉牛肋条,省市区及街道已获取,已获取,榜单行政区/商圈归属,65209650,https://plat.dianping.com/app/femember-musteat-web/musteat-rank?cityid=61&notitlebar=1&ranktype=3,https://www.dianping.com/shop/65209650/photos/album,https://plat.dianping.com/app/femember-musteat-web/musteat-rank?cityid=61&notitlebar=1&ranktype=3
辽宁省,丹东市,东港市,独一無二海鲜中餐馆（东港店）,辽宁省丹东市东港市新兴街道汇丰庄园小区16号,4.4,104,淮山药汆蛎肉,省市区及街道已获取,已获取,同店铺ID出现在榜单县级城市入口,16786422,https://plat.dianping.com/app/femember-musteat-web/musteat-rank?cityid=61&notitlebar=1&ranktype=3,https://www.dianping.com/shop/16786422/photos/album,https://plat.dianping.com/app/femember-musteat-web/musteat-rank?cityid=711&notitlebar=1&ranktype=3
辽宁省,丹东市,宽甸满族自治县,18号煎锅烧烤,辽宁省丹东市宽甸满族自治县南市场大楼本色酒吧西行100米（或万豪酒店对面胡同直走100米）,4.5,57,土豆牛肉煎锅,省市区及街道已获取,已获取,同店铺ID出现在榜单县级城市入口,1259687814,https://plat.dianping.com/app/femember-musteat-web/musteat-rank?cityid=61&notitlebar=1&ranktype=3,https://www.dianping.com/shop/1259687814/photos/album,https://plat.dianping.com/app/femember-musteat-web/musteat-rank?cityid=712&notitlebar=1&ranktype=3
辽宁省,丹东市,振兴区,小镇烧烤（庙后街店）,辽宁省丹东市振兴区庙后街1号楼2单元,4.8,98,黄蚬子,省市区及街道已获取,已获取,榜单行政区/商圈归属,38213971,https://plat.dianping.com/app/femember-musteat-web/musteat-rank?cityid=61&notitlebar=1&ranktype=3,https://www.dianping.com/shop/38213971/photos/album,https://plat.dianping.com/app/femember-musteat-web/musteat-rank?cityid=61&notitlebar=1&ranktype=3
辽宁省,丹东市,元宝区,三合院民间菜馆（元宝山公园店）,辽宁省丹东市元宝区宝山大街9-8号,4.7,71,玉米面碱蓬包,省市区及街道已获取,已获取,榜单行政区/商圈归属,97456534,https://plat.dianping.com/app/femember-musteat-web/musteat-rank?cityid=61&notitlebar=1&ranktype=3,https://www.dianping.com/shop/97456534/photos/album,https://plat.dianping.com/app/femember-musteat-web/musteat-rank?cityid=61&notitlebar=1&ranktype=3
辽宁省,丹东市,振兴区,高社长参鸡汤（高丽街店）,辽宁省丹东市振兴区八纬路21-4号,4.1,53,高社长特色参鸡汤,省市区及街道已获取,已获取,榜单行政区/商圈归属,91632052,https://plat.dianping.com/app/femember-musteat-web/musteat-rank?cityid=61&notitlebar=1&ranktype=3,https://www.dianping.com/shop/91632052/photos/album,https://plat.dianping.com/app/femember-musteat-web/musteat-rank?cityid=61&notitlebar=1&ranktype=3
辽宁省,丹东市,振兴区,长寿参鸡汤（朝韩风情街店）,辽宁省丹东市振兴区二经街八纬路天士力大药房隔壁,4.4,70,长寿参鸡汤,省市区及街道已获取,已获取,榜单行政区/商圈归属,9605034,https://plat.dianping.com/app/femember-musteat-web/musteat-rank?cityid=61&notitlebar=1&ranktype=3,https://www.dianping.com/shop/9605034/photos/album,https://plat.dianping.com/app/femember-musteat-web/musteat-rank?cityid=61&notitlebar=1&ranktype=3
辽宁省,锦州市,凌河区,李福记木火炖鱼村（辽沈战役纪念馆店）,辽宁省锦州市凌河区湖北路正大里30-57号,4.5,60,玉米饼子,省市区及街道已获取,已获取,榜单行政区/商圈归属,18138618,https://plat.dianping.com/app/femember-musteat-web/musteat-rank?cityid=62&notitlebar=1&ranktype=3,https://www.dianping.com/shop/18138618/photos/album,https://plat.dianping.com/app/femember-musteat-web/musteat-rank?cityid=62&notitlebar=1&ranktype=3
辽宁省,锦州市,古塔区,老白清真烧烤（锦州旗舰店）,辽宁省锦州市古塔区上海路二段新大陆2-4、5号,4.3,84,烤青虾,省市区及街道已获取,已获取,榜单行政区/商圈归属,2530273,https://plat.dianping.com/app/femember-musteat-web/musteat-rank?cityid=62&notitlebar=1&ranktype=3,https://www.dianping.com/shop/2530273/photos/album,https://plat.dianping.com/app/femember-musteat-web/musteat-rank?cityid=62&notitlebar=1&ranktype=3
辽宁省,锦州市,凌河区,老周砂锅,辽宁省锦州市凌河区湖北路35号,4.3,36,筋饼,省市区及街道已获取,已获取,榜单行政区/商圈归属,44176299,https://plat.dianping.com/app/femember-musteat-web/musteat-rank?cityid=62&notitlebar=1&ranktype=3,https://www.dianping.com/shop/44176299/photos/album,https://plat.dianping.com/app/femember-musteat-web/musteat-rank?cityid=62&notitlebar=1&ranktype=3
辽宁省,锦州市,古塔区,老街粘食店（宜昌路店）,辽宁省锦州市古塔区宜昌路三段19-97号（近英特购物广场）,4.2,16,糖蜜果,省市区及街道已获取,已获取,榜单行政区/商圈归属,5177600,https://plat.dianping.com/app/femember-musteat-web/musteat-rank?cityid=62&notitlebar=1&ranktype=3,https://www.dianping.com/shop/5177600/photos/album,https://plat.dianping.com/app/femember-musteat-web/musteat-rank?cityid=62&notitlebar=1&ranktype=3
辽宁省,锦州市,,秦三驴（云飞街店）,辽宁省锦州市宝地城b区24-4号云飞大桥桥南100米路西,4.3,91,驴肉蒸饺,区县或街道未核实,已获取,区县未核实,17994978,https://plat.dianping.com/app/femember-musteat-web/musteat-rank?cityid=62&notitlebar=1&ranktype=3,https://www.dianping.com/shop/17994978/photos/album,https://plat.dianping.com/app/femember-musteat-web/musteat-rank?cityid=62&notitlebar=1&ranktype=3
辽宁省,锦州市,凌河区,佳佳烀饼（龙江中街店）,辽宁省锦州市凌河区龙江北里102-44号,3.5,46,烀饼,省市区及街道已获取,已获取,榜单行政区/商圈归属,10471443,https://plat.dianping.com/app/femember-musteat-web/musteat-rank?cityid=62&notitlebar=1&ranktype=3,https://www.dianping.com/shop/10471443/photos/album,https://plat.dianping.com/app/femember-musteat-web/musteat-rank?cityid=62&notitlebar=1&ranktype=3
辽宁省,锦州市,古塔区,白家锅烙,辽宁省锦州市古塔区延安路二段6-85号,4.3,40,肉三鲜锅烙,省市区及街道已获取,已获取,榜单行政区/商圈归属,24706697,https://plat.dianping.com/app/femember-musteat-web/musteat-rank?cityid=62&notitlebar=1&ranktype=3,https://www.dianping.com/shop/24706697/photos/album,https://plat.dianping.com/app/femember-musteat-web/musteat-rank?cityid=62&notitlebar=1&ranktype=3
辽宁省,锦州市,古塔区,荣鹏风味烀饼总店,辽宁省锦州市古塔区人民街二段26-58号（交通银行北侧）,4.1,56,豆角烀饼（厚饼）,省市区及街道已获取,已获取,榜单行政区/商圈归属,90540326,https://plat.dianping.com/app/femember-musteat-web/musteat-rank?cityid=62&notitlebar=1&ranktype=3,https://www.dianping.com/shop/90540326/photos/album,https://plat.dianping.com/app/femember-musteat-web/musteat-rank?cityid=62&notitlebar=1&ranktype=3
辽宁省,锦州市,凌河区,高家烧鸽子烧烤店63年,辽宁省锦州市凌河区南京路五段35-6号,4.4,79,烧鸽子,省市区及街道已获取,已获取,榜单行政区/商圈归属,2404510,https://plat.dianping.com/app/femember-musteat-web/musteat-rank?cityid=62&notitlebar=1&ranktype=3,https://www.dianping.com/shop/2404510/photos/album,https://plat.dianping.com/app/femember-musteat-web/musteat-rank?cityid=62&notitlebar=1&ranktype=3
辽宁省,锦州市,凌河区,晓波烧烤（南京路店）,辽宁省锦州市凌河区南京路锦州市质量技术监督局旁,4,78,小羊肉串,省市区及街道已获取,已获取,榜单行政区/商圈归属,5138742,https://plat.dianping.com/app/femember-musteat-web/musteat-rank?cityid=62&notitlebar=1&ranktype=3,https://www.dianping.com/shop/5138742/photos/album,https://plat.dianping.com/app/femember-musteat-web/musteat-rank?cityid=62&notitlebar=1&ranktype=3
辽宁省,营口市,站前区,金刚山（学府路店）,辽宁省营口市站前区学府路南6-甲2号少年宫南行50米,4.9,81,烤美肥,省市区及街道已获取,已获取,榜单行政区/商圈归属,2050945,https://plat.dianping.com/app/femember-musteat-web/musteat-rank?cityid=63&notitlebar=1&ranktype=3,https://www.dianping.com/shop/2050945/photos/album,https://plat.dianping.com/app/femember-musteat-web/musteat-rank?cityid=63&notitlebar=1&ranktype=3
辽宁省,营口市,鲅鱼圈区,大丰收海鲜地方菜馆,辽宁省营口市鲅鱼圈区滨海公路新红运酒店楼下,4.6,48,糖饼,省市区及街道已获取,已获取,榜单行政区/商圈归属,59189542,https://plat.dianping.com/app/femember-musteat-web/musteat-rank?cityid=63&notitlebar=1&ranktype=3,https://www.dianping.com/shop/59189542/photos/album,https://plat.dianping.com/app/femember-musteat-web/musteat-rank?cityid=63&notitlebar=1&ranktype=3
辽宁省,营口市,鲅鱼圈区,鑫嘉泰中式鲜切烤肉（湖海假日店）,辽宁省营口市鲅鱼圈区日月大道月亮湖公园对面（湖海假日西门市）,4.9,92,招牌特色牛排,省市区及街道已获取,已获取,榜单行政区/商圈归属,4512399,https://plat.dianping.com/app/femember-musteat-web/musteat-rank?cityid=63&notitlebar=1&ranktype=3,https://www.dianping.com/shop/4512399/photos/album,https://plat.dianping.com/app/femember-musteat-web/musteat-rank?cityid=63&notitlebar=1&ranktype=3
辽宁省,营口市,鲅鱼圈区,昆仑烧烤城,辽宁省营口市鲅鱼圈区熊岳三线金城逸景门市,4.4,79,芝麻糖饼,省市区及街道已获取,已获取,榜单行政区/商圈归属,40113117,https://plat.dianping.com/app/femember-musteat-web/musteat-rank?cityid=63&notitlebar=1&ranktype=3,https://www.dianping.com/shop/40113117/photos/album,https://plat.dianping.com/app/femember-musteat-web/musteat-rank?cityid=63&notitlebar=1&ranktype=3
辽宁省,营口市,站前区,文馨饭店,辽宁省营口市站前区学府路北31-甲5号,4.5,48,牛肉串,省市区及街道已获取,已获取,榜单行政区/商圈归属,6093422,https://plat.dianping.com/app/femember-musteat-web/musteat-rank?cityid=63&notitlebar=1&ranktype=3,https://www.dianping.com/shop/6093422/photos/album,https://plat.dianping.com/app/femember-musteat-web/musteat-rank?cityid=63&notitlebar=1&ranktype=3
辽宁省,营口市,站前区,渡海小渔船·渔家菜·海肠捞饭（营口店）,辽宁省营口市站前区智泉街东6号-甲1（南湖市场东侧50米）,4.7,71,老式锅包肉,省市区及街道已获取,已获取,榜单行政区/商圈归属,57037696,https://plat.dianping.com/app/femember-musteat-web/musteat-rank?cityid=63&notitlebar=1&ranktype=3,https://www.dianping.com/shop/57037696/photos/album,https://plat.dianping.com/app/femember-musteat-web/musteat-rank?cityid=63&notitlebar=1&ranktype=3
辽宁省,营口市,鲅鱼圈区,丰源餐厅,辽宁省营口市鲅鱼圈区富春江路与彩霞东街交叉口东北150米,4.7,61,糖饼,省市区及街道已获取,已获取,榜单行政区/商圈归属,6088236,https://plat.dianping.com/app/femember-musteat-web/musteat-rank?cityid=63&notitlebar=1&ranktype=3,https://www.dianping.com/shop/6088236/photos/album,https://plat.dianping.com/app/femember-musteat-web/musteat-rank?cityid=63&notitlebar=1&ranktype=3
辽宁省,营口市,西市区,清真白家牛肉店（月光园小区店）,辽宁省营口市西市区清华路月光园小区14-8号,4.1,66,上脑,省市区及街道已获取,已获取,榜单行政区/商圈归属,1999419858,https://plat.dianping.com/app/femember-musteat-web/musteat-rank?cityid=63&notitlebar=1&ranktype=3,https://www.dianping.com/shop/1999419858/photos/album,https://plat.dianping.com/app/femember-musteat-web/musteat-rank?cityid=63&notitlebar=1&ranktype=3
辽宁省,葫芦岛市,绥中县,渔家小厨•海鲜烧烤•家常菜（佳兆业店）,辽宁省葫芦岛市绥中县东戴河大道与滨海大道交叉口佳兆业小区大二期1号楼商铺1-117,4.4,53,海鲜大咖一锅出,省市区及街道已获取,已获取,同店铺ID出现在榜单县级城市入口,130841161,https://plat.dianping.com/app/femember-musteat-web/musteat-rank?cityid=69&notitlebar=1&ranktype=3,https://www.dianping.com/shop/130841161/photos/album,https://plat.dianping.com/app/femember-musteat-web/musteat-rank?cityid=722&notitlebar=1&ranktype=3
辽宁省,葫芦岛市,连山区,百姓厨房·小海鲜·东北菜（大润发店）,辽宁省葫芦岛市连山区文翠路中段书香家园B区1楼外围商铺（长白山烤肉斜对面）,4.6,86,土豆茄子焖鲍鱼,省市区及街道已获取,已获取,榜单行政区/商圈归属,97273310,https://plat.dianping.com/app/femember-musteat-web/musteat-rank?cityid=69&notitlebar=1&ranktype=3,https://www.dianping.com/shop/97273310/photos/album,https://plat.dianping.com/app/femember-musteat-web/musteat-rank?cityid=69&notitlebar=1&ranktype=3
辽宁省,葫芦岛市,龙港区,六必居酒家（隆泰市场店）,辽宁省葫芦岛市龙港区锦葫路137-1号0号楼隆泰市场,4.2,64,虾酱豆腐,省市区及街道已获取,已获取,榜单行政区/商圈归属,9053445,https://plat.dianping.com/app/femember-musteat-web/musteat-rank?cityid=69&notitlebar=1&ranktype=3,https://www.dianping.com/shop/9053445/photos/album,https://plat.dianping.com/app/femember-musteat-web/musteat-rank?cityid=69&notitlebar=1&ranktype=3
辽宁省,葫芦岛市,绥中县,山珍海味农家菜（佳兆业二期店）,辽宁省葫芦岛市绥中县佳兆业二期2幢2单元1层,4.6,53,鲅鱼饺子,省市区及街道已获取,已获取,同店铺ID出现在榜单县级城市入口,130893430,https://plat.dianping.com/app/femember-musteat-web/musteat-rank?cityid=69&notitlebar=1&ranktype=3,https://www.dianping.com/shop/130893430/photos/album,https://plat.dianping.com/app/femember-musteat-web/musteat-rank?cityid=722&notitlebar=1&ranktype=3
辽宁省,葫芦岛市,绥中县,金丝饭庄（金丝新天地保障性住宅小区店）,辽宁省葫芦岛市绥中县燕山路金丝新天地小区18号门市房,4.4,58,锅包肉,省市区及街道已获取,已获取,同店铺ID出现在榜单县级城市入口,103587647,https://plat.dianping.com/app/femember-musteat-web/musteat-rank?cityid=69&notitlebar=1&ranktype=3,https://www.dianping.com/shop/103587647/photos/album,https://plat.dianping.com/app/femember-musteat-web/musteat-rank?cityid=722&notitlebar=1&ranktype=3
辽宁省,葫芦岛市,连山区,东北人家铁锅炖（水岸帝景店）,辽宁省葫芦岛市连山区文翠路167-21号E门市,4.6,55,招牌铁锅炖,省市区及街道已获取,已获取,榜单行政区/商圈归属,125959151,https://plat.dianping.com/app/femember-musteat-web/musteat-rank?cityid=69&notitlebar=1&ranktype=3,https://www.dianping.com/shop/125959151/photos/album,https://plat.dianping.com/app/femember-musteat-web/musteat-rank?cityid=69&notitlebar=1&ranktype=3
吉林省,长春市,南关区,楼外楼大刀肉传统火锅居（生态大街店）,吉林省长春市南关区生态大街与世荣路交汇北行50米路西,4.8,82,手工切制大刀肉,省市区及街道已获取,已获取,榜单行政区/商圈归属,96485755,https://plat.dianping.com/app/femember-musteat-web/musteat-rank?cityid=70&notitlebar=1&ranktype=3,https://www.dianping.com/shop/96485755/photos/album,https://plat.dianping.com/app/femember-musteat-web/musteat-rank?cityid=70&notitlebar=1&ranktype=3
吉林省,长春市,朝阳区,今日牛市潮汕牛肉火锅（自由大路总店）,吉林省长春市朝阳区自由大路与长庆街交汇处吉剧团一楼509号,4.8,96,吊龙,省市区及街道已获取,已获取,榜单行政区/商圈归属,52759485,https://plat.dianping.com/app/femember-musteat-web/musteat-rank?cityid=70&notitlebar=1&ranktype=3,https://www.dianping.com/shop/52759485/photos/album,https://plat.dianping.com/app/femember-musteat-web/musteat-rank?cityid=70&notitlebar=1&ranktype=3
吉林省,长春市,,天添纸包鸡家常菜,吉林省长春市柳莺东路2136号启明花园1期,4.4,45,纸包鸡,区县或街道未核实,已获取,区县未核实,80477266,https://plat.dianping.com/app/femember-musteat-web/musteat-rank?cityid=70&notitlebar=1&ranktype=3,https://www.dianping.com/shop/80477266/photos/album,https://plat.dianping.com/app/femember-musteat-web/musteat-rank?cityid=70&notitlebar=1&ranktype=3
吉林省,长春市,朝阳区,仁风阁（西朝阳路店）,吉林省长春市朝阳区西朝阳路221号,4.3,80,芝麻香明太鱼,省市区及街道已获取,已获取,榜单行政区/商圈归属,572569,https://plat.dianping.com/app/femember-musteat-web/musteat-rank?cityid=70&notitlebar=1&ranktype=3,https://www.dianping.com/shop/572569/photos/album,https://plat.dianping.com/app/femember-musteat-web/musteat-rank?cityid=70&notitlebar=1&ranktype=3
吉林省,长春市,朝阳区,一吉焼鸟·FOUNDER（桂林路店）,吉林省长春市朝阳区牡丹街1169号,4.7,135,五花肉卷芦笋,省市区及街道已获取,已获取,榜单行政区/商圈归属,107797858,https://plat.dianping.com/app/femember-musteat-web/musteat-rank?cityid=70&notitlebar=1&ranktype=3,https://www.dianping.com/shop/107797858/photos/album,https://plat.dianping.com/app/femember-musteat-web/musteat-rank?cityid=70&notitlebar=1&ranktype=3
吉林省,长春市,,好之味豆捞火锅,吉林省长春市临河街与珠海路交汇西行50米,4.9,122,沙茶酱,区县或街道未核实,已获取,区县未核实,23022279,https://plat.dianping.com/app/femember-musteat-web/musteat-rank?cityid=70&notitlebar=1&ranktype=3,https://www.dianping.com/shop/23022279/photos/album,https://plat.dianping.com/app/femember-musteat-web/musteat-rank?cityid=70&notitlebar=1&ranktype=3
吉林省,长春市,南关区,锅边鱼·铁锅炖（曙光路店）,吉林省长春市南关区曙光街道曙光路950号(岳阳街与曙光路交叉口),4.8,83,大饼子,省市区及街道已获取,已获取,榜单行政区/商圈归属,2130373,https://plat.dianping.com/app/femember-musteat-web/musteat-rank?cityid=70&notitlebar=1&ranktype=3,https://www.dianping.com/shop/2130373/photos/album,https://plat.dianping.com/app/femember-musteat-web/musteat-rank?cityid=70&notitlebar=1&ranktype=3
吉林省,长春市,南关区,食间牛排（重庆路万达店）,吉林省长春市南关区重庆路1388号万达商业广场1楼(近西安大路),4.8,95,自助沙拉,省市区及街道已获取,已获取,榜单行政区/商圈归属,2862577,https://plat.dianping.com/app/femember-musteat-web/musteat-rank?cityid=70&notitlebar=1&ranktype=3,https://www.dianping.com/shop/2862577/photos/album,https://plat.dianping.com/app/femember-musteat-web/musteat-rank?cityid=70&notitlebar=1&ranktype=3
吉林省,长春市,南关区,琼花菜馆,吉林省长春市南关区长春大街740号星月酒店楼下,4.6,57,琼花特色水饺,省市区及街道已获取,已获取,榜单行政区/商圈归属,2371891,https://plat.dianping.com/app/femember-musteat-web/musteat-rank?cityid=70&notitlebar=1&ranktype=3,https://www.dianping.com/shop/2371891/photos/album,https://plat.dianping.com/app/femember-musteat-web/musteat-rank?cityid=70&notitlebar=1&ranktype=3
吉林省,长春市,朝阳区,鑫鼎华·恒旭干锅辣鸭头（红旗街店）,吉林省长春市朝阳区红旗街1443号,4.6,66,精品鸭头大锅,省市区及街道已获取,已获取,榜单行政区/商圈归属,23614128,https://plat.dianping.com/app/femember-musteat-web/musteat-rank?cityid=70&notitlebar=1&ranktype=3,https://www.dianping.com/shop/23614128/photos/album,https://plat.dianping.com/app/femember-musteat-web/musteat-rank?cityid=70&notitlebar=1&ranktype=3
吉林省,长春市,,东道煮牛肉火锅（创业大街店）,吉林省长春市春城街道创业大街260号,4.9,65,安格斯雪花肥牛（七两）,区县或街道未核实,已获取,区县未核实,67602611,https://plat.dianping.com/app/femember-musteat-web/musteat-rank?cityid=70&notitlebar=1&ranktype=3,https://www.dianping.com/shop/67602611/photos/album,https://plat.dianping.com/app/femember-musteat-web/musteat-rank?cityid=70&notitlebar=1&ranktype=3
吉林省,长春市,朝阳区,麻雀牌小龙虾（新疆街店）,吉林省长春市朝阳区新疆街与隆礼胡同交叉口东行20米门市房,4.6,126,金汤蒜蓉,省市区及街道已获取,已获取,榜单行政区/商圈归属,104884113,https://plat.dianping.com/app/femember-musteat-web/musteat-rank?cityid=70&notitlebar=1&ranktype=3,https://www.dianping.com/shop/104884113/photos/album,https://plat.dianping.com/app/femember-musteat-web/musteat-rank?cityid=70&notitlebar=1&ranktype=3
吉林省,长春市,朝阳区,吉炙核桃烤肉,吉林省长春市朝阳区清和街1562号,4.8,83,牛肋条,省市区及街道已获取,已获取,榜单行政区/商圈归属,114874012,https://plat.dianping.com/app/femember-musteat-web/musteat-rank?cityid=70&notitlebar=1&ranktype=3,https://www.dianping.com/shop/114874012/photos/album,https://plat.dianping.com/app/femember-musteat-web/musteat-rank?cityid=70&notitlebar=1&ranktype=3
吉林省,长春市,朝阳区,大自然海鲜烤肉,吉林省长春市朝阳区牡丹街（清华路口）,4.7,83,招牌大块肉,省市区及街道已获取,已获取,榜单行政区/商圈归属,5611825,https://plat.dianping.com/app/femember-musteat-web/musteat-rank?cityid=70&notitlebar=1&ranktype=3,https://www.dianping.com/shop/5611825/photos/album,https://plat.dianping.com/app/femember-musteat-web/musteat-rank?cityid=70&notitlebar=1&ranktype=3
吉林省,长春市,南关区,元盛居（生态大街店）,吉林省长春市南关区生态大街717号,4.8,86,羊肉,省市区及街道已获取,已获取,榜单行政区/商圈归属,67668257,https://plat.dianping.com/app/femember-musteat-web/musteat-rank?cityid=70&notitlebar=1&ranktype=3,https://www.dianping.com/shop/67668257/photos/album,https://plat.dianping.com/app/femember-musteat-web/musteat-rank?cityid=70&notitlebar=1&ranktype=3
吉林省,长春市,朝阳区,董鲁烤鸭（工农大路店）,吉林省长春市朝阳区工农大路2632号（南湖公园二号门斜对面）,4.8,115,精品酥不腻烤鸭,省市区及街道已获取,已获取,榜单行政区/商圈归属,21666038,https://plat.dianping.com/app/femember-musteat-web/musteat-rank?cityid=70&notitlebar=1&ranktype=3,https://www.dianping.com/shop/21666038/photos/album,https://plat.dianping.com/app/femember-musteat-web/musteat-rank?cityid=70&notitlebar=1&ranktype=3
吉林省,长春市,朝阳区,吉林省林业宾馆-餐厅,吉林省长春市朝阳区南岭街道人民大街5046号林业宾馆内(人民大街与自由大路交汇),4.7,124,天然蜂蜜拌树莓,省市区及街道已获取,已获取,榜单行政区/商圈归属,23393663,https://plat.dianping.com/app/femember-musteat-web/musteat-rank?cityid=70&notitlebar=1&ranktype=3,https://www.dianping.com/shop/23393663/photos/album,https://plat.dianping.com/app/femember-musteat-web/musteat-rank?cityid=70&notitlebar=1&ranktype=3
吉林省,长春市,朝阳区,延边金利串店（安达街店）,吉林省长春市朝阳区安达街262号（长春市人才市场对面）,4.8,77,牛排肉串,省市区及街道已获取,已获取,榜单行政区/商圈归属,988234842,https://plat.dianping.com/app/femember-musteat-web/musteat-rank?cityid=70&notitlebar=1&ranktype=3,https://www.dianping.com/shop/988234842/photos/album,https://plat.dianping.com/app/femember-musteat-web/musteat-rank?cityid=70&notitlebar=1&ranktype=3
吉林省,长春市,朝阳区,龙源斑鱼坊（湖西路店）,吉林省长春市朝阳区湖西路1130号,4.7,97,斑鱼现杀,省市区及街道已获取,已获取,榜单行政区/商圈归属,19645336,https://plat.dianping.com/app/femember-musteat-web/musteat-rank?cityid=70&notitlebar=1&ranktype=3,https://www.dianping.com/shop/19645336/photos/album,https://plat.dianping.com/app/femember-musteat-web/musteat-rank?cityid=70&notitlebar=1&ranktype=3
吉林省,长春市,朝阳区,柴大叔土窑坑烤·长春地标美食（红旗街店）,吉林省长春市朝阳区红旗街与保安街交汇,4.8,68,坑烤大公鸡,省市区及街道已获取,已获取,榜单行政区/商圈归属,1022634472,https://plat.dianping.com/app/femember-musteat-web/musteat-rank?cityid=70&notitlebar=1&ranktype=3,https://www.dianping.com/shop/1022634472/photos/album,https://plat.dianping.com/app/femember-musteat-web/musteat-rank?cityid=70&notitlebar=1&ranktype=3
吉林省,吉林市,船营区,老郑太太煎粉肉串店,吉林省吉林市船营区和龙街12号,4,24,煎粉（小碗）,省市区及街道已获取,已获取,榜单行政区/商圈归属,1706747122,https://plat.dianping.com/app/femember-musteat-web/musteat-rank?cityid=71&notitlebar=1&ranktype=3,https://www.dianping.com/shop/1706747122/photos/album,https://plat.dianping.com/app/femember-musteat-web/musteat-rank?cityid=71&notitlebar=1&ranktype=3
吉林省,吉林市,丰满区,金帝铁锅炖（厦门街店）,吉林省吉林市丰满区厦门街中段7号楼4-5号网点(近华侨医院),4.2,63,铁锅炖鱼,省市区及街道已获取,已获取,榜单行政区/商圈归属,5655050,https://plat.dianping.com/app/femember-musteat-web/musteat-rank?cityid=71&notitlebar=1&ranktype=3,https://www.dianping.com/shop/5655050/photos/album,https://plat.dianping.com/app/femember-musteat-web/musteat-rank?cityid=71&notitlebar=1&ranktype=3
吉林省,吉林市,昌邑区,勾里家韩式料理,吉林省吉林市昌邑区东滩街嘉业名铸6号楼8号网点,4.3,71,石锅拌饭,省市区及街道已获取,已获取,榜单行政区/商圈归属,92428530,https://plat.dianping.com/app/femember-musteat-web/musteat-rank?cityid=71&notitlebar=1&ranktype=3,https://www.dianping.com/shop/92428530/photos/album,https://plat.dianping.com/app/femember-musteat-web/musteat-rank?cityid=71&notitlebar=1&ranktype=3
吉林省,吉林市,船营区,新兴园饺子馆（河南街店）,吉林省吉林市船营区青岛街道河南街115号二楼,4.8,51,音乐会招牌风味蒸饺,省市区及街道已获取,已获取,榜单行政区/商圈归属,17644902,https://plat.dianping.com/app/femember-musteat-web/musteat-rank?cityid=71&notitlebar=1&ranktype=3,https://www.dianping.com/shop/17644902/photos/album,https://plat.dianping.com/app/femember-musteat-web/musteat-rank?cityid=71&notitlebar=1&ranktype=3
吉林省,吉林市,船营区,东禹传统鲜锅（青岛街店）,吉林省吉林市船营区青岛街163号粮食住宅1号楼,4.3,53,传统鲜锅,省市区及街道已获取,已获取,榜单行政区/商圈归属,5792298,https://plat.dianping.com/app/femember-musteat-web/musteat-rank?cityid=71&notitlebar=1&ranktype=3,https://www.dianping.com/shop/5792298/photos/album,https://plat.dianping.com/app/femember-musteat-web/musteat-rank?cityid=71&notitlebar=1&ranktype=3
吉林省,吉林市,昌邑区,大胖烤串（朝中店）,吉林省吉林市昌邑区江湾路海关馨苑1号楼6号网点,4,64,炭火烤冷面,省市区及街道已获取,已获取,榜单行政区/商圈归属,2302297,https://plat.dianping.com/app/femember-musteat-web/musteat-rank?cityid=71&notitlebar=1&ranktype=3,https://www.dianping.com/shop/2302297/photos/album,https://plat.dianping.com/app/femember-musteat-web/musteat-rank?cityid=71&notitlebar=1&ranktype=3
吉林省,吉林市,昌邑区,峰峰菜馆（青年路店）,吉林省吉林市昌邑区青年路30号天江综合区7号楼30-11-14号,4.6,61,锅包肉,省市区及街道已获取,已获取,榜单行政区/商圈归属,9407429,https://plat.dianping.com/app/femember-musteat-web/musteat-rank?cityid=71&notitlebar=1&ranktype=3,https://www.dianping.com/shop/9407429/photos/album,https://plat.dianping.com/app/femember-musteat-web/musteat-rank?cityid=71&notitlebar=1&ranktype=3
吉林省,吉林市,昌邑区,正宗集安高丽火盆（东昌街店）,吉林省吉林市昌邑区东昌街428号4号楼7号网点,4.3,54,高丽火盆,省市区及街道已获取,已获取,榜单行政区/商圈归属,93972932,https://plat.dianping.com/app/femember-musteat-web/musteat-rank?cityid=71&notitlebar=1&ranktype=3,https://www.dianping.com/shop/93972932/photos/album,https://plat.dianping.com/app/femember-musteat-web/musteat-rank?cityid=71&notitlebar=1&ranktype=3
吉林省,吉林市,船营区,萍香大厨·锅包肉（大东门店）,吉林省吉林市船营区南京街道大东门南京街中国太平洋保险公司后身,4.3,47,锅包肉,省市区及街道已获取,已获取,榜单行政区/商圈归属,2180137,https://plat.dianping.com/app/femember-musteat-web/musteat-rank?cityid=71&notitlebar=1&ranktype=3,https://www.dianping.com/shop/2180137/photos/album,https://plat.dianping.com/app/femember-musteat-web/musteat-rank?cityid=71&notitlebar=1&ranktype=3
吉林省,延边朝鲜族自治州,延吉市,韩正参鸡汤馆,吉林省延边朝鲜族自治州延吉市新兴街57号2楼,4.4,68,韩正参鸡汤,省市区及街道已获取,已获取,同店铺ID出现在榜单县级城市入口,5299449,https://plat.dianping.com/app/femember-musteat-web/musteat-rank?cityid=78&notitlebar=1&ranktype=3,https://www.dianping.com/shop/5299449/photos/album,https://plat.dianping.com/app/femember-musteat-web/musteat-rank?cityid=361&notitlebar=1&ranktype=3
吉林省,延边朝鲜族自治州,延吉市,延家村朝鲜族高丽火盆（延吉发展店）,吉林省延边朝鲜族自治州延吉市烟集街恒达一品（发展大坡北200米）,4.6,64,高丽火盆,省市区及街道已获取,已获取,同店铺ID出现在榜单县级城市入口,1194312197,https://plat.dianping.com/app/femember-musteat-web/musteat-rank?cityid=78&notitlebar=1&ranktype=3,https://www.dianping.com/shop/1194312197/photos/album,https://plat.dianping.com/app/femember-musteat-web/musteat-rank?cityid=361&notitlebar=1&ranktype=3
吉林省,延边朝鲜族自治州,延吉市,震海贝烤贝·民俗特色店（延吉总店）,吉林省延边朝鲜族自治州延吉市丹宁胡同延边大学附属医院东门东行150米路南,4.8,195,板蟹,省市区及街道已获取,已获取,同店铺ID出现在榜单县级城市入口,3549544,https://plat.dianping.com/app/femember-musteat-web/musteat-rank?cityid=78&notitlebar=1&ranktype=3,https://www.dianping.com/shop/3549544/photos/album,https://plat.dianping.com/app/femember-musteat-web/musteat-rank?cityid=361&notitlebar=1&ranktype=3
吉林省,延边朝鲜族自治州,延吉市,吴氏包饭·传统民俗料理（北大总店）,吉林省延边朝鲜族自治州延吉市局子街诚信公证处斜对面,4.7,70,吴氏五花肉包饭,省市区及街道已获取,已获取,同店铺ID出现在榜单县级城市入口,9447541,https://plat.dianping.com/app/femember-musteat-web/musteat-rank?cityid=78&notitlebar=1&ranktype=3,https://www.dianping.com/shop/9447541/photos/album,https://plat.dianping.com/app/femember-musteat-web/musteat-rank?cityid=361&notitlebar=1&ranktype=3
吉林省,延边朝鲜族自治州,延吉市,本达人海鲜烧烤·朝鲜族风味（发展店）,吉林省延边朝鲜族自治州延吉市烟集街恒达一品240座1单元1001门市,4.9,224,清蒸活板蟹,省市区及街道已获取,已获取,同店铺ID出现在榜单县级城市入口,90920153,https://plat.dianping.com/app/femember-musteat-web/musteat-rank?cityid=78&notitlebar=1&ranktype=3,https://www.dianping.com/shop/90920153/photos/album,https://plat.dianping.com/app/femember-musteat-web/musteat-rank?cityid=361&notitlebar=1&ranktype=3
吉林省,延边朝鲜族自治州,延吉市,金木头烤串（延吉市店）,吉林省延边朝鲜族自治州延吉市建工街道长白山西路满园春斜对面,4.9,53,现切牛排肉,省市区及街道已获取,已获取,同店铺ID出现在榜单县级城市入口,1077318182,https://plat.dianping.com/app/femember-musteat-web/musteat-rank?cityid=78&notitlebar=1&ranktype=3,https://www.dianping.com/shop/1077318182/photos/album,https://plat.dianping.com/app/femember-musteat-web/musteat-rank?cityid=361&notitlebar=1&ranktype=3
吉林省,延边朝鲜族自治州,延吉市,海兰江石锅饭（水上店）,吉林省延边朝鲜族自治州延吉市参花街水上市场164-6号,4.4,61,石锅鱼籽拌饭,省市区及街道已获取,已获取,同店铺ID出现在榜单县级城市入口,3052069,https://plat.dianping.com/app/femember-musteat-web/musteat-rank?cityid=78&notitlebar=1&ranktype=3,https://www.dianping.com/shop/3052069/photos/album,https://plat.dianping.com/app/femember-musteat-web/musteat-rank?cityid=361&notitlebar=1&ranktype=3
吉林省,延边朝鲜族自治州,珲春市,鸿源烧烤串店,吉林省延边朝鲜族自治州珲春市龙源西街2134号,4.9,58,原味排骨筋,省市区及街道已获取,已获取,榜单行政区/商圈归属,17162522,https://plat.dianping.com/app/femember-musteat-web/musteat-rank?cityid=78&notitlebar=1&ranktype=3,https://www.dianping.com/shop/17162522/photos/album,https://plat.dianping.com/app/femember-musteat-web/musteat-rank?cityid=78&notitlebar=1&ranktype=3
吉林省,延边朝鲜族自治州,延吉市,金秀成151啤酒屋（新元公寓总店）,吉林省延边朝鲜族自治州延吉市新元公寓151号楼,4.6,87,特色啤酒锅,省市区及街道已获取,已获取,同店铺ID出现在榜单县级城市入口,66178569,https://plat.dianping.com/app/femember-musteat-web/musteat-rank?cityid=78&notitlebar=1&ranktype=3,https://www.dianping.com/shop/66178569/photos/album,https://plat.dianping.com/app/femember-musteat-web/musteat-rank?cityid=361&notitlebar=1&ranktype=3
吉林省,延边朝鲜族自治州,,渔公鸡婆铁锅炖·特色冷水鱼·高丽火盆,吉林省延边朝鲜族自治州碧波家园小区6号楼北数第5间商铺（近恩都里、中华秋沙鸭公园）,4.5,66,大饼子,区县或街道未核实,已获取,区县未核实,97537182,https://plat.dianping.com/app/femember-musteat-web/musteat-rank?cityid=78&notitlebar=1&ranktype=3,https://www.dianping.com/shop/97537182/photos/album,https://plat.dianping.com/app/femember-musteat-web/musteat-rank?cityid=78&notitlebar=1&ranktype=3
吉林省,延边朝鲜族自治州,,山顺炭火烤肉朝鲜族家,吉林省延边朝鲜族自治州忍冬路与白山大街交叉口西南角,4.5,83,延边黄牛小排,区县或街道未核实,已获取,区县未核实,90949196,https://plat.dianping.com/app/femember-musteat-web/musteat-rank?cityid=78&notitlebar=1&ranktype=3,https://www.dianping.com/shop/90949196/photos/album,https://plat.dianping.com/app/femember-musteat-web/musteat-rank?cityid=78&notitlebar=1&ranktype=3
吉林省,延边朝鲜族自治州,延吉市,炭吧炉朝鲜族烤肉（老国贸店）,吉林省延边朝鲜族自治州延吉市新兴街考世茂饭店西南30米,4.4,80,炭吧炉牛五花,省市区及街道已获取,已获取,同店铺ID出现在榜单县级城市入口,13673043,https://plat.dianping.com/app/femember-musteat-web/musteat-rank?cityid=78&notitlebar=1&ranktype=3,https://www.dianping.com/shop/13673043/photos/album,https://plat.dianping.com/app/femember-musteat-web/musteat-rank?cityid=361&notitlebar=1&ranktype=3
吉林省,延边朝鲜族自治州,珲春市,天仙包饭（阳光国际小区店）,吉林省延边朝鲜族自治州珲春市河南东街珲春水立方商务宾馆对面,4.4,56,五花肉包饭,省市区及街道已获取,已获取,同店铺ID出现在榜单县级城市入口,69365151,https://plat.dianping.com/app/femember-musteat-web/musteat-rank?cityid=78&notitlebar=1&ranktype=3,https://www.dianping.com/shop/69365151/photos/album,https://plat.dianping.com/app/femember-musteat-web/musteat-rank?cityid=362&notitlebar=1&ranktype=3
黑龙江省,哈尔滨市,南岗区,老康火锅（黄河路总店）,黑龙江省哈尔滨市南岗区黄河路信恒现代城馨园B栋1楼3-1门市,4.8,95,羊肉片,省市区及街道已获取,已获取,榜单行政区/商圈归属,17175211,https://plat.dianping.com/app/femember-musteat-web/musteat-rank?cityid=79&notitlebar=1&ranktype=3,https://www.dianping.com/shop/17175211/photos/album,https://plat.dianping.com/app/femember-musteat-web/musteat-rank?cityid=79&notitlebar=1&ranktype=3
黑龙江省,哈尔滨市,道里区,勇记烧腊（安定街店）,黑龙江省哈尔滨市道里区安定街237号,4.4,59,腊味三拼,省市区及街道已获取,已获取,榜单行政区/商圈归属,58978516,https://plat.dianping.com/app/femember-musteat-web/musteat-rank?cityid=79&notitlebar=1&ranktype=3,https://www.dianping.com/shop/58978516/photos/album,https://plat.dianping.com/app/femember-musteat-web/musteat-rank?cityid=79&notitlebar=1&ranktype=3
黑龙江省,哈尔滨市,南岗区,王记柴火老院铁锅炖（总店）,黑龙江省哈尔滨市南岗区分部街41号,4.8,61,花卷饼子双拼,省市区及街道已获取,已获取,榜单行政区/商圈归属,1491317852,https://plat.dianping.com/app/femember-musteat-web/musteat-rank?cityid=79&notitlebar=1&ranktype=3,https://www.dianping.com/shop/1491317852/photos/album,https://plat.dianping.com/app/femember-musteat-web/musteat-rank?cityid=79&notitlebar=1&ranktype=3
黑龙江省,哈尔滨市,道外区,羊顺斋火锅（丰润街店）,黑龙江省哈尔滨市道外区丰润街74号,4.7,95,手切鲜羊肉,省市区及街道已获取,已获取,榜单行政区/商圈归属,5487407,https://plat.dianping.com/app/femember-musteat-web/musteat-rank?cityid=79&notitlebar=1&ranktype=3,https://www.dianping.com/shop/5487407/photos/album,https://plat.dianping.com/app/femember-musteat-web/musteat-rank?cityid=79&notitlebar=1&ranktype=3
黑龙江省,哈尔滨市,道里区,红专回民馆（中央大街店）,黑龙江省哈尔滨市道里区红专街51号,4.2,59,锅包肉,省市区及街道已获取,已获取,榜单行政区/商圈归属,20865962,https://plat.dianping.com/app/femember-musteat-web/musteat-rank?cityid=79&notitlebar=1&ranktype=3,https://www.dianping.com/shop/20865962/photos/album,https://plat.dianping.com/app/femember-musteat-web/musteat-rank?cityid=79&notitlebar=1&ranktype=3
黑龙江省,哈尔滨市,道里区,小味串店（汇励99城市公园店）,黑龙江省哈尔滨市道里区紫园路40号汇励99城市公园A栋1层,4.7,90,茶缸肚,省市区及街道已获取,已获取,榜单行政区/商圈归属,5180233,https://plat.dianping.com/app/femember-musteat-web/musteat-rank?cityid=79&notitlebar=1&ranktype=3,https://www.dianping.com/shop/5180233/photos/album,https://plat.dianping.com/app/femember-musteat-web/musteat-rank?cityid=79&notitlebar=1&ranktype=3
黑龙江省,哈尔滨市,松北区,小核桃品质串店（世茂大道店）,黑龙江省哈尔滨市松北区世纪花园A区36号楼3号商服,4.8,75,酱油筋,省市区及街道已获取,已获取,榜单行政区/商圈归属,95717348,https://plat.dianping.com/app/femember-musteat-web/musteat-rank?cityid=79&notitlebar=1&ranktype=3,https://www.dianping.com/shop/95717348/photos/album,https://plat.dianping.com/app/femember-musteat-web/musteat-rank?cityid=79&notitlebar=1&ranktype=3
黑龙江省,哈尔滨市,道里区,左记清真炭火锅（大民兴街店）,黑龙江省哈尔滨市道里区共乐街道大民兴街258号院内(哈商大附近),4.9,93,手切鲜羊肉,省市区及街道已获取,已获取,榜单行政区/商圈归属,35809252,https://plat.dianping.com/app/femember-musteat-web/musteat-rank?cityid=79&notitlebar=1&ranktype=3,https://www.dianping.com/shop/35809252/photos/album,https://plat.dianping.com/app/femember-musteat-web/musteat-rank?cityid=79&notitlebar=1&ranktype=3
黑龙江省,哈尔滨市,南岗区,刘二姐手擀麻辣面,黑龙江省哈尔滨市南岗区清滨路副57号,4.3,19,麻辣面,省市区及街道已获取,已获取,榜单行政区/商圈归属,2517316,https://plat.dianping.com/app/femember-musteat-web/musteat-rank?cityid=79&notitlebar=1&ranktype=3,https://www.dianping.com/shop/2517316/photos/album,https://plat.dianping.com/app/femember-musteat-web/musteat-rank?cityid=79&notitlebar=1&ranktype=3
黑龙江省,哈尔滨市,南岗区,莱福双城杀猪菜（红旗总店）,黑龙江省哈尔滨市南岗区淮河路256号入口进来就看见了,4.9,56,东北杀猪菜,省市区及街道已获取,已获取,榜单行政区/商圈归属,17612172,https://plat.dianping.com/app/femember-musteat-web/musteat-rank?cityid=79&notitlebar=1&ranktype=3,https://www.dianping.com/shop/17612172/photos/album,https://plat.dianping.com/app/femember-musteat-web/musteat-rank?cityid=79&notitlebar=1&ranktype=3
黑龙江省,哈尔滨市,道里区,路边烤牛肉（爱建店）,黑龙江省哈尔滨市道里区爱建路46号,4.8,114,牛美肥,省市区及街道已获取,已获取,榜单行政区/商圈归属,130394107,https://plat.dianping.com/app/femember-musteat-web/musteat-rank?cityid=79&notitlebar=1&ranktype=3,https://www.dianping.com/shop/130394107/photos/album,https://plat.dianping.com/app/femember-musteat-web/musteat-rank?cityid=79&notitlebar=1&ranktype=3
黑龙江省,哈尔滨市,南岗区,新罗·中国朝鲜族餐厅,黑龙江省哈尔滨市南岗区汉广街49号（汉广街与通达街交口）,4.4,73,糯米参鸡汤,省市区及街道已获取,已获取,榜单行政区/商圈归属,76891308,https://plat.dianping.com/app/femember-musteat-web/musteat-rank?cityid=79&notitlebar=1&ranktype=3,https://www.dianping.com/shop/76891308/photos/album,https://plat.dianping.com/app/femember-musteat-web/musteat-rank?cityid=79&notitlebar=1&ranktype=3
黑龙江省,哈尔滨市,南岗区,馫鸿运九记牛腩（会展店）,黑龙江省哈尔滨市南岗区闽江路227号,4.4,73,牛腩牛杂锅,省市区及街道已获取,已获取,榜单行政区/商圈归属,129730572,https://plat.dianping.com/app/femember-musteat-web/musteat-rank?cityid=79&notitlebar=1&ranktype=3,https://www.dianping.com/shop/129730572/photos/album,https://plat.dianping.com/app/femember-musteat-web/musteat-rank?cityid=79&notitlebar=1&ranktype=3
黑龙江省,哈尔滨市,道里区,同合居·非遗东北菜（松雷何所有中央大街店）,黑龙江省哈尔滨市道里区霞曼街松雷国际商厦2F,4.7,59,锅包肉,省市区及街道已获取,已获取,榜单行政区/商圈归属,1080764498,https://plat.dianping.com/app/femember-musteat-web/musteat-rank?cityid=79&notitlebar=1&ranktype=3,https://www.dianping.com/shop/1080764498/photos/album,https://plat.dianping.com/app/femember-musteat-web/musteat-rank?cityid=79&notitlebar=1&ranktype=3
黑龙江省,哈尔滨市,南岗区,明泉特特（工大店）,黑龙江省哈尔滨市南岗区邮政街434号（近哈工大）,4.7,54,特色酱骨架,省市区及街道已获取,已获取,榜单行政区/商圈归属,2496430,https://plat.dianping.com/app/femember-musteat-web/musteat-rank?cityid=79&notitlebar=1&ranktype=3,https://www.dianping.com/shop/2496430/photos/album,https://plat.dianping.com/app/femember-musteat-web/musteat-rank?cityid=79&notitlebar=1&ranktype=3
黑龙江省,哈尔滨市,道里区,黑宝石西餐厅（汇励99城市公园店）,黑龙江省哈尔滨市道里区安隆街与上海街交叉口（汇励99城市公园广场C座1楼 ）,4.9,174,经典惠灵顿牛排,省市区及街道已获取,已获取,榜单行政区/商圈归属,1949712098,https://plat.dianping.com/app/femember-musteat-web/musteat-rank?cityid=79&notitlebar=1&ranktype=3,https://www.dianping.com/shop/1949712098/photos/album,https://plat.dianping.com/app/femember-musteat-web/musteat-rank?cityid=79&notitlebar=1&ranktype=3
黑龙江省,哈尔滨市,南岗区,全鸭季（西城红场店）,黑龙江省哈尔滨市南岗区北兴街26号（艺术港旁）,4.9,155,️烤鸭️,省市区及街道已获取,已获取,榜单行政区/商圈归属,125239794,https://plat.dianping.com/app/femember-musteat-web/musteat-rank?cityid=79&notitlebar=1&ranktype=3,https://www.dianping.com/shop/125239794/photos/album,https://plat.dianping.com/app/femember-musteat-web/musteat-rank?cityid=79&notitlebar=1&ranktype=3
黑龙江省,哈尔滨市,双城区,兰棱杀猪菜（堡旭大道店）,黑龙江省哈尔滨市双城区堡旭大道旭日嘉园楼下商服25号（新公安局对面）,4.8,61,秘制血肠,省市区及街道已获取,已获取,同店铺ID出现在榜单县级城市入口,98418189,https://plat.dianping.com/app/femember-musteat-web/musteat-rank?cityid=79&notitlebar=1&ranktype=3,https://www.dianping.com/shop/98418189/photos/album,https://plat.dianping.com/app/femember-musteat-web/musteat-rank?cityid=762&notitlebar=1&ranktype=3
黑龙江省,哈尔滨市,南岗区,宏达老菜馆（香山路店）,黑龙江省哈尔滨市南岗区香山路13号,4.8,106,锅包肉,省市区及街道已获取,已获取,榜单行政区/商圈归属,8039362,https://plat.dianping.com/app/femember-musteat-web/musteat-rank?cityid=79&notitlebar=1&ranktype=3,https://www.dianping.com/shop/8039362/photos/album,https://plat.dianping.com/app/femember-musteat-web/musteat-rank?cityid=79&notitlebar=1&ranktype=3
黑龙江省,哈尔滨市,松北区,胖姐渔村（中源大道店）,黑龙江省哈尔滨市松北区学富街龙江第一村四街区404栋（近东北虎林园）,4.7,88,鰉鱼炖土豆,省市区及街道已获取,已获取,榜单行政区/商圈归属,2579131,https://plat.dianping.com/app/femember-musteat-web/musteat-rank?cityid=79&notitlebar=1&ranktype=3,https://www.dianping.com/shop/2579131/photos/album,https://plat.dianping.com/app/femember-musteat-web/musteat-rank?cityid=79&notitlebar=1&ranktype=3
黑龙江省,齐齐哈尔市,建华区,米家·鹤城炭火米家（直营总店）,黑龙江省齐齐哈尔市建华区龙沙路新华组团1号楼10号门市,4.3,87,家庭拌肉,省市区及街道已获取,已获取,榜单行政区/商圈归属,68275207,https://plat.dianping.com/app/femember-musteat-web/musteat-rank?cityid=80&notitlebar=1&ranktype=3,https://www.dianping.com/shop/68275207/photos/album,https://plat.dianping.com/app/femember-musteat-web/musteat-rank?cityid=80&notitlebar=1&ranktype=3
黑龙江省,齐齐哈尔市,建华区,齐市马佳私制烤肉店（民乐家园小区店）,黑龙江省齐齐哈尔市建华区民乐家园30号楼00单元01层07号,4.1,71,家常拌肉,省市区及街道已获取,已获取,榜单行政区/商圈归属,1244379791,https://plat.dianping.com/app/femember-musteat-web/musteat-rank?cityid=80&notitlebar=1&ranktype=3,https://www.dianping.com/shop/1244379791/photos/album,https://plat.dianping.com/app/femember-musteat-web/musteat-rank?cityid=80&notitlebar=1&ranktype=3
黑龙江省,齐齐哈尔市,铁锋区,南韩烧烤（建设路店）,黑龙江省齐齐哈尔市铁锋区建设路328号建东小区5号7门市,4.3,78,韩国荞麦冷面,省市区及街道已获取,已获取,榜单行政区/商圈归属,5383517,https://plat.dianping.com/app/femember-musteat-web/musteat-rank?cityid=80&notitlebar=1&ranktype=3,https://www.dianping.com/shop/5383517/photos/album,https://plat.dianping.com/app/femember-musteat-web/musteat-rank?cityid=80&notitlebar=1&ranktype=3
黑龙江省,齐齐哈尔市,龙沙区,威虎山庄铁锅炖,黑龙江省齐齐哈尔市龙沙区卜奎南大街谊联名居西门东198米,4.6,51,排骨鸡手,省市区及街道已获取,已获取,榜单行政区/商圈归属,122056485,https://plat.dianping.com/app/femember-musteat-web/musteat-rank?cityid=80&notitlebar=1&ranktype=3,https://www.dianping.com/shop/122056485/photos/album,https://plat.dianping.com/app/femember-musteat-web/musteat-rank?cityid=80&notitlebar=1&ranktype=3
黑龙江省,齐齐哈尔市,龙沙区,敬璇烧烤（合意店）,黑龙江省齐齐哈尔市龙沙区民意路住宅楼一厂医院西邻,4.3,69,三十九年祖传拌肉,省市区及街道已获取,已获取,榜单行政区/商圈归属,9902564,https://plat.dianping.com/app/femember-musteat-web/musteat-rank?cityid=80&notitlebar=1&ranktype=3,https://www.dianping.com/shop/9902564/photos/album,https://plat.dianping.com/app/femember-musteat-web/musteat-rank?cityid=80&notitlebar=1&ranktype=3
黑龙江省,齐齐哈尔市,建华区,营信刘罗锅铁锅炖（总店）,黑龙江省齐齐哈尔市建华区广信路天增小区3号楼,4.1,64,排骨鸡手锅,省市区及街道已获取,已获取,榜单行政区/商圈归属,13678655,https://plat.dianping.com/app/femember-musteat-web/musteat-rank?cityid=80&notitlebar=1&ranktype=3,https://www.dianping.com/shop/13678655/photos/album,https://plat.dianping.com/app/femember-musteat-web/musteat-rank?cityid=80&notitlebar=1&ranktype=3
黑龙江省,齐齐哈尔市,铁锋区,鹤鹤有鸣餐饮,黑龙江省齐齐哈尔市铁锋区太顺街6号哈尔滨铁路局生活段齐铁职工单身公寓院内1层商铺,4.6,43,锅包肉小份,省市区及街道已获取,已获取,榜单行政区/商圈归属,2323759,https://plat.dianping.com/app/femember-musteat-web/musteat-rank?cityid=80&notitlebar=1&ranktype=3,https://www.dianping.com/shop/2323759/photos/album,https://plat.dianping.com/app/femember-musteat-web/musteat-rank?cityid=80&notitlebar=1&ranktype=3
黑龙江省,齐齐哈尔市,建华区,十二忠手拉面（中华路店）,黑龙江省齐齐哈尔市建华区中华路石牌北小区5号楼C单元1-2楼,4,38,牛肉拉面,省市区及街道已获取,已获取,榜单行政区/商圈归属,3155788,https://plat.dianping.com/app/femember-musteat-web/musteat-rank?cityid=80&notitlebar=1&ranktype=3,https://www.dianping.com/shop/3155788/photos/album,https://plat.dianping.com/app/femember-musteat-web/musteat-rank?cityid=80&notitlebar=1&ranktype=3
黑龙江省,齐齐哈尔市,铁锋区,勃爱烧肉,黑龙江省齐齐哈尔市铁锋区光荣街道北文化小区4号楼3号商服（铁东大岗子公交站路北）,4.3,64,黑胡椒烧肉,省市区及街道已获取,已获取,榜单行政区/商圈归属,14815370,https://plat.dianping.com/app/femember-musteat-web/musteat-rank?cityid=80&notitlebar=1&ranktype=3,https://www.dianping.com/shop/14815370/photos/album,https://plat.dianping.com/app/femember-musteat-web/musteat-rank?cityid=80&notitlebar=1&ranktype=3
黑龙江省,齐齐哈尔市,龙沙区,雪岳山烧烤（龙沙路店）,黑龙江省齐齐哈尔市龙沙区龙沙路138号,4.5,68,家庭烤肉,省市区及街道已获取,已获取,榜单行政区/商圈归属,104605974,https://plat.dianping.com/app/femember-musteat-web/musteat-rank?cityid=80&notitlebar=1&ranktype=3,https://www.dianping.com/shop/104605974/photos/album,https://plat.dianping.com/app/femember-musteat-web/musteat-rank?cityid=80&notitlebar=1&ranktype=3
黑龙江省,大庆市,龙凤区,吉顺坑烤,黑龙江省大庆市龙凤区铁东村坑烤一条街吉顺坑烤,4.3,68,坑烤羊排,省市区及街道已获取,已获取,榜单行政区/商圈归属,18577730,https://plat.dianping.com/app/femember-musteat-web/musteat-rank?cityid=84&notitlebar=1&ranktype=3,https://www.dianping.com/shop/18577730/photos/album,https://plat.dianping.com/app/femember-musteat-web/musteat-rank?cityid=84&notitlebar=1&ranktype=3
黑龙江省,大庆市,龙凤区,醉鲜坑烤一部,黑龙江省大庆市龙凤区铁东村拥军路坑烤一条街醉鲜坑烤,4.5,74,坑烤羊排,省市区及街道已获取,已获取,榜单行政区/商圈归属,1262013110,https://plat.dianping.com/app/femember-musteat-web/musteat-rank?cityid=84&notitlebar=1&ranktype=3,https://www.dianping.com/shop/1262013110/photos/album,https://plat.dianping.com/app/femember-musteat-web/musteat-rank?cityid=84&notitlebar=1&ranktype=3
黑龙江省,大庆市,萨尔图区,锅大爷铁锅炖（北辰东门店）,"黑龙江省大庆市萨尔图区纬十一路北辰一区内（近东门,大润发西门对面）",4.8,50,排骨鸡手锅,省市区及街道已获取,已获取,榜单行政区/商圈归属,103588524,https://plat.dianping.com/app/femember-musteat-web/musteat-rank?cityid=84&notitlebar=1&ranktype=3,https://www.dianping.com/shop/103588524/photos/album,https://plat.dianping.com/app/femember-musteat-web/musteat-rank?cityid=84&notitlebar=1&ranktype=3
黑龙江省,大庆市,萨尔图区,同祥居老式黄泥盆明火烤肉,黑龙江省大庆市萨尔图区学伟大街与经八街交叉口盛世莲花会馆对面,4.9,70,松柏肉,省市区及街道已获取,已获取,榜单行政区/商圈归属,61907471,https://plat.dianping.com/app/femember-musteat-web/musteat-rank?cityid=84&notitlebar=1&ranktype=3,https://www.dianping.com/shop/61907471/photos/album,https://plat.dianping.com/app/femember-musteat-web/musteat-rank?cityid=84&notitlebar=1&ranktype=3
黑龙江省,大庆市,让胡路区,锅中锅炖菜馆（让胡路店）,黑龙江省大庆市让胡路区中央大街南段427号,4.7,55,铁锅炖,省市区及街道已获取,已获取,榜单行政区/商圈归属,44003482,https://plat.dianping.com/app/femember-musteat-web/musteat-rank?cityid=84&notitlebar=1&ranktype=3,https://www.dianping.com/shop/44003482/photos/album,https://plat.dianping.com/app/femember-musteat-web/musteat-rank?cityid=84&notitlebar=1&ranktype=3
黑龙江省,大庆市,萨尔图区,食居六羊汤馆（学伟绿色家园店）,黑龙江省大庆市萨尔图区纬十一路58号,4,33,烧饼,省市区及街道已获取,已获取,榜单行政区/商圈归属,861976528,https://plat.dianping.com/app/femember-musteat-web/musteat-rank?cityid=84&notitlebar=1&ranktype=3,https://www.dianping.com/shop/861976528/photos/album,https://plat.dianping.com/app/femember-musteat-web/musteat-rank?cityid=84&notitlebar=1&ranktype=3
黑龙江省,大庆市,让胡路区,溢香楼（阳光嘉城店）,黑龙江省大庆市让胡路区大港路17号一期工程AS-4号楼商服1,4.4,52,瓦罐汤,省市区及街道已获取,已获取,榜单行政区/商圈归属,69825182,https://plat.dianping.com/app/femember-musteat-web/musteat-rank?cityid=84&notitlebar=1&ranktype=3,https://www.dianping.com/shop/69825182/photos/album,https://plat.dianping.com/app/femember-musteat-web/musteat-rank?cityid=84&notitlebar=1&ranktype=3
江苏省,徐州市,云龙区,崔家牛肉米线,江苏省徐州市云龙区莲花井巷莲花小区底商（戏马台布市斜对面）,4.1,15,崔家经典肉酱米线,省市区及街道已获取,已获取,榜单行政区/商圈归属,1800763059,https://plat.dianping.com/app/femember-musteat-web/musteat-rank?cityid=92&notitlebar=1&ranktype=3,https://www.dianping.com/shop/1800763059/photos/album,https://plat.dianping.com/app/femember-musteat-web/musteat-rank?cityid=92&notitlebar=1&ranktype=3
江苏省,徐州市,鼓楼区,奕宏饺子楼（朱庄小区店）,江苏省徐州市鼓楼区朱庄小区26号楼1轴线房,4.3,14,三鲜蒸饺,省市区及街道已获取,已获取,榜单行政区/商圈归属,60896926,https://plat.dianping.com/app/femember-musteat-web/musteat-rank?cityid=92&notitlebar=1&ranktype=3,https://www.dianping.com/shop/60896926/photos/album,https://plat.dianping.com/app/femember-musteat-web/musteat-rank?cityid=92&notitlebar=1&ranktype=3
江苏省,徐州市,泉山区,什一餐厅（矿山东路店）,江苏省徐州市泉山区矿山东路与淮海西路交叉口北100米路东,4.6,63,招牌蒜爆鱼,省市区及街道已获取,已获取,榜单行政区/商圈归属,114541518,https://plat.dianping.com/app/femember-musteat-web/musteat-rank?cityid=92&notitlebar=1&ranktype=3,https://www.dianping.com/shop/114541518/photos/album,https://plat.dianping.com/app/femember-musteat-web/musteat-rank?cityid=92&notitlebar=1&ranktype=3
江苏省,徐州市,云龙区,乡间小酒馆 特色地锅鸡（火车站店）,江苏省徐州市云龙区铜山路圆梦花园A1-105号商铺,4.5,62,招牌蒜爆鱼,省市区及街道已获取,已获取,榜单行政区/商圈归属,21955706,https://plat.dianping.com/app/femember-musteat-web/musteat-rank?cityid=92&notitlebar=1&ranktype=3,https://www.dianping.com/shop/21955706/photos/album,https://plat.dianping.com/app/femember-musteat-web/musteat-rank?cityid=92&notitlebar=1&ranktype=3
江苏省,徐州市,鼓楼区,黑牛无双·徐州烤肉（解放北路店）,江苏省徐州市鼓楼区解放北路与河清路交叉口丁字路口税务局东对面汇金时代广场5-10号,4.6,108,黯然销魂海鲜饭,省市区及街道已获取,已获取,榜单行政区/商圈归属,1744843877,https://plat.dianping.com/app/femember-musteat-web/musteat-rank?cityid=92&notitlebar=1&ranktype=3,https://www.dianping.com/shop/1744843877/photos/album,https://plat.dianping.com/app/femember-musteat-web/musteat-rank?cityid=92&notitlebar=1&ranktype=3
江苏省,徐州市,鼓楼区,乐见山四川小吃功夫馆（兴隆大厦店）,江苏省徐州市鼓楼区河清路妮德写字楼沿街门面东二号,4.4,40,乐见山狼牙土豆,省市区及街道已获取,已获取,榜单行政区/商圈归属,1538333588,https://plat.dianping.com/app/femember-musteat-web/musteat-rank?cityid=92&notitlebar=1&ranktype=3,https://www.dianping.com/shop/1538333588/photos/album,https://plat.dianping.com/app/femember-musteat-web/musteat-rank?cityid=92&notitlebar=1&ranktype=3
江苏省,徐州市,泉山区,苏公瓦舍茶宴（云龙湖店）,江苏省徐州市泉山区湖北路滨湖新天地西街F3-1-103,4.6,145,招牌茶香乳鸽,省市区及街道已获取,已获取,榜单行政区/商圈归属,26986278,https://plat.dianping.com/app/femember-musteat-web/musteat-rank?cityid=92&notitlebar=1&ranktype=3,https://www.dianping.com/shop/26986278/photos/album,https://plat.dianping.com/app/femember-musteat-web/musteat-rank?cityid=92&notitlebar=1&ranktype=3
江苏省,徐州市,云龙区,家有美味,江苏省徐州市云龙区户部山商贸城A1-2-109,4.3,54,特色烧饼鸡,省市区及街道已获取,已获取,榜单行政区/商圈归属,72478790,https://plat.dianping.com/app/femember-musteat-web/musteat-rank?cityid=92&notitlebar=1&ranktype=3,https://www.dianping.com/shop/72478790/photos/album,https://plat.dianping.com/app/femember-musteat-web/musteat-rank?cityid=92&notitlebar=1&ranktype=3
江苏省,徐州市,铜山区,徐锦在野·破店烧烤（总店）,江苏省徐州市铜山区运河西路万达华府10号楼1层1-122号,4.4,75,招牌大肉串,省市区及街道已获取,已获取,榜单行政区/商圈归属,712763970,https://plat.dianping.com/app/femember-musteat-web/musteat-rank?cityid=92&notitlebar=1&ranktype=3,https://www.dianping.com/shop/712763970/photos/album,https://plat.dianping.com/app/femember-musteat-web/musteat-rank?cityid=92&notitlebar=1&ranktype=3
江苏省,徐州市,云龙区,陈一道辣椒炒肉·徐州菜（六中店）,江苏省徐州市云龙区泰山路1号六中南门对面（地铁2号线师大云龙校区站南300米）,4.7,60,招牌辣椒炒肉,省市区及街道已获取,已获取,榜单行政区/商圈归属,98094158,https://plat.dianping.com/app/femember-musteat-web/musteat-rank?cityid=92&notitlebar=1&ranktype=3,https://www.dianping.com/shop/98094158/photos/album,https://plat.dianping.com/app/femember-musteat-web/musteat-rank?cityid=92&notitlebar=1&ranktype=3
江苏省,徐州市,泉山区,川锅一号火锅（淮海新天地店）,江苏省徐州市泉山区淮海天地三街区,4.6,75,鲜椒牛肉,省市区及街道已获取,已获取,榜单行政区/商圈归属,1860288127,https://plat.dianping.com/app/femember-musteat-web/musteat-rank?cityid=92&notitlebar=1&ranktype=3,https://www.dianping.com/shop/1860288127/photos/album,https://plat.dianping.com/app/femember-musteat-web/musteat-rank?cityid=92&notitlebar=1&ranktype=3
江苏省,徐州市,云龙区,贾青羊肉串（袁桥店）,江苏省徐州市云龙区民主南路175号梅园公寓7-108,4.7,70,羊肉串,省市区及街道已获取,已获取,榜单行政区/商圈归属,48398337,https://plat.dianping.com/app/femember-musteat-web/musteat-rank?cityid=92&notitlebar=1&ranktype=3,https://www.dianping.com/shop/48398337/photos/album,https://plat.dianping.com/app/femember-musteat-web/musteat-rank?cityid=92&notitlebar=1&ranktype=3
江苏省,徐州市,云龙区,刘磊烧烤（民富园小区店）,江苏省徐州市云龙区德政路民富园小东门,4.3,69,羊肉串,省市区及街道已获取,已获取,榜单行政区/商圈归属,66656795,https://plat.dianping.com/app/femember-musteat-web/musteat-rank?cityid=92&notitlebar=1&ranktype=3,https://www.dianping.com/shop/66656795/photos/album,https://plat.dianping.com/app/femember-musteat-web/musteat-rank?cityid=92&notitlebar=1&ranktype=3
江苏省,徐州市,铜山区,老徐州米线,江苏省徐州市铜山区南京路60号,4.3,18,肉酱米线,省市区及街道已获取,已获取,榜单行政区/商圈归属,57897422,https://plat.dianping.com/app/femember-musteat-web/musteat-rank?cityid=92&notitlebar=1&ranktype=3,https://www.dianping.com/shop/57897422/photos/album,https://plat.dianping.com/app/femember-musteat-web/musteat-rank?cityid=92&notitlebar=1&ranktype=3
江苏省,徐州市,云龙区,老六中米线,江苏省徐州市云龙区泰山路9号,4.4,19,酱香米线,省市区及街道已获取,已获取,榜单行政区/商圈归属,130327335,https://plat.dianping.com/app/femember-musteat-web/musteat-rank?cityid=92&notitlebar=1&ranktype=3,https://www.dianping.com/shop/130327335/photos/album,https://plat.dianping.com/app/femember-musteat-web/musteat-rank?cityid=92&notitlebar=1&ranktype=3
江苏省,徐州市,鼓楼区,九里羊汤馆（鼓楼园林店）,江苏省徐州市鼓楼区平山南路一汽大众博洋4S店对面西行100米路南,4.6,79,羊肉汤,省市区及街道已获取,已获取,榜单行政区/商圈归属,58640150,https://plat.dianping.com/app/femember-musteat-web/musteat-rank?cityid=92&notitlebar=1&ranktype=3,https://www.dianping.com/shop/58640150/photos/album,https://plat.dianping.com/app/femember-musteat-web/musteat-rank?cityid=92&notitlebar=1&ranktype=3
江苏省,徐州市,泉山区,七百岁羊肉馆（湖滨店）,江苏省徐州市泉山区二环西路36号,4.6,62,满天星烧饼,省市区及街道已获取,已获取,榜单行政区/商圈归属,67908851,https://plat.dianping.com/app/femember-musteat-web/musteat-rank?cityid=92&notitlebar=1&ranktype=3,https://www.dianping.com/shop/67908851/photos/album,https://plat.dianping.com/app/femember-musteat-web/musteat-rank?cityid=92&notitlebar=1&ranktype=3
江苏省,徐州市,云龙区,绿地三只羊羊肉串（民祥园店）,江苏省徐州市云龙区民祥园路东方美地三期东门1层3号商铺1-101室,4.4,73,羊肉串,省市区及街道已获取,已获取,榜单行政区/商圈归属,58068823,https://plat.dianping.com/app/femember-musteat-web/musteat-rank?cityid=92&notitlebar=1&ranktype=3,https://www.dianping.com/shop/58068823/photos/album,https://plat.dianping.com/app/femember-musteat-web/musteat-rank?cityid=92&notitlebar=1&ranktype=3
江苏省,徐州市,鼓楼区,三中高皇羊肉馆,江苏省徐州市鼓楼区民主北路中学街T字路口向西80米,4.6,72,蘸羊肉,省市区及街道已获取,已获取,榜单行政区/商圈归属,13664468,https://plat.dianping.com/app/femember-musteat-web/musteat-rank?cityid=92&notitlebar=1&ranktype=3,https://www.dianping.com/shop/13664468/photos/album,https://plat.dianping.com/app/femember-musteat-web/musteat-rank?cityid=92&notitlebar=1&ranktype=3
江苏省,徐州市,云龙区,晨阳羊肉馆,江苏省徐州市云龙区解放路与晨阳巷交叉口苏园小区沿街底商,4.3,64,沾羊肉,省市区及街道已获取,已获取,榜单行政区/商圈归属,45340037,https://plat.dianping.com/app/femember-musteat-web/musteat-rank?cityid=92&notitlebar=1&ranktype=3,https://www.dianping.com/shop/45340037/photos/album,https://plat.dianping.com/app/femember-musteat-web/musteat-rank?cityid=92&notitlebar=1&ranktype=3
江苏省,常州市,天宁区,麻喜达韩式料理（锦绣店）,江苏省常州市天宁区健身北路锦绣花园西区15棟102室（近常工院）,4.4,45,海鲜嫩豆腐汤,省市区及街道已获取,已获取,榜单行政区/商圈归属,50466932,https://plat.dianping.com/app/femember-musteat-web/musteat-rank?cityid=93&notitlebar=1&ranktype=3,https://www.dianping.com/shop/50466932/photos/album,https://plat.dianping.com/app/femember-musteat-web/musteat-rank?cityid=93&notitlebar=1&ranktype=3
江苏省,常州市,钟楼区,辣之府火锅（杨柳巷店）,江苏省常州市钟楼区杨柳巷39-1号(近青果巷)深耕常州14年·专注现炒锅底,4.8,107,重庆鲜毛肚,省市区及街道已获取,已获取,榜单行政区/商圈归属,15859300,https://plat.dianping.com/app/femember-musteat-web/musteat-rank?cityid=93&notitlebar=1&ranktype=3,https://www.dianping.com/shop/15859300/photos/album,https://plat.dianping.com/app/femember-musteat-web/musteat-rank?cityid=93&notitlebar=1&ranktype=3
江苏省,常州市,天宁区,常鲜德乐购迎桂馒头店（麻巷公寓店）,江苏省常州市天宁区麻巷公寓1幢丙单元102室,4.4,25,蟹粉小笼包,省市区及街道已获取,已获取,榜单行政区/商圈归属,96682699,https://plat.dianping.com/app/femember-musteat-web/musteat-rank?cityid=93&notitlebar=1&ranktype=3,https://www.dianping.com/shop/96682699/photos/album,https://plat.dianping.com/app/femember-musteat-web/musteat-rank?cityid=93&notitlebar=1&ranktype=3
江苏省,常州市,溧阳市,竹乡人家大鱼头（南山竹海店）,"江苏省常州市溧阳市李家园路下场园49号(近南山竹海景区,近御水温泉)请使用高德导航",4.8,74,天目湖砂锅鱼头,省市区及街道已获取,已获取,同店铺ID出现在榜单县级城市入口,92786063,https://plat.dianping.com/app/femember-musteat-web/musteat-rank?cityid=93&notitlebar=1&ranktype=3,https://www.dianping.com/shop/92786063/photos/album,https://plat.dianping.com/app/femember-musteat-web/musteat-rank?cityid=867&notitlebar=1&ranktype=3
江苏省,常州市,钟楼区,金牌烧味,江苏省常州市钟楼区木梳路9号,4.6,39,招牌叉烧,省市区及街道已获取,已获取,榜单行政区/商圈归属,1138730919,https://plat.dianping.com/app/femember-musteat-web/musteat-rank?cityid=93&notitlebar=1&ranktype=3,https://www.dianping.com/shop/1138730919/photos/album,https://plat.dianping.com/app/femember-musteat-web/musteat-rank?cityid=93&notitlebar=1&ranktype=3
江苏省,常州市,新北区,牛郎·米饭&烧肉·日式烤肉,江苏省常州市新北区肯德基KFC背后10米（肯德基和味千拉面中间巷子里）,4.8,107,烤沙葱牛肉,省市区及街道已获取,已获取,榜单行政区/商圈归属,1974565556,https://plat.dianping.com/app/femember-musteat-web/musteat-rank?cityid=93&notitlebar=1&ranktype=3,https://www.dianping.com/shop/1974565556/photos/album,https://plat.dianping.com/app/femember-musteat-web/musteat-rank?cityid=93&notitlebar=1&ranktype=3
江苏省,常州市,新北区,JAGED PORK珍五花·烤肉专家（新北万达店）,江苏省常州市新北区竹山路万达金街外围53-54号,4.8,144,熟成「厚切」五花肉（160g）,省市区及街道已获取,已获取,榜单行政区/商圈归属,1607925864,https://plat.dianping.com/app/femember-musteat-web/musteat-rank?cityid=93&notitlebar=1&ranktype=3,https://www.dianping.com/shop/1607925864/photos/album,https://plat.dianping.com/app/femember-musteat-web/musteat-rank?cityid=93&notitlebar=1&ranktype=3
江苏省,常州市,新北区,普希金牛排馆（文化广场店）,江苏省常州市新北区龙城大道方向文化广场负一楼130-132号,4.8,173,餐前面包,省市区及街道已获取,已获取,榜单行政区/商圈归属,1914887346,https://plat.dianping.com/app/femember-musteat-web/musteat-rank?cityid=93&notitlebar=1&ranktype=3,https://www.dianping.com/shop/1914887346/photos/album,https://plat.dianping.com/app/femember-musteat-web/musteat-rank?cityid=93&notitlebar=1&ranktype=3
江苏省,常州市,新北区,曹二哥面馆（新北总店）,江苏省常州市新北区太湖东路府琛花园2-12号（传媒大厦星巴克正对面）,4.6,31,香菜小牛肉拌面,省市区及街道已获取,已获取,榜单行政区/商圈归属,1247023477,https://plat.dianping.com/app/femember-musteat-web/musteat-rank?cityid=93&notitlebar=1&ranktype=3,https://www.dianping.com/shop/1247023477/photos/album,https://plat.dianping.com/app/femember-musteat-web/musteat-rank?cityid=93&notitlebar=1&ranktype=3
江苏省,常州市,钟楼区,菜三元私房融合菜（品牌优选店）,江苏省常州市钟楼区杨柳巷48-1号,4.6,84,黑椒牛肉粒,省市区及街道已获取,已获取,榜单行政区/商圈归属,130193945,https://plat.dianping.com/app/femember-musteat-web/musteat-rank?cityid=93&notitlebar=1&ranktype=3,https://www.dianping.com/shop/130193945/photos/album,https://plat.dianping.com/app/femember-musteat-web/musteat-rank?cityid=93&notitlebar=1&ranktype=3
江苏省,常州市,新北区,正记肠粉,江苏省常州市新北区巢湖路汇丰二村74号,4.2,23,肉沫肠粉,省市区及街道已获取,已获取,榜单行政区/商圈归属,132284437,https://plat.dianping.com/app/femember-musteat-web/musteat-rank?cityid=93&notitlebar=1&ranktype=3,https://www.dianping.com/shop/132284437/photos/album,https://plat.dianping.com/app/femember-musteat-web/musteat-rank?cityid=93&notitlebar=1&ranktype=3
江苏省,常州市,新北区,五星桥原切肥牛火锅· 30年专注好牛肉（全国总店）,"江苏省常州市新北区太湖东路府翰苑7幢214号（常州特色肥牛火锅,30年专注好牛肉!）",4.8,110,手打虾滑,省市区及街道已获取,已获取,榜单行政区/商圈归属,5151602,https://plat.dianping.com/app/femember-musteat-web/musteat-rank?cityid=93&notitlebar=1&ranktype=3,https://www.dianping.com/shop/5151602/photos/album,https://plat.dianping.com/app/femember-musteat-web/musteat-rank?cityid=93&notitlebar=1&ranktype=3
江苏省,常州市,新北区,德天雪花肥牛海鲜火锅（新北区店）,江苏省常州市新北区惠山路星海银园14幢105号底商（大渡河路与惠山路交叉口、河海大学西门旁）,4.9,158,德天肥牛,省市区及街道已获取,已获取,榜单行政区/商圈归属,75178553,https://plat.dianping.com/app/femember-musteat-web/musteat-rank?cityid=93&notitlebar=1&ranktype=3,https://www.dianping.com/shop/75178553/photos/album,https://plat.dianping.com/app/femember-musteat-web/musteat-rank?cityid=93&notitlebar=1&ranktype=3
江苏省,常州市,溧阳市,鱼味楼土菜,江苏省常州市溧阳市南山大道溧阳梨蜗度假别墅旁（近悠然南山公交站）,4.8,86,砂锅鱼头,省市区及街道已获取,已获取,榜单行政区/商圈归属,17650899,https://plat.dianping.com/app/femember-musteat-web/musteat-rank?cityid=93&notitlebar=1&ranktype=3,https://www.dianping.com/shop/17650899/photos/album,https://plat.dianping.com/app/femember-musteat-web/musteat-rank?cityid=93&notitlebar=1&ranktype=3
江苏省,常州市,钟楼区,南园民国茶楼餐厅·常州菜（北大街店）,江苏省常州市钟楼区玉佩弄5号,4.8,131,网油卷,省市区及街道已获取,已获取,榜单行政区/商圈归属,114678597,https://plat.dianping.com/app/femember-musteat-web/musteat-rank?cityid=93&notitlebar=1&ranktype=3,https://www.dianping.com/shop/114678597/photos/album,https://plat.dianping.com/app/femember-musteat-web/musteat-rank?cityid=93&notitlebar=1&ranktype=3
江苏省,常州市,天宁区,爱家面馆（常州总店）,江苏省常州市天宁区浦前东路和平美景10-3号,4.5,23,大三鲜,省市区及街道已获取,已获取,榜单行政区/商圈归属,96062909,https://plat.dianping.com/app/femember-musteat-web/musteat-rank?cityid=93&notitlebar=1&ranktype=3,https://www.dianping.com/shop/96062909/photos/album,https://plat.dianping.com/app/femember-musteat-web/musteat-rank?cityid=93&notitlebar=1&ranktype=3
江苏省,常州市,新北区,龙隐·香缇湾·常州菜,江苏省常州市新北区龙虎塘街道创新一路2号中国国际传感谷1层,4.8,139,龙城烤腩排,省市区及街道已获取,已获取,榜单行政区/商圈归属,9142904,https://plat.dianping.com/app/femember-musteat-web/musteat-rank?cityid=93&notitlebar=1&ranktype=3,https://www.dianping.com/shop/9142904/photos/album,https://plat.dianping.com/app/femember-musteat-web/musteat-rank?cityid=93&notitlebar=1&ranktype=3
江苏省,常州市,新北区,鄢味湘菜馆（三井店）,江苏省常州市新北区竹山路太湖明珠苑商铺27-7号（福地聚龙苑西门对面）,4.5,71,香菜炒牛肉,省市区及街道已获取,已获取,榜单行政区/商圈归属,1757426937,https://plat.dianping.com/app/femember-musteat-web/musteat-rank?cityid=93&notitlebar=1&ranktype=3,https://www.dianping.com/shop/1757426937/photos/album,https://plat.dianping.com/app/femember-musteat-web/musteat-rank?cityid=93&notitlebar=1&ranktype=3
江苏省,常州市,天宁区,常州银丝面馆（麻巷店）,江苏省常州市天宁区麻巷公寓1号楼甲单元102-202室乙单元102-202室（天宁寺南大门斜对面）,4.2,22,银丝面,省市区及街道已获取,已获取,榜单行政区/商圈归属,4280476,https://plat.dianping.com/app/femember-musteat-web/musteat-rank?cityid=93&notitlebar=1&ranktype=3,https://www.dianping.com/shop/4280476/photos/album,https://plat.dianping.com/app/femember-musteat-web/musteat-rank?cityid=93&notitlebar=1&ranktype=3
江苏省,常州市,溧阳市,聚友酒楼-大鱼头（南山竹海店）,江苏省常州市溧阳市横涧李家园村下场园63号（聚友酒楼-大鱼头南山竹海店）,4.7,66,天目湖砂锅鱼头,省市区及街道已获取,已获取,同店铺ID出现在榜单县级城市入口,69012651,https://plat.dianping.com/app/femember-musteat-web/musteat-rank?cityid=93&notitlebar=1&ranktype=3,https://www.dianping.com/shop/69012651/photos/album,https://plat.dianping.com/app/femember-musteat-web/musteat-rank?cityid=867&notitlebar=1&ranktype=3
江苏省,南通市,崇川区,吉祥面馆（孩儿巷北路店）,江苏省南通市崇川区任港街道孩儿巷北路麒麟阁底商,4,20,青椒肉丝面,省市区及街道已获取,已获取,榜单行政区/商圈归属,112251879,https://plat.dianping.com/app/femember-musteat-web/musteat-rank?cityid=94&notitlebar=1&ranktype=3,https://www.dianping.com/shop/112251879/photos/album,https://plat.dianping.com/app/femember-musteat-web/musteat-rank?cityid=94&notitlebar=1&ranktype=3
江苏省,南通市,通州区,福茂瀧牛蛙火锅烧鸡公（金沙总店）,江苏省南通市通州区金沙街道朝霞西路大富豪啤酒厂斜对面(文峰超市隔壁),4.8,77,牛蛙鸡爪,省市区及街道已获取,已获取,榜单行政区/商圈归属,95070172,https://plat.dianping.com/app/femember-musteat-web/musteat-rank?cityid=94&notitlebar=1&ranktype=3,https://www.dianping.com/shop/95070172/photos/album,https://plat.dianping.com/app/femember-musteat-web/musteat-rank?cityid=94&notitlebar=1&ranktype=3
江苏省,南通市,崇川区,南和通大排档（中南店）,江苏省南通市崇川区桃园路7号南通体育会展中心1楼,4.4,80,油盐焗黄鱼,省市区及街道已获取,已获取,榜单行政区/商圈归属,691405417,https://plat.dianping.com/app/femember-musteat-web/musteat-rank?cityid=94&notitlebar=1&ranktype=3,https://www.dianping.com/shop/691405417/photos/album,https://plat.dianping.com/app/femember-musteat-web/musteat-rank?cityid=94&notitlebar=1&ranktype=3
江苏省,南通市,崇川区,早海鱼市（星湖城市广场店）,江苏省南通市崇川区怡达路星湖城市广场2号楼,4.5,110,早海花雕鸡,省市区及街道已获取,已获取,榜单行政区/商圈归属,1099028804,https://plat.dianping.com/app/femember-musteat-web/musteat-rank?cityid=94&notitlebar=1&ranktype=3,https://www.dianping.com/shop/1099028804/photos/album,https://plat.dianping.com/app/femember-musteat-web/musteat-rank?cityid=94&notitlebar=1&ranktype=3
江苏省,南通市,崇川区,戚记·老朋友鲜肉烧烤（红星路店）,江苏省南通市崇川区红星路春晖花园67幢112室,4.6,83,五花肉,省市区及街道已获取,已获取,榜单行政区/商圈归属,43710111,https://plat.dianping.com/app/femember-musteat-web/musteat-rank?cityid=94&notitlebar=1&ranktype=3,https://www.dianping.com/shop/43710111/photos/album,https://plat.dianping.com/app/femember-musteat-web/musteat-rank?cityid=94&notitlebar=1&ranktype=3
江苏省,南通市,崇川区,Napoli西餐厅（大生店）,江苏省南通市崇川区通启路8号大生二期365文创园2号楼,4.7,174,澳洲和牛m5西冷牛排,省市区及街道已获取,已获取,榜单行政区/商圈归属,1183612078,https://plat.dianping.com/app/femember-musteat-web/musteat-rank?cityid=94&notitlebar=1&ranktype=3,https://www.dianping.com/shop/1183612078/photos/album,https://plat.dianping.com/app/femember-musteat-web/musteat-rank?cityid=94&notitlebar=1&ranktype=3
江苏省,南通市,如皋市,将军楼炭火烤肉（如皋店）,江苏省南通市如皋市学宫路17号,4.8,99,精品五花肉,省市区及街道已获取,已获取,同店铺ID出现在榜单县级城市入口,24321183,https://plat.dianping.com/app/femember-musteat-web/musteat-rank?cityid=94&notitlebar=1&ranktype=3,https://www.dianping.com/shop/24321183/photos/album,https://plat.dianping.com/app/femember-musteat-web/musteat-rank?cityid=860&notitlebar=1&ranktype=3
江苏省,南通市,如皋市,续海棠 鱼鲜•家宴,江苏省南通市如皋市益寿1路1号宝利广场L1-1007,4.8,95,勾魂千岛大鱼头,省市区及街道已获取,已获取,榜单行政区/商圈归属,130677812,https://plat.dianping.com/app/femember-musteat-web/musteat-rank?cityid=94&notitlebar=1&ranktype=3,https://www.dianping.com/shop/130677812/photos/album,https://plat.dianping.com/app/femember-musteat-web/musteat-rank?cityid=94&notitlebar=1&ranktype=3
江苏省,南通市,崇川区,云水早茶,江苏省南通市崇川区濠东路1号,4.2,36,小黄鱼鱼汤面,省市区及街道已获取,已获取,榜单行政区/商圈归属,1749518298,https://plat.dianping.com/app/femember-musteat-web/musteat-rank?cityid=94&notitlebar=1&ranktype=3,https://www.dianping.com/shop/1749518298/photos/album,https://plat.dianping.com/app/femember-musteat-web/musteat-rank?cityid=94&notitlebar=1&ranktype=3
江苏省,南通市,崇川区,六桥外  南通菜,江苏省南通市崇川区工农南路100号星光耀1号楼1-2层,4.6,176,天下第一鲜壳王,省市区及街道已获取,已获取,榜单行政区/商圈归属,549833689,https://plat.dianping.com/app/femember-musteat-web/musteat-rank?cityid=94&notitlebar=1&ranktype=3,https://www.dianping.com/shop/549833689/photos/album,https://plat.dianping.com/app/femember-musteat-web/musteat-rank?cityid=94&notitlebar=1&ranktype=3
江苏省,南通市,崇川区,毛山冲私房菜（陆洪小镇店）,江苏省南通市崇川区陆洪小镇2号楼2-5区,4.8,117,藤椒猪肝,省市区及街道已获取,已获取,榜单行政区/商圈归属,99602817,https://plat.dianping.com/app/femember-musteat-web/musteat-rank?cityid=94&notitlebar=1&ranktype=3,https://www.dianping.com/shop/99602817/photos/album,https://plat.dianping.com/app/femember-musteat-web/musteat-rank?cityid=94&notitlebar=1&ranktype=3
江苏省,南通市,启东市,星海岸海鲜餐厅（恒大海上威尼斯店）,江苏省南通市启东市堤顶公路恒大威尼斯酒吧街2号（恒大维尼斯健康中心斜对面）,4.8,115,酱爆八抓鱼,省市区及街道已获取,已获取,同店铺ID出现在榜单县级城市入口,92570223,https://plat.dianping.com/app/femember-musteat-web/musteat-rank?cityid=94&notitlebar=1&ranktype=3,https://www.dianping.com/shop/92570223/photos/album,https://plat.dianping.com/app/femember-musteat-web/musteat-rank?cityid=858&notitlebar=1&ranktype=3
江苏省,南通市,启东市,杨府海鲜餐厅（江枫路店）,江苏省南通市启东市江枫路104-1号,4.8,98,红烧吕四带鱼,省市区及街道已获取,已获取,同店铺ID出现在榜单县级城市入口,90548199,https://plat.dianping.com/app/femember-musteat-web/musteat-rank?cityid=94&notitlebar=1&ranktype=3,https://www.dianping.com/shop/90548199/photos/album,https://plat.dianping.com/app/femember-musteat-web/musteat-rank?cityid=858&notitlebar=1&ranktype=3
江苏省,南通市,崇川区,阿达师傅鱼汤面,江苏省南通市崇川区孩儿巷北路23号,4.3,27,虾籽拌面,省市区及街道已获取,已获取,榜单行政区/商圈归属,50659370,https://plat.dianping.com/app/femember-musteat-web/musteat-rank?cityid=94&notitlebar=1&ranktype=3,https://www.dianping.com/shop/50659370/photos/album,https://plat.dianping.com/app/femember-musteat-web/musteat-rank?cityid=94&notitlebar=1&ranktype=3
江苏省,南通市,崇川区,好莱屋羊肉馆（南川园小区店）,江苏省南通市崇川区南川园附79幢101室,4.7,94,招牌碳烤羊排,省市区及街道已获取,已获取,榜单行政区/商圈归属,1160479650,https://plat.dianping.com/app/femember-musteat-web/musteat-rank?cityid=94&notitlebar=1&ranktype=3,https://www.dianping.com/shop/1160479650/photos/album,https://plat.dianping.com/app/femember-musteat-web/musteat-rank?cityid=94&notitlebar=1&ranktype=3
江苏省,南通市,崇川区,阿伟骨汤酸菜鱼·新鲜活鱼·手工薄切（七彩城店）,江苏省南通市崇川区任港路66号（物资大厦楼下）,4.2,73,阿伟骨汤酸菜鱼,省市区及街道已获取,已获取,榜单行政区/商圈归属,132035842,https://plat.dianping.com/app/femember-musteat-web/musteat-rank?cityid=94&notitlebar=1&ranktype=3,https://www.dianping.com/shop/132035842/photos/album,https://plat.dianping.com/app/femember-musteat-web/musteat-rank?cityid=94&notitlebar=1&ranktype=3
江苏省,南通市,崇川区,福湘里（青年路店）,江苏省南通市崇川区青年西路60号,4.4,78,小炒黄牛肉,省市区及街道已获取,已获取,榜单行政区/商圈归属,1968030794,https://plat.dianping.com/app/femember-musteat-web/musteat-rank?cityid=94&notitlebar=1&ranktype=3,https://www.dianping.com/shop/1968030794/photos/album,https://plat.dianping.com/app/femember-musteat-web/musteat-rank?cityid=94&notitlebar=1&ranktype=3
江苏省,南通市,崇川区,品尚豆捞（工农路店）,江苏省南通市崇川区工农路111号,4.7,104,品尚鲜虾丸,省市区及街道已获取,已获取,榜单行政区/商圈归属,2282848,https://plat.dianping.com/app/femember-musteat-web/musteat-rank?cityid=94&notitlebar=1&ranktype=3,https://www.dianping.com/shop/2282848/photos/album,https://plat.dianping.com/app/femember-musteat-web/musteat-rank?cityid=94&notitlebar=1&ranktype=3
江苏省,南通市,崇川区,忘不了龙虾（虹桥路旗舰店）,江苏省南通市崇川区虹桥路虹东花苑1号楼,4.8,131,爆汁龙虾,省市区及街道已获取,已获取,榜单行政区/商圈归属,1921497830,https://plat.dianping.com/app/femember-musteat-web/musteat-rank?cityid=94&notitlebar=1&ranktype=3,https://www.dianping.com/shop/1921497830/photos/album,https://plat.dianping.com/app/femember-musteat-web/musteat-rank?cityid=94&notitlebar=1&ranktype=3
江苏省,南通市,崇川区,大岛日本料理铁板烧（南通大饭店）,江苏省南通市崇川区青年中路南通大饭店二楼,4.8,158,铁板牛舌,省市区及街道已获取,已获取,榜单行政区/商圈归属,76951117,https://plat.dianping.com/app/femember-musteat-web/musteat-rank?cityid=94&notitlebar=1&ranktype=3,https://www.dianping.com/shop/76951117/photos/album,https://plat.dianping.com/app/femember-musteat-web/musteat-rank?cityid=94&notitlebar=1&ranktype=3
江苏省,连云港市,海州区,臻鲜·蒸海鲜·海鲜火锅（朝阳中路店）,江苏省连云港市海州区朝阳中路170-103号（近中医院，祥源大厦向西100米）,4.7,121,活对虾,省市区及街道已获取,已获取,榜单行政区/商圈归属,1541612744,https://plat.dianping.com/app/femember-musteat-web/musteat-rank?cityid=95&notitlebar=1&ranktype=3,https://www.dianping.com/shop/1541612744/photos/album,https://plat.dianping.com/app/femember-musteat-web/musteat-rank?cityid=95&notitlebar=1&ranktype=3
江苏省,连云港市,海州区,河南前程·羊肉汤·烧烤（总店）,江苏省连云港市海州区解放东路石材市场西门正对面（国际商城洁具市场旁）,4.7,60,羊肉汤,省市区及街道已获取,已获取,榜单行政区/商圈归属,23507603,https://plat.dianping.com/app/femember-musteat-web/musteat-rank?cityid=95&notitlebar=1&ranktype=3,https://www.dianping.com/shop/23507603/photos/album,https://plat.dianping.com/app/femember-musteat-web/musteat-rank?cityid=95&notitlebar=1&ranktype=3
江苏省,连云港市,海州区,世纪饭店·连云港菜（二十四年店）,江苏省连云港市海州区陇海西路2-59号,4.6,78,龙仁白玉,省市区及街道已获取,已获取,榜单行政区/商圈归属,24320354,https://plat.dianping.com/app/femember-musteat-web/musteat-rank?cityid=95&notitlebar=1&ranktype=3,https://www.dianping.com/shop/24320354/photos/album,https://plat.dianping.com/app/femember-musteat-web/musteat-rank?cityid=95&notitlebar=1&ranktype=3
江苏省,连云港市,海州区,正兵饭店•老板从事厨师40年（新海花园店）,江苏省连云港市海州区陇海西路新海花园c7-9号,4.7,89,热炝八爪鱼,省市区及街道已获取,已获取,榜单行政区/商圈归属,69047423,https://plat.dianping.com/app/femember-musteat-web/musteat-rank?cityid=95&notitlebar=1&ranktype=3,https://www.dianping.com/shop/69047423/photos/album,https://plat.dianping.com/app/femember-musteat-web/musteat-rank?cityid=95&notitlebar=1&ranktype=3
江苏省,连云港市,连云区,军民海鲜楼,江苏省连云港市连云区海棠中路39号墟沟海鲜美食城2层10号（海鲜农贸市场院内）,4.4,121,凉拌八爪鱼,省市区及街道已获取,已获取,榜单行政区/商圈归属,1945753,https://plat.dianping.com/app/femember-musteat-web/musteat-rank?cityid=95&notitlebar=1&ranktype=3,https://www.dianping.com/shop/1945753/photos/album,https://plat.dianping.com/app/femember-musteat-web/musteat-rank?cityid=95&notitlebar=1&ranktype=3
江苏省,连云港市,海州区,红双喜海鲜·连云港本地菜（海昌北路店）,江苏省连云港市海州区海昌北路21号,4.7,72,酥米狮子头,省市区及街道已获取,已获取,榜单行政区/商圈归属,58576951,https://plat.dianping.com/app/femember-musteat-web/musteat-rank?cityid=95&notitlebar=1&ranktype=3,https://www.dianping.com/shop/58576951/photos/album,https://plat.dianping.com/app/femember-musteat-web/musteat-rank?cityid=95&notitlebar=1&ranktype=3
江苏省,淮安市,清江浦区,淮杨孟氏龙虾·淮扬菜,江苏省淮安市清江浦区淮海街道清江电机路41号,4.5,106,蒜泥龙虾,省市区及街道已获取,已获取,榜单行政区/商圈归属,23586141,https://plat.dianping.com/app/femember-musteat-web/musteat-rank?cityid=96&notitlebar=1&ranktype=3,https://www.dianping.com/shop/23586141/photos/album,https://plat.dianping.com/app/femember-musteat-web/musteat-rank?cityid=96&notitlebar=1&ranktype=3
江苏省,淮安市,淮安区,陈五蟹黄汤包,江苏省淮安市淮安区胯下东街78号,4.1,52,蟹黄汤包,省市区及街道已获取,已获取,榜单行政区/商圈归属,79586087,https://plat.dianping.com/app/femember-musteat-web/musteat-rank?cityid=96&notitlebar=1&ranktype=3,https://www.dianping.com/shop/79586087/photos/album,https://plat.dianping.com/app/femember-musteat-web/musteat-rank?cityid=96&notitlebar=1&ranktype=3
江苏省,淮安市,淮安区,淮安宾馆-餐厅（河下古镇店）,江苏省淮安市淮安区友谊路2号淮安宾馆,4.2,92,软兜长鱼,省市区及街道已获取,已获取,榜单行政区/商圈归属,58582869,https://plat.dianping.com/app/femember-musteat-web/musteat-rank?cityid=96&notitlebar=1&ranktype=3,https://www.dianping.com/shop/58582869/photos/album,https://plat.dianping.com/app/femember-musteat-web/musteat-rank?cityid=96&notitlebar=1&ranktype=3
江苏省,淮安市,清江浦区,南涟淮安菜（工农路店）,江苏省淮安市清江浦区工农路南首8号,4.6,84,平桥豆腐,省市区及街道已获取,已获取,榜单行政区/商圈归属,58259761,https://plat.dianping.com/app/femember-musteat-web/musteat-rank?cityid=96&notitlebar=1&ranktype=3,https://www.dianping.com/shop/58259761/photos/album,https://plat.dianping.com/app/femember-musteat-web/musteat-rank?cityid=96&notitlebar=1&ranktype=3
江苏省,淮安市,清江浦区,风云面馆（珠海路店）,江苏省淮安市清江浦区小康城珠海路25号（钵池山南门对面）,4.3,36,长鱼面,省市区及街道已获取,已获取,榜单行政区/商圈归属,67950588,https://plat.dianping.com/app/femember-musteat-web/musteat-rank?cityid=96&notitlebar=1&ranktype=3,https://www.dianping.com/shop/67950588/photos/album,https://plat.dianping.com/app/femember-musteat-web/musteat-rank?cityid=96&notitlebar=1&ranktype=3
江苏省,淮安市,清江浦区,芳芳私房菜·精做淮扬菜（承德路店）,江苏省淮安市清江浦区长东街道承德北路99-1号(丹桂苑对面),4.7,98,平桥豆腐,省市区及街道已获取,已获取,榜单行政区/商圈归属,4051885,https://plat.dianping.com/app/femember-musteat-web/musteat-rank?cityid=96&notitlebar=1&ranktype=3,https://www.dianping.com/shop/4051885/photos/album,https://plat.dianping.com/app/femember-musteat-web/musteat-rank?cityid=96&notitlebar=1&ranktype=3
江苏省,淮安市,清江浦区,驸马巷淮扬菜（钵池山公园店）,江苏省淮安市清江浦区常州路10号,4.5,76,平桥豆腐,省市区及街道已获取,已获取,榜单行政区/商圈归属,1992035013,https://plat.dianping.com/app/femember-musteat-web/musteat-rank?cityid=96&notitlebar=1&ranktype=3,https://www.dianping.com/shop/1992035013/photos/album,https://plat.dianping.com/app/femember-musteat-web/musteat-rank?cityid=96&notitlebar=1&ranktype=3
江苏省,淮安市,清江浦区,淮安宴·淮扬菜（清河路店）,江苏省淮安市清江浦区清河路16号（繁荣小学北）,4.4,83,软兜长鱼,省市区及街道已获取,已获取,榜单行政区/商圈归属,69726778,https://plat.dianping.com/app/femember-musteat-web/musteat-rank?cityid=96&notitlebar=1&ranktype=3,https://www.dianping.com/shop/69726778/photos/album,https://plat.dianping.com/app/femember-musteat-web/musteat-rank?cityid=96&notitlebar=1&ranktype=3
江苏省,淮安市,淮安区,老淮城·长鱼面（河下古镇店）,江苏省淮安市淮安区北门大街599号,4.5,46,非遗软兜长鱼面,省市区及街道已获取,已获取,榜单行政区/商圈归属,1253820609,https://plat.dianping.com/app/femember-musteat-web/musteat-rank?cityid=96&notitlebar=1&ranktype=3,https://www.dianping.com/shop/1253820609/photos/album,https://plat.dianping.com/app/femember-musteat-web/musteat-rank?cityid=96&notitlebar=1&ranktype=3
江苏省,盐城市,东台市,雪琴面馆富安特色鱼汤面（城中花园店）,江苏省盐城市东台市北海路4号城中花园24幢118号商铺,4.4,23,鱼汤面,省市区及街道已获取,已获取,榜单行政区/商圈归属,98132371,https://plat.dianping.com/app/femember-musteat-web/musteat-rank?cityid=97&notitlebar=1&ranktype=3,https://www.dianping.com/shop/98132371/photos/album,https://plat.dianping.com/app/femember-musteat-web/musteat-rank?cityid=97&notitlebar=1&ranktype=3
江苏省,盐城市,盐都区,牧语记·冰煮羊火锅（中南店）,江苏省盐城市盐都区中南城一期（珺城）南门旁,4.9,89,苏尼特羔羊肉,省市区及街道已获取,已获取,榜单行政区/商圈归属,874189479,https://plat.dianping.com/app/femember-musteat-web/musteat-rank?cityid=97&notitlebar=1&ranktype=3,https://www.dianping.com/shop/874189479/photos/album,https://plat.dianping.com/app/femember-musteat-web/musteat-rank?cityid=97&notitlebar=1&ranktype=3
江苏省,盐城市,亭湖区,千穗·居食屋（旭日路店）,江苏省盐城市亭湖区旭日路2号4幢,4.6,107,千穗豆腐,省市区及街道已获取,已获取,榜单行政区/商圈归属,22892989,https://plat.dianping.com/app/femember-musteat-web/musteat-rank?cityid=97&notitlebar=1&ranktype=3,https://www.dianping.com/shop/22892989/photos/album,https://plat.dianping.com/app/femember-musteat-web/musteat-rank?cityid=97&notitlebar=1&ranktype=3
江苏省,盐城市,亭湖区,老盐城·盐城菜（文泽府邸店）,江苏省盐城市亭湖区黄海路集云文泽府邸22号楼102室,4.5,76,鱼头泡饭,省市区及街道已获取,已获取,榜单行政区/商圈归属,557980453,https://plat.dianping.com/app/femember-musteat-web/musteat-rank?cityid=97&notitlebar=1&ranktype=3,https://www.dianping.com/shop/557980453/photos/album,https://plat.dianping.com/app/femember-musteat-web/musteat-rank?cityid=97&notitlebar=1&ranktype=3
江苏省,盐城市,亭湖区,飞球·铜锅涮肉·龙虾烧烤（沿河路店）,江苏省盐城市亭湖区文峰街道沿河中路3号(近解放桥),4.7,101,高钙羊肉,省市区及街道已获取,已获取,榜单行政区/商圈归属,5258054,https://plat.dianping.com/app/femember-musteat-web/musteat-rank?cityid=97&notitlebar=1&ranktype=3,https://www.dianping.com/shop/5258054/photos/album,https://plat.dianping.com/app/femember-musteat-web/musteat-rank?cityid=97&notitlebar=1&ranktype=3
江苏省,盐城市,亭湖区,管厨鱼头泡饭（南一小店）,江苏省盐城市亭湖区黄海街道希望路和紫金路交叉口东南角(南一小斜对面),4.6,72,鱼头泡饭,省市区及街道已获取,已获取,榜单行政区/商圈归属,21790013,https://plat.dianping.com/app/femember-musteat-web/musteat-rank?cityid=97&notitlebar=1&ranktype=3,https://www.dianping.com/shop/21790013/photos/album,https://plat.dianping.com/app/femember-musteat-web/musteat-rank?cityid=97&notitlebar=1&ranktype=3
江苏省,盐城市,盐都区,山芋腔苏北菜（盐城新弄里店）,江苏省盐城市盐都区戴庄路新弄里12号楼1楼105（戴庄路与海潮路交叉口彩虹桥下车库停车）,4.7,70,滨海猪头肉,省市区及街道已获取,已获取,榜单行政区/商圈归属,1176071988,https://plat.dianping.com/app/femember-musteat-web/musteat-rank?cityid=97&notitlebar=1&ranktype=3,https://www.dianping.com/shop/1176071988/photos/album,https://plat.dianping.com/app/femember-musteat-web/musteat-rank?cityid=97&notitlebar=1&ranktype=3
江苏省,盐城市,盐都区,明泽观止（凤凰汇店）,江苏省盐城市盐都区凤凰汇商业街区20−147,4.7,143,和牛肋条,省市区及街道已获取,已获取,榜单行政区/商圈归属,1492640646,https://plat.dianping.com/app/femember-musteat-web/musteat-rank?cityid=97&notitlebar=1&ranktype=3,https://www.dianping.com/shop/1492640646/photos/album,https://plat.dianping.com/app/femember-musteat-web/musteat-rank?cityid=97&notitlebar=1&ranktype=3
江苏省,盐城市,盐都区,吉成阁烧烤串（新园路店）,江苏省盐城市盐都区五星街道经济开发区新园路锦绣天地园4号,4.6,88,内蒙羊排肉串,省市区及街道已获取,已获取,榜单行政区/商圈归属,44168895,https://plat.dianping.com/app/femember-musteat-web/musteat-rank?cityid=97&notitlebar=1&ranktype=3,https://www.dianping.com/shop/44168895/photos/album,https://plat.dianping.com/app/femember-musteat-web/musteat-rank?cityid=97&notitlebar=1&ranktype=3
江苏省,盐城市,盐都区,苏韵淮扬楼（开元路店）,江苏省盐城市盐都区开元路碧池旁边,4.3,56,鱼汤面,省市区及街道已获取,已获取,榜单行政区/商圈归属,90333590,https://plat.dianping.com/app/femember-musteat-web/musteat-rank?cityid=97&notitlebar=1&ranktype=3,https://www.dianping.com/shop/90333590/photos/album,https://plat.dianping.com/app/femember-musteat-web/musteat-rank?cityid=97&notitlebar=1&ranktype=3
江苏省,镇江市,润州区,书香酒店·苏味馆（镇江店）,江苏省镇江市润州区冠城路8号工人大厦8楼（近体育会展中心）,4.7,97,松鼠鳜鱼,省市区及街道已获取,已获取,榜单行政区/商圈归属,129707069,https://plat.dianping.com/app/femember-musteat-web/musteat-rank?cityid=98&notitlebar=1&ranktype=3,https://www.dianping.com/shop/129707069/photos/album,https://plat.dianping.com/app/femember-musteat-web/musteat-rank?cityid=98&notitlebar=1&ranktype=3
江苏省,镇江市,京口区,大龙面馆,江苏省镇江市京口区宋官营34-7号（八佰伴停车场入口对面）,4.1,25,镇江肴肉面,省市区及街道已获取,已获取,榜单行政区/商圈归属,23239191,https://plat.dianping.com/app/femember-musteat-web/musteat-rank?cityid=98&notitlebar=1&ranktype=3,https://www.dianping.com/shop/23239191/photos/album,https://plat.dianping.com/app/femember-musteat-web/musteat-rank?cityid=98&notitlebar=1&ranktype=3
江苏省,镇江市,京口区,飞泉·镇江早茶（总店）,江苏省镇江市京口区正东路12-1（沈括故居前100米）,4.2,38,飞泉金奖汤包,省市区及街道已获取,已获取,榜单行政区/商圈归属,66765548,https://plat.dianping.com/app/femember-musteat-web/musteat-rank?cityid=98&notitlebar=1&ranktype=3,https://www.dianping.com/shop/66765548/photos/album,https://plat.dianping.com/app/femember-musteat-web/musteat-rank?cityid=98&notitlebar=1&ranktype=3
江苏省,镇江市,润州区,静悦轩·江南小菜（国控大厦店）,江苏省镇江市润州区南山路61号,4.7,107,砂锅鮰鱼捞饭,省市区及街道已获取,已获取,榜单行政区/商圈归属,98214326,https://plat.dianping.com/app/femember-musteat-web/musteat-rank?cityid=98&notitlebar=1&ranktype=3,https://www.dianping.com/shop/98214326/photos/album,https://plat.dianping.com/app/femember-musteat-web/musteat-rank?cityid=98&notitlebar=1&ranktype=3
江苏省,镇江市,润州区,五块地意大利餐厅,江苏省镇江市润州区金山街道西津渡利商街13号,4.4,120,香肠野菌黑松露披萨,省市区及街道已获取,已获取,榜单行政区/商圈归属,1140812407,https://plat.dianping.com/app/femember-musteat-web/musteat-rank?cityid=98&notitlebar=1&ranktype=3,https://www.dianping.com/shop/1140812407/photos/album,https://plat.dianping.com/app/femember-musteat-web/musteat-rank?cityid=98&notitlebar=1&ranktype=3
江苏省,镇江市,润州区,镇南锅盖面馆（解放路店）,江苏省镇江市润州区解放路自由领地天桥下4-1号商铺,4.4,28,红烧牛肉面,省市区及街道已获取,已获取,榜单行政区/商圈归属,2569084,https://plat.dianping.com/app/femember-musteat-web/musteat-rank?cityid=98&notitlebar=1&ranktype=3,https://www.dianping.com/shop/2569084/photos/album,https://plat.dianping.com/app/femember-musteat-web/musteat-rank?cityid=98&notitlebar=1&ranktype=3
江苏省,镇江市,京口区,老赵面店（大西路店）,江苏省镇江市京口区大西路99-27号,4,24,长鱼腰花面,省市区及街道已获取,已获取,榜单行政区/商圈归属,5263565,https://plat.dianping.com/app/femember-musteat-web/musteat-rank?cityid=98&notitlebar=1&ranktype=3,https://www.dianping.com/shop/5263565/photos/album,https://plat.dianping.com/app/femember-musteat-web/musteat-rank?cityid=98&notitlebar=1&ranktype=3
江苏省,镇江市,京口区,佬土鹅肠火锅（解放路店）,江苏省镇江市京口区解放路128号,4.2,70,冰水牧场鹅肠,省市区及街道已获取,已获取,榜单行政区/商圈归属,2305312,https://plat.dianping.com/app/femember-musteat-web/musteat-rank?cityid=98&notitlebar=1&ranktype=3,https://www.dianping.com/shop/2305312/photos/album,https://plat.dianping.com/app/femember-musteat-web/musteat-rank?cityid=98&notitlebar=1&ranktype=3
江苏省,镇江市,京口区,伙头烧•镇江早茶（大市口店）,江苏省镇江市京口区弥陀寺巷8号（中国邮政储蓄银行西侧）,4.3,41,特金奖蟹黄大汤包,省市区及街道已获取,已获取,榜单行政区/商圈归属,20938228,https://plat.dianping.com/app/femember-musteat-web/musteat-rank?cityid=98&notitlebar=1&ranktype=3,https://www.dianping.com/shop/20938228/photos/album,https://plat.dianping.com/app/femember-musteat-web/musteat-rank?cityid=98&notitlebar=1&ranktype=3
江苏省,镇江市,京口区,快火烤肉·韩食酒馆（大市口店）,江苏省镇江市京口区解放路288号（七欣天香辣蟹火锅隔壁）,4.5,95,山葵五花肉,省市区及街道已获取,已获取,榜单行政区/商圈归属,18310589,https://plat.dianping.com/app/femember-musteat-web/musteat-rank?cityid=98&notitlebar=1&ranktype=3,https://www.dianping.com/shop/18310589/photos/album,https://plat.dianping.com/app/femember-musteat-web/musteat-rank?cityid=98&notitlebar=1&ranktype=3
江苏省,镇江市,润州区,淘淘鸡煲·猪肚鸡（太平路店）,江苏省镇江市润州区太平路99-1号,4.4,64,清远鸡,省市区及街道已获取,已获取,榜单行政区/商圈归属,846936772,https://plat.dianping.com/app/femember-musteat-web/musteat-rank?cityid=98&notitlebar=1&ranktype=3,https://www.dianping.com/shop/846936772/photos/album,https://plat.dianping.com/app/femember-musteat-web/musteat-rank?cityid=98&notitlebar=1&ranktype=3
江苏省,镇江市,京口区,老乡亲（纬五路店）,江苏省镇江市京口区谷阳路96号钻石铭苑2幢Ｓ106、107室,4.6,67,特色鱼头汤,省市区及街道已获取,已获取,榜单行政区/商圈归属,57499669,https://plat.dianping.com/app/femember-musteat-web/musteat-rank?cityid=98&notitlebar=1&ranktype=3,https://www.dianping.com/shop/57499669/photos/album,https://plat.dianping.com/app/femember-musteat-web/musteat-rank?cityid=98&notitlebar=1&ranktype=3
江苏省,镇江市,京口区,永安鱼庄·镇江菜（东吴路店）,江苏省镇江市京口区东吴路85号（近江滨新村）,4.8,97,镇江秧草烧豚鱼,省市区及街道已获取,已获取,榜单行政区/商圈归属,4721002,https://plat.dianping.com/app/femember-musteat-web/musteat-rank?cityid=98&notitlebar=1&ranktype=3,https://www.dianping.com/shop/4721002/photos/album,https://plat.dianping.com/app/femember-musteat-web/musteat-rank?cityid=98&notitlebar=1&ranktype=3
江苏省,镇江市,京口区,小镇江烧烤,江苏省镇江市京口区健康路水陆寺巷10号,4.6,107,羊肉串,省市区及街道已获取,已获取,榜单行政区/商圈归属,615427518,https://plat.dianping.com/app/femember-musteat-web/musteat-rank?cityid=98&notitlebar=1&ranktype=3,https://www.dianping.com/shop/615427518/photos/album,https://plat.dianping.com/app/femember-musteat-web/musteat-rank?cityid=98&notitlebar=1&ranktype=3
江苏省,镇江市,京口区,粤南山·港式点心（大市口店）,江苏省镇江市京口区健康路街道京口解放路27号财富广场8幢1F-108室,4.4,80,豉汁凤爪,省市区及街道已获取,已获取,榜单行政区/商圈归属,521797409,https://plat.dianping.com/app/femember-musteat-web/musteat-rank?cityid=98&notitlebar=1&ranktype=3,https://www.dianping.com/shop/521797409/photos/album,https://plat.dianping.com/app/femember-musteat-web/musteat-rank?cityid=98&notitlebar=1&ranktype=3
江苏省,泰州市,海陵区,亮虾神龙虾·螃蟹·私房菜（海陵路店）,江苏省泰州市海陵区海陵南路513号,4.8,89,虾神网红秘制龙虾,省市区及街道已获取,已获取,榜单行政区/商圈归属,1086566911,https://plat.dianping.com/app/femember-musteat-web/musteat-rank?cityid=99&notitlebar=1&ranktype=3,https://www.dianping.com/shop/1086566911/photos/album,https://plat.dianping.com/app/femember-musteat-web/musteat-rank?cityid=99&notitlebar=1&ranktype=3
江苏省,泰州市,海陵区,原滋原味酒店（江州南路店）,江苏省泰州市海陵区江州南路111号丁山商务酒店旁,4.6,91,茶香排骨,省市区及街道已获取,已获取,榜单行政区/商圈归属,24621897,https://plat.dianping.com/app/femember-musteat-web/musteat-rank?cityid=99&notitlebar=1&ranktype=3,https://www.dianping.com/shop/24621897/photos/album,https://plat.dianping.com/app/femember-musteat-web/musteat-rank?cityid=99&notitlebar=1&ranktype=3
江苏省,泰州市,兴化市,张记宝应长鱼面馆（拥绿园路店）,江苏省泰州市兴化市拥绿园路143号,4.8,33,红烧长鱼盖浇面,省市区及街道已获取,已获取,同店铺ID出现在榜单县级城市入口,1320850126,https://plat.dianping.com/app/femember-musteat-web/musteat-rank?cityid=99&notitlebar=1&ranktype=3,https://www.dianping.com/shop/1320850126/photos/album,https://plat.dianping.com/app/femember-musteat-web/musteat-rank?cityid=856&notitlebar=1&ranktype=3
江苏省,泰州市,海陵区,裕兴酒家·山海农舍,江苏省泰州市海陵区稻河古街区五巷街区工人路103、107、109、111、113号,4.5,186,裕兴松露碳烧骨,省市区及街道已获取,已获取,榜单行政区/商圈归属,1040960491,https://plat.dianping.com/app/femember-musteat-web/musteat-rank?cityid=99&notitlebar=1&ranktype=3,https://www.dianping.com/shop/1040960491/photos/album,https://plat.dianping.com/app/femember-musteat-web/musteat-rank?cityid=99&notitlebar=1&ranktype=3
江苏省,泰州市,海陵区,庄桥馄饨（城隍庙店）,江苏省泰州市海陵区邑庙街中医院西行100米,4.2,15,特色雀头馄饨,省市区及街道已获取,已获取,榜单行政区/商圈归属,58911276,https://plat.dianping.com/app/femember-musteat-web/musteat-rank?cityid=99&notitlebar=1&ranktype=3,https://www.dianping.com/shop/58911276/photos/album,https://plat.dianping.com/app/femember-musteat-web/musteat-rank?cityid=99&notitlebar=1&ranktype=3
江苏省,泰州市,兴化市,板桥蟹面馆,江苏省泰州市兴化市拥绿园路2-5号,4.8,65,至尊蟹黄面,省市区及街道已获取,已获取,同店铺ID出现在榜单县级城市入口,1169948009,https://plat.dianping.com/app/femember-musteat-web/musteat-rank?cityid=99&notitlebar=1&ranktype=3,https://www.dianping.com/shop/1169948009/photos/album,https://plat.dianping.com/app/femember-musteat-web/musteat-rank?cityid=856&notitlebar=1&ranktype=3
江苏省,泰州市,海陵区,刘氏特色老鹅汤（文鑫苑店）,江苏省泰州市海陵区税务桥东街鼓楼小学斜对面向东30米,4.8,60,特色老鹅汤,省市区及街道已获取,已获取,榜单行政区/商圈归属,45511106,https://plat.dianping.com/app/femember-musteat-web/musteat-rank?cityid=99&notitlebar=1&ranktype=3,https://www.dianping.com/shop/45511106/photos/album,https://plat.dianping.com/app/femember-musteat-web/musteat-rank?cityid=99&notitlebar=1&ranktype=3
江苏省,泰州市,海陵区,会宾楼·泰州早茶·老字号（鼓楼店）,"江苏省泰州市海陵区鼓楼北路15号（距城隍庙300米,距乔园900米,近桃园、梅园）",4.3,65,大蒜拌干丝,省市区及街道已获取,已获取,榜单行政区/商圈归属,2529247,https://plat.dianping.com/app/femember-musteat-web/musteat-rank?cityid=99&notitlebar=1&ranktype=3,https://www.dianping.com/shop/2529247/photos/album,https://plat.dianping.com/app/femember-musteat-web/musteat-rank?cityid=99&notitlebar=1&ranktype=3
江苏省,泰州市,海陵区,老海陵·泰州菜·泰州早茶（三水湾凤城河店）,江苏省泰州市海陵区静安路三水湾D幢（泰州金座酒吧斜对面）,4.6,93,溱湖八鲜,省市区及街道已获取,已获取,榜单行政区/商圈归属,77411018,https://plat.dianping.com/app/femember-musteat-web/musteat-rank?cityid=99&notitlebar=1&ranktype=3,https://www.dianping.com/shop/77411018/photos/album,https://plat.dianping.com/app/femember-musteat-web/musteat-rank?cityid=99&notitlebar=1&ranktype=3
江苏省,泰州市,海陵区,丰德园·泰州早茶,江苏省泰州市海陵区迎春西路1号,4.5,45,蟹黄包子,省市区及街道已获取,已获取,榜单行政区/商圈归属,1477137799,https://plat.dianping.com/app/femember-musteat-web/musteat-rank?cityid=99&notitlebar=1&ranktype=3,https://www.dianping.com/shop/1477137799/photos/album,https://plat.dianping.com/app/femember-musteat-web/musteat-rank?cityid=99&notitlebar=1&ranktype=3
江苏省,泰州市,海陵区,郭二早茶,江苏省泰州市海陵区城中街道蒲田路10号(松山少林开锁旁边),4.3,35,蟹黄包,省市区及街道已获取,已获取,榜单行政区/商圈归属,112678787,https://plat.dianping.com/app/femember-musteat-web/musteat-rank?cityid=99&notitlebar=1&ranktype=3,https://www.dianping.com/shop/112678787/photos/album,https://plat.dianping.com/app/femember-musteat-web/musteat-rank?cityid=99&notitlebar=1&ranktype=3
江苏省,宿迁市,宿豫区,羊天下市井羊肉馆（宿豫店）,江苏省宿迁市宿豫区九龙江路B11-102号,4.3,72,特色辣饼,省市区及街道已获取,已获取,榜单行政区/商圈归属,1835415647,https://plat.dianping.com/app/femember-musteat-web/musteat-rank?cityid=100&notitlebar=1&ranktype=3,https://www.dianping.com/shop/1835415647/photos/album,https://plat.dianping.com/app/femember-musteat-web/musteat-rank?cityid=100&notitlebar=1&ranktype=3
江苏省,宿迁市,宿城区,红芙蓉火锅城（香港城店）,江苏省宿迁市宿城区市府东路90号香港城a区2楼,4.6,78,脆皮肠,省市区及街道已获取,已获取,榜单行政区/商圈归属,4038409,https://plat.dianping.com/app/femember-musteat-web/musteat-rank?cityid=100&notitlebar=1&ranktype=3,https://www.dianping.com/shop/4038409/photos/album,https://plat.dianping.com/app/femember-musteat-web/musteat-rank?cityid=100&notitlebar=1&ranktype=3
江苏省,宿迁市,宿城区,骆记龙虾碳锅烧烤（金陵名府店）,江苏省宿迁市宿城区洞庭湖路71号金陵名府北门往西五十米,4.9,108,十三香龙虾精品龙虾,省市区及街道已获取,已获取,榜单行政区/商圈归属,1525560632,https://plat.dianping.com/app/femember-musteat-web/musteat-rank?cityid=100&notitlebar=1&ranktype=3,https://www.dianping.com/shop/1525560632/photos/album,https://plat.dianping.com/app/femember-musteat-web/musteat-rank?cityid=100&notitlebar=1&ranktype=3
江苏省,宿迁市,宿豫区,杨家味,江苏省宿迁市宿豫区珠江路114号景尚佳园,4.6,67,纯手工豆腐卷,省市区及街道已获取,已获取,榜单行政区/商圈归属,123997883,https://plat.dianping.com/app/femember-musteat-web/musteat-rank?cityid=100&notitlebar=1&ranktype=3,https://www.dianping.com/shop/123997883/photos/album,https://plat.dianping.com/app/femember-musteat-web/musteat-rank?cityid=100&notitlebar=1&ranktype=3
江苏省,宿迁市,宿城区,徐老头娃娃鱼（金鹰店）,江苏省宿迁市宿城区金鹰天地广场C区C02-104号,4.1,13,擀面皮,省市区及街道已获取,已获取,榜单行政区/商圈归属,21555243,https://plat.dianping.com/app/femember-musteat-web/musteat-rank?cityid=100&notitlebar=1&ranktype=3,https://www.dianping.com/shop/21555243/photos/album,https://plat.dianping.com/app/femember-musteat-web/musteat-rank?cityid=100&notitlebar=1&ranktype=3
江苏省,宿迁市,宿城区,农夫小毛驴酒家,江苏省宿迁市宿城区经济开发区黄河街道汕头路香格里拉花园37栋1-2楼9号商铺,4.7,79,首创脆皮鸭松,省市区及街道已获取,已获取,榜单行政区/商圈归属,40756355,https://plat.dianping.com/app/femember-musteat-web/musteat-rank?cityid=100&notitlebar=1&ranktype=3,https://www.dianping.com/shop/40756355/photos/album,https://plat.dianping.com/app/femember-musteat-web/musteat-rank?cityid=100&notitlebar=1&ranktype=3
江苏省,宿迁市,宿城区,川江鱼馆（建业路店）,江苏省宿迁市宿城区明珠新城南铺117号,4.8,68,软兜干丝,省市区及街道已获取,已获取,榜单行政区/商圈归属,130762604,https://plat.dianping.com/app/femember-musteat-web/musteat-rank?cityid=100&notitlebar=1&ranktype=3,https://www.dianping.com/shop/130762604/photos/album,https://plat.dianping.com/app/femember-musteat-web/musteat-rank?cityid=100&notitlebar=1&ranktype=3
江苏省,宿迁市,宿城区,项家庄（项王故里店）,江苏省宿迁市宿城区项王路与黄河南路交叉口东南角项王故里12号楼,4.2,79,清蒸海鲈鱼,省市区及街道已获取,已获取,榜单行政区/商圈归属,43671957,https://plat.dianping.com/app/femember-musteat-web/musteat-rank?cityid=100&notitlebar=1&ranktype=3,https://www.dianping.com/shop/43671957/photos/album,https://plat.dianping.com/app/femember-musteat-web/musteat-rank?cityid=100&notitlebar=1&ranktype=3
浙江省,温州市,瑞安市,打酱友•斑鱼海鲜粥火锅（瑞安安阳店）,浙江省温州市瑞安市安阳街道罗阳大道665号新一天酒店边上,4.8,95,打酱友手切斑鱼片,省市区及街道已获取,已获取,同店铺ID出现在榜单县级城市入口,112222993,https://plat.dianping.com/app/femember-musteat-web/musteat-rank?cityid=101&notitlebar=1&ranktype=3,https://www.dianping.com/shop/112222993/photos/album,https://plat.dianping.com/app/femember-musteat-web/musteat-rank?cityid=904&notitlebar=1&ranktype=3
浙江省,温州市,乐清市,密斯金韩餐（时代店）,浙江省温州市乐清市城南街道清远路235号,4.2,59,饭团,省市区及街道已获取,已获取,同店铺ID出现在榜单县级城市入口,66567539,https://plat.dianping.com/app/femember-musteat-web/musteat-rank?cityid=101&notitlebar=1&ranktype=3,https://www.dianping.com/shop/66567539/photos/album,https://plat.dianping.com/app/femember-musteat-web/musteat-rank?cityid=905&notitlebar=1&ranktype=3
浙江省,温州市,鹿城区,九又二分一寿喜烧（东浦二店）,浙江省温州市鹿城区锦绣路东浦小村2-103,4.9,131,脆鹅肝手握,省市区及街道已获取,已获取,榜单行政区/商圈归属,636075107,https://plat.dianping.com/app/femember-musteat-web/musteat-rank?cityid=101&notitlebar=1&ranktype=3,https://www.dianping.com/shop/636075107/photos/album,https://plat.dianping.com/app/femember-musteat-web/musteat-rank?cityid=101&notitlebar=1&ranktype=3
浙江省,温州市,鹿城区,守英猪脏粉（仓桥街店）,浙江省温州市鹿城区仓桥街199号,4.2,24,猪脏粉,省市区及街道已获取,已获取,榜单行政区/商圈归属,5580304,https://plat.dianping.com/app/femember-musteat-web/musteat-rank?cityid=101&notitlebar=1&ranktype=3,https://www.dianping.com/shop/5580304/photos/album,https://plat.dianping.com/app/femember-musteat-web/musteat-rank?cityid=101&notitlebar=1&ranktype=3
浙江省,温州市,瑞安市,天长牛肉火锅,浙江省温州市瑞安市岩松线西100米,4.5,83,精品牛肉,省市区及街道已获取,已获取,榜单行政区/商圈归属,93633453,https://plat.dianping.com/app/femember-musteat-web/musteat-rank?cityid=101&notitlebar=1&ranktype=3,https://www.dianping.com/shop/93633453/photos/album,https://plat.dianping.com/app/femember-musteat-web/musteat-rank?cityid=101&notitlebar=1&ranktype=3
浙江省,温州市,鹿城区,酷特牛扒（莲花大厦店）,浙江省温州市鹿城区马鞍池东路莲花大厦B栋一楼面临马鞍池东路011室,4.8,170,黑松露蘑菇汤,省市区及街道已获取,已获取,榜单行政区/商圈归属,91618715,https://plat.dianping.com/app/femember-musteat-web/musteat-rank?cityid=101&notitlebar=1&ranktype=3,https://www.dianping.com/shop/91618715/photos/album,https://plat.dianping.com/app/femember-musteat-web/musteat-rank?cityid=101&notitlebar=1&ranktype=3
浙江省,温州市,乐清市,阿壮佬·小菜园（乐成店）,浙江省温州市乐清市宁康西路219号蓝天文化园2楼,4.7,114,梅干菜油爆虾,省市区及街道已获取,已获取,同店铺ID出现在榜单县级城市入口,1113389331,https://plat.dianping.com/app/femember-musteat-web/musteat-rank?cityid=101&notitlebar=1&ranktype=3,https://www.dianping.com/shop/1113389331/photos/album,https://plat.dianping.com/app/femember-musteat-web/musteat-rank?cityid=905&notitlebar=1&ranktype=3
浙江省,温州市,鹿城区,锦泓老字号猪脏粉（东联大厦店）,浙江省温州市鹿城区人民东路东联大厦29号,4.3,27,猪脏粉,省市区及街道已获取,已获取,榜单行政区/商圈归属,17648136,https://plat.dianping.com/app/femember-musteat-web/musteat-rank?cityid=101&notitlebar=1&ranktype=3,https://www.dianping.com/shop/17648136/photos/album,https://plat.dianping.com/app/femember-musteat-web/musteat-rank?cityid=101&notitlebar=1&ranktype=3
浙江省,温州市,永嘉县,岭上人家岭峰古楼烤全羊,浙江省温州市永嘉县岭上人家岭峰古楼51号,4.7,104,特色烤全羊一只,省市区及街道已获取,已获取,同店铺ID出现在榜单县级城市入口,22215136,https://plat.dianping.com/app/femember-musteat-web/musteat-rank?cityid=101&notitlebar=1&ranktype=3,https://www.dianping.com/shop/22215136/photos/album,https://plat.dianping.com/app/femember-musteat-web/musteat-rank?cityid=906&notitlebar=1&ranktype=3
浙江省,温州市,鹿城区,崔大侠羊庄（花园店）,浙江省温州市鹿城区黎明中路96号1956文化创意园4栋101,4.6,99,招牌羊肉串,省市区及街道已获取,已获取,榜单行政区/商圈归属,98308875,https://plat.dianping.com/app/femember-musteat-web/musteat-rank?cityid=101&notitlebar=1&ranktype=3,https://www.dianping.com/shop/98308875/photos/album,https://plat.dianping.com/app/femember-musteat-web/musteat-rank?cityid=101&notitlebar=1&ranktype=3
浙江省,温州市,鹿城区,温粥人（春晖路店）,浙江省温州市鹿城区春晖路177-179号（东池便当对面）,4.6,33,金牌皮蛋瘦肉粥,省市区及街道已获取,已获取,榜单行政区/商圈归属,5409545,https://plat.dianping.com/app/femember-musteat-web/musteat-rank?cityid=101&notitlebar=1&ranktype=3,https://www.dianping.com/shop/5409545/photos/album,https://plat.dianping.com/app/femember-musteat-web/musteat-rank?cityid=101&notitlebar=1&ranktype=3
浙江省,温州市,瓯海区,胖子牛火锅,浙江省温州市瓯海区横塘中路66号…,4.6,101,雪花牛肉,省市区及街道已获取,已获取,榜单行政区/商圈归属,122781376,https://plat.dianping.com/app/femember-musteat-web/musteat-rank?cityid=101&notitlebar=1&ranktype=3,https://www.dianping.com/shop/122781376/photos/album,https://plat.dianping.com/app/femember-musteat-web/musteat-rank?cityid=101&notitlebar=1&ranktype=3
浙江省,温州市,乐清市,老邻居乐清老菜（南虹广场店）,浙江省温州市乐清市城南街道南虹广场风情街,4.8,143,水潺饼,省市区及街道已获取,已获取,同店铺ID出现在榜单县级城市入口,1299060487,https://plat.dianping.com/app/femember-musteat-web/musteat-rank?cityid=101&notitlebar=1&ranktype=3,https://www.dianping.com/shop/1299060487/photos/album,https://plat.dianping.com/app/femember-musteat-web/musteat-rank?cityid=905&notitlebar=1&ranktype=3
浙江省,温州市,龙湾区,瓯正味海鲜（温州本地菜黑金冠永强店）,浙江省温州市龙湾区永宁西路东旭嘉苑二层,4.8,120,冰花煎饺（锅贴）,省市区及街道已获取,已获取,榜单行政区/商圈归属,1928059817,https://plat.dianping.com/app/femember-musteat-web/musteat-rank?cityid=101&notitlebar=1&ranktype=3,https://www.dianping.com/shop/1928059817/photos/album,https://plat.dianping.com/app/femember-musteat-web/musteat-rank?cityid=101&notitlebar=1&ranktype=3
浙江省,温州市,乐清市,余记海鲜（乐清店）,浙江省温州市乐清市四环路收费站,4.6,149,油炸麻糍,省市区及街道已获取,已获取,同店铺ID出现在榜单县级城市入口,9481250,https://plat.dianping.com/app/femember-musteat-web/musteat-rank?cityid=101&notitlebar=1&ranktype=3,https://www.dianping.com/shop/9481250/photos/album,https://plat.dianping.com/app/femember-musteat-web/musteat-rank?cityid=905&notitlebar=1&ranktype=3
浙江省,温州市,鹿城区,风仓艺术画廊西餐厅·WINDSILO,浙江省温州市鹿城区三友路万萃广场6幢5楼（吉和吉品大厅电梯上3楼左拐到底北区电梯上五楼）,4.9,223,伊比利亚黑猪肋排,省市区及街道已获取,已获取,榜单行政区/商圈归属,1004286043,https://plat.dianping.com/app/femember-musteat-web/musteat-rank?cityid=101&notitlebar=1&ranktype=3,https://www.dianping.com/shop/1004286043/photos/album,https://plat.dianping.com/app/femember-musteat-web/musteat-rank?cityid=101&notitlebar=1&ranktype=3
浙江省,温州市,鹿城区,东浦·一味独食火锅,浙江省温州市鹿城区锦绣路东浦小村7幢112室,4.9,80,自制虾滑,省市区及街道已获取,已获取,榜单行政区/商圈归属,98876804,https://plat.dianping.com/app/femember-musteat-web/musteat-rank?cityid=101&notitlebar=1&ranktype=3,https://www.dianping.com/shop/98876804/photos/album,https://plat.dianping.com/app/femember-musteat-web/musteat-rank?cityid=101&notitlebar=1&ranktype=3
浙江省,温州市,永嘉县,丽水农庄（岩头店）,浙江省温州市永嘉县岩头镇宗前街1号,4.6,62,笋干炒肉,省市区及街道已获取,已获取,同店铺ID出现在榜单县级城市入口,18176465,https://plat.dianping.com/app/femember-musteat-web/musteat-rank?cityid=101&notitlebar=1&ranktype=3,https://www.dianping.com/shop/18176465/photos/album,https://plat.dianping.com/app/femember-musteat-web/musteat-rank?cityid=906&notitlebar=1&ranktype=3
浙江省,温州市,鹿城区,娟娟早点店,浙江省温州市鹿城区东明路124号,4.2,13,糯米饭,省市区及街道已获取,已获取,榜单行政区/商圈归属,129952479,https://plat.dianping.com/app/femember-musteat-web/musteat-rank?cityid=101&notitlebar=1&ranktype=3,https://www.dianping.com/shop/129952479/photos/album,https://plat.dianping.com/app/femember-musteat-web/musteat-rank?cityid=101&notitlebar=1&ranktype=3
浙江省,温州市,瓯海区,瓯菜排档（首店·动车南站店）,浙江省温州市瓯海区上汇路豪盛花苑10幢1楼103-104室,4.8,105,特色网皮锅贴,省市区及街道已获取,已获取,榜单行政区/商圈归属,746143540,https://plat.dianping.com/app/femember-musteat-web/musteat-rank?cityid=101&notitlebar=1&ranktype=3,https://www.dianping.com/shop/746143540/photos/album,https://plat.dianping.com/app/femember-musteat-web/musteat-rank?cityid=101&notitlebar=1&ranktype=3
浙江省,嘉兴市,桐乡市,溱湖八鲜特色餐厅（濮院总店）,浙江省嘉兴市桐乡市凯旋路1088号,4.4,103,溱湖八鲜特色菜,省市区及街道已获取,已获取,同店铺ID出现在榜单县级城市入口,597694166,https://plat.dianping.com/app/femember-musteat-web/musteat-rank?cityid=102&notitlebar=1&ranktype=3,https://www.dianping.com/shop/597694166/photos/album,https://plat.dianping.com/app/femember-musteat-web/musteat-rank?cityid=878&notitlebar=1&ranktype=3
浙江省,嘉兴市,,七张桌精品餐馆,浙江省嘉兴市北栅街11号,4.8,74,秘制牛肉,区县或街道未核实,已获取,区县未核实,66855032,https://plat.dianping.com/app/femember-musteat-web/musteat-rank?cityid=102&notitlebar=1&ranktype=3,https://www.dianping.com/shop/66855032/photos/album,https://plat.dianping.com/app/femember-musteat-web/musteat-rank?cityid=102&notitlebar=1&ranktype=3
浙江省,嘉兴市,南湖区,升财记面线糊,浙江省嘉兴市南湖区景宜路371号,4.5,19,醋肉,省市区及街道已获取,已获取,榜单行政区/商圈归属,601363109,https://plat.dianping.com/app/femember-musteat-web/musteat-rank?cityid=102&notitlebar=1&ranktype=3,https://www.dianping.com/shop/601363109/photos/album,https://plat.dianping.com/app/femember-musteat-web/musteat-rank?cityid=102&notitlebar=1&ranktype=3
浙江省,嘉兴市,嘉善县,阳光最美·齐齐哈尔东北烤肉（农商城店）,浙江省嘉兴市嘉善县国际农商城26幢（近银泰百货/物美商场/万联购物中心）,4.5,75,经典五花肉,省市区及街道已获取,已获取,同店铺ID出现在榜单县级城市入口,1641206012,https://plat.dianping.com/app/femember-musteat-web/musteat-rank?cityid=102&notitlebar=1&ranktype=3,https://www.dianping.com/shop/1641206012/photos/album,https://plat.dianping.com/app/femember-musteat-web/musteat-rank?cityid=879&notitlebar=1&ranktype=3
浙江省,嘉兴市,,老弄堂菜馆（李家弄店）,浙江省嘉兴市新华路78号（景区外 店）,4.8,65,清蒸白水鱼,区县或街道未核实,已获取,区县未核实,23648787,https://plat.dianping.com/app/femember-musteat-web/musteat-rank?cityid=102&notitlebar=1&ranktype=3,https://www.dianping.com/shop/23648787/photos/album,https://plat.dianping.com/app/femember-musteat-web/musteat-rank?cityid=102&notitlebar=1&ranktype=3
浙江省,嘉兴市,秀洲区,城西大排档（江南摩尔店）,浙江省嘉兴市秀洲区江南摩尔东区东A-201C室,4.5,135,生腌血蛤,省市区及街道已获取,已获取,榜单行政区/商圈归属,1999389181,https://plat.dianping.com/app/femember-musteat-web/musteat-rank?cityid=102&notitlebar=1&ranktype=3,https://www.dianping.com/shop/1999389181/photos/album,https://plat.dianping.com/app/femember-musteat-web/musteat-rank?cityid=102&notitlebar=1&ranktype=3
浙江省,嘉兴市,嘉善县,魏铭鱼头捞饭（晋阳路店）,浙江省嘉兴市嘉善县罗星街道晋阳东路414、416、418、420号,4.7,91,太平湖有机胖头鱼（大份）,省市区及街道已获取,已获取,同店铺ID出现在榜单县级城市入口,66867652,https://plat.dianping.com/app/femember-musteat-web/musteat-rank?cityid=102&notitlebar=1&ranktype=3,https://www.dianping.com/shop/66867652/photos/album,https://plat.dianping.com/app/femember-musteat-web/musteat-rank?cityid=879&notitlebar=1&ranktype=3
浙江省,嘉兴市,秀洲区,特色桐香煲（新塍店）,浙江省嘉兴市秀洲区新塍镇虹桥路486、488号,4.4,60,虾煲,省市区及街道已获取,已获取,榜单行政区/商圈归属,1290216252,https://plat.dianping.com/app/femember-musteat-web/musteat-rank?cityid=102&notitlebar=1&ranktype=3,https://www.dianping.com/shop/1290216252/photos/album,https://plat.dianping.com/app/femember-musteat-web/musteat-rank?cityid=102&notitlebar=1&ranktype=3
浙江省,嘉兴市,南湖区,新竹篱笆土菜馆（斜西街店）,浙江省嘉兴市南湖区南杨路43号,4.4,77,田螺塞肉,省市区及街道已获取,已获取,榜单行政区/商圈归属,9814747,https://plat.dianping.com/app/femember-musteat-web/musteat-rank?cityid=102&notitlebar=1&ranktype=3,https://www.dianping.com/shop/9814747/photos/album,https://plat.dianping.com/app/femember-musteat-web/musteat-rank?cityid=102&notitlebar=1&ranktype=3
浙江省,嘉兴市,海宁市,溢乡村·海宁本土菜（海宁南关厢会源街店）,浙江省嘉兴市海宁市会源街23号,4.3,56,粉皮包头鱼,省市区及街道已获取,已获取,同店铺ID出现在榜单县级城市入口,1204279566,https://plat.dianping.com/app/femember-musteat-web/musteat-rank?cityid=102&notitlebar=1&ranktype=3,https://www.dianping.com/shop/1204279566/photos/album,https://plat.dianping.com/app/femember-musteat-web/musteat-rank?cityid=877&notitlebar=1&ranktype=3
浙江省,嘉兴市,南湖区,牛很嗨·潮汕牛肉火锅（嘉兴月河店）,浙江省嘉兴市南湖区建国北路126号,4.6,90,吊龙,省市区及街道已获取,已获取,榜单行政区/商圈归属,1197810717,https://plat.dianping.com/app/femember-musteat-web/musteat-rank?cityid=102&notitlebar=1&ranktype=3,https://www.dianping.com/shop/1197810717/photos/album,https://plat.dianping.com/app/femember-musteat-web/musteat-rank?cityid=102&notitlebar=1&ranktype=3
浙江省,嘉兴市,嘉善县,新疆超级烧烤·清真（嘉善店）,浙江省嘉兴市嘉善县亭桥南路450号,4.6,61,炭烤羊肉串,省市区及街道已获取,已获取,同店铺ID出现在榜单县级城市入口,1840804577,https://plat.dianping.com/app/femember-musteat-web/musteat-rank?cityid=102&notitlebar=1&ranktype=3,https://www.dianping.com/shop/1840804577/photos/album,https://plat.dianping.com/app/femember-musteat-web/musteat-rank?cityid=879&notitlebar=1&ranktype=3
浙江省,嘉兴市,桐乡市,阿炎羊肉面（振华路店）,浙江省嘉兴市桐乡市振华路86号,4.4,38,招牌羊肉面,省市区及街道已获取,已获取,同店铺ID出现在榜单县级城市入口,56609449,https://plat.dianping.com/app/femember-musteat-web/musteat-rank?cityid=102&notitlebar=1&ranktype=3,https://www.dianping.com/shop/56609449/photos/album,https://plat.dianping.com/app/femember-musteat-web/musteat-rank?cityid=878&notitlebar=1&ranktype=3
浙江省,嘉兴市,南湖区,邹大鲜（嘉兴月河店）,浙江省嘉兴市南湖区新嘉街道中基路59号(近月河街),4.6,102,小葱南湖菱,省市区及街道已获取,已获取,榜单行政区/商圈归属,4679874,https://plat.dianping.com/app/femember-musteat-web/musteat-rank?cityid=102&notitlebar=1&ranktype=3,https://www.dianping.com/shop/4679874/photos/album,https://plat.dianping.com/app/femember-musteat-web/musteat-rank?cityid=102&notitlebar=1&ranktype=3
浙江省,嘉兴市,,寻坞·水宴餐厅（总店）,浙江省嘉兴市隆源路479号481号483号485号（西栅景区东门口）,4.9,67,东坡肉,区县或街道未核实,已获取,区县未核实,24624420,https://plat.dianping.com/app/femember-musteat-web/musteat-rank?cityid=102&notitlebar=1&ranktype=3,https://www.dianping.com/shop/24624420/photos/album,https://plat.dianping.com/app/femember-musteat-web/musteat-rank?cityid=102&notitlebar=1&ranktype=3
浙江省,嘉兴市,南湖区,利华煲店（城北店）,浙江省嘉兴市南湖区城北路283号,4.2,74,明虾鸡爪煲,省市区及街道已获取,已获取,榜单行政区/商圈归属,1959327356,https://plat.dianping.com/app/femember-musteat-web/musteat-rank?cityid=102&notitlebar=1&ranktype=3,https://www.dianping.com/shop/1959327356/photos/album,https://plat.dianping.com/app/femember-musteat-web/musteat-rank?cityid=102&notitlebar=1&ranktype=3
浙江省,嘉兴市,嘉善县,三只兔子韩食炭烤（嘉善万联广场店）,浙江省嘉兴市嘉善县嘉善大道688号万联广场步行街中间商铺,4.6,98,雪花牛肋条,省市区及街道已获取,已获取,同店铺ID出现在榜单县级城市入口,67465438,https://plat.dianping.com/app/femember-musteat-web/musteat-rank?cityid=102&notitlebar=1&ranktype=3,https://www.dianping.com/shop/67465438/photos/album,https://plat.dianping.com/app/femember-musteat-web/musteat-rank?cityid=879&notitlebar=1&ranktype=3
浙江省,嘉兴市,嘉善县,尊宴江南（西塘店）,浙江省嘉兴市嘉善县西塘镇中心路758号祥符荡科创绿谷19号楼,4.9,130,奇妙虾球,省市区及街道已获取,已获取,榜单行政区/商圈归属,1352242190,https://plat.dianping.com/app/femember-musteat-web/musteat-rank?cityid=102&notitlebar=1&ranktype=3,https://www.dianping.com/shop/1352242190/photos/album,https://plat.dianping.com/app/femember-musteat-web/musteat-rank?cityid=102&notitlebar=1&ranktype=3
浙江省,嘉兴市,南湖区,碳尚烤鱼餐厅（利丰商业中心店）,浙江省嘉兴市南湖区龙凤路169号中润丽丰新天地二楼,4.6,75,湄公鱼,省市区及街道已获取,已获取,榜单行政区/商圈归属,22887563,https://plat.dianping.com/app/femember-musteat-web/musteat-rank?cityid=102&notitlebar=1&ranktype=3,https://www.dianping.com/shop/22887563/photos/album,https://plat.dianping.com/app/femember-musteat-web/musteat-rank?cityid=102&notitlebar=1&ranktype=3
浙江省,嘉兴市,桐乡市,杭嘉湖咬强羊肉面馆（永兴路总店）,浙江省嘉兴市桐乡市永兴路37幢37-2一37-9号,4.4,40,羊肉面,省市区及街道已获取,已获取,同店铺ID出现在榜单县级城市入口,23406616,https://plat.dianping.com/app/femember-musteat-web/musteat-rank?cityid=102&notitlebar=1&ranktype=3,https://www.dianping.com/shop/23406616/photos/album,https://plat.dianping.com/app/femember-musteat-web/musteat-rank?cityid=878&notitlebar=1&ranktype=3
浙江省,湖州市,安吉县,安吉家味馆,浙江省湖州市安吉县永康南路59、61、63号,4.7,86,安吉竹林鸡煲,省市区及街道已获取,已获取,榜单行政区/商圈归属,77879018,https://plat.dianping.com/app/femember-musteat-web/musteat-rank?cityid=103&notitlebar=1&ranktype=3,https://www.dianping.com/shop/77879018/photos/album,https://plat.dianping.com/app/femember-musteat-web/musteat-rank?cityid=103&notitlebar=1&ranktype=3
浙江省,湖州市,吴兴区,龙门烧烤·甜麻肥虾·精酿（天际外滩店）,"浙江省湖州市吴兴区龙王山路安吉路188号星火外滩广场一楼A155-A159,A170-172号",4.6,114,甜麻肥虾,省市区及街道已获取,已获取,榜单行政区/商圈归属,1729389733,https://plat.dianping.com/app/femember-musteat-web/musteat-rank?cityid=103&notitlebar=1&ranktype=3,https://www.dianping.com/shop/1729389733/photos/album,https://plat.dianping.com/app/femember-musteat-web/musteat-rank?cityid=103&notitlebar=1&ranktype=3
浙江省,湖州市,安吉县,安吉佳盈饭店.本地农家土菜,"浙江省湖州市安吉县云鸿东路706号凤鸿苑1号楼底商(不要进隧道)（近高速路口,凯蒂猫,万豪,近凤凰山森林公园）",4.9,87,特色熬豆腐,省市区及街道已获取,已获取,同店铺ID出现在榜单县级城市入口,131447646,https://plat.dianping.com/app/femember-musteat-web/musteat-rank?cityid=103&notitlebar=1&ranktype=3,https://www.dianping.com/shop/131447646/photos/album,https://plat.dianping.com/app/femember-musteat-web/musteat-rank?cityid=875&notitlebar=1&ranktype=3
浙江省,湖州市,长兴县,阿华农庄·太湖三白·太湖蟹,"浙江省湖州市长兴县洪桥镇横山桥村图影大道陆家渎自然村3号（距离动物园300m左右,边上有超大免费停车场）",4.8,92,白虾,省市区及街道已获取,已获取,同店铺ID出现在榜单县级城市入口,1395979984,https://plat.dianping.com/app/femember-musteat-web/musteat-rank?cityid=103&notitlebar=1&ranktype=3,https://www.dianping.com/shop/1395979984/photos/album,https://plat.dianping.com/app/femember-musteat-web/musteat-rank?cityid=873&notitlebar=1&ranktype=3
浙江省,湖州市,南浔区,新市酱羊肉（万顺路店）,浙江省湖州市南浔区东迁街道万顺路252-254号(红日对面),4,33,羊肉羊肚双拼大份,省市区及街道已获取,已获取,榜单行政区/商圈归属,6087708,https://plat.dianping.com/app/femember-musteat-web/musteat-rank?cityid=103&notitlebar=1&ranktype=3,https://www.dianping.com/shop/6087708/photos/album,https://plat.dianping.com/app/femember-musteat-web/musteat-rank?cityid=103&notitlebar=1&ranktype=3
浙江省,湖州市,长兴县,子妍面馆（长兴总店）,浙江省湖州市长兴县海兴南路512号（距古城街300m金陵商城300m）,4.2,29,鳝丝干挑面,省市区及街道已获取,已获取,同店铺ID出现在榜单县级城市入口,1122219952,https://plat.dianping.com/app/femember-musteat-web/musteat-rank?cityid=103&notitlebar=1&ranktype=3,https://www.dianping.com/shop/1122219952/photos/album,https://plat.dianping.com/app/femember-musteat-web/musteat-rank?cityid=873&notitlebar=1&ranktype=3
浙江省,湖州市,安吉县,安吉人家一鼎鲜土菜馆（Kitty猫乐园店）,"浙江省湖州市安吉县天使大道1-5号(近高速路口,城堡酒店,银润小镇酒店,近凯蒂猫乐园,希尔顿酒店,万豪酒店",4.4,84,农家粉丝,省市区及街道已获取,已获取,同店铺ID出现在榜单县级城市入口,1563321360,https://plat.dianping.com/app/femember-musteat-web/musteat-rank?cityid=103&notitlebar=1&ranktype=3,https://www.dianping.com/shop/1563321360/photos/album,https://plat.dianping.com/app/femember-musteat-web/musteat-rank?cityid=875&notitlebar=1&ranktype=3
浙江省,湖州市,,新旺土菜馆（二十年的店）,浙江省湖州市莫干山镇育才路与兴旺路交叉口南行30米路西,4.7,85,鸡汤,区县或街道未核实,已获取,区县未核实,21665886,https://plat.dianping.com/app/femember-musteat-web/musteat-rank?cityid=103&notitlebar=1&ranktype=3,https://www.dianping.com/shop/21665886/photos/album,https://plat.dianping.com/app/femember-musteat-web/musteat-rank?cityid=103&notitlebar=1&ranktype=3
浙江省,湖州市,,浙里餐厅（庾村店）,"浙江省湖州市兴旺路7号（距离莫干山庾街100米,距离游客集散中心800米）",4.7,82,招牌土鸡煲（半只）,区县或街道未核实,已获取,区县未核实,1129028629,https://plat.dianping.com/app/femember-musteat-web/musteat-rank?cityid=103&notitlebar=1&ranktype=3,https://www.dianping.com/shop/1129028629/photos/album,https://plat.dianping.com/app/femember-musteat-web/musteat-rank?cityid=103&notitlebar=1&ranktype=3
浙江省,湖州市,德清县,程三合·三合鲜虾面（德清百乐街店）,"浙江省湖州市德清县百乐街43,43-1号",4.4,45,鱼头豆腐面,省市区及街道已获取,已获取,同店铺ID出现在榜单县级城市入口,1487502630,https://plat.dianping.com/app/femember-musteat-web/musteat-rank?cityid=103&notitlebar=1&ranktype=3,https://www.dianping.com/shop/1487502630/photos/album,https://plat.dianping.com/app/femember-musteat-web/musteat-rank?cityid=874&notitlebar=1&ranktype=3
浙江省,湖州市,吴兴区,太湖船说·月亮湾餐厅·农家菜（太湖店）,浙江省湖州市吴兴区环湖大堤渔人码头J幢1号楼(月亮酒店旁)可接团,4.4,86,葱油白虾,省市区及街道已获取,已获取,榜单行政区/商圈归属,1102153758,https://plat.dianping.com/app/femember-musteat-web/musteat-rank?cityid=103&notitlebar=1&ranktype=3,https://www.dianping.com/shop/1102153758/photos/album,https://plat.dianping.com/app/femember-musteat-web/musteat-rank?cityid=103&notitlebar=1&ranktype=3
浙江省,湖州市,,炊香·庭院餐厅（庾村店）,浙江省湖州市别墅路与竹源路交叉口西北角,4.7,87,炊香竹林鸡炒螺丝,区县或街道未核实,已获取,区县未核实,1493183427,https://plat.dianping.com/app/femember-musteat-web/musteat-rank?cityid=103&notitlebar=1&ranktype=3,https://www.dianping.com/shop/1493183427/photos/album,https://plat.dianping.com/app/femember-musteat-web/musteat-rank?cityid=103&notitlebar=1&ranktype=3
浙江省,湖州市,南浔区,東大方（南浔香山路店）,浙江省湖州市南浔区香山路268号,4.7,85,方师傅红烧肉,省市区及街道已获取,已获取,榜单行政区/商圈归属,132092286,https://plat.dianping.com/app/femember-musteat-web/musteat-rank?cityid=103&notitlebar=1&ranktype=3,https://www.dianping.com/shop/132092286/photos/album,https://plat.dianping.com/app/femember-musteat-web/musteat-rank?cityid=103&notitlebar=1&ranktype=3
浙江省,湖州市,吴兴区,路香小院,浙江省湖州市吴兴区妙山线妙山村莫木岭147号,4.7,86,农家土鸡煲,省市区及街道已获取,已获取,榜单行政区/商圈归属,1524662146,https://plat.dianping.com/app/femember-musteat-web/musteat-rank?cityid=103&notitlebar=1&ranktype=3,https://www.dianping.com/shop/1524662146/photos/album,https://plat.dianping.com/app/femember-musteat-web/musteat-rank?cityid=103&notitlebar=1&ranktype=3
浙江省,湖州市,长兴县,上泗安人家（海嫂饭店）,浙江省湖州市长兴县204省道上泗安村上泗安25号,4.9,101,野米炒饭,省市区及街道已获取,已获取,同店铺ID出现在榜单县级城市入口,576760916,https://plat.dianping.com/app/femember-musteat-web/musteat-rank?cityid=103&notitlebar=1&ranktype=3,https://www.dianping.com/shop/576760916/photos/album,https://plat.dianping.com/app/femember-musteat-web/musteat-rank?cityid=873&notitlebar=1&ranktype=3
浙江省,湖州市,安吉县,飞瀑农庄（藏龙百瀑店）,浙江省湖州市安吉县大溪村205省道藏龙百瀑景区西门西南方向80米,4.4,74,油焖笋,省市区及街道已获取,已获取,同店铺ID出现在榜单县级城市入口,69312643,https://plat.dianping.com/app/femember-musteat-web/musteat-rank?cityid=103&notitlebar=1&ranktype=3,https://www.dianping.com/shop/69312643/photos/album,https://plat.dianping.com/app/femember-musteat-web/musteat-rank?cityid=875&notitlebar=1&ranktype=3
浙江省,绍兴市,诸暨市,富潮面馆,浙江省绍兴市诸暨市浣纱南路42-43号,4.3,31,生炒牛肉面,省市区及街道已获取,已获取,榜单行政区/商圈归属,10576769,https://plat.dianping.com/app/femember-musteat-web/musteat-rank?cityid=104&notitlebar=1&ranktype=3,https://www.dianping.com/shop/10576769/photos/album,https://plat.dianping.com/app/femember-musteat-web/musteat-rank?cityid=104&notitlebar=1&ranktype=3
浙江省,绍兴市,诸暨市,紫金·越暨·三十年精致诸暨菜（滨江店）,浙江省绍兴市诸暨市环城北路90号,4.8,113,海胆西施豆腐,省市区及街道已获取,已获取,同店铺ID出现在榜单县级城市入口,1140897269,https://plat.dianping.com/app/femember-musteat-web/musteat-rank?cityid=104&notitlebar=1&ranktype=3,https://www.dianping.com/shop/1140897269/photos/album,https://plat.dianping.com/app/femember-musteat-web/musteat-rank?cityid=883&notitlebar=1&ranktype=3
浙江省,绍兴市,越城区,几荷里·寻味绍兴·江南小馆（鲁迅故里店）,浙江省绍兴市越城区鲁迅中路21号（咸亨酒店停车场入口）,4.4,88,越王花雕肉配酒酿馒头,省市区及街道已获取,已获取,榜单行政区/商圈归属,131195915,https://plat.dianping.com/app/femember-musteat-web/musteat-rank?cityid=104&notitlebar=1&ranktype=3,https://www.dianping.com/shop/131195915/photos/album,https://plat.dianping.com/app/femember-musteat-web/musteat-rank?cityid=104&notitlebar=1&ranktype=3
浙江省,绍兴市,越城区,府上人家（金时代店）,浙江省绍兴市越城区解放南路925号金时代广场F1层,4.6,115,梅干菜仔排,省市区及街道已获取,已获取,榜单行政区/商圈归属,9727057,https://plat.dianping.com/app/femember-musteat-web/musteat-rank?cityid=104&notitlebar=1&ranktype=3,https://www.dianping.com/shop/9727057/photos/album,https://plat.dianping.com/app/femember-musteat-web/musteat-rank?cityid=104&notitlebar=1&ranktype=3
浙江省,绍兴市,越城区,寻宝记绍兴菜（状元店）,浙江省绍兴市越城区府山横街127号,4.5,83,绍三鲜,省市区及街道已获取,已获取,榜单行政区/商圈归属,1948141,https://plat.dianping.com/app/femember-musteat-web/musteat-rank?cityid=104&notitlebar=1&ranktype=3,https://www.dianping.com/shop/1948141/photos/album,https://plat.dianping.com/app/femember-musteat-web/musteat-rank?cityid=104&notitlebar=1&ranktype=3
浙江省,绍兴市,嵊州市,湾湾羊骨头（三江城店）,浙江省绍兴市嵊州市三江东街12号,4.4,33,纯羊骨头,省市区及街道已获取,已获取,同店铺ID出现在榜单县级城市入口,110106042,https://plat.dianping.com/app/femember-musteat-web/musteat-rank?cityid=104&notitlebar=1&ranktype=3,https://www.dianping.com/shop/110106042/photos/album,https://plat.dianping.com/app/femember-musteat-web/musteat-rank?cityid=885&notitlebar=1&ranktype=3
浙江省,绍兴市,嵊州市,门溪山居（嵊州店）,浙江省绍兴市嵊州市剡兴路28号,4.8,114,干菜饼,省市区及街道已获取,已获取,同店铺ID出现在榜单县级城市入口,1052710751,https://plat.dianping.com/app/femember-musteat-web/musteat-rank?cityid=104&notitlebar=1&ranktype=3,https://www.dianping.com/shop/1052710751/photos/album,https://plat.dianping.com/app/femember-musteat-web/musteat-rank?cityid=885&notitlebar=1&ranktype=3
浙江省,绍兴市,上虞区,会君·地标上虞菜（崧厦店）,浙江省绍兴市上虞区通济路388号,4.8,95,非遗豆腐烧鱼头,省市区及街道已获取,已获取,榜单行政区/商圈归属,97566606,https://plat.dianping.com/app/femember-musteat-web/musteat-rank?cityid=104&notitlebar=1&ranktype=3,https://www.dianping.com/shop/97566606/photos/album,https://plat.dianping.com/app/femember-musteat-web/musteat-rank?cityid=104&notitlebar=1&ranktype=3
浙江省,绍兴市,柯桥区,薇廷·寻味江南·匠心手作（柯桥古镇店）,浙江省绍兴市柯桥区柯桥古镇1号楼1层(停车场负1层近文化餐饮B区8号电梯直达)团建聚餐|家宴|生日宴|商务宴请,4.7,98,酥鱼,省市区及街道已获取,已获取,同店铺ID出现在榜单县级城市入口,603226914,https://plat.dianping.com/app/femember-musteat-web/musteat-rank?cityid=104&notitlebar=1&ranktype=3,https://www.dianping.com/shop/603226914/photos/album,https://plat.dianping.com/app/femember-musteat-web/musteat-rank?cityid=886&notitlebar=1&ranktype=3
浙江省,绍兴市,嵊州市,老袁炒年糕（富豪路店）,浙江省绍兴市嵊州市富豪路278号（富豪路第一家）,4.3,27,家常炒年糕,省市区及街道已获取,已获取,同店铺ID出现在榜单县级城市入口,6087029,https://plat.dianping.com/app/femember-musteat-web/musteat-rank?cityid=104&notitlebar=1&ranktype=3,https://www.dianping.com/shop/6087029/photos/album,https://plat.dianping.com/app/femember-musteat-web/musteat-rank?cityid=885&notitlebar=1&ranktype=3
浙江省,绍兴市,柯桥区,银海之鲜虹桥海鲜面馆（湖西路店）,浙江省绍兴市柯桥区湖西路288号,4.4,49,特色海鲜面,省市区及街道已获取,已获取,同店铺ID出现在榜单县级城市入口,58540401,https://plat.dianping.com/app/femember-musteat-web/musteat-rank?cityid=104&notitlebar=1&ranktype=3,https://www.dianping.com/shop/58540401/photos/album,https://plat.dianping.com/app/femember-musteat-web/musteat-rank?cityid=886&notitlebar=1&ranktype=3
浙江省,绍兴市,柯桥区,滨海人家·老柯桥·柯桥菜（滨海店）,浙江省绍兴市柯桥区滨海工业区镜海大道滨海商业中心（农业银行旁边）,4.3,98,绍式三鲜汤,省市区及街道已获取,已获取,榜单行政区/商圈归属,108361111,https://plat.dianping.com/app/femember-musteat-web/musteat-rank?cityid=104&notitlebar=1&ranktype=3,https://www.dianping.com/shop/108361111/photos/album,https://plat.dianping.com/app/femember-musteat-web/musteat-rank?cityid=104&notitlebar=1&ranktype=3
浙江省,绍兴市,上虞区,胖大姐黄泽豆腐包,浙江省绍兴市上虞区凤鸣路147号,4.5,24,黄泽豆腐包,省市区及街道已获取,已获取,同店铺ID出现在榜单县级城市入口,1849258684,https://plat.dianping.com/app/femember-musteat-web/musteat-rank?cityid=104&notitlebar=1&ranktype=3,https://www.dianping.com/shop/1849258684/photos/album,https://plat.dianping.com/app/femember-musteat-web/musteat-rank?cityid=884&notitlebar=1&ranktype=3
浙江省,绍兴市,越城区,谢谢侬·私房菜馆（迪荡店）,浙江省绍兴市越城区云东路中汇大厦1楼113号（宝贝妇产斜对面）,4.2,114,蟹黄捞饭,省市区及街道已获取,已获取,榜单行政区/商圈归属,65927656,https://plat.dianping.com/app/femember-musteat-web/musteat-rank?cityid=104&notitlebar=1&ranktype=3,https://www.dianping.com/shop/65927656/photos/album,https://plat.dianping.com/app/femember-musteat-web/musteat-rank?cityid=104&notitlebar=1&ranktype=3
浙江省,金华市,义乌市,鸡毛换糖义乌菜（国际商贸城店）,浙江省金华市义乌市长春十街88号,4.4,91,闻香鸡,省市区及街道已获取,已获取,同店铺ID出现在榜单县级城市入口,6446436,https://plat.dianping.com/app/femember-musteat-web/musteat-rank?cityid=105&notitlebar=1&ranktype=3,https://www.dianping.com/shop/6446436/photos/album,https://plat.dianping.com/app/femember-musteat-web/musteat-rank?cityid=385&notitlebar=1&ranktype=3
浙江省,金华市,义乌市,大陈鸿源牛肉馆（北苑店）,浙江省金华市义乌市春华路四季2区,4.4,37,招牌牛油拌饭,省市区及街道已获取,已获取,同店铺ID出现在榜单县级城市入口,1022375557,https://plat.dianping.com/app/femember-musteat-web/musteat-rank?cityid=105&notitlebar=1&ranktype=3,https://www.dianping.com/shop/1022375557/photos/album,https://plat.dianping.com/app/femember-musteat-web/musteat-rank?cityid=385&notitlebar=1&ranktype=3
浙江省,金华市,义乌市,VATAN INDIAN RESTAURANT米特印度餐厅（城北路店）,浙江省金华市义乌市米特印度饭店城北路368号,4.7,94,玛莎拉脆球,省市区及街道已获取,已获取,同店铺ID出现在榜单县级城市入口,9736330,https://plat.dianping.com/app/femember-musteat-web/musteat-rank?cityid=105&notitlebar=1&ranktype=3,https://www.dianping.com/shop/9736330/photos/album,https://plat.dianping.com/app/femember-musteat-web/musteat-rank?cityid=385&notitlebar=1&ranktype=3
浙江省,金华市,,味舵主重庆火锅（康庄南街店）,浙江省金华市康庄南街196号,4.4,87,手切嫩牛肉,区县或街道未核实,已获取,区县未核实,1027806776,https://plat.dianping.com/app/femember-musteat-web/musteat-rank?cityid=105&notitlebar=1&ranktype=3,https://www.dianping.com/shop/1027806776/photos/album,https://plat.dianping.com/app/femember-musteat-web/musteat-rank?cityid=105&notitlebar=1&ranktype=3
浙江省,金华市,金东区,小女当家饭店（金瓯路店）,浙江省金华市金东区金瓯路西山头村金瓯路580号,4.6,84,特色红烧肉,省市区及街道已获取,已获取,榜单行政区/商圈归属,114524836,https://plat.dianping.com/app/femember-musteat-web/musteat-rank?cityid=105&notitlebar=1&ranktype=3,https://www.dianping.com/shop/114524836/photos/album,https://plat.dianping.com/app/femember-musteat-web/musteat-rank?cityid=105&notitlebar=1&ranktype=3
浙江省,金华市,义乌市,阿里亚娜餐厅,浙江省金华市义乌市稠州北路590号,4.5,102,阿拉伯大饼,省市区及街道已获取,已获取,同店铺ID出现在榜单县级城市入口,5290623,https://plat.dianping.com/app/femember-musteat-web/musteat-rank?cityid=105&notitlebar=1&ranktype=3,https://www.dianping.com/shop/5290623/photos/album,https://plat.dianping.com/app/femember-musteat-web/musteat-rank?cityid=385&notitlebar=1&ranktype=3
浙江省,金华市,义乌市,Little India宝叶印度素食餐厅（城北路店）,浙江省金华市义乌市LITTLEINDIA宝叶印度餐厅城北路316号,4.6,63,多种蔬菜咖喱,省市区及街道已获取,已获取,同店铺ID出现在榜单县级城市入口,106400820,https://plat.dianping.com/app/femember-musteat-web/musteat-rank?cityid=105&notitlebar=1&ranktype=3,https://www.dianping.com/shop/106400820/photos/album,https://plat.dianping.com/app/femember-musteat-web/musteat-rank?cityid=385&notitlebar=1&ranktype=3
浙江省,金华市,婺城区,川御饭店（曙光花园店）,浙江省金华市婺城区城北街道后城里街313号(曙光花园西门旁),4.4,68,辣子鸡,省市区及街道已获取,已获取,榜单行政区/商圈归属,14183801,https://plat.dianping.com/app/femember-musteat-web/musteat-rank?cityid=105&notitlebar=1&ranktype=3,https://www.dianping.com/shop/14183801/photos/album,https://plat.dianping.com/app/femember-musteat-web/musteat-rank?cityid=105&notitlebar=1&ranktype=3
浙江省,金华市,婺城区,明记好滋味（兰溪街店）,浙江省金华市婺城区兰溪街兰欣里36号,4.5,73,生炒鸡（醋鸡）,省市区及街道已获取,已获取,榜单行政区/商圈归属,9781527,https://plat.dianping.com/app/femember-musteat-web/musteat-rank?cityid=105&notitlebar=1&ranktype=3,https://www.dianping.com/shop/9781527/photos/album,https://plat.dianping.com/app/femember-musteat-web/musteat-rank?cityid=105&notitlebar=1&ranktype=3
浙江省,金华市,义乌市,Pizza Topolino,浙江省金华市义乌市福田1区5栋3号,4.8,75,黑松露火腿披萨,省市区及街道已获取,已获取,同店铺ID出现在榜单县级城市入口,97780760,https://plat.dianping.com/app/femember-musteat-web/musteat-rank?cityid=105&notitlebar=1&ranktype=3,https://www.dianping.com/shop/97780760/photos/album,https://plat.dianping.com/app/femember-musteat-web/musteat-rank?cityid=385&notitlebar=1&ranktype=3
浙江省,金华市,,夏厉烤肉·老横店·非遗,浙江省金华市禹阳路109号,4.3,86,烤牛肉,区县或街道未核实,已获取,区县未核实,90469161,https://plat.dianping.com/app/femember-musteat-web/musteat-rank?cityid=105&notitlebar=1&ranktype=3,https://www.dianping.com/shop/90469161/photos/album,https://plat.dianping.com/app/femember-musteat-web/musteat-rank?cityid=105&notitlebar=1&ranktype=3
浙江省,金华市,义乌市,刘少华贵州小黄牛·鲜牛肉火锅（总店）,浙江省金华市义乌市化工路316号,4.8,79,黄牛肉,省市区及街道已获取,已获取,同店铺ID出现在榜单县级城市入口,114889804,https://plat.dianping.com/app/femember-musteat-web/musteat-rank?cityid=105&notitlebar=1&ranktype=3,https://www.dianping.com/shop/114889804/photos/album,https://plat.dianping.com/app/femember-musteat-web/musteat-rank?cityid=385&notitlebar=1&ranktype=3
浙江省,衢州市,柯城区,小老汪饭店（裱褙巷店）,浙江省衢州市柯城区裱褙巷23-25号,4.2,80,泡菜炒牛肉,省市区及街道已获取,已获取,榜单行政区/商圈归属,96192646,https://plat.dianping.com/app/femember-musteat-web/musteat-rank?cityid=106&notitlebar=1&ranktype=3,https://www.dianping.com/shop/96192646/photos/album,https://plat.dianping.com/app/femember-musteat-web/musteat-rank?cityid=106&notitlebar=1&ranktype=3
浙江省,衢州市,柯城区,紫怡饭店（思源路店）,浙江省衢州市柯城区思源路152-156号,4.3,68,招牌石锅鱼,省市区及街道已获取,已获取,榜单行政区/商圈归属,9602659,https://plat.dianping.com/app/femember-musteat-web/musteat-rank?cityid=106&notitlebar=1&ranktype=3,https://www.dianping.com/shop/9602659/photos/album,https://plat.dianping.com/app/femember-musteat-web/musteat-rank?cityid=106&notitlebar=1&ranktype=3
浙江省,衢州市,柯城区,衢周叔烤饼（水亭门店）,浙江省衢州市柯城区县西街225号,4.3,20,鲜肉小烤饼,省市区及街道已获取,已获取,榜单行政区/商圈归属,19292194,https://plat.dianping.com/app/femember-musteat-web/musteat-rank?cityid=106&notitlebar=1&ranktype=3,https://www.dianping.com/shop/19292194/photos/album,https://plat.dianping.com/app/femember-musteat-web/musteat-rank?cityid=106&notitlebar=1&ranktype=3
浙江省,衢州市,柯城区,渔乡村土菜馆（双港店）,浙江省衢州市柯城区双港中路79号,4.5,69,红烧鸡爪粉干,省市区及街道已获取,已获取,榜单行政区/商圈归属,9599127,https://plat.dianping.com/app/femember-musteat-web/musteat-rank?cityid=106&notitlebar=1&ranktype=3,https://www.dianping.com/shop/9599127/photos/album,https://plat.dianping.com/app/femember-musteat-web/musteat-rank?cityid=106&notitlebar=1&ranktype=3
浙江省,衢州市,柯城区,梅苑味馆（梅花小区店）,浙江省衢州市柯城区荷四路457号,4.4,83,螺蛳鸡,省市区及街道已获取,已获取,榜单行政区/商圈归属,9597713,https://plat.dianping.com/app/femember-musteat-web/musteat-rank?cityid=106&notitlebar=1&ranktype=3,https://www.dianping.com/shop/9597713/photos/album,https://plat.dianping.com/app/femember-musteat-web/musteat-rank?cityid=106&notitlebar=1&ranktype=3
浙江省,衢州市,柯城区,詹记烤饼（狮桥街店）,浙江省衢州市柯城区狮桥街38号,4.4,16,香葱鲜肉小烤饼,省市区及街道已获取,已获取,榜单行政区/商圈归属,22112943,https://plat.dianping.com/app/femember-musteat-web/musteat-rank?cityid=106&notitlebar=1&ranktype=3,https://www.dianping.com/shop/22112943/photos/album,https://plat.dianping.com/app/femember-musteat-web/musteat-rank?cityid=106&notitlebar=1&ranktype=3
浙江省,衢州市,柯城区,农家饭店·大碗鱼·筒骨煲（三衢路店）,浙江省衢州市柯城区荷花街道三衢路203-17号(近儿童公园),4.3,78,胴骨煲,省市区及街道已获取,已获取,榜单行政区/商圈归属,5609193,https://plat.dianping.com/app/femember-musteat-web/musteat-rank?cityid=106&notitlebar=1&ranktype=3,https://www.dianping.com/shop/5609193/photos/album,https://plat.dianping.com/app/femember-musteat-web/musteat-rank?cityid=106&notitlebar=1&ranktype=3
浙江省,衢州市,柯城区,谢小厨（荷五路店）,浙江省衢州市柯城区荷五路218号,4.6,71,田螺鸭掌,省市区及街道已获取,已获取,榜单行政区/商圈归属,21115632,https://plat.dianping.com/app/femember-musteat-web/musteat-rank?cityid=106&notitlebar=1&ranktype=3,https://www.dianping.com/shop/21115632/photos/album,https://plat.dianping.com/app/femember-musteat-web/musteat-rank?cityid=106&notitlebar=1&ranktype=3
浙江省,衢州市,柯城区,老裴鸭头.兔头（柯城店）,浙江省衢州市柯城区马站底92-6号,4.2,33,老裴鸭头,省市区及街道已获取,已获取,榜单行政区/商圈归属,8887495,https://plat.dianping.com/app/femember-musteat-web/musteat-rank?cityid=106&notitlebar=1&ranktype=3,https://www.dianping.com/shop/8887495/photos/album,https://plat.dianping.com/app/femember-musteat-web/musteat-rank?cityid=106&notitlebar=1&ranktype=3
浙江省,舟山市,,金海湾海鲜排档（朱家尖店）,浙江省舟山市朱家尖南沙海滨浴场旁,4.8,132,椒盐豆腐鱼,区县或街道未核实,已获取,区县未核实,19811014,https://plat.dianping.com/app/femember-musteat-web/musteat-rank?cityid=107&notitlebar=1&ranktype=3,https://www.dianping.com/shop/19811014/photos/album,https://plat.dianping.com/app/femember-musteat-web/musteat-rank?cityid=107&notitlebar=1&ranktype=3
浙江省,舟山市,定海区,舢鲜舟山海鲜面（如心小镇店）,浙江省舟山市定海区景观大道如心广场820、822号商铺,4.2,49,特色海鲜面,省市区及街道已获取,已获取,榜单行政区/商圈归属,1554695928,https://plat.dianping.com/app/femember-musteat-web/musteat-rank?cityid=107&notitlebar=1&ranktype=3,https://www.dianping.com/shop/1554695928/photos/album,https://plat.dianping.com/app/femember-musteat-web/musteat-rank?cityid=107&notitlebar=1&ranktype=3
浙江省,舟山市,,阿莲烧烤（1号店）,浙江省舟山市莲花北路52号,4.2,97,网红爆品手抓小海鲜,区县或街道未核实,已获取,区县未核实,131374829,https://plat.dianping.com/app/femember-musteat-web/musteat-rank?cityid=107&notitlebar=1&ranktype=3,https://www.dianping.com/shop/131374829/photos/album,https://plat.dianping.com/app/femember-musteat-web/musteat-rank?cityid=107&notitlebar=1&ranktype=3
浙江省,舟山市,普陀区,原製原味（东港凯虹广场店）,浙江省舟山市普陀区东港街道东港凯虹广场5楼,4.7,103,红烧杂鱼,省市区及街道已获取,已获取,榜单行政区/商圈归属,18211229,https://plat.dianping.com/app/femember-musteat-web/musteat-rank?cityid=107&notitlebar=1&ranktype=3,https://www.dianping.com/shop/18211229/photos/album,https://plat.dianping.com/app/femember-musteat-web/musteat-rank?cityid=107&notitlebar=1&ranktype=3
浙江省,舟山市,,小馋哥海鲜排档（东沙1号店）,浙江省舟山市东荷嘉园63幢101（威斯汀左拐直行两百米）,4.8,117,葱油梭子蟹,区县或街道未核实,已获取,区县未核实,1642688810,https://plat.dianping.com/app/femember-musteat-web/musteat-rank?cityid=107&notitlebar=1&ranktype=3,https://www.dianping.com/shop/1642688810/photos/album,https://plat.dianping.com/app/femember-musteat-web/musteat-rank?cityid=107&notitlebar=1&ranktype=3
浙江省,舟山市,普陀区,笑嘻嘻海鲜大排档（沈家门店）,浙江省舟山市普陀区滨港路208-211号,4.8,135,葱油梭子蟹,省市区及街道已获取,已获取,榜单行政区/商圈归属,19284386,https://plat.dianping.com/app/femember-musteat-web/musteat-rank?cityid=107&notitlebar=1&ranktype=3,https://www.dianping.com/shop/19284386/photos/album,https://plat.dianping.com/app/femember-musteat-web/musteat-rank?cityid=107&notitlebar=1&ranktype=3
浙江省,舟山市,定海区,高佳庄·海鲜酒楼（香樟店）,浙江省舟山市定海区长峙岛香樟街8号绿城玫瑰园酒店二楼,4.8,158,高佳庄自制酸奶,省市区及街道已获取,已获取,榜单行政区/商圈归属,5316359,https://plat.dianping.com/app/femember-musteat-web/musteat-rank?cityid=107&notitlebar=1&ranktype=3,https://www.dianping.com/shop/5316359/photos/album,https://plat.dianping.com/app/femember-musteat-web/musteat-rank?cityid=107&notitlebar=1&ranktype=3
浙江省,舟山市,普陀区,老国强面馆,浙江省舟山市普陀区菜市路24号,4,52,海鲜面,省市区及街道已获取,已获取,榜单行政区/商圈归属,2043970,https://plat.dianping.com/app/femember-musteat-web/musteat-rank?cityid=107&notitlebar=1&ranktype=3,https://www.dianping.com/shop/2043970/photos/album,https://plat.dianping.com/app/femember-musteat-web/musteat-rank?cityid=107&notitlebar=1&ranktype=3
浙江省,台州市,温岭市,方氏猪六福韩情烤肉（锦园店）,浙江省台州市温岭市万泉东路188号,4,84,切片牛五花,省市区及街道已获取,已获取,同店铺ID出现在榜单县级城市入口,22801468,https://plat.dianping.com/app/femember-musteat-web/musteat-rank?cityid=108&notitlebar=1&ranktype=3,https://www.dianping.com/shop/22801468/photos/album,https://plat.dianping.com/app/femember-musteat-web/musteat-rank?cityid=899&notitlebar=1&ranktype=3
浙江省,台州市,临海市,荣村农家乐,浙江省台州市临海市上王公交站西南50米,4.7,126,韭菜炒鳝鱼丝,省市区及街道已获取,已获取,榜单行政区/商圈归属,97336230,https://plat.dianping.com/app/femember-musteat-web/musteat-rank?cityid=108&notitlebar=1&ranktype=3,https://www.dianping.com/shop/97336230/photos/album,https://plat.dianping.com/app/femember-musteat-web/musteat-rank?cityid=108&notitlebar=1&ranktype=3
浙江省,台州市,临海市,锦润友家面馆（二十来年的店）,浙江省台州市临海市后塘路白塔小区二区商铺,4,47,特色海鲜面,省市区及街道已获取,已获取,同店铺ID出现在榜单县级城市入口,32842895,https://plat.dianping.com/app/femember-musteat-web/musteat-rank?cityid=108&notitlebar=1&ranktype=3,https://www.dianping.com/shop/32842895/photos/album,https://plat.dianping.com/app/femember-musteat-web/musteat-rank?cityid=898&notitlebar=1&ranktype=3
浙江省,台州市,天台县,国平海鲜（国大容园店）,浙江省台州市天台县工人西路国大容园466-2号,4.8,126,鱿鱼,省市区及街道已获取,已获取,榜单行政区/商圈归属,121852569,https://plat.dianping.com/app/femember-musteat-web/musteat-rank?cityid=108&notitlebar=1&ranktype=3,https://www.dianping.com/shop/121852569/photos/album,https://plat.dianping.com/app/femember-musteat-web/musteat-rank?cityid=108&notitlebar=1&ranktype=3
浙江省,台州市,黄岩区,新军排档,浙江省台州市黄岩区坎头张村93号(博森模具厂对面),4.8,100,糖醋排条,省市区及街道已获取,已获取,榜单行政区/商圈归属,62478729,https://plat.dianping.com/app/femember-musteat-web/musteat-rank?cityid=108&notitlebar=1&ranktype=3,https://www.dianping.com/shop/62478729/photos/album,https://plat.dianping.com/app/femember-musteat-web/musteat-rank?cityid=108&notitlebar=1&ranktype=3
浙江省,台州市,椒江区,小站海鲜烧烤·BBQ（椒江店）,浙江省台州市椒江区海龙路362-368号,4.6,94,鸦、片鱼头,省市区及街道已获取,已获取,榜单行政区/商圈归属,1009956257,https://plat.dianping.com/app/femember-musteat-web/musteat-rank?cityid=108&notitlebar=1&ranktype=3,https://www.dianping.com/shop/1009956257/photos/album,https://plat.dianping.com/app/femember-musteat-web/musteat-rank?cityid=108&notitlebar=1&ranktype=3
浙江省,台州市,黄岩区,爱心水饺（黄岩店）,浙江省台州市黄岩区洞天路101号,4.4,26,猪肉玉米,省市区及街道已获取,已获取,榜单行政区/商圈归属,44340366,https://plat.dianping.com/app/femember-musteat-web/musteat-rank?cityid=108&notitlebar=1&ranktype=3,https://www.dianping.com/shop/44340366/photos/album,https://plat.dianping.com/app/femember-musteat-web/musteat-rank?cityid=108&notitlebar=1&ranktype=3
浙江省,台州市,温岭市,海小馆小网海鲜小炒,浙江省台州市温岭市S324车石隧道金沙村车关57号,4.4,108,绿豆面,省市区及街道已获取,已获取,同店铺ID出现在榜单县级城市入口,131726816,https://plat.dianping.com/app/femember-musteat-web/musteat-rank?cityid=108&notitlebar=1&ranktype=3,https://www.dianping.com/shop/131726816/photos/album,https://plat.dianping.com/app/femember-musteat-web/musteat-rank?cityid=899&notitlebar=1&ranktype=3
浙江省,台州市,天台县,土灶头（玉龙路店）,浙江省台州市天台县唐兴大道6号101室久合广场4楼,4.7,103,特色花雕鸡,省市区及街道已获取,已获取,同店铺ID出现在榜单县级城市入口,23349719,https://plat.dianping.com/app/femember-musteat-web/musteat-rank?cityid=108&notitlebar=1&ranktype=3,https://www.dianping.com/shop/23349719/photos/album,https://plat.dianping.com/app/femember-musteat-web/musteat-rank?cityid=901&notitlebar=1&ranktype=3
浙江省,台州市,路桥区,一品蚝宅·焗海鲜（路桥店）,浙江省台州市路桥区银座北街799-801号（123电竞酒店对面）,4.9,120,高压锅生蚝,省市区及街道已获取,已获取,榜单行政区/商圈归属,131823562,https://plat.dianping.com/app/femember-musteat-web/musteat-rank?cityid=108&notitlebar=1&ranktype=3,https://www.dianping.com/shop/131823562/photos/album,https://plat.dianping.com/app/femember-musteat-web/musteat-rank?cityid=108&notitlebar=1&ranktype=3
浙江省,台州市,椒江区,荣家沸腾鱼（台州青悦城店）,"浙江省台州市椒江区中心大道555号青悦城1楼131号商铺（商场北侧外围沿街,荣记火锅西侧）",4.4,148,荣家沸腾鱼（鲈鱼）,省市区及街道已获取,已获取,榜单行政区/商圈归属,1554525528,https://plat.dianping.com/app/femember-musteat-web/musteat-rank?cityid=108&notitlebar=1&ranktype=3,https://www.dianping.com/shop/1554525528/photos/album,https://plat.dianping.com/app/femember-musteat-web/musteat-rank?cityid=108&notitlebar=1&ranktype=3
浙江省,台州市,椒江区,鸿记清汤牛肉火锅,浙江省台州市椒江区安康路858号，赞扬北苑东门门口,4.8,107,招牌清汤牛肉养生锅,省市区及街道已获取,已获取,榜单行政区/商圈归属,999119344,https://plat.dianping.com/app/femember-musteat-web/musteat-rank?cityid=108&notitlebar=1&ranktype=3,https://www.dianping.com/shop/999119344/photos/album,https://plat.dianping.com/app/femember-musteat-web/musteat-rank?cityid=108&notitlebar=1&ranktype=3
浙江省,台州市,路桥区,久祖牛肉小火锅（十里长街店）,浙江省台州市路桥区十里长街北234-3号,4.4,60,招牌豆花牛肉锅,省市区及街道已获取,已获取,榜单行政区/商圈归属,1003164268,https://plat.dianping.com/app/femember-musteat-web/musteat-rank?cityid=108&notitlebar=1&ranktype=3,https://www.dianping.com/shop/1003164268/photos/album,https://plat.dianping.com/app/femember-musteat-web/musteat-rank?cityid=108&notitlebar=1&ranktype=3
浙江省,台州市,黄岩区,味晨小吃·特色姜汤面,浙江省台州市黄岩区横街路移动营业厅后面,4.2,27,招牌姜汤面,省市区及街道已获取,已获取,榜单行政区/商圈归属,56539724,https://plat.dianping.com/app/femember-musteat-web/musteat-rank?cityid=108&notitlebar=1&ranktype=3,https://www.dianping.com/shop/56539724/photos/album,https://plat.dianping.com/app/femember-musteat-web/musteat-rank?cityid=108&notitlebar=1&ranktype=3
浙江省,台州市,温岭市,郭记大酒店,浙江省台州市温岭市曙光大道9号（开元名庭酒店隔壁）,4.5,143,海鲜泡饭,省市区及街道已获取,已获取,同店铺ID出现在榜单县级城市入口,96569518,https://plat.dianping.com/app/femember-musteat-web/musteat-rank?cityid=108&notitlebar=1&ranktype=3,https://www.dianping.com/shop/96569518/photos/album,https://plat.dianping.com/app/femember-musteat-web/musteat-rank?cityid=899&notitlebar=1&ranktype=3
浙江省,台州市,临海市,洪池嵌糕店,浙江省台州市临海市洪池路8-2号,4.4,14,大满贯,省市区及街道已获取,已获取,同店铺ID出现在榜单县级城市入口,120061337,https://plat.dianping.com/app/femember-musteat-web/musteat-rank?cityid=108&notitlebar=1&ranktype=3,https://www.dianping.com/shop/120061337/photos/album,https://plat.dianping.com/app/femember-musteat-web/musteat-rank?cityid=898&notitlebar=1&ranktype=3
浙江省,台州市,椒江区,詹记蛋饼（永泰花园店）,浙江省台州市椒江区海门街道江城南路68号(近永兴街),4,16,加肉麦饼,省市区及街道已获取,已获取,榜单行政区/商圈归属,2330629,https://plat.dianping.com/app/femember-musteat-web/musteat-rank?cityid=108&notitlebar=1&ranktype=3,https://www.dianping.com/shop/2330629/photos/album,https://plat.dianping.com/app/femember-musteat-web/musteat-rank?cityid=108&notitlebar=1&ranktype=3
浙江省,台州市,椒江区,柒上集·焗海鲜·烧烤（椒江店）,浙江省台州市椒江区东海大道体育中心信仰公园内,4.8,106,香焗鸦（片鱼头,省市区及街道已获取,已获取,榜单行政区/商圈归属,953311274,https://plat.dianping.com/app/femember-musteat-web/musteat-rank?cityid=108&notitlebar=1&ranktype=3,https://www.dianping.com/shop/953311274/photos/album,https://plat.dianping.com/app/femember-musteat-web/musteat-rank?cityid=108&notitlebar=1&ranktype=3
浙江省,台州市,天台县,丰味海鲜（金盘中路店）,浙江省台州市天台县金盘中路90号,4.7,106,葱油蛏子,省市区及街道已获取,已获取,同店铺ID出现在榜单县级城市入口,9372417,https://plat.dianping.com/app/femember-musteat-web/musteat-rank?cityid=108&notitlebar=1&ranktype=3,https://www.dianping.com/shop/9372417/photos/album,https://plat.dianping.com/app/femember-musteat-web/musteat-rank?cityid=901&notitlebar=1&ranktype=3
浙江省,台州市,天台县,新阳光·台州菜,浙江省台州市天台县百花路88号,4.8,116,沙蒜豆面,省市区及街道已获取,已获取,同店铺ID出现在榜单县级城市入口,38333350,https://plat.dianping.com/app/femember-musteat-web/musteat-rank?cityid=108&notitlebar=1&ranktype=3,https://www.dianping.com/shop/38333350/photos/album,https://plat.dianping.com/app/femember-musteat-web/musteat-rank?cityid=901&notitlebar=1&ranktype=3
浙江省,丽水市,莲都区,水阁溪鱼馆（花园路店）,浙江省丽水市莲都区花园路与华敦街交叉口东南方向30米,4.2,107,溪鱼浓汤,省市区及街道已获取,已获取,榜单行政区/商圈归属,2839054,https://plat.dianping.com/app/femember-musteat-web/musteat-rank?cityid=109&notitlebar=1&ranktype=3,https://www.dianping.com/shop/2839054/photos/album,https://plat.dianping.com/app/femember-musteat-web/musteat-rank?cityid=109&notitlebar=1&ranktype=3
浙江省,丽水市,莲都区,山林食事私家手作,浙江省丽水市莲都区222省道碧湖镇堰头村南山映秀旁,4.4,38,特色土猪肉手擀面,省市区及街道已获取,已获取,榜单行政区/商圈归属,130637990,https://plat.dianping.com/app/femember-musteat-web/musteat-rank?cityid=109&notitlebar=1&ranktype=3,https://www.dianping.com/shop/130637990/photos/album,https://plat.dianping.com/app/femember-musteat-web/musteat-rank?cityid=109&notitlebar=1&ranktype=3
浙江省,丽水市,松阳县,王家厨房（新华路店）,浙江省丽水市松阳县新华路89号,4.4,74,酥皮豆腐,省市区及街道已获取,已获取,同店铺ID出现在榜单县级城市入口,9614586,https://plat.dianping.com/app/femember-musteat-web/musteat-rank?cityid=109&notitlebar=1&ranktype=3,https://www.dianping.com/shop/9614586/photos/album,https://plat.dianping.com/app/femember-musteat-web/musteat-rank?cityid=917&notitlebar=1&ranktype=3
浙江省,丽水市,松阳县,头上红煨盐鸡·非遗院子餐厅,浙江省丽水市松阳县望松街道草塔村大塔头128号一、二、三楼,4.4,71,头上红煨盐鸡,省市区及街道已获取,已获取,榜单行政区/商圈归属,830769369,https://plat.dianping.com/app/femember-musteat-web/musteat-rank?cityid=109&notitlebar=1&ranktype=3,https://www.dianping.com/shop/830769369/photos/album,https://plat.dianping.com/app/femember-musteat-web/musteat-rank?cityid=109&notitlebar=1&ranktype=3
浙江省,丽水市,莲都区,阿华丽水大排档（处州府城店）,浙江省丽水市莲都区大猷街处州府城17幢1-3楼,4.2,79,烫嘴豆腐,省市区及街道已获取,已获取,榜单行政区/商圈归属,1087695106,https://plat.dianping.com/app/femember-musteat-web/musteat-rank?cityid=109&notitlebar=1&ranktype=3,https://www.dianping.com/shop/1087695106/photos/album,https://plat.dianping.com/app/femember-musteat-web/musteat-rank?cityid=109&notitlebar=1&ranktype=3
浙江省,丽水市,莲都区,丰源溪鱼馆（古堰画乡店）,浙江省丽水市莲都区丽云路43号,4.1,61,溪鱼红烧,省市区及街道已获取,已获取,榜单行政区/商圈归属,9631150,https://plat.dianping.com/app/femember-musteat-web/musteat-rank?cityid=109&notitlebar=1&ranktype=3,https://www.dianping.com/shop/9631150/photos/album,https://plat.dianping.com/app/femember-musteat-web/musteat-rank?cityid=109&notitlebar=1&ranktype=3
浙江省,丽水市,莲都区,老邓大排档（花园路店）,浙江省丽水市莲都区花园路沿街商铺805号,4,77,葱油北极贝,省市区及街道已获取,已获取,榜单行政区/商圈归属,731983420,https://plat.dianping.com/app/femember-musteat-web/musteat-rank?cityid=109&notitlebar=1&ranktype=3,https://www.dianping.com/shop/731983420/photos/album,https://plat.dianping.com/app/femember-musteat-web/musteat-rank?cityid=109&notitlebar=1&ranktype=3
安徽省,合肥市,蜀山区,知味鲜小刀面（广利花园店）,安徽省合肥市蜀山区岳西路广利花园北区221号,4.1,20,猪肝面,省市区及街道已获取,已获取,榜单行政区/商圈归属,21902059,https://plat.dianping.com/app/femember-musteat-web/musteat-rank?cityid=110&notitlebar=1&ranktype=3,https://www.dianping.com/shop/21902059/photos/album,https://plat.dianping.com/app/femember-musteat-web/musteat-rank?cityid=110&notitlebar=1&ranktype=3
安徽省,合肥市,蜀山区,小薄荷云南酸菜牛肉火锅,安徽省合肥市蜀山区皖河路华地学府名都北门西100米,4.7,95,火腿洋芋焖饭,省市区及街道已获取,已获取,榜单行政区/商圈归属,849117308,https://plat.dianping.com/app/femember-musteat-web/musteat-rank?cityid=110&notitlebar=1&ranktype=3,https://www.dianping.com/shop/849117308/photos/album,https://plat.dianping.com/app/femember-musteat-web/musteat-rank?cityid=110&notitlebar=1&ranktype=3
安徽省,合肥市,庐阳区,堂上堂（益民街店）,安徽省合肥市庐阳区益民街20号一楼,4.6,14,现熬豆沙包,省市区及街道已获取,已获取,榜单行政区/商圈归属,1252239227,https://plat.dianping.com/app/femember-musteat-web/musteat-rank?cityid=110&notitlebar=1&ranktype=3,https://www.dianping.com/shop/1252239227/photos/album,https://plat.dianping.com/app/femember-musteat-web/musteat-rank?cityid=110&notitlebar=1&ranktype=3
安徽省,合肥市,,益汁鹅·大市集（合肥总店）,安徽省合肥市天柱路与海关路交叉口往西北角100米（袁记云饺隔壁）,4.8,79,益汁鹅煲,区县或街道未核实,已获取,区县未核实,126551078,https://plat.dianping.com/app/femember-musteat-web/musteat-rank?cityid=110&notitlebar=1&ranktype=3,https://www.dianping.com/shop/126551078/photos/album,https://plat.dianping.com/app/femember-musteat-web/musteat-rank?cityid=110&notitlebar=1&ranktype=3
安徽省,合肥市,蜀山区,水原烤肉（1912店）,安徽省合肥市蜀山区黄山路与怀宁路交叉口1912商业街西街8栋,4.9,109,韩式南瓜粥,省市区及街道已获取,已获取,榜单行政区/商圈归属,22939829,https://plat.dianping.com/app/femember-musteat-web/musteat-rank?cityid=110&notitlebar=1&ranktype=3,https://www.dianping.com/shop/22939829/photos/album,https://plat.dianping.com/app/femember-musteat-web/musteat-rank?cityid=110&notitlebar=1&ranktype=3
安徽省,合肥市,包河区,谢家村·一个被遗忘的徽菜（合肥南七店）,安徽省合肥市包河区水阳江路与昭潭路交叉口北行100米路东停车场入口处职工之家2-3层,4.8,86,特色酱猪蹄,省市区及街道已获取,已获取,榜单行政区/商圈归属,1644893615,https://plat.dianping.com/app/femember-musteat-web/musteat-rank?cityid=110&notitlebar=1&ranktype=3,https://www.dianping.com/shop/1644893615/photos/album,https://plat.dianping.com/app/femember-musteat-web/musteat-rank?cityid=110&notitlebar=1&ranktype=3
安徽省,合肥市,蜀山区,老家菜（醉美徽州店）,安徽省合肥市蜀山区望江西路与创新大道交叉口中新网安大厦四楼,4.7,70,徽式臭鳜鱼,省市区及街道已获取,已获取,榜单行政区/商圈归属,80185798,https://plat.dianping.com/app/femember-musteat-web/musteat-rank?cityid=110&notitlebar=1&ranktype=3,https://www.dianping.com/shop/80185798/photos/album,https://plat.dianping.com/app/femember-musteat-web/musteat-rank?cityid=110&notitlebar=1&ranktype=3
安徽省,合肥市,蜀山区,秋の寿司（天鹅湖万达广场店）,安徽省合肥市蜀山区聚云峰路天鹅湖万达金街2楼4-229,4.8,196,鹅肝寿司,省市区及街道已获取,已获取,榜单行政区/商圈归属,48072740,https://plat.dianping.com/app/femember-musteat-web/musteat-rank?cityid=110&notitlebar=1&ranktype=3,https://www.dianping.com/shop/48072740/photos/album,https://plat.dianping.com/app/femember-musteat-web/musteat-rank?cityid=110&notitlebar=1&ranktype=3
安徽省,合肥市,蜀山区,一味韩餐（天鹅湖万达店）,安徽省合肥市蜀山区怀宁路与高河西路交叉口东北角天鹅湖万达金街外街3楼325室（7-8号门之间）,4.4,40,铁板豆腐,省市区及街道已获取,已获取,榜单行政区/商圈归属,18081480,https://plat.dianping.com/app/femember-musteat-web/musteat-rank?cityid=110&notitlebar=1&ranktype=3,https://www.dianping.com/shop/18081480/photos/album,https://plat.dianping.com/app/femember-musteat-web/musteat-rank?cityid=110&notitlebar=1&ranktype=3
安徽省,合肥市,蜀山区,京哈哈炙子烤肉（中科大店）,安徽省合肥市蜀山区稻香村街道文馨园,4.8,77,特色齐市拌肉150g,省市区及街道已获取,已获取,榜单行政区/商圈归属,1178634124,https://plat.dianping.com/app/femember-musteat-web/musteat-rank?cityid=110&notitlebar=1&ranktype=3,https://www.dianping.com/shop/1178634124/photos/album,https://plat.dianping.com/app/femember-musteat-web/musteat-rank?cityid=110&notitlebar=1&ranktype=3
安徽省,合肥市,包河区,味特美蒸饺,安徽省合肥市包河区芜湖路街道桐城南路405号(曙光新村底商),4.4,17,半笼荠菜蒸饺,省市区及街道已获取,已获取,榜单行政区/商圈归属,93639908,https://plat.dianping.com/app/femember-musteat-web/musteat-rank?cityid=110&notitlebar=1&ranktype=3,https://www.dianping.com/shop/93639908/photos/album,https://plat.dianping.com/app/femember-musteat-web/musteat-rank?cityid=110&notitlebar=1&ranktype=3
安徽省,合肥市,包河区,溪玖餐厅·安徽菜家宴·宴请环境主题店,安徽省合肥市包河区玉龙路与福州路交口土楼南门一层,4.8,125,堂蒸黄金火焰鱼头,省市区及街道已获取,已获取,榜单行政区/商圈归属,1785626928,https://plat.dianping.com/app/femember-musteat-web/musteat-rank?cityid=110&notitlebar=1&ranktype=3,https://www.dianping.com/shop/1785626928/photos/album,https://plat.dianping.com/app/femember-musteat-web/musteat-rank?cityid=110&notitlebar=1&ranktype=3
安徽省,合肥市,庐阳区,小白桦上海餐厅（老报馆店）,安徽省合肥市庐阳区环城南路76号3楼（地下车库入口处）,4.7,108,响油鳝丝,省市区及街道已获取,已获取,榜单行政区/商圈归属,1067618741,https://plat.dianping.com/app/femember-musteat-web/musteat-rank?cityid=110&notitlebar=1&ranktype=3,https://www.dianping.com/shop/1067618741/photos/album,https://plat.dianping.com/app/femember-musteat-web/musteat-rank?cityid=110&notitlebar=1&ranktype=3
安徽省,合肥市,庐阳区,文慧牛店（义井路店）,安徽省合肥市庐阳区义井路与颍上路交叉口向北100米,4.7,83,牛肋排,省市区及街道已获取,已获取,榜单行政区/商圈归属,1666126179,https://plat.dianping.com/app/femember-musteat-web/musteat-rank?cityid=110&notitlebar=1&ranktype=3,https://www.dianping.com/shop/1666126179/photos/album,https://plat.dianping.com/app/femember-musteat-web/musteat-rank?cityid=110&notitlebar=1&ranktype=3
安徽省,合肥市,包河区,灶王小院（合肥南站店）,安徽省合肥市包河区繁华大道与徽州大道交叉口淝南工业园8栋,4.7,134,农家烧公鸡,省市区及街道已获取,已获取,榜单行政区/商圈归属,2209036,https://plat.dianping.com/app/femember-musteat-web/musteat-rank?cityid=110&notitlebar=1&ranktype=3,https://www.dianping.com/shop/2209036/photos/album,https://plat.dianping.com/app/femember-musteat-web/musteat-rank?cityid=110&notitlebar=1&ranktype=3
安徽省,合肥市,蜀山区,千寻烧肉·旗舰店（潜山路店）,安徽省合肥市蜀山区潜山路与皖河路交口西南角华地金融中心c座2楼,4.7,109,茶泡饭,省市区及街道已获取,已获取,榜单行政区/商圈归属,1100430813,https://plat.dianping.com/app/femember-musteat-web/musteat-rank?cityid=110&notitlebar=1&ranktype=3,https://www.dianping.com/shop/1100430813/photos/album,https://plat.dianping.com/app/femember-musteat-web/musteat-rank?cityid=110&notitlebar=1&ranktype=3
安徽省,合肥市,蜀山区,木桶记臭鳜鱼·安徽非遗名菜（南七店）,安徽省合肥市蜀山区望江西路与肥西路交口金隅南七汇商街2楼2046号商铺,4.8,82,传统经典臭鳜鱼王,省市区及街道已获取,已获取,榜单行政区/商圈归属,787804222,https://plat.dianping.com/app/femember-musteat-web/musteat-rank?cityid=110&notitlebar=1&ranktype=3,https://www.dianping.com/shop/787804222/photos/album,https://plat.dianping.com/app/femember-musteat-web/musteat-rank?cityid=110&notitlebar=1&ranktype=3
安徽省,合肥市,蜀山区,成都味道（望江西路店）,安徽省合肥市蜀山区望江西路与怀宁路交口向东50米,4.4,73,蒜泥白肉,省市区及街道已获取,已获取,榜单行政区/商圈归属,114871428,https://plat.dianping.com/app/femember-musteat-web/musteat-rank?cityid=110&notitlebar=1&ranktype=3,https://www.dianping.com/shop/114871428/photos/album,https://plat.dianping.com/app/femember-musteat-web/musteat-rank?cityid=110&notitlebar=1&ranktype=3
安徽省,合肥市,包河区,边虾王·龙虾螃蟹馆（后街旗舰店）,安徽省合肥市包河区秋浦河路与万岗路交叉口北200米路西,4.7,91,蚌埠麻辣龙虾,省市区及街道已获取,已获取,榜单行政区/商圈归属,1648482875,https://plat.dianping.com/app/femember-musteat-web/musteat-rank?cityid=110&notitlebar=1&ranktype=3,https://www.dianping.com/shop/1648482875/photos/album,https://plat.dianping.com/app/femember-musteat-web/musteat-rank?cityid=110&notitlebar=1&ranktype=3
安徽省,合肥市,蜀山区,FABIO’S费比欧披萨餐厅,安徽省合肥市蜀山区金寨路和黄山路交口往南100米高科技广场北一座,4.7,64,炸鱼薯条,省市区及街道已获取,已获取,榜单行政区/商圈归属,66326181,https://plat.dianping.com/app/femember-musteat-web/musteat-rank?cityid=110&notitlebar=1&ranktype=3,https://www.dianping.com/shop/66326181/photos/album,https://plat.dianping.com/app/femember-musteat-web/musteat-rank?cityid=110&notitlebar=1&ranktype=3
安徽省,芜湖市,镜湖区,品云贵鲜牛馆（天门山东路店）,安徽省芜湖市镜湖区天门山东路2号,4.7,77,鲜切黄牛肉,省市区及街道已获取,已获取,榜单行政区/商圈归属,1276791687,https://plat.dianping.com/app/femember-musteat-web/musteat-rank?cityid=111&notitlebar=1&ranktype=3,https://www.dianping.com/shop/1276791687/photos/album,https://plat.dianping.com/app/femember-musteat-web/musteat-rank?cityid=111&notitlebar=1&ranktype=3
安徽省,芜湖市,镜湖区,墨宴（西洋湖店）,安徽省芜湖市镜湖区经一路与棠梅路交叉口北100米路西,4.5,156,酥不腻烤鸭,省市区及街道已获取,已获取,榜单行政区/商圈归属,93246144,https://plat.dianping.com/app/femember-musteat-web/musteat-rank?cityid=111&notitlebar=1&ranktype=3,https://www.dianping.com/shop/93246144/photos/album,https://plat.dianping.com/app/femember-musteat-web/musteat-rank?cityid=111&notitlebar=1&ranktype=3
安徽省,芜湖市,镜湖区,团结严记小吃（赭山西路店）,安徽省芜湖市镜湖区赭山西路28号,4.1,21,小锅贴,省市区及街道已获取,已获取,榜单行政区/商圈归属,1866206998,https://plat.dianping.com/app/femember-musteat-web/musteat-rank?cityid=111&notitlebar=1&ranktype=3,https://www.dianping.com/shop/1866206998/photos/album,https://plat.dianping.com/app/femember-musteat-web/musteat-rank?cityid=111&notitlebar=1&ranktype=3
安徽省,芜湖市,镜湖区,香浓浓麻辣烫,安徽省芜湖市镜湖区赭山街道北京中路劳动新村中国移动通信隔壁,4.2,28,麻辣烫,省市区及街道已获取,已获取,榜单行政区/商圈归属,19373498,https://plat.dianping.com/app/femember-musteat-web/musteat-rank?cityid=111&notitlebar=1&ranktype=3,https://www.dianping.com/shop/19373498/photos/album,https://plat.dianping.com/app/femember-musteat-web/musteat-rank?cityid=111&notitlebar=1&ranktype=3
安徽省,芜湖市,鸠江区,厨禾徽菜馆（芜湖鸠江星悦店）,安徽省芜湖市鸠江区鸠江北路伟星星悦南广场四楼,4.6,76,黄山红烧臭鳜鱼/大份,省市区及街道已获取,已获取,榜单行政区/商圈归属,1503406514,https://plat.dianping.com/app/femember-musteat-web/musteat-rank?cityid=111&notitlebar=1&ranktype=3,https://www.dianping.com/shop/1503406514/photos/album,https://plat.dianping.com/app/femember-musteat-web/musteat-rank?cityid=111&notitlebar=1&ranktype=3
安徽省,芜湖市,镜湖区,同庆楼（赭山西路店）,安徽省芜湖市镜湖区赭山西路50号,4.8,115,同庆楼臭鳜鱼,省市区及街道已获取,已获取,榜单行政区/商圈归属,5196255,https://plat.dianping.com/app/femember-musteat-web/musteat-rank?cityid=111&notitlebar=1&ranktype=3,https://www.dianping.com/shop/5196255/photos/album,https://plat.dianping.com/app/femember-musteat-web/musteat-rank?cityid=111&notitlebar=1&ranktype=3
安徽省,芜湖市,镜湖区,晓马鸭店（新芜路店）,安徽省芜湖市镜湖区新芜路华盛小区7号楼,4,32,皮脆肉嫩的红皮鸭,省市区及街道已获取,已获取,榜单行政区/商圈归属,23892639,https://plat.dianping.com/app/femember-musteat-web/musteat-rank?cityid=111&notitlebar=1&ranktype=3,https://www.dianping.com/shop/23892639/photos/album,https://plat.dianping.com/app/femember-musteat-web/musteat-rank?cityid=111&notitlebar=1&ranktype=3
安徽省,芜湖市,鸠江区,金都徽小馆（齐落山路与水阳江路交叉口店）,安徽省芜湖市鸠江区创业街90号,4.6,89,黄山臭鳜鱼,省市区及街道已获取,已获取,榜单行政区/商圈归属,9891553,https://plat.dianping.com/app/femember-musteat-web/musteat-rank?cityid=111&notitlebar=1&ranktype=3,https://www.dianping.com/shop/9891553/photos/album,https://plat.dianping.com/app/femember-musteat-web/musteat-rank?cityid=111&notitlebar=1&ranktype=3
安徽省,蚌埠市,蚌山区,吉祥鱼味馆,安徽省蚌埠市蚌山区雪华乡兰凌路588号(近新市政府),4.7,60,吉祥砂锅鱼头煲,省市区及街道已获取,已获取,榜单行政区/商圈归属,5054371,https://plat.dianping.com/app/femember-musteat-web/musteat-rank?cityid=112&notitlebar=1&ranktype=3,https://www.dianping.com/shop/5054371/photos/album,https://plat.dianping.com/app/femember-musteat-web/musteat-rank?cityid=112&notitlebar=1&ranktype=3
安徽省,蚌埠市,蚌山区,阿财老铺·龙虾土菜馆（光彩分店）,安徽省蚌埠市蚌山区荣盛南山郦都B地块第1幢0单元1层3号（近汽车客运南站）,4.8,55,蚌埠红烧大虾,省市区及街道已获取,已获取,榜单行政区/商圈归属,21555850,https://plat.dianping.com/app/femember-musteat-web/musteat-rank?cityid=112&notitlebar=1&ranktype=3,https://www.dianping.com/shop/21555850/photos/album,https://plat.dianping.com/app/femember-musteat-web/musteat-rank?cityid=112&notitlebar=1&ranktype=3
安徽省,蚌埠市,蚌山区,朱记面馆（太平街店）,安徽省蚌埠市蚌山区黄庄街道太平街435号(太平街与前进路交叉口),4.2,20,鸡翅干扣面,省市区及街道已获取,已获取,榜单行政区/商圈归属,9497708,https://plat.dianping.com/app/femember-musteat-web/musteat-rank?cityid=112&notitlebar=1&ranktype=3,https://www.dianping.com/shop/9497708/photos/album,https://plat.dianping.com/app/femember-musteat-web/musteat-rank?cityid=112&notitlebar=1&ranktype=3
安徽省,蚌埠市,怀远县,周记药膳鸡锅（怀远店）,安徽省蚌埠市怀远县衙后街与南大街交叉口西50米路南,4,55,药膳鸡,省市区及街道已获取,已获取,同店铺ID出现在榜单县级城市入口,9499820,https://plat.dianping.com/app/femember-musteat-web/musteat-rank?cityid=112&notitlebar=1&ranktype=3,https://www.dianping.com/shop/9499820/photos/album,https://plat.dianping.com/app/femember-musteat-web/musteat-rank?cityid=936&notitlebar=1&ranktype=3
安徽省,蚌埠市,蚌山区,禹季甄选·非遗蚌埠菜（临湖店）,安徽省蚌埠市蚌山区恒大翡翠华庭E区商业街10栋,4.5,100,禹季鱼头煲,省市区及街道已获取,已获取,榜单行政区/商圈归属,1991841328,https://plat.dianping.com/app/femember-musteat-web/musteat-rank?cityid=112&notitlebar=1&ranktype=3,https://www.dianping.com/shop/1991841328/photos/album,https://plat.dianping.com/app/femember-musteat-web/musteat-rank?cityid=112&notitlebar=1&ranktype=3
安徽省,蚌埠市,龙子湖区,老铺人家（治淮路店）,安徽省蚌埠市龙子湖区治淮路628号,4.4,83,一鱼三吃,省市区及街道已获取,已获取,榜单行政区/商圈归属,9495126,https://plat.dianping.com/app/femember-musteat-web/musteat-rank?cityid=112&notitlebar=1&ranktype=3,https://www.dianping.com/shop/9495126/photos/album,https://plat.dianping.com/app/femember-musteat-web/musteat-rank?cityid=112&notitlebar=1&ranktype=3
安徽省,蚌埠市,蚌山区,瑞泽特色花椒鸡,安徽省蚌埠市蚌山区兴业街572号,4.2,62,特色花椒鸡,省市区及街道已获取,已获取,榜单行政区/商圈归属,1658450111,https://plat.dianping.com/app/femember-musteat-web/musteat-rank?cityid=112&notitlebar=1&ranktype=3,https://www.dianping.com/shop/1658450111/photos/album,https://plat.dianping.com/app/femember-musteat-web/musteat-rank?cityid=112&notitlebar=1&ranktype=3
安徽省,蚌埠市,怀远县,老店面筋泡（大菜市店）,安徽省蚌埠市怀远县沿堤路中心集贸市场,4.2,6,老店面筋泡,省市区及街道已获取,已获取,同店铺ID出现在榜单县级城市入口,652941013,https://plat.dianping.com/app/femember-musteat-web/musteat-rank?cityid=112&notitlebar=1&ranktype=3,https://www.dianping.com/shop/652941013/photos/album,https://plat.dianping.com/app/femember-musteat-web/musteat-rank?cityid=936&notitlebar=1&ranktype=3
安徽省,淮南市,寿县,聚红盛农庄（新城区博物馆店）,安徽省淮南市寿县宾阳大道与寿蔡路交叉口南200米,4.7,84,招牌鱼头泡饭,省市区及街道已获取,已获取,榜单行政区/商圈归属,1870041979,https://plat.dianping.com/app/femember-musteat-web/musteat-rank?cityid=113&notitlebar=1&ranktype=3,https://www.dianping.com/shop/1870041979/photos/album,https://plat.dianping.com/app/femember-musteat-web/musteat-rank?cityid=113&notitlebar=1&ranktype=3
安徽省,淮南市,田家庵区,王老三清真牛肉汤,安徽省淮南市田家庵区人民北路255号协和嘉苑西门对面,4.4,21,生滚牛肉汤,省市区及街道已获取,已获取,榜单行政区/商圈归属,68046846,https://plat.dianping.com/app/femember-musteat-web/musteat-rank?cityid=113&notitlebar=1&ranktype=3,https://www.dianping.com/shop/68046846/photos/album,https://plat.dianping.com/app/femember-musteat-web/musteat-rank?cityid=113&notitlebar=1&ranktype=3
安徽省,淮南市,寿县,寿春小而真,安徽省淮南市寿县寿蔡路尚泰广场2号楼101室,4.4,70,铜锅羊肉,省市区及街道已获取,已获取,同店铺ID出现在榜单县级城市入口,131023688,https://plat.dianping.com/app/femember-musteat-web/musteat-rank?cityid=113&notitlebar=1&ranktype=3,https://www.dianping.com/shop/131023688/photos/album,https://plat.dianping.com/app/femember-musteat-web/musteat-rank?cityid=963&notitlebar=1&ranktype=3
安徽省,淮南市,田家庵区,小尹土菜,安徽省淮南市田家庵区老体育场田家庵区第五幼儿园百花园东南,4.4,75,毛豆鸡爪筋,省市区及街道已获取,已获取,榜单行政区/商圈归属,32314458,https://plat.dianping.com/app/femember-musteat-web/musteat-rank?cityid=113&notitlebar=1&ranktype=3,https://www.dianping.com/shop/32314458/photos/album,https://plat.dianping.com/app/femember-musteat-web/musteat-rank?cityid=113&notitlebar=1&ranktype=3
安徽省,淮南市,田家庵区,一大碗（学院南路店）,安徽省淮南市田家庵区学院路淮南师范学院东门对面,4.3,55,拔丝香蕉,省市区及街道已获取,已获取,榜单行政区/商圈归属,2701909,https://plat.dianping.com/app/femember-musteat-web/musteat-rank?cityid=113&notitlebar=1&ranktype=3,https://www.dianping.com/shop/2701909/photos/album,https://plat.dianping.com/app/femember-musteat-web/musteat-rank?cityid=113&notitlebar=1&ranktype=3
安徽省,淮南市,田家庵区,淮上豆府（万达店）,安徽省淮南市田家庵区国庆中路68-6号万达广场F4层,4,68,杏仁豆腐,省市区及街道已获取,已获取,榜单行政区/商圈归属,110745956,https://plat.dianping.com/app/femember-musteat-web/musteat-rank?cityid=113&notitlebar=1&ranktype=3,https://www.dianping.com/shop/110745956/photos/album,https://plat.dianping.com/app/femember-musteat-web/musteat-rank?cityid=113&notitlebar=1&ranktype=3
安徽省,淮南市,田家庵区,谢继红26号牛肉汤（田家庵店）,安徽省淮南市田家庵区朝阳西路通达二村1栋东4-5号,4.1,18,牛肉汤,省市区及街道已获取,已获取,榜单行政区/商圈归属,2786899,https://plat.dianping.com/app/femember-musteat-web/musteat-rank?cityid=113&notitlebar=1&ranktype=3,https://www.dianping.com/shop/2786899/photos/album,https://plat.dianping.com/app/femember-musteat-web/musteat-rank?cityid=113&notitlebar=1&ranktype=3
安徽省,马鞍山市,花山区,峰玲饭店（杨家山路店）,安徽省马鞍山市花山区杨家山路金世纪花园12栋101室,4.9,76,一品双臭煲,省市区及街道已获取,已获取,榜单行政区/商圈归属,9649401,https://plat.dianping.com/app/femember-musteat-web/musteat-rank?cityid=114&notitlebar=1&ranktype=3,https://www.dianping.com/shop/9649401/photos/album,https://plat.dianping.com/app/femember-musteat-web/musteat-rank?cityid=114&notitlebar=1&ranktype=3
安徽省,马鞍山市,雨山区,春盛渔府,安徽省马鞍山市雨山区雨田路与安民路交叉口1577-2号,4.4,104,臭桂鱼,省市区及街道已获取,已获取,榜单行政区/商圈归属,5860346,https://plat.dianping.com/app/femember-musteat-web/musteat-rank?cityid=114&notitlebar=1&ranktype=3,https://www.dianping.com/shop/5860346/photos/album,https://plat.dianping.com/app/femember-musteat-web/musteat-rank?cityid=114&notitlebar=1&ranktype=3
安徽省,马鞍山市,雨山区,盛德轩大酒店（鹊桥店）,安徽省马鞍山市雨山区安民街道雨山西路与朱然路交叉口南行100米路西(鹊桥小区旁),4.5,88,特色大肉包,省市区及街道已获取,已获取,榜单行政区/商圈归属,58123853,https://plat.dianping.com/app/femember-musteat-web/musteat-rank?cityid=114&notitlebar=1&ranktype=3,https://www.dianping.com/shop/58123853/photos/album,https://plat.dianping.com/app/femember-musteat-web/musteat-rank?cityid=114&notitlebar=1&ranktype=3
安徽省,马鞍山市,当涂县,吕记老鸭汤·徽菜馆（梅塘路店）,安徽省马鞍山市当涂县梅塘路,4.8,58,吕记招牌酸萝卜老鸭汤,省市区及街道已获取,已获取,同店铺ID出现在榜单县级城市入口,131962949,https://plat.dianping.com/app/femember-musteat-web/musteat-rank?cityid=114&notitlebar=1&ranktype=3,https://www.dianping.com/shop/131962949/photos/album,https://plat.dianping.com/app/femember-musteat-web/musteat-rank?cityid=946&notitlebar=1&ranktype=3
安徽省,马鞍山市,花山区,宝庆·庆喜年,安徽省马鞍山市花山区江东大道东晖花园3栋,4.6,90,牛肉煎包,省市区及街道已获取,已获取,榜单行政区/商圈归属,16005234,https://plat.dianping.com/app/femember-musteat-web/musteat-rank?cityid=114&notitlebar=1&ranktype=3,https://www.dianping.com/shop/16005234/photos/album,https://plat.dianping.com/app/femember-musteat-web/musteat-rank?cityid=114&notitlebar=1&ranktype=3
安徽省,马鞍山市,当涂县,胡氏面馆,安徽省马鞍山市当涂县振兴南路202号,4,16,大肉面,省市区及街道已获取,已获取,同店铺ID出现在榜单县级城市入口,63369508,https://plat.dianping.com/app/femember-musteat-web/musteat-rank?cityid=114&notitlebar=1&ranktype=3,https://www.dianping.com/shop/63369508/photos/album,https://plat.dianping.com/app/femember-musteat-web/musteat-rank?cityid=946&notitlebar=1&ranktype=3
安徽省,马鞍山市,花山区,清真老马家牛羊肉馆,安徽省马鞍山市花山区塘西街道绿洲花园二村2栋107-108号,4.3,74,牛奶鸡蛋醪糟,省市区及街道已获取,已获取,榜单行政区/商圈归属,38162620,https://plat.dianping.com/app/femember-musteat-web/musteat-rank?cityid=114&notitlebar=1&ranktype=3,https://www.dianping.com/shop/38162620/photos/album,https://plat.dianping.com/app/femember-musteat-web/musteat-rank?cityid=114&notitlebar=1&ranktype=3
安徽省,马鞍山市,花山区,魔魔方秘制酸萝卜老鸭汤（颐画嘉园店）,安徽省马鞍山市花山区菊园东路颐画嘉园1栋1层105号,4.3,50,炒米,省市区及街道已获取,已获取,榜单行政区/商圈归属,6018283,https://plat.dianping.com/app/femember-musteat-web/musteat-rank?cityid=114&notitlebar=1&ranktype=3,https://www.dianping.com/shop/6018283/photos/album,https://plat.dianping.com/app/femember-musteat-web/musteat-rank?cityid=114&notitlebar=1&ranktype=3
安徽省,安庆市,宜秀区,过江龙火锅（安庆店）,安徽省安庆市宜秀区祥和路七街三期107号,4.6,64,过江龙筒骨鸳鸯锅,省市区及街道已获取,已获取,榜单行政区/商圈归属,92135681,https://plat.dianping.com/app/femember-musteat-web/musteat-rank?cityid=117&notitlebar=1&ranktype=3,https://www.dianping.com/shop/92135681/photos/album,https://plat.dianping.com/app/femember-musteat-web/musteat-rank?cityid=117&notitlebar=1&ranktype=3
安徽省,安庆市,宜秀区,宋徽厨·安徽菜（安庆光彩大舞台店）,安徽省安庆市宜秀区天柱山东路光彩四期烩街三楼（南翔大舞台东侧50米）,4.5,65,大南门牛肉包子,省市区及街道已获取,已获取,榜单行政区/商圈归属,95263124,https://plat.dianping.com/app/femember-musteat-web/musteat-rank?cityid=117&notitlebar=1&ranktype=3,https://www.dianping.com/shop/95263124/photos/album,https://plat.dianping.com/app/femember-musteat-web/musteat-rank?cityid=117&notitlebar=1&ranktype=3
安徽省,安庆市,迎江区,金源堂先锋巷肉丝面（先锋巷供电小区店）,安徽省安庆市迎江区先锋巷29号,4.1,15,青椒肉丝汤面标准,省市区及街道已获取,已获取,榜单行政区/商圈归属,57644566,https://plat.dianping.com/app/femember-musteat-web/musteat-rank?cityid=117&notitlebar=1&ranktype=3,https://www.dianping.com/shop/57644566/photos/album,https://plat.dianping.com/app/femember-musteat-web/musteat-rank?cityid=117&notitlebar=1&ranktype=3
安徽省,安庆市,大观区,金回回牛肉面馆,安徽省安庆市大观区玉琳路玉琳布市6栋1楼4-6号门面,4.2,19,牛胸骨面,省市区及街道已获取,已获取,榜单行政区/商圈归属,95326367,https://plat.dianping.com/app/femember-musteat-web/musteat-rank?cityid=117&notitlebar=1&ranktype=3,https://www.dianping.com/shop/95326367/photos/album,https://plat.dianping.com/app/femember-musteat-web/musteat-rank?cityid=117&notitlebar=1&ranktype=3
安徽省,安庆市,迎江区,聚福堂酒店（华中路店）,安徽省安庆市迎江区华中西路195号（先锋巷口）,4.4,71,老北京烤鸭,省市区及街道已获取,已获取,榜单行政区/商圈归属,9482763,https://plat.dianping.com/app/femember-musteat-web/musteat-rank?cityid=117&notitlebar=1&ranktype=3,https://www.dianping.com/shop/9482763/photos/album,https://plat.dianping.com/app/femember-musteat-web/musteat-rank?cityid=117&notitlebar=1&ranktype=3
安徽省,安庆市,迎江区,安庆名家中餐厅·订婚宴·宝宝宴·乔迁宴,安徽省安庆市迎江区湖心南路318号（近人民路步行街、振风塔）,4.6,98,徽州臭鳜鱼,省市区及街道已获取,已获取,榜单行政区/商圈归属,56708641,https://plat.dianping.com/app/femember-musteat-web/musteat-rank?cityid=117&notitlebar=1&ranktype=3,https://www.dianping.com/shop/56708641/photos/album,https://plat.dianping.com/app/femember-musteat-web/musteat-rank?cityid=117&notitlebar=1&ranktype=3
安徽省,安庆市,迎江区,川中渝夫火锅（新城吾悦店）,安徽省安庆市迎江区新城吾悦广场4楼,4.4,81,一米肥牛王,省市区及街道已获取,已获取,榜单行政区/商圈归属,1100626109,https://plat.dianping.com/app/femember-musteat-web/musteat-rank?cityid=117&notitlebar=1&ranktype=3,https://www.dianping.com/shop/1100626109/photos/album,https://plat.dianping.com/app/femember-musteat-web/musteat-rank?cityid=117&notitlebar=1&ranktype=3
安徽省,安庆市,宜秀区,香村美食•皖南民间菜,安徽省安庆市宜秀区同安路199号光彩大市场西3栋1-10号,4.3,56,花亭湖剁椒鱼头,省市区及街道已获取,已获取,榜单行政区/商圈归属,5584895,https://plat.dianping.com/app/femember-musteat-web/musteat-rank?cityid=117&notitlebar=1&ranktype=3,https://www.dianping.com/shop/5584895/photos/album,https://plat.dianping.com/app/femember-musteat-web/musteat-rank?cityid=117&notitlebar=1&ranktype=3
安徽省,安庆市,迎江区,大南门牛肉包子店,安徽省安庆市迎江区清真寺街盛唐山庄1号楼1号门面,4,14,大南门牛肉包子,省市区及街道已获取,已获取,榜单行政区/商圈归属,1923754,https://plat.dianping.com/app/femember-musteat-web/musteat-rank?cityid=117&notitlebar=1&ranktype=3,https://www.dianping.com/shop/1923754/photos/album,https://plat.dianping.com/app/femember-musteat-web/musteat-rank?cityid=117&notitlebar=1&ranktype=3
安徽省,黄山市,屯溪区,钟大厨臭鳜鱼·紫云馆（高新店）,安徽省黄山市屯溪区高新技术产业开发区蓬莱路7-1号（3号车间北侧1-2号）,4.7,80,钟大厨臭鳜鱼,省市区及街道已获取,已获取,榜单行政区/商圈归属,887958020,https://plat.dianping.com/app/femember-musteat-web/musteat-rank?cityid=118&notitlebar=1&ranktype=3,https://www.dianping.com/shop/887958020/photos/album,https://plat.dianping.com/app/femember-musteat-web/musteat-rank?cityid=118&notitlebar=1&ranktype=3
安徽省,黄山市,歙县,好再来·徽州菜（古城店）,安徽省黄山市歙县河西印象徽州43幢1009-1010号,4.8,79,徽州臭鳜鱼,省市区及街道已获取,已获取,同店铺ID出现在榜单县级城市入口,1363661046,https://plat.dianping.com/app/femember-musteat-web/musteat-rank?cityid=118&notitlebar=1&ranktype=3,https://www.dianping.com/shop/1363661046/photos/album,https://plat.dianping.com/app/femember-musteat-web/musteat-rank?cityid=959&notitlebar=1&ranktype=3
安徽省,黄山市,黄山区,小厨王徽菜（黄山店）,安徽省黄山市黄山区汤口镇汤川路维也纳国际酒店一楼（高速出口左转600米）,4.8,65,鲜笋肉片,省市区及街道已获取,已获取,榜单行政区/商圈归属,67635849,https://plat.dianping.com/app/femember-musteat-web/musteat-rank?cityid=118&notitlebar=1&ranktype=3,https://www.dianping.com/shop/67635849/photos/album,https://plat.dianping.com/app/femember-musteat-web/musteat-rank?cityid=118&notitlebar=1&ranktype=3
安徽省,黄山市,黄山区,曹家食坊（南大门换乘店）,安徽省黄山市黄山区汤泉路莲花山庄温泉度假酒店内一二层,4.8,70,曹家跳水鱼,省市区及街道已获取,已获取,榜单行政区/商圈归属,128083208,https://plat.dianping.com/app/femember-musteat-web/musteat-rank?cityid=118&notitlebar=1&ranktype=3,https://www.dianping.com/shop/128083208/photos/album,https://plat.dianping.com/app/femember-musteat-web/musteat-rank?cityid=118&notitlebar=1&ranktype=3
安徽省,黄山市,歙县,河天下·徽州菜（古城店）,安徽省黄山市歙县徽州路23号（徽州古城城墙外）,4.8,77,徽州臭桂鱼,省市区及街道已获取,已获取,同店铺ID出现在榜单县级城市入口,22951295,https://plat.dianping.com/app/femember-musteat-web/musteat-rank?cityid=118&notitlebar=1&ranktype=3,https://www.dianping.com/shop/22951295/photos/album,https://plat.dianping.com/app/femember-musteat-web/musteat-rank?cityid=959&notitlebar=1&ranktype=3
安徽省,黄山市,屯溪区,印象徽州·正宗徽菜体验店,安徽省黄山市屯溪区滨江西路25-1号（屯溪河街地下停车场出入口处）,4.8,66,印象臭鳜鱼,省市区及街道已获取,已获取,榜单行政区/商圈归属,130138805,https://plat.dianping.com/app/femember-musteat-web/musteat-rank?cityid=118&notitlebar=1&ranktype=3,https://www.dianping.com/shop/130138805/photos/album,https://plat.dianping.com/app/femember-musteat-web/musteat-rank?cityid=118&notitlebar=1&ranktype=3
安徽省,滁州市,琅琊区,六零年（宋城店）,安徽省滁州市琅琊区宋城街2号楼28-30-32号,4.4,48,小鱼贴饼,省市区及街道已获取,已获取,榜单行政区/商圈归属,68124754,https://plat.dianping.com/app/femember-musteat-web/musteat-rank?cityid=119&notitlebar=1&ranktype=3,https://www.dianping.com/shop/68124754/photos/album,https://plat.dianping.com/app/femember-musteat-web/musteat-rank?cityid=119&notitlebar=1&ranktype=3
安徽省,滁州市,琅琊区,郑记南门口（中央名邸店）,安徽省滁州市琅琊区明光西路碧桂园中央名邸小区二号楼,4.4,19,南门鲜肉小笼包,省市区及街道已获取,已获取,榜单行政区/商圈归属,132454982,https://plat.dianping.com/app/femember-musteat-web/musteat-rank?cityid=119&notitlebar=1&ranktype=3,https://www.dianping.com/shop/132454982/photos/album,https://plat.dianping.com/app/femember-musteat-web/musteat-rank?cityid=119&notitlebar=1&ranktype=3
安徽省,滁州市,琅琊区,杨四老鹅汤（总店）,安徽省滁州市琅琊区全椒北路112号,4.5,91,老鹅汤,省市区及街道已获取,已获取,榜单行政区/商圈归属,92870824,https://plat.dianping.com/app/femember-musteat-web/musteat-rank?cityid=119&notitlebar=1&ranktype=3,https://www.dianping.com/shop/92870824/photos/album,https://plat.dianping.com/app/femember-musteat-web/musteat-rank?cityid=119&notitlebar=1&ranktype=3
安徽省,滁州市,琅琊区,石婆婆油茶（金色河畔店）,安徽省滁州市琅琊区育新西路2号,4,9,油茶,省市区及街道已获取,已获取,榜单行政区/商圈归属,69170008,https://plat.dianping.com/app/femember-musteat-web/musteat-rank?cityid=119&notitlebar=1&ranktype=3,https://www.dianping.com/shop/69170008/photos/album,https://plat.dianping.com/app/femember-musteat-web/musteat-rank?cityid=119&notitlebar=1&ranktype=3
安徽省,滁州市,琅琊区,后厨百家宴（宋城店）,安徽省滁州市琅琊区宋城美食街内,4.3,70,铁板虾仁,省市区及街道已获取,已获取,榜单行政区/商圈归属,67541443,https://plat.dianping.com/app/femember-musteat-web/musteat-rank?cityid=119&notitlebar=1&ranktype=3,https://www.dianping.com/shop/67541443/photos/album,https://plat.dianping.com/app/femember-musteat-web/musteat-rank?cityid=119&notitlebar=1&ranktype=3
安徽省,滁州市,琅琊区,雷子烧烤（第五大道店）,安徽省滁州市琅琊区丰乐大道与天长西路交叉口嘉宇第五大道商业广场B栋,4.4,79,牛肉串,省市区及街道已获取,已获取,榜单行政区/商圈归属,9620404,https://plat.dianping.com/app/femember-musteat-web/musteat-rank?cityid=119&notitlebar=1&ranktype=3,https://www.dianping.com/shop/9620404/photos/album,https://plat.dianping.com/app/femember-musteat-web/musteat-rank?cityid=119&notitlebar=1&ranktype=3
安徽省,滁州市,琅琊区,渔家庄·院子餐厅（宋城店）,安徽省滁州市琅琊区丰山街道宋城美食街（南湖二期6号楼）,4.4,81,凤阳胡辣汤,省市区及街道已获取,已获取,榜单行政区/商圈归属,5627175,https://plat.dianping.com/app/femember-musteat-web/musteat-rank?cityid=119&notitlebar=1&ranktype=3,https://www.dianping.com/shop/5627175/photos/album,https://plat.dianping.com/app/femember-musteat-web/musteat-rank?cityid=119&notitlebar=1&ranktype=3
安徽省,滁州市,琅琊区,穆老九清真牛羊肉馆（宋城店）,安徽省滁州市琅琊区宋城街58号,4.6,82,羊肉锅,省市区及街道已获取,已获取,榜单行政区/商圈归属,6425838,https://plat.dianping.com/app/femember-musteat-web/musteat-rank?cityid=119&notitlebar=1&ranktype=3,https://www.dianping.com/shop/6425838/photos/album,https://plat.dianping.com/app/femember-musteat-web/musteat-rank?cityid=119&notitlebar=1&ranktype=3
安徽省,阜阳市,颍州区,伟莉格拉条（十五中店）,安徽省阜阳市颍州区双清路188号十五中南20米,4.1,16,格拉条,省市区及街道已获取,已获取,榜单行政区/商圈归属,22491030,https://plat.dianping.com/app/femember-musteat-web/musteat-rank?cityid=120&notitlebar=1&ranktype=3,https://www.dianping.com/shop/22491030/photos/album,https://plat.dianping.com/app/femember-musteat-web/musteat-rank?cityid=120&notitlebar=1&ranktype=3
安徽省,阜阳市,颍州区,颍禾炒鸡·阜阳（天瑞山庄店）,安徽省阜阳市颍州区颍上南路天瑞山庄西门北100米沿街商铺,4.6,66,颍禾炒鸡,省市区及街道已获取,已获取,榜单行政区/商圈归属,111914974,https://plat.dianping.com/app/femember-musteat-web/musteat-rank?cityid=120&notitlebar=1&ranktype=3,https://www.dianping.com/shop/111914974/photos/album,https://plat.dianping.com/app/femember-musteat-web/musteat-rank?cityid=120&notitlebar=1&ranktype=3
安徽省,阜阳市,颍州区,吴山贡鹅（开发区店）,安徽省阜阳市颍州区经三路与纬三路交叉口建行对面,4.7,69,蒜香凤尾虾,省市区及街道已获取,已获取,榜单行政区/商圈归属,23653571,https://plat.dianping.com/app/femember-musteat-web/musteat-rank?cityid=120&notitlebar=1&ranktype=3,https://www.dianping.com/shop/23653571/photos/album,https://plat.dianping.com/app/femember-musteat-web/musteat-rank?cityid=120&notitlebar=1&ranktype=3
安徽省,阜阳市,颍州区,太和旧县清真板面馆（阜阳总店）,安徽省阜阳市颍州区颍河西路交警一大队东50米路南,4.1,60,羊肉板面,省市区及街道已获取,已获取,榜单行政区/商圈归属,1574151074,https://plat.dianping.com/app/femember-musteat-web/musteat-rank?cityid=120&notitlebar=1&ranktype=3,https://www.dianping.com/shop/1574151074/photos/album,https://plat.dianping.com/app/femember-musteat-web/musteat-rank?cityid=120&notitlebar=1&ranktype=3
安徽省,阜阳市,颍州区,阜阳大牌档（万达店）,安徽省阜阳市颍州区中清路519号银河金座108室,4.3,65,老阜阳辣子鸡,省市区及街道已获取,已获取,榜单行政区/商圈归属,112118173,https://plat.dianping.com/app/femember-musteat-web/musteat-rank?cityid=120&notitlebar=1&ranktype=3,https://www.dianping.com/shop/112118173/photos/album,https://plat.dianping.com/app/femember-musteat-web/musteat-rank?cityid=120&notitlebar=1&ranktype=3
安徽省,阜阳市,颍州区,小有滋味（双清路店）,安徽省阜阳市颍州区双清路5号,4,69,羊肉串,省市区及街道已获取,已获取,榜单行政区/商圈归属,78938596,https://plat.dianping.com/app/femember-musteat-web/musteat-rank?cityid=120&notitlebar=1&ranktype=3,https://www.dianping.com/shop/78938596/photos/album,https://plat.dianping.com/app/femember-musteat-web/musteat-rank?cityid=120&notitlebar=1&ranktype=3
安徽省,阜阳市,颍州区,穷人地锅小吃（锦城香格里拉店）,安徽省阜阳市颍州区阜南路298号,4,37,地锅鸡,省市区及街道已获取,已获取,榜单行政区/商圈归属,8916965,https://plat.dianping.com/app/femember-musteat-web/musteat-rank?cityid=120&notitlebar=1&ranktype=3,https://www.dianping.com/shop/8916965/photos/album,https://plat.dianping.com/app/femember-musteat-web/musteat-rank?cityid=120&notitlebar=1&ranktype=3
安徽省,六安市,金安区,鹅火锅土菜馆·臭鳜鱼（政务区 图书馆店）,安徽省六安市金安区文韵路和顺沁园春雅园10栋105-205铺,4.9,71,招牌鹅火锅,省市区及街道已获取,已获取,榜单行政区/商圈归属,561593662,https://plat.dianping.com/app/femember-musteat-web/musteat-rank?cityid=123&notitlebar=1&ranktype=3,https://www.dianping.com/shop/561593662/photos/album,https://plat.dianping.com/app/femember-musteat-web/musteat-rank?cityid=123&notitlebar=1&ranktype=3
安徽省,六安市,金寨县,喜洋洋吊锅土菜酒店（玉博园店）,安徽省六安市金寨县红军大道大别山玉博园美食街,4.3,76,烙馍,省市区及街道已获取,已获取,同店铺ID出现在榜单县级城市入口,35929538,https://plat.dianping.com/app/femember-musteat-web/musteat-rank?cityid=123&notitlebar=1&ranktype=3,https://www.dianping.com/shop/35929538/photos/album,https://plat.dianping.com/app/femember-musteat-web/musteat-rank?cityid=966&notitlebar=1&ranktype=3
安徽省,六安市,金安区,鸿运满楼·六安菜（新都会店）,安徽省六安市金安区皖西大道与淠望路交叉口阳光威尼斯广场六安大市场对面,4.4,84,锅贴馍,省市区及街道已获取,已获取,榜单行政区/商圈归属,68125024,https://plat.dianping.com/app/femember-musteat-web/musteat-rank?cityid=123&notitlebar=1&ranktype=3,https://www.dianping.com/shop/68125024/photos/album,https://plat.dianping.com/app/femember-musteat-web/musteat-rank?cityid=123&notitlebar=1&ranktype=3
安徽省,六安市,金安区,大井拐包子（总店）,安徽省六安市金安区皖西路六安大市场C8室,4,11,大别山黑猪肉包子,省市区及街道已获取,已获取,榜单行政区/商圈归属,39635548,https://plat.dianping.com/app/femember-musteat-web/musteat-rank?cityid=123&notitlebar=1&ranktype=3,https://www.dianping.com/shop/39635548/photos/album,https://plat.dianping.com/app/femember-musteat-web/musteat-rank?cityid=123&notitlebar=1&ranktype=3
安徽省,六安市,裕安区,涂玉华土菜馆（月亮岛店）,安徽省六安市裕安区月亮岛小区5幢,4.8,72,特色锅巴饭,省市区及街道已获取,已获取,榜单行政区/商圈归属,16009796,https://plat.dianping.com/app/femember-musteat-web/musteat-rank?cityid=123&notitlebar=1&ranktype=3,https://www.dianping.com/shop/16009796/photos/album,https://plat.dianping.com/app/femember-musteat-web/musteat-rank?cityid=123&notitlebar=1&ranktype=3
安徽省,六安市,裕安区,神龙吊锅寨老店（凯旋名门店）,安徽省六安市裕安区正东凯旋名门5#楼185铺,4.8,58,红烧公鸡吊锅,省市区及街道已获取,已获取,榜单行政区/商圈归属,112253850,https://plat.dianping.com/app/femember-musteat-web/musteat-rank?cityid=123&notitlebar=1&ranktype=3,https://www.dianping.com/shop/112253850/photos/album,https://plat.dianping.com/app/femember-musteat-web/musteat-rank?cityid=123&notitlebar=1&ranktype=3
安徽省,宣城市,宣州区,徽碗·宣城本帮菜旗舰店,安徽省宣城市宣州区大唐凤凰城对面沿街商铺21号,4,55,十八秒牛肉,省市区及街道已获取,已获取,榜单行政区/商圈归属,1678220068,https://plat.dianping.com/app/femember-musteat-web/musteat-rank?cityid=126&notitlebar=1&ranktype=3,https://www.dianping.com/shop/1678220068/photos/album,https://plat.dianping.com/app/femember-musteat-web/musteat-rank?cityid=126&notitlebar=1&ranktype=3
安徽省,宣城市,宣州区,喻家河鲜馆·老字号·招牌臭鳜鱼·鲍鱼烧仔排（高铁站西广场店）,安徽省宣城市宣州区叠嶂东路28号,4.4,86,臭鳜鱼,省市区及街道已获取,已获取,榜单行政区/商圈归属,45610153,https://plat.dianping.com/app/femember-musteat-web/musteat-rank?cityid=126&notitlebar=1&ranktype=3,https://www.dianping.com/shop/45610153/photos/album,https://plat.dianping.com/app/femember-musteat-web/musteat-rank?cityid=126&notitlebar=1&ranktype=3
安徽省,宣城市,宣州区,陈大嘴七秒鱼（宣城总店）,安徽省宣城市宣州区敬亭北路与陶然路思佳花园东门斜对面中国建设银行,4.9,79,鱼片,省市区及街道已获取,已获取,榜单行政区/商圈归属,103717772,https://plat.dianping.com/app/femember-musteat-web/musteat-rank?cityid=126&notitlebar=1&ranktype=3,https://www.dianping.com/shop/103717772/photos/album,https://plat.dianping.com/app/femember-musteat-web/musteat-rank?cityid=126&notitlebar=1&ranktype=3
安徽省,宣城市,宣州区,老家柴火灶（西林名都店）,安徽省宣城市宣州区西林街道中山西路353号,4.8,69,柴火鸡,省市区及街道已获取,已获取,榜单行政区/商圈归属,18464751,https://plat.dianping.com/app/femember-musteat-web/musteat-rank?cityid=126&notitlebar=1&ranktype=3,https://www.dianping.com/shop/18464751/photos/album,https://plat.dianping.com/app/femember-musteat-web/musteat-rank?cityid=126&notitlebar=1&ranktype=3
安徽省,宣城市,宣州区,丁师傅205老面馆（锦城南路店）,安徽省宣城市宣州区锦城南路270号,4,19,五花肉面,省市区及街道已获取,已获取,榜单行政区/商圈归属,9657199,https://plat.dianping.com/app/femember-musteat-web/musteat-rank?cityid=126&notitlebar=1&ranktype=3,https://www.dianping.com/shop/9657199/photos/album,https://plat.dianping.com/app/femember-musteat-web/musteat-rank?cityid=126&notitlebar=1&ranktype=3
安徽省,宣城市,宣州区,随·做东酒店,安徽省宣城市宣州区狮子冲路琥珀新天地东苑2栋一楼2室,4.7,105,碳焐土鸡汤,省市区及街道已获取,已获取,榜单行政区/商圈归属,1256441348,https://plat.dianping.com/app/femember-musteat-web/musteat-rank?cityid=126&notitlebar=1&ranktype=3,https://www.dianping.com/shop/1256441348/photos/album,https://plat.dianping.com/app/femember-musteat-web/musteat-rank?cityid=126&notitlebar=1&ranktype=3
安徽省,宣城市,宣州区,三子面馆（康乐街店）,安徽省宣城市宣州区康乐街80号(西林宾馆巷口内向内100米),4,13,小菜面,省市区及街道已获取,已获取,榜单行政区/商圈归属,75319901,https://plat.dianping.com/app/femember-musteat-web/musteat-rank?cityid=126&notitlebar=1&ranktype=3,https://www.dianping.com/shop/75319901/photos/album,https://plat.dianping.com/app/femember-musteat-web/musteat-rank?cityid=126&notitlebar=1&ranktype=3
安徽省,宣城市,宣州区,臭鳜鱼人家·老字号徽菜,安徽省宣城市宣州区文鼎路128号（文鼎中学旁),3.9,77,徽州臭鳜鱼,省市区及街道已获取,已获取,榜单行政区/商圈归属,18166623,https://plat.dianping.com/app/femember-musteat-web/musteat-rank?cityid=126&notitlebar=1&ranktype=3,https://www.dianping.com/shop/18166623/photos/album,https://plat.dianping.com/app/femember-musteat-web/musteat-rank?cityid=126&notitlebar=1&ranktype=3
安徽省,宣城市,宣州区,文苑山庄·中国经典徽菜,安徽省宣城市宣州区响山路与竹苑路交叉口往西200米路南,4.9,105,徽式臭鳜鱼,省市区及街道已获取,已获取,榜单行政区/商圈归属,66139166,https://plat.dianping.com/app/femember-musteat-web/musteat-rank?cityid=126&notitlebar=1&ranktype=3,https://www.dianping.com/shop/66139166/photos/album,https://plat.dianping.com/app/femember-musteat-web/musteat-rank?cityid=126&notitlebar=1&ranktype=3
福建省,莆田市,城厢区,鸿运海鲜楼·莆田菜·聚会宴请（北磨店）,福建省莆田市城厢区荔城中大道1375号,4.6,92,红菇卤面,省市区及街道已获取,已获取,榜单行政区/商圈归属,131779228,https://plat.dianping.com/app/femember-musteat-web/musteat-rank?cityid=127&notitlebar=1&ranktype=3,https://www.dianping.com/shop/131779228/photos/album,https://plat.dianping.com/app/femember-musteat-web/musteat-rank?cityid=127&notitlebar=1&ranktype=3
福建省,莆田市,荔城区,荔源之家,福建省莆田市荔城区东圳东路荔园小区北门旁,4.6,75,卤面,省市区及街道已获取,已获取,榜单行政区/商圈归属,57424117,https://plat.dianping.com/app/femember-musteat-web/musteat-rank?cityid=127&notitlebar=1&ranktype=3,https://www.dianping.com/shop/57424117/photos/album,https://plat.dianping.com/app/femember-musteat-web/musteat-rank?cityid=127&notitlebar=1&ranktype=3
福建省,莆田市,荔城区,求生煎包（武夷小区店）,福建省莆田市荔城区下十字街238号、242号,4.1,10,煎包,省市区及街道已获取,已获取,榜单行政区/商圈归属,4224243,https://plat.dianping.com/app/femember-musteat-web/musteat-rank?cityid=127&notitlebar=1&ranktype=3,https://www.dianping.com/shop/4224243/photos/album,https://plat.dianping.com/app/femember-musteat-web/musteat-rank?cityid=127&notitlebar=1&ranktype=3
福建省,莆田市,荔城区,院意地道闽南菜（1971文创园店）,福建省莆田市荔城区八二一北街128号1971文创园6号楼商铺在跑龙套后面宽卢旁边,4.5,77,院意姜母鸭,省市区及街道已获取,已获取,榜单行政区/商圈归属,97525994,https://plat.dianping.com/app/femember-musteat-web/musteat-rank?cityid=127&notitlebar=1&ranktype=3,https://www.dianping.com/shop/97525994/photos/album,https://plat.dianping.com/app/femember-musteat-web/musteat-rank?cityid=127&notitlebar=1&ranktype=3
福建省,莆田市,城厢区,阿昌豆浆炒（建设总店）,福建省莆田市城厢区建设路88-90号,4,18,豆浆炒,省市区及街道已获取,已获取,榜单行政区/商圈归属,9388861,https://plat.dianping.com/app/femember-musteat-web/musteat-rank?cityid=127&notitlebar=1&ranktype=3,https://www.dianping.com/shop/9388861/photos/album,https://plat.dianping.com/app/femember-musteat-web/musteat-rank?cityid=127&notitlebar=1&ranktype=3
福建省,莆田市,城厢区,天久王炝肉（西社小区店）,福建省莆田市城厢区八二一南街西社小区南区12号楼1楼商铺,4,22,炝肉,省市区及街道已获取,已获取,榜单行政区/商圈归属,98786391,https://plat.dianping.com/app/femember-musteat-web/musteat-rank?cityid=127&notitlebar=1&ranktype=3,https://www.dianping.com/shop/98786391/photos/album,https://plat.dianping.com/app/femember-musteat-web/musteat-rank?cityid=127&notitlebar=1&ranktype=3
福建省,莆田市,城厢区,阿伟海鲜楼·福建菜（泰安店）,福建省莆田市城厢区荔城中大道泰安佳园115号,4.3,102,卤面,省市区及街道已获取,已获取,榜单行政区/商圈归属,19124770,https://plat.dianping.com/app/femember-musteat-web/musteat-rank?cityid=127&notitlebar=1&ranktype=3,https://www.dianping.com/shop/19124770/photos/album,https://plat.dianping.com/app/femember-musteat-web/musteat-rank?cityid=127&notitlebar=1&ranktype=3
福建省,莆田市,荔城区,老蒲鲜·地标·非遗美食（拱辰分店）,福建省莆田市荔城区下店路1830号,4.4,91,莆田卤面,省市区及街道已获取,已获取,榜单行政区/商圈归属,27512716,https://plat.dianping.com/app/femember-musteat-web/musteat-rank?cityid=127&notitlebar=1&ranktype=3,https://www.dianping.com/shop/27512716/photos/album,https://plat.dianping.com/app/femember-musteat-web/musteat-rank?cityid=127&notitlebar=1&ranktype=3
福建省,莆田市,城厢区,建设路龙桥扁食,福建省莆田市城厢区凤凰山街道建设路70号,4.3,23,杂汤,省市区及街道已获取,已获取,榜单行政区/商圈归属,14201689,https://plat.dianping.com/app/femember-musteat-web/musteat-rank?cityid=127&notitlebar=1&ranktype=3,https://www.dianping.com/shop/14201689/photos/album,https://plat.dianping.com/app/femember-musteat-web/musteat-rank?cityid=127&notitlebar=1&ranktype=3
福建省,莆田市,城厢区,蒲尚味道·海鲜·莆田菜（万辉国际城店）,福建省莆田市城厢区龙桥街道万辉国际城52号商业楼,4.7,94,蒲尚荔枝肉,省市区及街道已获取,已获取,榜单行政区/商圈归属,67232264,https://plat.dianping.com/app/femember-musteat-web/musteat-rank?cityid=127&notitlebar=1&ranktype=3,https://www.dianping.com/shop/67232264/photos/album,https://plat.dianping.com/app/femember-musteat-web/musteat-rank?cityid=127&notitlebar=1&ranktype=3
福建省,三明市,三元区,四方桌·福建客家土菜（二中店）,福建省三明市三元区梅岭路丁香新村43幢底层,4.3,42,四方桌醉酒鸭,省市区及街道已获取,已获取,榜单行政区/商圈归属,32327916,https://plat.dianping.com/app/femember-musteat-web/musteat-rank?cityid=128&notitlebar=1&ranktype=3,https://www.dianping.com/shop/32327916/photos/album,https://plat.dianping.com/app/femember-musteat-web/musteat-rank?cityid=128&notitlebar=1&ranktype=3
福建省,三明市,永安市,添宝粿条店,福建省三明市永安市金源路42号,4.2,23,活肉,省市区及街道已获取,已获取,同店铺ID出现在榜单县级城市入口,4271028,https://plat.dianping.com/app/femember-musteat-web/musteat-rank?cityid=128&notitlebar=1&ranktype=3,https://www.dianping.com/shop/4271028/photos/album,https://plat.dianping.com/app/femember-musteat-web/musteat-rank?cityid=998&notitlebar=1&ranktype=3
福建省,三明市,沙县区,阿东永安粿条,福建省三明市沙县区李纲中路23-1号,4,26,活肉,省市区及街道已获取,已获取,同店铺ID出现在榜单县级城市入口,57770318,https://plat.dianping.com/app/femember-musteat-web/musteat-rank?cityid=128&notitlebar=1&ranktype=3,https://www.dianping.com/shop/57770318/photos/album,https://plat.dianping.com/app/femember-musteat-web/musteat-rank?cityid=1004&notitlebar=1&ranktype=3
福建省,三明市,沙县区,李记沙县小吃（李纲中路店）,福建省三明市沙县区李纲中路禹祥商务酒店西南50米,4,25,扁肉,省市区及街道已获取,已获取,同店铺ID出现在榜单县级城市入口,6446230,https://plat.dianping.com/app/femember-musteat-web/musteat-rank?cityid=128&notitlebar=1&ranktype=3,https://www.dianping.com/shop/6446230/photos/album,https://plat.dianping.com/app/femember-musteat-web/musteat-rank?cityid=1004&notitlebar=1&ranktype=3
福建省,三明市,沙县区,佳兰烧麦（沙县府前中路店）,福建省三明市沙县区府前中路152-1号,4,13,佳兰烧卖,省市区及街道已获取,已获取,同店铺ID出现在榜单县级城市入口,5659253,https://plat.dianping.com/app/femember-musteat-web/musteat-rank?cityid=128&notitlebar=1&ranktype=3,https://www.dianping.com/shop/5659253/photos/album,https://plat.dianping.com/app/femember-musteat-web/musteat-rank?cityid=1004&notitlebar=1&ranktype=3
福建省,三明市,三元区,余庆堂,福建省三明市三元区大源村45号,4.5,78,米果,省市区及街道已获取,已获取,榜单行政区/商圈归属,19796174,https://plat.dianping.com/app/femember-musteat-web/musteat-rank?cityid=128&notitlebar=1&ranktype=3,https://www.dianping.com/shop/19796174/photos/album,https://plat.dianping.com/app/femember-musteat-web/musteat-rank?cityid=128&notitlebar=1&ranktype=3
福建省,三明市,沙县区,难得怪味·客家山宴（沙县店）,福建省三明市沙县区凤岗街道新城西路12-6号(沙县小吃文化城游客服务中心旁),4.8,100,红曲酒香鳝鱼粉干,省市区及街道已获取,已获取,同店铺ID出现在榜单县级城市入口,9356215,https://plat.dianping.com/app/femember-musteat-web/musteat-rank?cityid=128&notitlebar=1&ranktype=3,https://www.dianping.com/shop/9356215/photos/album,https://plat.dianping.com/app/femember-musteat-web/musteat-rank?cityid=1004&notitlebar=1&ranktype=3
福建省,三明市,永安市,超凡鸭胫（美食街店）,福建省三明市永安市东门路美食街,4.3,68,水煮鸭胫,省市区及街道已获取,已获取,同店铺ID出现在榜单县级城市入口,18521228,https://plat.dianping.com/app/femember-musteat-web/musteat-rank?cityid=128&notitlebar=1&ranktype=3,https://www.dianping.com/shop/18521228/photos/album,https://plat.dianping.com/app/femember-musteat-web/musteat-rank?cityid=998&notitlebar=1&ranktype=3
福建省,三明市,三元区,梅园餐馆（和仁路店）,福建省三明市三元区列东满园春夏商百货对面,4.3,70,特色碧玉卷,省市区及街道已获取,已获取,榜单行政区/商圈归属,2021200,https://plat.dianping.com/app/femember-musteat-web/musteat-rank?cityid=128&notitlebar=1&ranktype=3,https://www.dianping.com/shop/2021200/photos/album,https://plat.dianping.com/app/femember-musteat-web/musteat-rank?cityid=128&notitlebar=1&ranktype=3
福建省,泉州市,鲤城区,天财牛肉馆（泉州总店）,福建省泉州市鲤城区义全街47-49号,4.1,42,牛排,省市区及街道已获取,已获取,榜单行政区/商圈归属,1831399640,https://plat.dianping.com/app/femember-musteat-web/musteat-rank?cityid=129&notitlebar=1&ranktype=3,https://www.dianping.com/shop/1831399640/photos/album,https://plat.dianping.com/app/femember-musteat-web/musteat-rank?cityid=129&notitlebar=1&ranktype=3
福建省,泉州市,鲤城区,德文蝦仔面,福建省泉州市鲤城区东街149号（泉州市公安局斜对面）,4.4,34,虾面,省市区及街道已获取,已获取,榜单行政区/商圈归属,1080235628,https://plat.dianping.com/app/femember-musteat-web/musteat-rank?cityid=129&notitlebar=1&ranktype=3,https://www.dianping.com/shop/1080235628/photos/album,https://plat.dianping.com/app/femember-musteat-web/musteat-rank?cityid=129&notitlebar=1&ranktype=3
福建省,泉州市,晋江市,食锦记家宴·闽南菜（五店市店）,福建省泉州市晋江市五店市传统街区进士路7号,4.5,99,老坛姜母鸭,省市区及街道已获取,已获取,同店铺ID出现在榜单县级城市入口,66904507,https://plat.dianping.com/app/femember-musteat-web/musteat-rank?cityid=129&notitlebar=1&ranktype=3,https://www.dianping.com/shop/66904507/photos/album,https://plat.dianping.com/app/femember-musteat-web/musteat-rank?cityid=1009&notitlebar=1&ranktype=3
福建省,泉州市,晋江市,小怣面线糊（泉安中路店）,福建省泉州市晋江市青阳街道泉安中路520号,4.3,22,面线糊,省市区及街道已获取,已获取,同店铺ID出现在榜单县级城市入口,126093190,https://plat.dianping.com/app/femember-musteat-web/musteat-rank?cityid=129&notitlebar=1&ranktype=3,https://www.dianping.com/shop/126093190/photos/album,https://plat.dianping.com/app/femember-musteat-web/musteat-rank?cityid=1009&notitlebar=1&ranktype=3
福建省,泉州市,丰泽区,天荷菜根·闽南素食自助（刺桐北路店）,福建省泉州市丰泽区刺桐北路880号,4.4,34,桂香芋泥,省市区及街道已获取,已获取,榜单行政区/商圈归属,24970860,https://plat.dianping.com/app/femember-musteat-web/musteat-rank?cityid=129&notitlebar=1&ranktype=3,https://www.dianping.com/shop/24970860/photos/album,https://plat.dianping.com/app/femember-musteat-web/musteat-rank?cityid=129&notitlebar=1&ranktype=3
福建省,泉州市,鲤城区,柯厨川宴（美食街店）,福建省泉州市鲤城区鲤中街道泽街道津淮街美食街145号,4.6,74,香锅田鸡,省市区及街道已获取,已获取,榜单行政区/商圈归属,98062670,https://plat.dianping.com/app/femember-musteat-web/musteat-rank?cityid=129&notitlebar=1&ranktype=3,https://www.dianping.com/shop/98062670/photos/album,https://plat.dianping.com/app/femember-musteat-web/musteat-rank?cityid=129&notitlebar=1&ranktype=3
福建省,泉州市,丰泽区,平啊面线糊,福建省泉州市丰泽区清源街道城北路与学府街交叉路口往西约50米(梧桐轩北侧),4.3,19,面线糊,省市区及街道已获取,已获取,榜单行政区/商圈归属,15580833,https://plat.dianping.com/app/femember-musteat-web/musteat-rank?cityid=129&notitlebar=1&ranktype=3,https://www.dianping.com/shop/15580833/photos/album,https://plat.dianping.com/app/femember-musteat-web/musteat-rank?cityid=129&notitlebar=1&ranktype=3
福建省,泉州市,鲤城区,刺桐别院·泉州传家菜（鲤城府文庙店）,福建省泉州市鲤城区兰桥巷10号,4.9,185,泉州姜母鸭,省市区及街道已获取,已获取,榜单行政区/商圈归属,1680567465,https://plat.dianping.com/app/femember-musteat-web/musteat-rank?cityid=129&notitlebar=1&ranktype=3,https://www.dianping.com/shop/1680567465/photos/album,https://plat.dianping.com/app/femember-musteat-web/musteat-rank?cityid=129&notitlebar=1&ranktype=3
福建省,泉州市,鲤城区,泉州阿华牛肉店（东街店）,福建省泉州市鲤城区东街137号,4.2,32,牛排,省市区及街道已获取,已获取,榜单行政区/商圈归属,76914243,https://plat.dianping.com/app/femember-musteat-web/musteat-rank?cityid=129&notitlebar=1&ranktype=3,https://www.dianping.com/shop/76914243/photos/album,https://plat.dianping.com/app/femember-musteat-web/musteat-rank?cityid=129&notitlebar=1&ranktype=3
福建省,泉州市,丰泽区,宋小谨·泉州小排档（东海泰禾金街店）,福建省泉州市丰泽区东海泰禾广场新天地11号楼205-209,4.4,83,泉州姜母鸭,省市区及街道已获取,已获取,榜单行政区/商圈归属,93234658,https://plat.dianping.com/app/femember-musteat-web/musteat-rank?cityid=129&notitlebar=1&ranktype=3,https://www.dianping.com/shop/93234658/photos/album,https://plat.dianping.com/app/femember-musteat-web/musteat-rank?cityid=129&notitlebar=1&ranktype=3
福建省,泉州市,晋江市,斯丹姜母鸭·古法干香（青阳店）,福建省泉州市晋江市泉安中路767号769号773号（美心餐厅对面）,4.7,77,斯丹姜母鸭,省市区及街道已获取,已获取,同店铺ID出现在榜单县级城市入口,77011316,https://plat.dianping.com/app/femember-musteat-web/musteat-rank?cityid=129&notitlebar=1&ranktype=3,https://www.dianping.com/shop/77011316/photos/album,https://plat.dianping.com/app/femember-musteat-web/musteat-rank?cityid=1009&notitlebar=1&ranktype=3
福建省,泉州市,石狮市,绿岛海鲜酒楼（九二路步行街店）,福建省泉州市石狮市九二路步行街447-451号,4.8,155,侨乡葱茸包,省市区及街道已获取,已获取,同店铺ID出现在榜单县级城市入口,3902233,https://plat.dianping.com/app/femember-musteat-web/musteat-rank?cityid=129&notitlebar=1&ranktype=3,https://www.dianping.com/shop/3902233/photos/album,https://plat.dianping.com/app/femember-musteat-web/musteat-rank?cityid=1008&notitlebar=1&ranktype=3
福建省,泉州市,晋江市,尾呀荟·正宗姜母鸭·闽南菜（五店市店）,福建省泉州市晋江市虎爷巷26号,4.6,88,姜母鸭,省市区及街道已获取,已获取,同店铺ID出现在榜单县级城市入口,94118118,https://plat.dianping.com/app/femember-musteat-web/musteat-rank?cityid=129&notitlebar=1&ranktype=3,https://www.dianping.com/shop/94118118/photos/album,https://plat.dianping.com/app/femember-musteat-web/musteat-rank?cityid=1009&notitlebar=1&ranktype=3
福建省,泉州市,丰泽区,辉记牛肉馆（泉州店）,福建省泉州市丰泽区通港西街225号（菜市场入口）,4.7,58,牛肉火锅,省市区及街道已获取,已获取,榜单行政区/商圈归属,45532150,https://plat.dianping.com/app/femember-musteat-web/musteat-rank?cityid=129&notitlebar=1&ranktype=3,https://www.dianping.com/shop/45532150/photos/album,https://plat.dianping.com/app/femember-musteat-web/musteat-rank?cityid=129&notitlebar=1&ranktype=3
福建省,泉州市,石狮市,王川花生汤（中骏悦景府店）,福建省泉州市石狮市聚祥路悦景府16-17号店铺,4.4,9,花生汤,省市区及街道已获取,已获取,同店铺ID出现在榜单县级城市入口,97281672,https://plat.dianping.com/app/femember-musteat-web/musteat-rank?cityid=129&notitlebar=1&ranktype=3,https://www.dianping.com/shop/97281672/photos/album,https://plat.dianping.com/app/femember-musteat-web/musteat-rank?cityid=1008&notitlebar=1&ranktype=3
福建省,泉州市,石狮市,钱山海鲜大排档,福建省泉州市石狮市宝盖路28号万益山庄,4.6,129,芥末虾,省市区及街道已获取,已获取,同店铺ID出现在榜单县级城市入口,110778877,https://plat.dianping.com/app/femember-musteat-web/musteat-rank?cityid=129&notitlebar=1&ranktype=3,https://www.dianping.com/shop/110778877/photos/album,https://plat.dianping.com/app/femember-musteat-web/musteat-rank?cityid=1008&notitlebar=1&ranktype=3
福建省,泉州市,丰泽区,香喷喷湘菜馆（六灌路店）,福建省泉州市丰泽区津坂路126号,4.6,60,日本豆腐煲,省市区及街道已获取,已获取,榜单行政区/商圈归属,5667250,https://plat.dianping.com/app/femember-musteat-web/musteat-rank?cityid=129&notitlebar=1&ranktype=3,https://www.dianping.com/shop/5667250/photos/album,https://plat.dianping.com/app/femember-musteat-web/musteat-rank?cityid=129&notitlebar=1&ranktype=3
福建省,泉州市,晋江市,肥达粥底火锅（晋江总店）,福建省泉州市晋江市梅园路95号,4.7,94,招牌现切牛肉,省市区及街道已获取,已获取,同店铺ID出现在榜单县级城市入口,1953533421,https://plat.dianping.com/app/femember-musteat-web/musteat-rank?cityid=129&notitlebar=1&ranktype=3,https://www.dianping.com/shop/1953533421/photos/album,https://plat.dianping.com/app/femember-musteat-web/musteat-rank?cityid=1009&notitlebar=1&ranktype=3
福建省,泉州市,丰泽区,丰鲤楼•闽南茶楼（仟禧汇店）,福建省泉州市丰泽区云鹿路仟僖汇大厦4楼（现代家具广场对面）,4.5,98,脆皮鲜虾红米肠,省市区及街道已获取,已获取,榜单行政区/商圈归属,50608104,https://plat.dianping.com/app/femember-musteat-web/musteat-rank?cityid=129&notitlebar=1&ranktype=3,https://www.dianping.com/shop/50608104/photos/album,https://plat.dianping.com/app/femember-musteat-web/musteat-rank?cityid=129&notitlebar=1&ranktype=3
福建省,泉州市,丰泽区,春哥铁板烧（泉秀旗舰店）,福建省泉州市丰泽区泉秀街586号1楼,4.1,45,白果,省市区及街道已获取,已获取,榜单行政区/商圈归属,69118316,https://plat.dianping.com/app/femember-musteat-web/musteat-rank?cityid=129&notitlebar=1&ranktype=3,https://www.dianping.com/shop/69118316/photos/album,https://plat.dianping.com/app/femember-musteat-web/musteat-rank?cityid=129&notitlebar=1&ranktype=3
福建省,漳州市,龙文区,天添锅边糊（悦港路店）,福建省漳州市龙文区悦港路云港花园3栋13号店面,4.4,19,锅边糊,省市区及街道已获取,已获取,榜单行政区/商圈归属,9668750,https://plat.dianping.com/app/femember-musteat-web/musteat-rank?cityid=130&notitlebar=1&ranktype=3,https://www.dianping.com/shop/9668750/photos/album,https://plat.dianping.com/app/femember-musteat-web/musteat-rank?cityid=130&notitlebar=1&ranktype=3
福建省,漳州市,芗城区,客家楼·汀州乡土菜（漳州古城店）,福建省漳州市芗城区通北街道大通北路51号芝山小楼1-2层(金谷新村对面),4.4,71,盐酒河田鸡,省市区及街道已获取,已获取,榜单行政区/商圈归属,8028451,https://plat.dianping.com/app/femember-musteat-web/musteat-rank?cityid=130&notitlebar=1&ranktype=3,https://www.dianping.com/shop/8028451/photos/album,https://plat.dianping.com/app/femember-musteat-web/musteat-rank?cityid=130&notitlebar=1&ranktype=3
福建省,漳州市,芗城区,建国蚵煎蚵面,福建省漳州市芗城区芗新华西路鑫荣花苑二期28栋,4.1,21,海蛎煎,省市区及街道已获取,已获取,榜单行政区/商圈归属,6442912,https://plat.dianping.com/app/femember-musteat-web/musteat-rank?cityid=130&notitlebar=1&ranktype=3,https://www.dianping.com/shop/6442912/photos/album,https://plat.dianping.com/app/femember-musteat-web/musteat-rank?cityid=130&notitlebar=1&ranktype=3
福建省,漳州市,芗城区,阿蛤正宗洋老洲卤面（和平里小区店）,福建省漳州市芗城区大通北路和平里22幢5号店面,4.7,20,大肠,省市区及街道已获取,已获取,榜单行政区/商圈归属,9663745,https://plat.dianping.com/app/femember-musteat-web/musteat-rank?cityid=130&notitlebar=1&ranktype=3,https://www.dianping.com/shop/9663745/photos/album,https://plat.dianping.com/app/femember-musteat-web/musteat-rank?cityid=130&notitlebar=1&ranktype=3
福建省,漳州市,龙文区,蚝伯·新派海鲜（荣昌店）,福建省漳州市龙文区荣昌花园厚泽苑8-10栋15号店面,4.7,93,剁椒生蚝,省市区及街道已获取,已获取,榜单行政区/商圈归属,66734101,https://plat.dianping.com/app/femember-musteat-web/musteat-rank?cityid=130&notitlebar=1&ranktype=3,https://www.dianping.com/shop/66734101/photos/album,https://plat.dianping.com/app/femember-musteat-web/musteat-rank?cityid=130&notitlebar=1&ranktype=3
福建省,漳州市,龙海区,顺德五香卤面,福建省漳州市龙海区解放北路和解放西路交叉口西北角,4.8,7,五香卷,省市区及街道已获取,已获取,同店铺ID出现在榜单县级城市入口,90362318,https://plat.dianping.com/app/femember-musteat-web/musteat-rank?cityid=130&notitlebar=1&ranktype=3,https://www.dianping.com/shop/90362318/photos/album,https://plat.dianping.com/app/femember-musteat-web/musteat-rank?cityid=1015&notitlebar=1&ranktype=3
福建省,漳州市,龙海区,新行头五香（公园路店）,福建省漳州市龙海区天水宫路1号,4.4,10,五香肉卷,省市区及街道已获取,已获取,同店铺ID出现在榜单县级城市入口,68305276,https://plat.dianping.com/app/femember-musteat-web/musteat-rank?cityid=130&notitlebar=1&ranktype=3,https://www.dianping.com/shop/68305276/photos/album,https://plat.dianping.com/app/femember-musteat-web/musteat-rank?cityid=1015&notitlebar=1&ranktype=3
福建省,漳州市,芗城区,满香舒·漳州小馆（学生街店）,福建省漳州市芗城区县后路学生街4-94-10号,4.8,56,满香花雕醉猪蹄,省市区及街道已获取,已获取,榜单行政区/商圈归属,9666777,https://plat.dianping.com/app/femember-musteat-web/musteat-rank?cityid=130&notitlebar=1&ranktype=3,https://www.dianping.com/shop/9666777/photos/album,https://plat.dianping.com/app/femember-musteat-web/musteat-rank?cityid=130&notitlebar=1&ranktype=3
福建省,漳州市,龙海区,大鼎沙嗲面（港口路店）,福建省漳州市龙海区港口路茗苑楼4-13号,4.5,19,瘦肉猪肝大肠沙茶面,省市区及街道已获取,已获取,同店铺ID出现在榜单县级城市入口,125076872,https://plat.dianping.com/app/femember-musteat-web/musteat-rank?cityid=130&notitlebar=1&ranktype=3,https://www.dianping.com/shop/125076872/photos/album,https://plat.dianping.com/app/femember-musteat-web/musteat-rank?cityid=1015&notitlebar=1&ranktype=3
福建省,漳州市,芗城区,拾扇记·中华海蛎煎·东山海鲜· 漳州地道大排档（北京路店）,福建省漳州市芗城区北京路260-1号店面（漳州地道大排档）,4.3,72,中华海蛎煎,省市区及街道已获取,已获取,榜单行政区/商圈归属,625366718,https://plat.dianping.com/app/femember-musteat-web/musteat-rank?cityid=130&notitlebar=1&ranktype=3,https://www.dianping.com/shop/625366718/photos/album,https://plat.dianping.com/app/femember-musteat-web/musteat-rank?cityid=130&notitlebar=1&ranktype=3
福建省,漳州市,龙文区,筵叙·青草原牛肉火锅（联丰浩苑总店）,福建省漳州市龙文区新浦路联丰浩苑2幢3号,4.9,74,手打鲜牛肉丸,省市区及街道已获取,已获取,榜单行政区/商圈归属,21319270,https://plat.dianping.com/app/femember-musteat-web/musteat-rank?cityid=130&notitlebar=1&ranktype=3,https://www.dianping.com/shop/21319270/photos/album,https://plat.dianping.com/app/femember-musteat-web/musteat-rank?cityid=130&notitlebar=1&ranktype=3
福建省,南平市,武夷山市,岚谷婆媳（余庆店）,福建省南平市武夷山市柳永路余庆小学对面,3.9,16,招牌石磨豆腐脑,省市区及街道已获取,已获取,同店铺ID出现在榜单县级城市入口,96167632,https://plat.dianping.com/app/femember-musteat-web/musteat-rank?cityid=131&notitlebar=1&ranktype=3,https://www.dianping.com/shop/96167632/photos/album,https://plat.dianping.com/app/femember-musteat-web/musteat-rank?cityid=989&notitlebar=1&ranktype=3
福建省,南平市,武夷山市,369美食（清凉峡路店）,福建省南平市武夷山市度假村商业B区清凉峡路6号(近农业银行),4.4,68,清蒸红眼睛鱼,省市区及街道已获取,已获取,同店铺ID出现在榜单县级城市入口,5985778,https://plat.dianping.com/app/femember-musteat-web/musteat-rank?cityid=131&notitlebar=1&ranktype=3,https://www.dianping.com/shop/5985778/photos/album,https://plat.dianping.com/app/femember-musteat-web/musteat-rank?cityid=989&notitlebar=1&ranktype=3
福建省,南平市,武夷山市,福余·角亭里,福建省南平市武夷山市角亭村角亭街1号,4,96,红眼鱼,省市区及街道已获取,已获取,同店铺ID出现在榜单县级城市入口,3332116,https://plat.dianping.com/app/femember-musteat-web/musteat-rank?cityid=131&notitlebar=1&ranktype=3,https://www.dianping.com/shop/3332116/photos/album,https://plat.dianping.com/app/femember-musteat-web/musteat-rank?cityid=989&notitlebar=1&ranktype=3
福建省,南平市,延平区,富春饭店,福建省南平市延平区江滨南路174号,4.4,101,泽泻,省市区及街道已获取,已获取,榜单行政区/商圈归属,21966864,https://plat.dianping.com/app/femember-musteat-web/musteat-rank?cityid=131&notitlebar=1&ranktype=3,https://www.dianping.com/shop/21966864/photos/album,https://plat.dianping.com/app/femember-musteat-web/musteat-rank?cityid=131&notitlebar=1&ranktype=3
福建省,南平市,武夷山市,大三碗酒家（蛇博园店）,福建省南平市武夷山市曼陀岩路14-8,4.2,82,浮水牛肉,省市区及街道已获取,已获取,同店铺ID出现在榜单县级城市入口,6057423,https://plat.dianping.com/app/femember-musteat-web/musteat-rank?cityid=131&notitlebar=1&ranktype=3,https://www.dianping.com/shop/6057423/photos/album,https://plat.dianping.com/app/femember-musteat-web/musteat-rank?cityid=989&notitlebar=1&ranktype=3
福建省,南平市,武夷山市,武夷沈大妈岚谷熏鹅总店,福建省南平市武夷山市三姑街42号,4.6,40,沈大妈岚谷熏鹅,省市区及街道已获取,已获取,同店铺ID出现在榜单县级城市入口,110760777,https://plat.dianping.com/app/femember-musteat-web/musteat-rank?cityid=131&notitlebar=1&ranktype=3,https://www.dianping.com/shop/110760777/photos/album,https://plat.dianping.com/app/femember-musteat-web/musteat-rank?cityid=989&notitlebar=1&ranktype=3
福建省,南平市,延平区,刘记武夷紫溪鲜粉馆（四鹤店）,福建省南平市延平区人民路4幢1层102室,4.2,21,拌紫溪粉,省市区及街道已获取,已获取,榜单行政区/商圈归属,9840931,https://plat.dianping.com/app/femember-musteat-web/musteat-rank?cityid=131&notitlebar=1&ranktype=3,https://www.dianping.com/shop/9840931/photos/album,https://plat.dianping.com/app/femember-musteat-web/musteat-rank?cityid=131&notitlebar=1&ranktype=3
福建省,龙岩市,连城县,八方客土菜馆,福建省龙岩市连城县冠豸大道9号（冠豸山脚下）,4.2,58,连城白鸭汤一菜一汤,省市区及街道已获取,已获取,同店铺ID出现在榜单县级城市入口,9939941,https://plat.dianping.com/app/femember-musteat-web/musteat-rank?cityid=132&notitlebar=1&ranktype=3,https://www.dianping.com/shop/9939941/photos/album,https://plat.dianping.com/app/femember-musteat-web/musteat-rank?cityid=1029&notitlebar=1&ranktype=3
福建省,龙岩市,新罗区,良强罗桥牛杂,福建省龙岩市新罗区罗龙东路118号（山水大酒店旁）,4,38,牛肉汤,省市区及街道已获取,已获取,榜单行政区/商圈归属,15465946,https://plat.dianping.com/app/femember-musteat-web/musteat-rank?cityid=132&notitlebar=1&ranktype=3,https://www.dianping.com/shop/15465946/photos/album,https://plat.dianping.com/app/femember-musteat-web/musteat-rank?cityid=132&notitlebar=1&ranktype=3
福建省,龙岩市,新罗区,龙津渔宴·海鲜·福建菜（莲新南路美食地标店）,福建省龙岩市新罗区莲新南路49-1号,4.5,76,鲜花椒焗鲈鱼,省市区及街道已获取,已获取,榜单行政区/商圈归属,1215570090,https://plat.dianping.com/app/femember-musteat-web/musteat-rank?cityid=132&notitlebar=1&ranktype=3,https://www.dianping.com/shop/1215570090/photos/album,https://plat.dianping.com/app/femember-musteat-web/musteat-rank?cityid=132&notitlebar=1&ranktype=3
福建省,龙岩市,永定区,老客家特色饭店,福建省龙岩市永定区622县道新街村田河王子酒店下第一家,4.4,76,白灼牛肉,省市区及街道已获取,已获取,榜单行政区/商圈归属,77508195,https://plat.dianping.com/app/femember-musteat-web/musteat-rank?cityid=132&notitlebar=1&ranktype=3,https://www.dianping.com/shop/77508195/photos/album,https://plat.dianping.com/app/femember-musteat-web/musteat-rank?cityid=132&notitlebar=1&ranktype=3
福建省,龙岩市,新罗区,天元河田土鸡店（裕锦园店）,福建省龙岩市新罗区北环西路135号,4.7,81,干蒸河田鸡,省市区及街道已获取,已获取,榜单行政区/商圈归属,65748821,https://plat.dianping.com/app/femember-musteat-web/musteat-rank?cityid=132&notitlebar=1&ranktype=3,https://www.dianping.com/shop/65748821/photos/album,https://plat.dianping.com/app/femember-musteat-web/musteat-rank?cityid=132&notitlebar=1&ranktype=3
福建省,龙岩市,新罗区,诚至餐厅,福建省龙岩市新罗区龙川东路28号闽西宾馆1号楼2楼,4.8,53,诚至砂锅鸭,省市区及街道已获取,已获取,榜单行政区/商圈归属,21091282,https://plat.dianping.com/app/femember-musteat-web/musteat-rank?cityid=132&notitlebar=1&ranktype=3,https://www.dianping.com/shop/21091282/photos/album,https://plat.dianping.com/app/femember-musteat-web/musteat-rank?cityid=132&notitlebar=1&ranktype=3
福建省,龙岩市,新罗区,龙腾炖罐（龙腾总店）,福建省龙岩市新罗区龙腾中路286-23号,4.6,30,石菇莲子猪肚汤,省市区及街道已获取,已获取,榜单行政区/商圈归属,9322040,https://plat.dianping.com/app/femember-musteat-web/musteat-rank?cityid=132&notitlebar=1&ranktype=3,https://www.dianping.com/shop/9322040/photos/album,https://plat.dianping.com/app/femember-musteat-web/musteat-rank?cityid=132&notitlebar=1&ranktype=3
福建省,龙岩市,连城县,鱼小余-客家菜（四角井店）,福建省龙岩市连城县北街北大中路59-3号,4.2,57,酸菜炒大肠,省市区及街道已获取,已获取,同店铺ID出现在榜单县级城市入口,622917333,https://plat.dianping.com/app/femember-musteat-web/musteat-rank?cityid=132&notitlebar=1&ranktype=3,https://www.dianping.com/shop/622917333/photos/album,https://plat.dianping.com/app/femember-musteat-web/musteat-rank?cityid=1029&notitlebar=1&ranktype=3
福建省,龙岩市,新罗区,老牌千里香牛肉小吃,福建省龙岩市新罗区溪畔路42-1,4.2,19,自制牛肉兜汤,省市区及街道已获取,已获取,榜单行政区/商圈归属,45251798,https://plat.dianping.com/app/femember-musteat-web/musteat-rank?cityid=132&notitlebar=1&ranktype=3,https://www.dianping.com/shop/45251798/photos/album,https://plat.dianping.com/app/femember-musteat-web/musteat-rank?cityid=132&notitlebar=1&ranktype=3
福建省,龙岩市,新罗区,东风牛杂（建发·文璟店）,福建省龙岩市新罗区龙腾南路龙岩经济开发区实验学校南侧约290米,4.5,59,爆炒九门头,省市区及街道已获取,已获取,榜单行政区/商圈归属,1378605737,https://plat.dianping.com/app/femember-musteat-web/musteat-rank?cityid=132&notitlebar=1&ranktype=3,https://www.dianping.com/shop/1378605737/photos/album,https://plat.dianping.com/app/femember-musteat-web/musteat-rank?cityid=132&notitlebar=1&ranktype=3
福建省,宁德市,蕉城区,田记面馆（南环店）,福建省宁德市蕉城区蕉南南大路15号,4,17,芋头面,省市区及街道已获取,已获取,榜单行政区/商圈归属,72460729,https://plat.dianping.com/app/femember-musteat-web/musteat-rank?cityid=133&notitlebar=1&ranktype=3,https://www.dianping.com/shop/72460729/photos/album,https://plat.dianping.com/app/femember-musteat-web/musteat-rank?cityid=133&notitlebar=1&ranktype=3
福建省,宁德市,霞浦县,阿贵包店·霞浦传统糊汤包,福建省宁德市霞浦县目海路153号101D,4.1,11,霞浦特色糊汤,省市区及街道已获取,已获取,榜单行政区/商圈归属,62234143,https://plat.dianping.com/app/femember-musteat-web/musteat-rank?cityid=133&notitlebar=1&ranktype=3,https://www.dianping.com/shop/62234143/photos/album,https://plat.dianping.com/app/femember-musteat-web/musteat-rank?cityid=133&notitlebar=1&ranktype=3
福建省,宁德市,福鼎市,肉片阿公（十字后街老店）,福建省宁德市福鼎市古城西路54号,4.2,17,福鼎肉片,省市区及街道已获取,已获取,同店铺ID出现在榜单县级城市入口,83613962,https://plat.dianping.com/app/femember-musteat-web/musteat-rank?cityid=133&notitlebar=1&ranktype=3,https://www.dianping.com/shop/83613962/photos/album,https://plat.dianping.com/app/femember-musteat-web/musteat-rank?cityid=1031&notitlebar=1&ranktype=3
福建省,宁德市,霞浦县,梅子大排档,福建省宁德市霞浦县三沙镇三沙街193号,4.4,84,闽南糊,省市区及街道已获取,已获取,同店铺ID出现在榜单县级城市入口,9466150,https://plat.dianping.com/app/femember-musteat-web/musteat-rank?cityid=133&notitlebar=1&ranktype=3,https://www.dianping.com/shop/9466150/photos/album,https://plat.dianping.com/app/femember-musteat-web/musteat-rank?cityid=1033&notitlebar=1&ranktype=3
福建省,宁德市,福鼎市,阿山肉片（边贸店）,福建省宁德市福鼎市锦宁路106号,4.3,16,肉片+溜溜+肉筋,省市区及街道已获取,已获取,同店铺ID出现在榜单县级城市入口,75107220,https://plat.dianping.com/app/femember-musteat-web/musteat-rank?cityid=133&notitlebar=1&ranktype=3,https://www.dianping.com/shop/75107220/photos/album,https://plat.dianping.com/app/femember-musteat-web/musteat-rank?cityid=1031&notitlebar=1&ranktype=3
福建省,宁德市,福鼎市,老福鼎传统菜,福建省宁德市福鼎市桐城街道石湖小区(石湖小区海鲜一条街),4.3,75,芋头饭,省市区及街道已获取,已获取,同店铺ID出现在榜单县级城市入口,28522513,https://plat.dianping.com/app/femember-musteat-web/musteat-rank?cityid=133&notitlebar=1&ranktype=3,https://www.dianping.com/shop/28522513/photos/album,https://plat.dianping.com/app/femember-musteat-web/musteat-rank?cityid=1031&notitlebar=1&ranktype=3
福建省,宁德市,蕉城区,小东门牛肉水粉老店,福建省宁德市蕉城区环城路都市商厦（环城路36-21）,4.2,16,牛肉水粉,省市区及街道已获取,已获取,榜单行政区/商圈归属,6141094,https://plat.dianping.com/app/femember-musteat-web/musteat-rank?cityid=133&notitlebar=1&ranktype=3,https://www.dianping.com/shop/6141094/photos/album,https://plat.dianping.com/app/femember-musteat-web/musteat-rank?cityid=133&notitlebar=1&ranktype=3
福建省,宁德市,蕉城区,旺达大排档（宁川店）,福建省宁德市蕉城区天湖东路与宁川北路交叉口南50米,4.2,97,炒粉扣,省市区及街道已获取,已获取,榜单行政区/商圈归属,48178129,https://plat.dianping.com/app/femember-musteat-web/musteat-rank?cityid=133&notitlebar=1&ranktype=3,https://www.dianping.com/shop/48178129/photos/album,https://plat.dianping.com/app/femember-musteat-web/musteat-rank?cityid=133&notitlebar=1&ranktype=3
福建省,宁德市,蕉城区,胡裕忠武曲扁肉,福建省宁德市蕉城区闽东中路富豪世家8号楼101-102,4,12,豆干,省市区及街道已获取,已获取,榜单行政区/商圈归属,1184987265,https://plat.dianping.com/app/femember-musteat-web/musteat-rank?cityid=133&notitlebar=1&ranktype=3,https://www.dianping.com/shop/1184987265/photos/album,https://plat.dianping.com/app/femember-musteat-web/musteat-rank?cityid=133&notitlebar=1&ranktype=3
福建省,宁德市,蕉城区,好享来大牌档（城东花苑店）,福建省宁德市蕉城区城东路东侧城东花苑1幢101号,4.5,81,桂花干贝,省市区及街道已获取,已获取,榜单行政区/商圈归属,33544138,https://plat.dianping.com/app/femember-musteat-web/musteat-rank?cityid=133&notitlebar=1&ranktype=3,https://www.dianping.com/shop/33544138/photos/album,https://plat.dianping.com/app/femember-musteat-web/musteat-rank?cityid=133&notitlebar=1&ranktype=3
福建省,宁德市,霞浦县,振永小炒（东冲路店）,福建省宁德市霞浦县赤岸大道外滩一号一期35号10幢105D,4.5,64,鱿鱼烧豆腐,省市区及街道已获取,已获取,同店铺ID出现在榜单县级城市入口,960271046,https://plat.dianping.com/app/femember-musteat-web/musteat-rank?cityid=133&notitlebar=1&ranktype=3,https://www.dianping.com/shop/960271046/photos/album,https://plat.dianping.com/app/femember-musteat-web/musteat-rank?cityid=1033&notitlebar=1&ranktype=3
江西省,南昌市,红谷滩区,刘老表·瓦罐汤涮肉（红谷滩店）,江西省南昌市红谷滩区世贸路1001号世贸元亨大厦一层102室,4.7,88,刘老表羊肉,省市区及街道已获取,已获取,榜单行政区/商圈归属,1900465327,https://plat.dianping.com/app/femember-musteat-web/musteat-rank?cityid=134&notitlebar=1&ranktype=3,https://www.dianping.com/shop/1900465327/photos/album,https://plat.dianping.com/app/femember-musteat-web/musteat-rank?cityid=134&notitlebar=1&ranktype=3
江西省,南昌市,青山湖区,8090炭烤鱼·烧烤·热炒·精酿（诚科餐饮长胜店）,江西省南昌市青山湖区昌东镇长旺路145号,4.6,55,香辣海鲈鱼,省市区及街道已获取,已获取,榜单行政区/商圈归属,1365004146,https://plat.dianping.com/app/femember-musteat-web/musteat-rank?cityid=134&notitlebar=1&ranktype=3,https://www.dianping.com/shop/1365004146/photos/album,https://plat.dianping.com/app/femember-musteat-web/musteat-rank?cityid=134&notitlebar=1&ranktype=3
江西省,南昌市,西湖区,秦胖子肉陀良心店,江西省南昌市西湖区石头街105号,4.2,12,特色肉坨汤,省市区及街道已获取,已获取,榜单行政区/商圈归属,9155303,https://plat.dianping.com/app/femember-musteat-web/musteat-rank?cityid=134&notitlebar=1&ranktype=3,https://www.dianping.com/shop/9155303/photos/album,https://plat.dianping.com/app/femember-musteat-web/musteat-rank?cityid=134&notitlebar=1&ranktype=3
江西省,南昌市,红谷滩区,聚在尊味虾皇·夜宵市集（第一街区店）,江西省南昌市红谷滩区江报路红谷天地商城第一街区1楼D105室,4.4,90,油焖龙虾,省市区及街道已获取,已获取,榜单行政区/商圈归属,69181730,https://plat.dianping.com/app/femember-musteat-web/musteat-rank?cityid=134&notitlebar=1&ranktype=3,https://www.dianping.com/shop/69181730/photos/album,https://plat.dianping.com/app/femember-musteat-web/musteat-rank?cityid=134&notitlebar=1&ranktype=3
江西省,南昌市,东湖区,小柴米·传统江西菜（八一广场店）,江西省南昌市东湖区广场东路205号,4.6,62,砂锅煲凤爪,省市区及街道已获取,已获取,榜单行政区/商圈归属,22545327,https://plat.dianping.com/app/femember-musteat-web/musteat-rank?cityid=134&notitlebar=1&ranktype=3,https://www.dianping.com/shop/22545327/photos/album,https://plat.dianping.com/app/femember-musteat-web/musteat-rank?cityid=134&notitlebar=1&ranktype=3
江西省,南昌市,东湖区,李师傅家常菜,江西省南昌市东湖区金盘路237号,4.4,64,椒香排骨,省市区及街道已获取,已获取,榜单行政区/商圈归属,5336460,https://plat.dianping.com/app/femember-musteat-web/musteat-rank?cityid=134&notitlebar=1&ranktype=3,https://www.dianping.com/shop/5336460/photos/album,https://plat.dianping.com/app/femember-musteat-web/musteat-rank?cityid=134&notitlebar=1&ranktype=3
江西省,南昌市,红谷滩区,寻味铺子·南昌市井菜,江西省南昌市红谷滩区九龙湖管理处九龙湖南昌西站雅瑶路绿地左岸公馆13栋111号113号114号（近南昌西站）,4.7,63,黄豆凤爪,省市区及街道已获取,已获取,榜单行政区/商圈归属,987388505,https://plat.dianping.com/app/femember-musteat-web/musteat-rank?cityid=134&notitlebar=1&ranktype=3,https://www.dianping.com/shop/987388505/photos/album,https://plat.dianping.com/app/femember-musteat-web/musteat-rank?cityid=134&notitlebar=1&ranktype=3
江西省,南昌市,红谷滩区,上座云间·青年赣菜（绿茵店）,江西省南昌市红谷滩区红谷滩绿茵路500号;地铁2号线雅苑路站4号出口向前100米直达,4.8,96,上座白鱼王,省市区及街道已获取,已获取,榜单行政区/商圈归属,130678179,https://plat.dianping.com/app/femember-musteat-web/musteat-rank?cityid=134&notitlebar=1&ranktype=3,https://www.dianping.com/shop/130678179/photos/album,https://plat.dianping.com/app/femember-musteat-web/musteat-rank?cityid=134&notitlebar=1&ranktype=3
江西省,南昌市,东湖区,老闵田螺馆·南昌市井菜·特色小吃（总店）,江西省南昌市东湖区广场南路205号恒茂国际华城12栋1-3层1F105商铺,4.2,59,老闵特色金汤大田螺,省市区及街道已获取,已获取,榜单行政区/商圈归属,13775519,https://plat.dianping.com/app/femember-musteat-web/musteat-rank?cityid=134&notitlebar=1&ranktype=3,https://www.dianping.com/shop/13775519/photos/album,https://plat.dianping.com/app/femember-musteat-web/musteat-rank?cityid=134&notitlebar=1&ranktype=3
江西省,南昌市,西湖区,老三样·旧食新味（船山路店）,江西省南昌市西湖区船山路437-34号,4.8,69,红烧鸡脚,省市区及街道已获取,已获取,榜单行政区/商圈归属,79256196,https://plat.dianping.com/app/femember-musteat-web/musteat-rank?cityid=134&notitlebar=1&ranktype=3,https://www.dianping.com/shop/79256196/photos/album,https://plat.dianping.com/app/femember-musteat-web/musteat-rank?cityid=134&notitlebar=1&ranktype=3
江西省,南昌市,新建区,炉忆家宴（庐山南大道店）,江西省南昌市新建区庐山南大道300号（近保利国际高尔夫花园）,4.8,93,瑞金牛肉汤,省市区及街道已获取,已获取,榜单行政区/商圈归属,93477936,https://plat.dianping.com/app/femember-musteat-web/musteat-rank?cityid=134&notitlebar=1&ranktype=3,https://www.dianping.com/shop/93477936/photos/album,https://plat.dianping.com/app/femember-musteat-web/musteat-rank?cityid=134&notitlebar=1&ranktype=3
江西省,南昌市,东湖区,刘大厨开味馆·南昌市井菜（蛤蟆街店）,江西省南昌市东湖区豫章后街大众购物中心停车场出口对面,4.8,63,红烧鸡脚,省市区及街道已获取,已获取,榜单行政区/商圈归属,18248674,https://plat.dianping.com/app/femember-musteat-web/musteat-rank?cityid=134&notitlebar=1&ranktype=3,https://www.dianping.com/shop/18248674/photos/album,https://plat.dianping.com/app/femember-musteat-web/musteat-rank?cityid=134&notitlebar=1&ranktype=3
江西省,南昌市,青云谱区,小姨娘烙锅烤肉（象湖新城商业街店）,江西省南昌市青云谱区芳草路629号,4.7,67,贵阳坨坨肉,省市区及街道已获取,已获取,榜单行政区/商圈归属,1496318408,https://plat.dianping.com/app/femember-musteat-web/musteat-rank?cityid=134&notitlebar=1&ranktype=3,https://www.dianping.com/shop/1496318408/photos/album,https://plat.dianping.com/app/femember-musteat-web/musteat-rank?cityid=134&notitlebar=1&ranktype=3
江西省,南昌市,红谷滩区,牵牛夫鲜牛肉火锅（红谷滩地标店）,江西省南昌市红谷滩区凤凰中大道怡园路899号33栋105室（名门世家）,4.8,86,吊龙肉,省市区及街道已获取,已获取,榜单行政区/商圈归属,1831692181,https://plat.dianping.com/app/femember-musteat-web/musteat-rank?cityid=134&notitlebar=1&ranktype=3,https://www.dianping.com/shop/1831692181/photos/album,https://plat.dianping.com/app/femember-musteat-web/musteat-rank?cityid=134&notitlebar=1&ranktype=3
江西省,南昌市,东湖区,恒茂汤店·煨汤（广场东路店）,江西省南昌市东湖区广场东路113号,4.2,12,皮蛋肉饼汤,省市区及街道已获取,已获取,榜单行政区/商圈归属,10121667,https://plat.dianping.com/app/femember-musteat-web/musteat-rank?cityid=134&notitlebar=1&ranktype=3,https://www.dianping.com/shop/10121667/photos/album,https://plat.dianping.com/app/femember-musteat-web/musteat-rank?cityid=134&notitlebar=1&ranktype=3
江西省,南昌市,红谷滩区,渔民村·私厨·江西菜（丰和南大道店）,江西省南昌市红谷滩区丰和南大道2888号,4.9,79,葱香白鱼,省市区及街道已获取,已获取,榜单行政区/商圈归属,1476056112,https://plat.dianping.com/app/femember-musteat-web/musteat-rank?cityid=134&notitlebar=1&ranktype=3,https://www.dianping.com/shop/1476056112/photos/album,https://plat.dianping.com/app/femember-musteat-web/musteat-rank?cityid=134&notitlebar=1&ranktype=3
江西省,南昌市,西湖区,黄记瓦罐煨汤（广场东路总店）,江西省南昌市西湖区广场东路119号,4.4,14,拌粉,省市区及街道已获取,已获取,榜单行政区/商圈归属,9156457,https://plat.dianping.com/app/femember-musteat-web/musteat-rank?cityid=134&notitlebar=1&ranktype=3,https://www.dianping.com/shop/9156457/photos/album,https://plat.dianping.com/app/femember-musteat-web/musteat-rank?cityid=134&notitlebar=1&ranktype=3
江西省,南昌市,青山湖区,胖子水煮,江西省南昌市青山湖区火车站铁路三村14栋5单元,4,32,藕丸,省市区及街道已获取,已获取,榜单行政区/商圈归属,18184622,https://plat.dianping.com/app/femember-musteat-web/musteat-rank?cityid=134&notitlebar=1&ranktype=3,https://www.dianping.com/shop/18184622/photos/album,https://plat.dianping.com/app/femember-musteat-web/musteat-rank?cityid=134&notitlebar=1&ranktype=3
江西省,景德镇市,珠山区,小乐川·景德私房菜（麻石弄下弄店）,江西省景德镇市珠山区麻石下弄瓷器街1栋1层2号,4.6,73,橘子皮鸭杂,省市区及街道已获取,已获取,榜单行政区/商圈归属,19185578,https://plat.dianping.com/app/femember-musteat-web/musteat-rank?cityid=135&notitlebar=1&ranktype=3,https://www.dianping.com/shop/19185578/photos/album,https://plat.dianping.com/app/femember-musteat-web/musteat-rank?cityid=135&notitlebar=1&ranktype=3
江西省,景德镇市,浮梁县,瑶河山里菜,江西省景德镇市浮梁县S205理发店南50米,4.8,56,苦槠豆腐,省市区及街道已获取,已获取,榜单行政区/商圈归属,32421683,https://plat.dianping.com/app/femember-musteat-web/musteat-rank?cityid=135&notitlebar=1&ranktype=3,https://www.dianping.com/shop/32421683/photos/album,https://plat.dianping.com/app/femember-musteat-web/musteat-rank?cityid=135&notitlebar=1&ranktype=3
江西省,景德镇市,浮梁县,野炉子·山野景德菜（浮梁店）,江西省景德镇市浮梁县金岭大道宝石村一组5号,4.8,95,老山桂鱼泡油条,省市区及街道已获取,已获取,榜单行政区/商圈归属,887343059,https://plat.dianping.com/app/femember-musteat-web/musteat-rank?cityid=135&notitlebar=1&ranktype=3,https://www.dianping.com/shop/887343059/photos/album,https://plat.dianping.com/app/femember-musteat-web/musteat-rank?cityid=135&notitlebar=1&ranktype=3
江西省,景德镇市,珠山区,寻味三宝·村宴,江西省景德镇市珠山区三宝路昌河航空二区201号厂房内,4.8,84,手工摔打黄牛肉,省市区及街道已获取,已获取,榜单行政区/商圈归属,129855902,https://plat.dianping.com/app/femember-musteat-web/musteat-rank?cityid=135&notitlebar=1&ranktype=3,https://www.dianping.com/shop/129855902/photos/album,https://plat.dianping.com/app/femember-musteat-web/musteat-rank?cityid=135&notitlebar=1&ranktype=3
江西省,景德镇市,昌江区,寻味昌南 · 瓷文化主题餐厅（中国陶瓷博物馆店）,江西省景德镇市昌江区兴园路新都民营陶瓷园2期17栋1楼,4.8,87,砂锅糟香小黄牛,省市区及街道已获取,已获取,榜单行政区/商圈归属,1611212262,https://plat.dianping.com/app/femember-musteat-web/musteat-rank?cityid=135&notitlebar=1&ranktype=3,https://www.dianping.com/shop/1611212262/photos/album,https://plat.dianping.com/app/femember-musteat-web/musteat-rank?cityid=135&notitlebar=1&ranktype=3
江西省,景德镇市,珠山区,陶姐冷粉（戴家弄店）,江西省景德镇市珠山区戴家上弄怡翠园113号,4.1,20,牛肉冷粉,省市区及街道已获取,已获取,榜单行政区/商圈归属,130996441,https://plat.dianping.com/app/femember-musteat-web/musteat-rank?cityid=135&notitlebar=1&ranktype=3,https://www.dianping.com/shop/130996441/photos/album,https://plat.dianping.com/app/femember-musteat-web/musteat-rank?cityid=135&notitlebar=1&ranktype=3
江西省,景德镇市,珠山区,欧记大排档（浙江路店）,江西省景德镇市珠山区浙江路中厦金都城4栋3-6号,4.7,77,欧记王牌鸡脚,省市区及街道已获取,已获取,榜单行政区/商圈归属,674054680,https://plat.dianping.com/app/femember-musteat-web/musteat-rank?cityid=135&notitlebar=1&ranktype=3,https://www.dianping.com/shop/674054680/photos/album,https://plat.dianping.com/app/femember-musteat-web/musteat-rank?cityid=135&notitlebar=1&ranktype=3
江西省,景德镇市,珠山区,回家吃饭·景德家常菜（景德镇首店）,江西省景德镇市珠山区浙江路大江新城6号楼1楼商铺,4.8,65,手工豆冲鱼头（小份）,省市区及街道已获取,已获取,榜单行政区/商圈归属,24947338,https://plat.dianping.com/app/femember-musteat-web/musteat-rank?cityid=135&notitlebar=1&ranktype=3,https://www.dianping.com/shop/24947338/photos/album,https://plat.dianping.com/app/femember-musteat-web/musteat-rank?cityid=135&notitlebar=1&ranktype=3
江西省,九江市,濂溪区,猫哥厨房·九江大排档（万达店）,江西省九江市濂溪区德化路588号中辉世纪城B4栋107,4.7,77,秘制虾球,省市区及街道已获取,已获取,同店铺ID出现在榜单县级城市入口,1227830413,https://plat.dianping.com/app/femember-musteat-web/musteat-rank?cityid=137&notitlebar=1&ranktype=3,https://www.dianping.com/shop/1227830413/photos/album,https://plat.dianping.com/app/femember-musteat-web/musteat-rank?cityid=3504&notitlebar=1&ranktype=3
江西省,九江市,浔阳区,圆园九江大排档（浔阳楼店）,江西省九江市浔阳区灌婴路3号,4.3,81,爱马仕拌粉,省市区及街道已获取,已获取,榜单行政区/商圈归属,129332472,https://plat.dianping.com/app/femember-musteat-web/musteat-rank?cityid=137&notitlebar=1&ranktype=3,https://www.dianping.com/shop/129332472/photos/album,https://plat.dianping.com/app/femember-musteat-web/musteat-rank?cityid=137&notitlebar=1&ranktype=3
江西省,九江市,浔阳区,一切烧·九江菜（浔阳楼店）,江西省九江市浔阳区庐峰东路庐枫苑15号,4.9,60,一切烧鱼头鱼杂,省市区及街道已获取,已获取,榜单行政区/商圈归属,21083117,https://plat.dianping.com/app/femember-musteat-web/musteat-rank?cityid=137&notitlebar=1&ranktype=3,https://www.dianping.com/shop/21083117/photos/album,https://plat.dianping.com/app/femember-musteat-web/musteat-rank?cityid=137&notitlebar=1&ranktype=3
江西省,九江市,濂溪区,荷花垄·赣菜老酒馆,江西省九江市濂溪区九星路18号龙珠花园B栋1层7号铺子,4.6,69,劲辣鸡爪,省市区及街道已获取,已获取,榜单行政区/商圈归属,17943828,https://plat.dianping.com/app/femember-musteat-web/musteat-rank?cityid=137&notitlebar=1&ranktype=3,https://www.dianping.com/shop/17943828/photos/album,https://plat.dianping.com/app/femember-musteat-web/musteat-rank?cityid=137&notitlebar=1&ranktype=3
江西省,九江市,濂溪区,顶峰夜宴（火车站店）,"江西省九江市濂溪区浔南大道88号新湖庐山国际D12栋106,107号门面",3.9,70,一级油焖小龙虾,省市区及街道已获取,已获取,同店铺ID出现在榜单县级城市入口,627495333,https://plat.dianping.com/app/femember-musteat-web/musteat-rank?cityid=137&notitlebar=1&ranktype=3,https://www.dianping.com/shop/627495333/photos/album,https://plat.dianping.com/app/femember-musteat-web/musteat-rank?cityid=3504&notitlebar=1&ranktype=3
江西省,九江市,浔阳区,四姐妹煎饼（双峰路店）,江西省九江市浔阳区甘棠街道双峰路2号(都天巷口),4.2,6,萝卜饼,省市区及街道已获取,已获取,榜单行政区/商圈归属,558410,https://plat.dianping.com/app/femember-musteat-web/musteat-rank?cityid=137&notitlebar=1&ranktype=3,https://www.dianping.com/shop/558410/photos/album,https://plat.dianping.com/app/femember-musteat-web/musteat-rank?cityid=137&notitlebar=1&ranktype=3
江西省,九江市,濂溪区,尚鱼主题餐厅（火车站店）,江西省九江市濂溪区浔南大道九江世茂国际商务中心第一层2-5轴两间门面,4.8,65,鲜椒酸菜鱼,省市区及街道已获取,已获取,同店铺ID出现在榜单县级城市入口,96011211,https://plat.dianping.com/app/femember-musteat-web/musteat-rank?cityid=137&notitlebar=1&ranktype=3,https://www.dianping.com/shop/96011211/photos/album,https://plat.dianping.com/app/femember-musteat-web/musteat-rank?cityid=3504&notitlebar=1&ranktype=3
江西省,九江市,濂溪区,麒麟小院·老九江菜（安平路店）,江西省九江市濂溪区生态工业城安平路2号,4.8,74,非遗古法·铁锅大灶红烧肉,省市区及街道已获取,已获取,榜单行政区/商圈归属,59059705,https://plat.dianping.com/app/femember-musteat-web/musteat-rank?cityid=137&notitlebar=1&ranktype=3,https://www.dianping.com/shop/59059705/photos/album,https://plat.dianping.com/app/femember-musteat-web/musteat-rank?cityid=137&notitlebar=1&ranktype=3
江西省,赣州市,瑞金市,九香牛肉汤店,江西省赣州市瑞金市解放西路凯丽商业街6号楼,4.3,29,牛肉汤,省市区及街道已获取,已获取,榜单行政区/商圈归属,17382029,https://plat.dianping.com/app/femember-musteat-web/musteat-rank?cityid=140&notitlebar=1&ranktype=3,https://www.dianping.com/shop/17382029/photos/album,https://plat.dianping.com/app/femember-musteat-web/musteat-rank?cityid=140&notitlebar=1&ranktype=3
江西省,赣州市,章贡区,味悦·老字号·赣州菜（厚德总店）,江西省赣州市章贡区厚德路90号（近厚德路与文清路交口）,3.9,60,喜事三杯鸡,省市区及街道已获取,已获取,榜单行政区/商圈归属,3181693,https://plat.dianping.com/app/femember-musteat-web/musteat-rank?cityid=140&notitlebar=1&ranktype=3,https://www.dianping.com/shop/3181693/photos/album,https://plat.dianping.com/app/femember-musteat-web/musteat-rank?cityid=140&notitlebar=1&ranktype=3
江西省,赣州市,章贡区,相遇赣菜（廉泉路店）,江西省赣州市章贡区廉泉路春江花月10栋,4.4,51,大盘牛肉,省市区及街道已获取,已获取,榜单行政区/商圈归属,123799689,https://plat.dianping.com/app/femember-musteat-web/musteat-rank?cityid=140&notitlebar=1&ranktype=3,https://www.dianping.com/shop/123799689/photos/album,https://plat.dianping.com/app/femember-musteat-web/musteat-rank?cityid=140&notitlebar=1&ranktype=3
江西省,赣州市,章贡区,小胡大排档（大公路店）,江西省赣州市章贡区食品公司宿舍-3栋,4,66,茄盒,省市区及街道已获取,已获取,榜单行政区/商圈归属,9779020,https://plat.dianping.com/app/femember-musteat-web/musteat-rank?cityid=140&notitlebar=1&ranktype=3,https://www.dianping.com/shop/9779020/photos/album,https://plat.dianping.com/app/femember-musteat-web/musteat-rank?cityid=140&notitlebar=1&ranktype=3
江西省,赣州市,瑞金市,烂厅下牛肉汤,江西省赣州市瑞金市红都大道39号,4,26,牛肉,省市区及街道已获取,已获取,同店铺ID出现在榜单县级城市入口,23883851,https://plat.dianping.com/app/femember-musteat-web/musteat-rank?cityid=140&notitlebar=1&ranktype=3,https://www.dianping.com/shop/23883851/photos/album,https://plat.dianping.com/app/femember-musteat-web/musteat-rank?cityid=1060&notitlebar=1&ranktype=3
江西省,赣州市,瑞金市,香樟酒楼,江西省赣州市瑞金市506县道沙洲交警队十字路口上100米,4.4,65,红军焖鸭,省市区及街道已获取,已获取,榜单行政区/商圈归属,9776348,https://plat.dianping.com/app/femember-musteat-web/musteat-rank?cityid=140&notitlebar=1&ranktype=3,https://www.dianping.com/shop/9776348/photos/album,https://plat.dianping.com/app/femember-musteat-web/musteat-rank?cityid=140&notitlebar=1&ranktype=3
江西省,赣州市,章贡区,于振华美食（章江北大道店）,江西省赣州市章贡区章江北大道88-5号(近南河路),4,22,两鲜粉,省市区及街道已获取,已获取,榜单行政区/商圈归属,2746399,https://plat.dianping.com/app/femember-musteat-web/musteat-rank?cityid=140&notitlebar=1&ranktype=3,https://www.dianping.com/shop/2746399/photos/album,https://plat.dianping.com/app/femember-musteat-web/musteat-rank?cityid=140&notitlebar=1&ranktype=3
江西省,赣州市,章贡区,七鲤生态土菜馆·赣州地标客家菜（阳明国际店）,江西省赣州市章贡区阳明国际中心5号楼,4.4,66,茶油焖黄鸭角,省市区及街道已获取,已获取,榜单行政区/商圈归属,77261122,https://plat.dianping.com/app/femember-musteat-web/musteat-rank?cityid=140&notitlebar=1&ranktype=3,https://www.dianping.com/shop/77261122/photos/album,https://plat.dianping.com/app/femember-musteat-web/musteat-rank?cityid=140&notitlebar=1&ranktype=3
江西省,赣州市,章贡区,九品天香（于都路店）,江西省赣州市章贡区南桥新村于都路西3区18号,4.4,58,原味天香鱼嘴,省市区及街道已获取,已获取,榜单行政区/商圈归属,9793554,https://plat.dianping.com/app/femember-musteat-web/musteat-rank?cityid=140&notitlebar=1&ranktype=3,https://www.dianping.com/shop/9793554/photos/album,https://plat.dianping.com/app/femember-musteat-web/musteat-rank?cityid=140&notitlebar=1&ranktype=3
江西省,吉安市,井冈山市,永新土菜馆·乡野味（井冈山店）,江西省吉安市井冈山市五井路新村13栋（烈士陵园对面下台阶右侧),4.5,46,永新血鸭,省市区及街道已获取,已获取,同店铺ID出现在榜单县级城市入口,67042720,https://plat.dianping.com/app/femember-musteat-web/musteat-rank?cityid=141&notitlebar=1&ranktype=3,https://www.dianping.com/shop/67042720/photos/album,https://plat.dianping.com/app/femember-musteat-web/musteat-rank?cityid=1107&notitlebar=1&ranktype=3
江西省,吉安市,吉州区,桥下挑面（吉安店）,江西省吉安市吉州区沿江路滨江二期A1栋A5号商铺,4,22,秘制肉酱干挑面,省市区及街道已获取,已获取,榜单行政区/商圈归属,132204343,https://plat.dianping.com/app/femember-musteat-web/musteat-rank?cityid=141&notitlebar=1&ranktype=3,https://www.dianping.com/shop/132204343/photos/album,https://plat.dianping.com/app/femember-musteat-web/musteat-rank?cityid=141&notitlebar=1&ranktype=3
江西省,吉安市,吉州区,偶屋里（城南天虹店）,江西省吉安市吉州区吉安南大道铜锣湾广场天虹购物广场3楼,4.3,50,汽锅肉丸汤,省市区及街道已获取,已获取,榜单行政区/商圈归属,1977227045,https://plat.dianping.com/app/femember-musteat-web/musteat-rank?cityid=141&notitlebar=1&ranktype=3,https://www.dianping.com/shop/1977227045/photos/album,https://plat.dianping.com/app/femember-musteat-web/musteat-rank?cityid=141&notitlebar=1&ranktype=3
江西省,吉安市,井冈山市,东固红菜馆·老兵之家,"江西省吉安市井冈山市茨坪镇五井路茨坪村6号33栋(老兵之家)（天街内,近北山烈士陵园）",4.4,49,红米饭,省市区及街道已获取,已获取,同店铺ID出现在榜单县级城市入口,17229462,https://plat.dianping.com/app/femember-musteat-web/musteat-rank?cityid=141&notitlebar=1&ranktype=3,https://www.dianping.com/shop/17229462/photos/album,https://plat.dianping.com/app/femember-musteat-web/musteat-rank?cityid=1107&notitlebar=1&ranktype=3
江西省,吉安市,井冈山市,高個子小吃,江西省吉安市井冈山市新市场路A30,4.4,16,牛腩粉,省市区及街道已获取,已获取,同店铺ID出现在榜单县级城市入口,1086937275,https://plat.dianping.com/app/femember-musteat-web/musteat-rank?cityid=141&notitlebar=1&ranktype=3,https://www.dianping.com/shop/1086937275/photos/album,https://plat.dianping.com/app/femember-musteat-web/musteat-rank?cityid=1107&notitlebar=1&ranktype=3
江西省,吉安市,吉州区,老三私厨,江西省吉安市吉州区孔家湾40栋1号,4.3,69,豆芽牛肉,省市区及街道已获取,已获取,榜单行政区/商圈归属,93228839,https://plat.dianping.com/app/femember-musteat-web/musteat-rank?cityid=141&notitlebar=1&ranktype=3,https://www.dianping.com/shop/93228839/photos/album,https://plat.dianping.com/app/femember-musteat-web/musteat-rank?cityid=141&notitlebar=1&ranktype=3
江西省,宜春市,袁州区,老宜春味道（老步步高店）,江西省宜春市袁州区袁山中路与老步步高交叉口(金叶宾馆旁),4.5,47,小炒黄牛肉,省市区及街道已获取,已获取,榜单行政区/商圈归属,75162405,https://plat.dianping.com/app/femember-musteat-web/musteat-rank?cityid=142&notitlebar=1&ranktype=3,https://www.dianping.com/shop/75162405/photos/album,https://plat.dianping.com/app/femember-musteat-web/musteat-rank?cityid=142&notitlebar=1&ranktype=3
江西省,宜春市,袁州区,最爱妈妈菜·宜春本地菜（宜春北路店）,江西省宜春市袁州区宜春北路828号（老法院对面）,4.7,44,招牌虎皮鸡爪,省市区及街道已获取,已获取,榜单行政区/商圈归属,77756975,https://plat.dianping.com/app/femember-musteat-web/musteat-rank?cityid=142&notitlebar=1&ranktype=3,https://www.dianping.com/shop/77756975/photos/album,https://plat.dianping.com/app/femember-musteat-web/musteat-rank?cityid=142&notitlebar=1&ranktype=3
江西省,宜春市,袁州区,化成岩姚家酱汁炒粉（化成岩店）,江西省宜春市袁州区秀江西路恒大S1栋商业-101号（恒大绿洲）,4.1,22,招牌网红酱牛肉炒粉,省市区及街道已获取,已获取,榜单行政区/商圈归属,111942511,https://plat.dianping.com/app/femember-musteat-web/musteat-rank?cityid=142&notitlebar=1&ranktype=3,https://www.dianping.com/shop/111942511/photos/album,https://plat.dianping.com/app/femember-musteat-web/musteat-rank?cityid=142&notitlebar=1&ranktype=3
江西省,宜春市,袁州区,客来香酒楼（温汤店）,江西省宜春市袁州区江源路42号,3.8,49,温汤豆腐,省市区及街道已获取,已获取,榜单行政区/商圈归属,15782938,https://plat.dianping.com/app/femember-musteat-web/musteat-rank?cityid=142&notitlebar=1&ranktype=3,https://www.dianping.com/shop/15782938/photos/album,https://plat.dianping.com/app/femember-musteat-web/musteat-rank?cityid=142&notitlebar=1&ranktype=3
江西省,宜春市,袁州区,宜春小厨（汽车北站店）,江西省宜春市袁州区清宜线10号、11-12号（汽车总站东侧附房5号店面）,4,64,招牌鸭头,省市区及街道已获取,已获取,榜单行政区/商圈归属,76930226,https://plat.dianping.com/app/femember-musteat-web/musteat-rank?cityid=142&notitlebar=1&ranktype=3,https://www.dianping.com/shop/76930226/photos/album,https://plat.dianping.com/app/femember-musteat-web/musteat-rank?cityid=142&notitlebar=1&ranktype=3
江西省,宜春市,袁州区,年年有鱼海鲜加工坊（宜春南路店）,江西省宜春市袁州区宜春南路168号,4.6,79,牙签牛肉,省市区及街道已获取,已获取,榜单行政区/商圈归属,5612935,https://plat.dianping.com/app/femember-musteat-web/musteat-rank?cityid=142&notitlebar=1&ranktype=3,https://www.dianping.com/shop/5612935/photos/album,https://plat.dianping.com/app/femember-musteat-web/musteat-rank?cityid=142&notitlebar=1&ranktype=3
江西省,宜春市,袁州区,老黑特色煨汤馆（天宝路店）,江西省宜春市袁州区天宝路325号,4.3,17,牛肉粉,省市区及街道已获取,已获取,榜单行政区/商圈归属,67963374,https://plat.dianping.com/app/femember-musteat-web/musteat-rank?cityid=142&notitlebar=1&ranktype=3,https://www.dianping.com/shop/67963374/photos/album,https://plat.dianping.com/app/femember-musteat-web/musteat-rank?cityid=142&notitlebar=1&ranktype=3
江西省,宜春市,袁州区,硒米餐厅（温汤店）,江西省宜春市袁州区古井泉街南4栋120铺,4.7,69,硒米饭,省市区及街道已获取,已获取,榜单行政区/商圈归属,132983814,https://plat.dianping.com/app/femember-musteat-web/musteat-rank?cityid=142&notitlebar=1&ranktype=3,https://www.dianping.com/shop/132983814/photos/album,https://plat.dianping.com/app/femember-musteat-web/musteat-rank?cityid=142&notitlebar=1&ranktype=3
江西省,宜春市,袁州区,妈妈的土钵菜·地道宜春菜（袁山中路店）,江西省宜春市袁州区袁山中路260号,4.7,37,砂钵土鸡煲,省市区及街道已获取,已获取,榜单行政区/商圈归属,111821995,https://plat.dianping.com/app/femember-musteat-web/musteat-rank?cityid=142&notitlebar=1&ranktype=3,https://www.dianping.com/shop/111821995/photos/album,https://plat.dianping.com/app/femember-musteat-web/musteat-rank?cityid=142&notitlebar=1&ranktype=3
江西省,上饶市,信州区,帝景米粉（东方帝景店）,江西省上饶市信州区五三大道延伸段27号东方帝景家园东南方向16米,4.2,16,猪肝肉丝粉,省市区及街道已获取,已获取,榜单行政区/商圈归属,15992049,https://plat.dianping.com/app/femember-musteat-web/musteat-rank?cityid=144&notitlebar=1&ranktype=3,https://www.dianping.com/shop/15992049/photos/album,https://plat.dianping.com/app/femember-musteat-web/musteat-rank?cityid=144&notitlebar=1&ranktype=3
江西省,上饶市,信州区,广信传说（饶帮菜文化地标店）,江西省上饶市信州区三清山中大道与带湖路交叉口东行40米路北,4.5,77,蟹黄干捞丝,省市区及街道已获取,已获取,榜单行政区/商圈归属,8713030,https://plat.dianping.com/app/femember-musteat-web/musteat-rank?cityid=144&notitlebar=1&ranktype=3,https://www.dianping.com/shop/8713030/photos/album,https://plat.dianping.com/app/femember-musteat-web/musteat-rank?cityid=144&notitlebar=1&ranktype=3
江西省,上饶市,婺源县,婺江食府,江西省上饶市婺源县茶乡东路52号-22室,4.2,65,特色口水鱼,省市区及街道已获取,已获取,同店铺ID出现在榜单县级城市入口,37947786,https://plat.dianping.com/app/femember-musteat-web/musteat-rank?cityid=144&notitlebar=1&ranktype=3,https://www.dianping.com/shop/37947786/photos/album,https://plat.dianping.com/app/femember-musteat-web/musteat-rank?cityid=1087&notitlebar=1&ranktype=3
江西省,上饶市,婺源县,竹香楼老字号（婺源店）,江西省上饶市婺源县文公北路219号（星程酒店隔壁景观桥旁）,4.3,59,笋干炒肉,省市区及街道已获取,已获取,同店铺ID出现在榜单县级城市入口,21722479,https://plat.dianping.com/app/femember-musteat-web/musteat-rank?cityid=144&notitlebar=1&ranktype=3,https://www.dianping.com/shop/21722479/photos/album,https://plat.dianping.com/app/femember-musteat-web/musteat-rank?cityid=1087&notitlebar=1&ranktype=3
江西省,上饶市,,三清风味,江西省上饶市枫林镇三清山三清山景区南部外双溪希尔顿大酒店正大门左侧20米商业街内,4.8,67,三清小鱼,区县或街道未核实,已获取,区县未核实,17466090,https://plat.dianping.com/app/femember-musteat-web/musteat-rank?cityid=144&notitlebar=1&ranktype=3,https://www.dianping.com/shop/17466090/photos/album,https://plat.dianping.com/app/femember-musteat-web/musteat-rank?cityid=144&notitlebar=1&ranktype=3
江西省,上饶市,信州区,開小灶·上饶菜（天集信江明珠店）,江西省上饶市信州区天集信江明珠东南1门东50米,4.6,67,香辣草鸭,省市区及街道已获取,已获取,榜单行政区/商圈归属,124953744,https://plat.dianping.com/app/femember-musteat-web/musteat-rank?cityid=144&notitlebar=1&ranktype=3,https://www.dianping.com/shop/124953744/photos/album,https://plat.dianping.com/app/femember-musteat-web/musteat-rank?cityid=144&notitlebar=1&ranktype=3
江西省,上饶市,信州区,周记一品筒骨粉（公园道一号总店）,江西省上饶市信州区凤凰大道公园道1号8栋1-2,4.7,23,鲜虾牛肉炒粉,省市区及街道已获取,已获取,榜单行政区/商圈归属,102336405,https://plat.dianping.com/app/femember-musteat-web/musteat-rank?cityid=144&notitlebar=1&ranktype=3,https://www.dianping.com/shop/102336405/photos/album,https://plat.dianping.com/app/femember-musteat-web/musteat-rank?cityid=144&notitlebar=1&ranktype=3
江西省,上饶市,,山中味土菜馆,江西省上饶市202省道三清山金沙服务区丽呈远洲酒店对面,4.2,69,酸萝卜炒蛋卜,区县或街道未核实,已获取,区县未核实,96264600,https://plat.dianping.com/app/femember-musteat-web/musteat-rank?cityid=144&notitlebar=1&ranktype=3,https://www.dianping.com/shop/96264600/photos/album,https://plat.dianping.com/app/femember-musteat-web/musteat-rank?cityid=144&notitlebar=1&ranktype=3
山东省,淄博市,张店区,知味斋大酒店·齐文化主题酒店（人民西路八大局店）,山东省淄博市张店区公园街道人民西路13号(市政府斜对过)（近八大局、通万象汇、齐文化主题、食宿一体）,4.7,82,知味爆炒腰花,省市区及街道已获取,已获取,榜单行政区/商圈归属,56812355,https://plat.dianping.com/app/femember-musteat-web/musteat-rank?cityid=145&notitlebar=1&ranktype=3,https://www.dianping.com/shop/56812355/photos/album,https://plat.dianping.com/app/femember-musteat-web/musteat-rank?cityid=145&notitlebar=1&ranktype=3
山东省,淄博市,张店区,鲜羊村烧烤（人民西路店）,山东省淄博市张店区人民西路凯瑞时代大厦235号（人民路祥和路交叉口往东50米路南）,4.7,57,内蒙鲜羊肉,省市区及街道已获取,已获取,榜单行政区/商圈归属,1133044158,https://plat.dianping.com/app/femember-musteat-web/musteat-rank?cityid=145&notitlebar=1&ranktype=3,https://www.dianping.com/shop/1133044158/photos/album,https://plat.dianping.com/app/femember-musteat-web/musteat-rank?cityid=145&notitlebar=1&ranktype=3
山东省,淄博市,周村区,老字号段家煮锅老店（周村古商城店）,山东省淄博市周村区青年路18号周村区市容环卫管理局大门西侧（距淄博周村古商城约3分钟）,4.4,45,招牌煮锅.,省市区及街道已获取,已获取,同店铺ID出现在榜单县级城市入口,22337362,https://plat.dianping.com/app/femember-musteat-web/musteat-rank?cityid=145&notitlebar=1&ranktype=3,https://www.dianping.com/shop/22337362/photos/album,https://plat.dianping.com/app/femember-musteat-web/musteat-rank?cityid=4445&notitlebar=1&ranktype=3
山东省,淄博市,张店区,糁馆（房家小区店）,山东省淄博市张店区房家小区沿街房,4.4,19,馓子,省市区及街道已获取,已获取,榜单行政区/商圈归属,77001255,https://plat.dianping.com/app/femember-musteat-web/musteat-rank?cityid=145&notitlebar=1&ranktype=3,https://www.dianping.com/shop/77001255/photos/album,https://plat.dianping.com/app/femember-musteat-web/musteat-rank?cityid=145&notitlebar=1&ranktype=3
山东省,淄博市,博山区,老昃私房菜,山东省淄博市博山区东关街翰林食府对面,4.3,57,博山炸肉,省市区及街道已获取,已获取,同店铺ID出现在榜单县级城市入口,898356576,https://plat.dianping.com/app/femember-musteat-web/musteat-rank?cityid=145&notitlebar=1&ranktype=3,https://www.dianping.com/shop/898356576/photos/album,https://plat.dianping.com/app/femember-musteat-web/musteat-rank?cityid=4433&notitlebar=1&ranktype=3
山东省,淄博市,张店区,齐悦烧烤（陶瓷琉璃博物馆店）,山东省淄博市张店区马尚街道华光路331号恒太城购物中心1F-025-1,4.3,58,特色五花肉,省市区及街道已获取,已获取,榜单行政区/商圈归属,18346441,https://plat.dianping.com/app/femember-musteat-web/musteat-rank?cityid=145&notitlebar=1&ranktype=3,https://www.dianping.com/shop/18346441/photos/album,https://plat.dianping.com/app/femember-musteat-web/musteat-rank?cityid=145&notitlebar=1&ranktype=3
山东省,淄博市,张店区,阿喆私房菜（西五路店）,山东省淄博市张店区北西五路与鲁泰大道交叉口往南80米路东,4.4,69,瓦罐凤爪,省市区及街道已获取,已获取,榜单行政区/商圈归属,5399171,https://plat.dianping.com/app/femember-musteat-web/musteat-rank?cityid=145&notitlebar=1&ranktype=3,https://www.dianping.com/shop/5399171/photos/album,https://plat.dianping.com/app/femember-musteat-web/musteat-rank?cityid=145&notitlebar=1&ranktype=3
山东省,淄博市,张店区,馥茂斋大饭店·博山菜,山东省淄博市张店区联通路与北西五路口交口西北角,4.6,90,博山豆腐箱,省市区及街道已获取,已获取,榜单行政区/商圈归属,2074009,https://plat.dianping.com/app/femember-musteat-web/musteat-rank?cityid=145&notitlebar=1&ranktype=3,https://www.dianping.com/shop/2074009/photos/album,https://plat.dianping.com/app/femember-musteat-web/musteat-rank?cityid=145&notitlebar=1&ranktype=3
山东省,淄博市,张店区,欢喜潮牛潮汕牛肉火锅（华侨城店）,山东省淄博市张店区北西六路与中润大道交叉口往南100米路西中润华侨城南区,4.7,72,吊龙伴,省市区及街道已获取,已获取,榜单行政区/商圈归属,601899271,https://plat.dianping.com/app/femember-musteat-web/musteat-rank?cityid=145&notitlebar=1&ranktype=3,https://www.dianping.com/shop/601899271/photos/album,https://plat.dianping.com/app/femember-musteat-web/musteat-rank?cityid=145&notitlebar=1&ranktype=3
山东省,淄博市,张店区,聚友斋（金晶大道八大局店）,山东省淄博市张店区金晶大道与新村路交叉口南50米金鼎1948文化创意产业园,4.7,72,外婆茶香小排,省市区及街道已获取,已获取,榜单行政区/商圈归属,547498662,https://plat.dianping.com/app/femember-musteat-web/musteat-rank?cityid=145&notitlebar=1&ranktype=3,https://www.dianping.com/shop/547498662/photos/album,https://plat.dianping.com/app/femember-musteat-web/musteat-rank?cityid=145&notitlebar=1&ranktype=3
山东省,淄博市,周村区,开荤烧烤,"山东省淄博市周村区航东便民市场129号小寨社区西2门南66米（近周村古商城,淄博烧烤 必来开荤）",4.2,54,鲜五花肉,省市区及街道已获取,已获取,同店铺ID出现在榜单县级城市入口,819352849,https://plat.dianping.com/app/femember-musteat-web/musteat-rank?cityid=145&notitlebar=1&ranktype=3,https://www.dianping.com/shop/819352849/photos/album,https://plat.dianping.com/app/femember-musteat-web/musteat-rank?cityid=4445&notitlebar=1&ranktype=3
山东省,淄博市,博山区,福顺烧烤,山东省淄博市博山区福山东路景德东旁边,4.8,53,羊肉串,省市区及街道已获取,已获取,同店铺ID出现在榜单县级城市入口,63181096,https://plat.dianping.com/app/femember-musteat-web/musteat-rank?cityid=145&notitlebar=1&ranktype=3,https://www.dianping.com/shop/63181096/photos/album,https://plat.dianping.com/app/femember-musteat-web/musteat-rank?cityid=4433&notitlebar=1&ranktype=3
山东省,淄博市,张店区,小寒羊烧烤（凯瑞时代大厦店）,山东省淄博市张店区人民西路和祥和路交叉东南角凯瑞时代大厦一层,4.3,75,羔羊肉串,省市区及街道已获取,已获取,榜单行政区/商圈归属,5383388,https://plat.dianping.com/app/femember-musteat-web/musteat-rank?cityid=145&notitlebar=1&ranktype=3,https://www.dianping.com/shop/5383388/photos/album,https://plat.dianping.com/app/femember-musteat-web/musteat-rank?cityid=145&notitlebar=1&ranktype=3
山东省,枣庄市,滕州市,刘记手擀面（荆河东路店）,山东省枣庄市滕州市荆河东路远航·第一国际西区底商,4.1,34,刘记辣子鸡拌面,省市区及街道已获取,已获取,榜单行政区/商圈归属,128662509,https://plat.dianping.com/app/femember-musteat-web/musteat-rank?cityid=146&notitlebar=1&ranktype=3,https://www.dianping.com/shop/128662509/photos/album,https://plat.dianping.com/app/femember-musteat-web/musteat-rank?cityid=146&notitlebar=1&ranktype=3
山东省,枣庄市,滕州市,鱼鲜美酒店（学院路店）,山东省枣庄市滕州市学院路52号,4.5,79,鱼面筋,省市区及街道已获取,已获取,同店铺ID出现在榜单县级城市入口,9795182,https://plat.dianping.com/app/femember-musteat-web/musteat-rank?cityid=146&notitlebar=1&ranktype=3,https://www.dianping.com/shop/9795182/photos/album,https://plat.dianping.com/app/femember-musteat-web/musteat-rank?cityid=1180&notitlebar=1&ranktype=3
山东省,枣庄市,市中区,名利辣子鸡,山东省枣庄市市中区光明西路与西昌南路交叉口向东30米路南,4.9,68,名利辣子鸡,省市区及街道已获取,已获取,榜单行政区/商圈归属,98033548,https://plat.dianping.com/app/femember-musteat-web/musteat-rank?cityid=146&notitlebar=1&ranktype=3,https://www.dianping.com/shop/98033548/photos/album,https://plat.dianping.com/app/femember-musteat-web/musteat-rank?cityid=146&notitlebar=1&ranktype=3
山东省,枣庄市,薛城区,老滋味菜煎饼（四季菁华店）,山东省枣庄市薛城区四季菁华社区海河路文渊园2号门市,4.5,13,杂粮菜煎饼,省市区及街道已获取,已获取,同店铺ID出现在榜单县级城市入口,21124804,https://plat.dianping.com/app/femember-musteat-web/musteat-rank?cityid=146&notitlebar=1&ranktype=3,https://www.dianping.com/shop/21124804/photos/album,https://plat.dianping.com/app/femember-musteat-web/musteat-rank?cityid=4441&notitlebar=1&ranktype=3
山东省,枣庄市,滕州市,莲青山全羊馆（总店）,山东省枣庄市滕州市善国北路西侧陶然酒店南邻,4.4,39,炒鲜羊肉,省市区及街道已获取,已获取,同店铺ID出现在榜单县级城市入口,8867679,https://plat.dianping.com/app/femember-musteat-web/musteat-rank?cityid=146&notitlebar=1&ranktype=3,https://www.dianping.com/shop/8867679/photos/album,https://plat.dianping.com/app/femember-musteat-web/musteat-rank?cityid=1180&notitlebar=1&ranktype=3
山东省,枣庄市,滕州市,汤氏夜煎包辣汤（新兴中路店）,山东省枣庄市滕州市新兴中路162号正南方向70米,4.3,26,白粥,省市区及街道已获取,已获取,同店铺ID出现在榜单县级城市入口,124200998,https://plat.dianping.com/app/femember-musteat-web/musteat-rank?cityid=146&notitlebar=1&ranktype=3,https://www.dianping.com/shop/124200998/photos/album,https://plat.dianping.com/app/femember-musteat-web/musteat-rank?cityid=1180&notitlebar=1&ranktype=3
山东省,枣庄市,薛城区,滕粥故事（薛城万达店）,山东省枣庄市薛城区永兴路126号万达广场F3层,4.4,53,酱香肉丝,省市区及街道已获取,已获取,同店铺ID出现在榜单县级城市入口,1988100088,https://plat.dianping.com/app/femember-musteat-web/musteat-rank?cityid=146&notitlebar=1&ranktype=3,https://www.dianping.com/shop/1988100088/photos/album,https://plat.dianping.com/app/femember-musteat-web/musteat-rank?cityid=4441&notitlebar=1&ranktype=3
山东省,枣庄市,市中区,长寿面馆（振兴路店）,山东省枣庄市市中区振兴南路枣庄市房产管理局对过,4.6,46,长寿面条鸡,省市区及街道已获取,已获取,榜单行政区/商圈归属,5361528,https://plat.dianping.com/app/femember-musteat-web/musteat-rank?cityid=146&notitlebar=1&ranktype=3,https://www.dianping.com/shop/5361528/photos/album,https://plat.dianping.com/app/femember-musteat-web/musteat-rank?cityid=146&notitlebar=1&ranktype=3
山东省,枣庄市,滕州市,山亭山羊汤馆（凤凰苑店）,山东省枣庄市滕州市解放东路169号凤凰苑南2门西130米,4.4,47,羊肉汤,省市区及街道已获取,已获取,榜单行政区/商圈归属,40202381,https://plat.dianping.com/app/femember-musteat-web/musteat-rank?cityid=146&notitlebar=1&ranktype=3,https://www.dianping.com/shop/40202381/photos/album,https://plat.dianping.com/app/femember-musteat-web/musteat-rank?cityid=146&notitlebar=1&ranktype=3
山东省,东营市,东营区,滚滚鲜蹄花炒鸡·疙瘩汤（北一店）,山东省东营市东营区北一路950号华山医院西行50米路南,4.4,53,滚筒炒鸡,省市区及街道已获取,已获取,榜单行政区/商圈归属,98158327,https://plat.dianping.com/app/femember-musteat-web/musteat-rank?cityid=147&notitlebar=1&ranktype=3,https://www.dianping.com/shop/98158327/photos/album,https://plat.dianping.com/app/femember-musteat-web/musteat-rank?cityid=147&notitlebar=1&ranktype=3
山东省,东营市,东营区,金海渔港,山东省东营市东营区宁阳路56号,4.4,79,蒜蓉海鲜大咖,省市区及街道已获取,已获取,榜单行政区/商圈归属,114493812,https://plat.dianping.com/app/femember-musteat-web/musteat-rank?cityid=147&notitlebar=1&ranktype=3,https://www.dianping.com/shop/114493812/photos/album,https://plat.dianping.com/app/femember-musteat-web/musteat-rank?cityid=147&notitlebar=1&ranktype=3
山东省,东营市,东营区,大韩烧烤·鲜串现烤（总店）,山东省东营市东营区黄河路与燕山路交叉口向南400米路东，燕山路406号。（一品花园）,4.4,74,羊肉串,省市区及街道已获取,已获取,榜单行政区/商圈归属,93740265,https://plat.dianping.com/app/femember-musteat-web/musteat-rank?cityid=147&notitlebar=1&ranktype=3,https://www.dianping.com/shop/93740265/photos/album,https://plat.dianping.com/app/femember-musteat-web/musteat-rank?cityid=147&notitlebar=1&ranktype=3
山东省,东营市,东营区,村长家的疙瘩汤·东营菜（淄博路店）,山东省东营市东营区淄博路与海通路交叉口向西200米路南,4.6,77,村长家的红烧肉,省市区及街道已获取,已获取,榜单行政区/商圈归属,92197592,https://plat.dianping.com/app/femember-musteat-web/musteat-rank?cityid=147&notitlebar=1&ranktype=3,https://www.dianping.com/shop/92197592/photos/album,https://plat.dianping.com/app/femember-musteat-web/musteat-rank?cityid=147&notitlebar=1&ranktype=3
山东省,东营市,东营区,外婆饺子城·地标美食（北一路店）,山东省东营市东营区北一路东赵沿街商品房8号,4.5,59,虾仁水饺,省市区及街道已获取,已获取,榜单行政区/商圈归属,6105925,https://plat.dianping.com/app/femember-musteat-web/musteat-rank?cityid=147&notitlebar=1&ranktype=3,https://www.dianping.com/shop/6105925/photos/album,https://plat.dianping.com/app/femember-musteat-web/musteat-rank?cityid=147&notitlebar=1&ranktype=3
山东省,东营市,东营区,印象东营·百盛园,山东省东营市东营区北二路542号,4.4,77,酥不腻烤鸭,省市区及街道已获取,已获取,榜单行政区/商圈归属,618145735,https://plat.dianping.com/app/femember-musteat-web/musteat-rank?cityid=147&notitlebar=1&ranktype=3,https://www.dianping.com/shop/618145735/photos/album,https://plat.dianping.com/app/femember-musteat-web/musteat-rank?cityid=147&notitlebar=1&ranktype=3
山东省,东营市,东营区,早船·深海鱼锅泡饼（太行山路店）,山东省东营市东营区太行山路与丽日大街交叉口西北角,4.1,87,深海鱼锅泡饼,省市区及街道已获取,已获取,榜单行政区/商圈归属,1780056100,https://plat.dianping.com/app/femember-musteat-web/musteat-rank?cityid=147&notitlebar=1&ranktype=3,https://www.dianping.com/shop/1780056100/photos/album,https://plat.dianping.com/app/femember-musteat-web/musteat-rank?cityid=147&notitlebar=1&ranktype=3
山东省,东营市,东营区,八分场凉皮老店（正宗）,山东省东营市东营区东二路168号,4.1,17,凉皮,省市区及街道已获取,已获取,榜单行政区/商圈归属,22327179,https://plat.dianping.com/app/femember-musteat-web/musteat-rank?cityid=147&notitlebar=1&ranktype=3,https://www.dianping.com/shop/22327179/photos/album,https://plat.dianping.com/app/femember-musteat-web/musteat-rank?cityid=147&notitlebar=1&ranktype=3
山东省,东营市,东营区,一家亲妈妈菜（金辰路店）,山东省东营市东营区金辰路与郑州路交叉口东南角,4.3,68,利津水煎包,省市区及街道已获取,已获取,榜单行政区/商圈归属,1630340036,https://plat.dianping.com/app/femember-musteat-web/musteat-rank?cityid=147&notitlebar=1&ranktype=3,https://www.dianping.com/shop/1630340036/photos/album,https://plat.dianping.com/app/femember-musteat-web/musteat-rank?cityid=147&notitlebar=1&ranktype=3
山东省,烟台市,芝罘区,签哥签妹儿串串火锅（机场路店）,山东省烟台市芝罘区机场路141号（南尧新都汇商场正对面）,4.8,72,特色小郡肝,省市区及街道已获取,已获取,榜单行政区/商圈归属,124867147,https://plat.dianping.com/app/femember-musteat-web/musteat-rank?cityid=148&notitlebar=1&ranktype=3,https://www.dianping.com/shop/124867147/photos/album,https://plat.dianping.com/app/femember-musteat-web/musteat-rank?cityid=148&notitlebar=1&ranktype=3
山东省,烟台市,莱山区,尚德·小龙虾·甜麻肥蛤·海鲜大排档（烟大清泉寨店）,山东省烟台市莱山区泉韵南路48号胡同最里面（车停路对面儿清泉路3号邮政停车场）,4.7,109,烧烤,省市区及街道已获取,已获取,榜单行政区/商圈归属,19173960,https://plat.dianping.com/app/femember-musteat-web/musteat-rank?cityid=148&notitlebar=1&ranktype=3,https://www.dianping.com/shop/19173960/photos/album,https://plat.dianping.com/app/femember-musteat-web/musteat-rank?cityid=148&notitlebar=1&ranktype=3
山东省,烟台市,芝罘区,老东海•本地小海鲜•烟台菜•老牟平烧烤（幸福南路店）,山东省烟台市芝罘区幸福街道幸福南路20号（距4A级景区金沙滩车程十五分钟）,4.4,104,海肠捞饭,省市区及街道已获取,已获取,榜单行政区/商圈归属,124572605,https://plat.dianping.com/app/femember-musteat-web/musteat-rank?cityid=148&notitlebar=1&ranktype=3,https://www.dianping.com/shop/124572605/photos/album,https://plat.dianping.com/app/femember-musteat-web/musteat-rank?cityid=148&notitlebar=1&ranktype=3
山东省,烟台市,芝罘区,大田牛尾汤（幸福北路店）,山东省烟台市芝罘区幸福北路118号,4.4,62,大田牛尾汤,省市区及街道已获取,已获取,榜单行政区/商圈归属,13849413,https://plat.dianping.com/app/femember-musteat-web/musteat-rank?cityid=148&notitlebar=1&ranktype=3,https://www.dianping.com/shop/13849413/photos/album,https://plat.dianping.com/app/femember-musteat-web/musteat-rank?cityid=148&notitlebar=1&ranktype=3
山东省,烟台市,牟平区,迷町猪蹄（烟台龙湖店）,山东省烟台市牟平区滨海东路653号龙湖葡醍商业街10-7-115、217号,4.4,75,BBQ酱烤猪蹄,省市区及街道已获取,已获取,同店铺ID出现在榜单县级城市入口,1827681035,https://plat.dianping.com/app/femember-musteat-web/musteat-rank?cityid=148&notitlebar=1&ranktype=3,https://www.dianping.com/shop/1827681035/photos/album,https://plat.dianping.com/app/femember-musteat-web/musteat-rank?cityid=4437&notitlebar=1&ranktype=3
山东省,烟台市,芝罘区,三合园水饺（二马路店）,山东省烟台市芝罘区二马路187号-15,4.1,70,鲅鱼水饺,省市区及街道已获取,已获取,榜单行政区/商圈归属,3260404,https://plat.dianping.com/app/femember-musteat-web/musteat-rank?cityid=148&notitlebar=1&ranktype=3,https://www.dianping.com/shop/3260404/photos/album,https://plat.dianping.com/app/femember-musteat-web/musteat-rank?cityid=148&notitlebar=1&ranktype=3
山东省,烟台市,牟平区,良兴火锅,山东省烟台市牟平区新区大街658号（地税局西行50米路南）,4.8,91,现刮扇贝,省市区及街道已获取,已获取,榜单行政区/商圈归属,44026099,https://plat.dianping.com/app/femember-musteat-web/musteat-rank?cityid=148&notitlebar=1&ranktype=3,https://www.dianping.com/shop/44026099/photos/album,https://plat.dianping.com/app/femember-musteat-web/musteat-rank?cityid=148&notitlebar=1&ranktype=3
山东省,烟台市,,PICCOLO（天山路店）,山东省烟台市天山路阳光嘉园YONEX隔壁,4.5,106,帕尔马火腿披萨,区县或街道未核实,已获取,区县未核实,129646472,https://plat.dianping.com/app/femember-musteat-web/musteat-rank?cityid=148&notitlebar=1&ranktype=3,https://www.dianping.com/shop/129646472/photos/album,https://plat.dianping.com/app/femember-musteat-web/musteat-rank?cityid=148&notitlebar=1&ranktype=3
山东省,烟台市,蓬莱区,缘客来渔家餐厅（蓬泉路店）,山东省烟台市蓬莱区蓬泉路726号,4.8,83,特色鲅鱼水饺,省市区及街道已获取,已获取,同店铺ID出现在榜单县级城市入口,98660650,https://plat.dianping.com/app/femember-musteat-web/musteat-rank?cityid=148&notitlebar=1&ranktype=3,https://www.dianping.com/shop/98660650/photos/album,https://plat.dianping.com/app/femember-musteat-web/musteat-rank?cityid=1158&notitlebar=1&ranktype=3
山东省,烟台市,芝罘区,李氏疙瘩汤创始店·本地海鲜·老烟台菜·牟平烧烤,山东省烟台市芝罘区福来里街9号,4.4,97,海鲜疙瘩汤,省市区及街道已获取,已获取,榜单行政区/商圈归属,9917263,https://plat.dianping.com/app/femember-musteat-web/musteat-rank?cityid=148&notitlebar=1&ranktype=3,https://www.dianping.com/shop/9917263/photos/album,https://plat.dianping.com/app/femember-musteat-web/musteat-rank?cityid=148&notitlebar=1&ranktype=3
山东省,烟台市,芝罘区,釜山豚骨汤饭（芝罘万达广场店）,山东省烟台市芝罘区锦华街万达广场金街C2-209号,4.5,60,蜂蜜柚子茶,省市区及街道已获取,已获取,榜单行政区/商圈归属,43946940,https://plat.dianping.com/app/femember-musteat-web/musteat-rank?cityid=148&notitlebar=1&ranktype=3,https://www.dianping.com/shop/43946940/photos/album,https://plat.dianping.com/app/femember-musteat-web/musteat-rank?cityid=148&notitlebar=1&ranktype=3
山东省,烟台市,蓬莱区,新雅渔家海鲜饭庄,山东省烟台市蓬莱区兴海路抹直口村331号,4.7,85,海肠捞饭,省市区及街道已获取,已获取,同店铺ID出现在榜单县级城市入口,58105868,https://plat.dianping.com/app/femember-musteat-web/musteat-rank?cityid=148&notitlebar=1&ranktype=3,https://www.dianping.com/shop/58105868/photos/album,https://plat.dianping.com/app/femember-musteat-web/musteat-rank?cityid=1158&notitlebar=1&ranktype=3
山东省,烟台市,芝罘区,热力餐厅,山东省烟台市芝罘区辛庄街1号,4.4,94,特色黄花鱼腐皮卷,省市区及街道已获取,已获取,榜单行政区/商圈归属,5465178,https://plat.dianping.com/app/femember-musteat-web/musteat-rank?cityid=148&notitlebar=1&ranktype=3,https://www.dianping.com/shop/5465178/photos/album,https://plat.dianping.com/app/femember-musteat-web/musteat-rank?cityid=148&notitlebar=1&ranktype=3
山东省,烟台市,,禾牛道·鳗道黑毛牛烧肉店（永旺梦乐城店）,山东省烟台市自由贸易试验区烟台片区福莱山街道长江路120号永旺梦乐城2楼222号,4.3,120,特上鳗鱼饭,区县或街道未核实,已获取,区县未核实,77285068,https://plat.dianping.com/app/femember-musteat-web/musteat-rank?cityid=148&notitlebar=1&ranktype=3,https://www.dianping.com/shop/77285068/photos/album,https://plat.dianping.com/app/femember-musteat-web/musteat-rank?cityid=148&notitlebar=1&ranktype=3
山东省,烟台市,莱山区,盛合园·鲜牛肉火锅（金滩花园店）,山东省烟台市莱山区凤凰大街789号金滩熙园网点753号,4.6,94,鲜切吊龙,省市区及街道已获取,已获取,榜单行政区/商圈归属,892700059,https://plat.dianping.com/app/femember-musteat-web/musteat-rank?cityid=148&notitlebar=1&ranktype=3,https://www.dianping.com/shop/892700059/photos/album,https://plat.dianping.com/app/femember-musteat-web/musteat-rank?cityid=148&notitlebar=1&ranktype=3
山东省,烟台市,,合丰烧烤•海鲜家常菜•本地老字号（金沙滩店）,山东省烟台市长江路与华山路交界通发商城1楼（距金沙滩驾车6分钟）,4.1,73,合丰肥牛,区县或街道未核实,已获取,区县未核实,127093775,https://plat.dianping.com/app/femember-musteat-web/musteat-rank?cityid=148&notitlebar=1&ranktype=3,https://www.dianping.com/shop/127093775/photos/album,https://plat.dianping.com/app/femember-musteat-web/musteat-rank?cityid=148&notitlebar=1&ranktype=3
山东省,烟台市,芝罘区,东升灌浆包（辛庄街总店）,山东省烟台市芝罘区向阳街道辛庄街100号（清真寺西20米）,4.3,34,海珍烫面包,省市区及街道已获取,已获取,榜单行政区/商圈归属,97866277,https://plat.dianping.com/app/femember-musteat-web/musteat-rank?cityid=148&notitlebar=1&ranktype=3,https://www.dianping.com/shop/97866277/photos/album,https://plat.dianping.com/app/femember-musteat-web/musteat-rank?cityid=148&notitlebar=1&ranktype=3
山东省,烟台市,芝罘区,洪兴砂锅·融合砂锅菜（三站店）,山东省烟台市芝罘区通伸南街18-1-2号（十三中对面）,4.4,49,鲶鱼砂锅,省市区及街道已获取,已获取,榜单行政区/商圈归属,5249695,https://plat.dianping.com/app/femember-musteat-web/musteat-rank?cityid=148&notitlebar=1&ranktype=3,https://www.dianping.com/shop/5249695/photos/album,https://plat.dianping.com/app/femember-musteat-web/musteat-rank?cityid=148&notitlebar=1&ranktype=3
山东省,烟台市,蓬莱区,建兴面馆（南关路店）,山东省烟台市蓬莱区南关路185号（蓬莱区住建局对面）,4.1,18,特色蓬莱小面,省市区及街道已获取,已获取,同店铺ID出现在榜单县级城市入口,44208153,https://plat.dianping.com/app/femember-musteat-web/musteat-rank?cityid=148&notitlebar=1&ranktype=3,https://www.dianping.com/shop/44208153/photos/album,https://plat.dianping.com/app/femember-musteat-web/musteat-rank?cityid=1158&notitlebar=1&ranktype=3
山东省,烟台市,芝罘区,福记疙瘩汤·海鲜家常菜（烟台山店）,"山东省烟台市芝罘区海岸街25号（烟台山脚下,距朝阳街50米）",4.4,81,福记海鲜疙瘩汤,省市区及街道已获取,已获取,榜单行政区/商圈归属,32501398,https://plat.dianping.com/app/femember-musteat-web/musteat-rank?cityid=148&notitlebar=1&ranktype=3,https://www.dianping.com/shop/32501398/photos/album,https://plat.dianping.com/app/femember-musteat-web/musteat-rank?cityid=148&notitlebar=1&ranktype=3
山东省,潍坊市,奎文区,一牛吼潮汕牛肉火锅（蓉花路店）,山东省潍坊市奎文区桐荫街与惠通巷交叉口南行100米,4.6,82,精品吊龙,省市区及街道已获取,已获取,榜单行政区/商圈归属,809302692,https://plat.dianping.com/app/femember-musteat-web/musteat-rank?cityid=149&notitlebar=1&ranktype=3,https://www.dianping.com/shop/809302692/photos/album,https://plat.dianping.com/app/femember-musteat-web/musteat-rank?cityid=149&notitlebar=1&ranktype=3
山东省,潍坊市,奎文区,新华烧烤·一只山羊,"山东省潍坊市奎文区北海路街道平安巷与东风东街交叉口西30米路北（近沃尔玛,近北海路）",4.6,69,麻辣拌鸡架,省市区及街道已获取,已获取,榜单行政区/商圈归属,1439414616,https://plat.dianping.com/app/femember-musteat-web/musteat-rank?cityid=149&notitlebar=1&ranktype=3,https://www.dianping.com/shop/1439414616/photos/album,https://plat.dianping.com/app/femember-musteat-web/musteat-rank?cityid=149&notitlebar=1&ranktype=3
山东省,潍坊市,青州市,老城根·砂锅驴肉·地道青州菜（禄禧新城店）,山东省潍坊市青州市海岱中路银座佳悦北邻100米路东,4,71,驴肉拼盘,省市区及街道已获取,已获取,同店铺ID出现在榜单县级城市入口,21221770,https://plat.dianping.com/app/femember-musteat-web/musteat-rank?cityid=149&notitlebar=1&ranktype=3,https://www.dianping.com/shop/21221770/photos/album,https://plat.dianping.com/app/femember-musteat-web/musteat-rank?cityid=1148&notitlebar=1&ranktype=3
山东省,潍坊市,奎文区,王记肉火烧早餐中国店,山东省潍坊市奎文区院校街与潍州路交汇处东20米路北,4.3,12,肉火烧,省市区及街道已获取,已获取,榜单行政区/商圈归属,5603929,https://plat.dianping.com/app/femember-musteat-web/musteat-rank?cityid=149&notitlebar=1&ranktype=3,https://www.dianping.com/shop/5603929/photos/album,https://plat.dianping.com/app/femember-musteat-web/musteat-rank?cityid=149&notitlebar=1&ranktype=3
山东省,潍坊市,奎文区,蛮横鸡爪煲（银座店）,山东省潍坊市奎文区北海路银座商城4楼西南角,4.8,67,蛮横金牌鸡爪煲,省市区及街道已获取,已获取,榜单行政区/商圈归属,59130375,https://plat.dianping.com/app/femember-musteat-web/musteat-rank?cityid=149&notitlebar=1&ranktype=3,https://www.dianping.com/shop/59130375/photos/album,https://plat.dianping.com/app/femember-musteat-web/musteat-rank?cityid=149&notitlebar=1&ranktype=3
山东省,潍坊市,青州市,玲珑小吃,山东省潍坊市青州市稷山路一巷22号（外贸路口铁路立交桥北）,4.4,66,羊肉灌汤水饺,省市区及街道已获取,已获取,同店铺ID出现在榜单县级城市入口,14194678,https://plat.dianping.com/app/femember-musteat-web/musteat-rank?cityid=149&notitlebar=1&ranktype=3,https://www.dianping.com/shop/14194678/photos/album,https://plat.dianping.com/app/femember-musteat-web/musteat-rank?cityid=1148&notitlebar=1&ranktype=3
山东省,潍坊市,奎文区,老集头朝天锅潍县菜（金沙店）,山东省潍坊市奎文区民生街与青年路交叉口往东70米路北,4.4,45,正宗朝天锅,省市区及街道已获取,已获取,榜单行政区/商圈归属,68241700,https://plat.dianping.com/app/femember-musteat-web/musteat-rank?cityid=149&notitlebar=1&ranktype=3,https://www.dianping.com/shop/68241700/photos/album,https://plat.dianping.com/app/femember-musteat-web/musteat-rank?cityid=149&notitlebar=1&ranktype=3
山东省,潍坊市,奎文区,潍坊人家•潍坊菜•瓦罐粥（奎文门店）,山东省潍坊市奎文区东关街道办事处友谊街286号,4.2,59,潍县五香肉,省市区及街道已获取,已获取,榜单行政区/商圈归属,3591526,https://plat.dianping.com/app/femember-musteat-web/musteat-rank?cityid=149&notitlebar=1&ranktype=3,https://www.dianping.com/shop/3591526/photos/album,https://plat.dianping.com/app/femember-musteat-web/musteat-rank?cityid=149&notitlebar=1&ranktype=3
山东省,潍坊市,青州市,小胡碳烤羊腿·清真,山东省潍坊市青州市云门山街道益王府路平章府万隆购物中心南188米路西（新法院对面）,4.9,78,烤羊腿,省市区及街道已获取,已获取,同店铺ID出现在榜单县级城市入口,13700983,https://plat.dianping.com/app/femember-musteat-web/musteat-rank?cityid=149&notitlebar=1&ranktype=3,https://www.dianping.com/shop/13700983/photos/album,https://plat.dianping.com/app/femember-musteat-web/musteat-rank?cityid=1148&notitlebar=1&ranktype=3
山东省,济宁市,任城区,杨兴海糁汤,山东省济宁市任城区越河南路与任城路交叉口西行50米路南,4.4,29,糁汤,省市区及街道已获取,已获取,榜单行政区/商圈归属,9820174,https://plat.dianping.com/app/femember-musteat-web/musteat-rank?cityid=150&notitlebar=1&ranktype=3,https://www.dianping.com/shop/9820174/photos/album,https://plat.dianping.com/app/femember-musteat-web/musteat-rank?cityid=150&notitlebar=1&ranktype=3
山东省,济宁市,任城区,夹饼壹号（万达金街店）,"山东省济宁市任城区太白楼东路万达广场1楼外街（6号门向西21米路南,旺角摩卡接发旁）",4.1,15,夹饼,省市区及街道已获取,已获取,榜单行政区/商圈归属,58288633,https://plat.dianping.com/app/femember-musteat-web/musteat-rank?cityid=150&notitlebar=1&ranktype=3,https://www.dianping.com/shop/58288633/photos/album,https://plat.dianping.com/app/femember-musteat-web/musteat-rank?cityid=150&notitlebar=1&ranktype=3
山东省,济宁市,任城区,老济宁甏肉干饭（凌云路店）,山东省济宁市任城区吴泰闸路与菱花路交叉路口南凌云小区西区7号楼,4.2,29,甏肉,省市区及街道已获取,已获取,榜单行政区/商圈归属,70084134,https://plat.dianping.com/app/femember-musteat-web/musteat-rank?cityid=150&notitlebar=1&ranktype=3,https://www.dianping.com/shop/70084134/photos/album,https://plat.dianping.com/app/femember-musteat-web/musteat-rank?cityid=150&notitlebar=1&ranktype=3
山东省,济宁市,任城区,芳袭人鲁菜馆,山东省济宁市任城区洸河路155号益民小区东区沿街商铺,4.4,82,芳袭人刺身烧杂拌,省市区及街道已获取,已获取,榜单行政区/商圈归属,121819805,https://plat.dianping.com/app/femember-musteat-web/musteat-rank?cityid=150&notitlebar=1&ranktype=3,https://www.dianping.com/shop/121819805/photos/album,https://plat.dianping.com/app/femember-musteat-web/musteat-rank?cityid=150&notitlebar=1&ranktype=3
山东省,济宁市,任城区,马驿桥夹饼老店,山东省济宁市任城区马驿桥街6-7号,4.5,13,羊肉串夹饼,省市区及街道已获取,已获取,榜单行政区/商圈归属,23634687,https://plat.dianping.com/app/femember-musteat-web/musteat-rank?cityid=150&notitlebar=1&ranktype=3,https://www.dianping.com/shop/23634687/photos/album,https://plat.dianping.com/app/femember-musteat-web/musteat-rank?cityid=150&notitlebar=1&ranktype=3
山东省,济宁市,曲阜市,戏鼓串道·精烤小串,山东省济宁市曲阜市裕隆路与天华路交叉口西南角,4.5,70,黄瓜拌油条,省市区及街道已获取,已获取,同店铺ID出现在榜单县级城市入口,1971871447,https://plat.dianping.com/app/femember-musteat-web/musteat-rank?cityid=150&notitlebar=1&ranktype=3,https://www.dianping.com/shop/1971871447/photos/album,https://plat.dianping.com/app/femember-musteat-web/musteat-rank?cityid=1181&notitlebar=1&ranktype=3
山东省,济宁市,曲阜市,王家肉饼,山东省济宁市曲阜市静轩中路与护庙街交叉口北行100米路东（护庙街中段）,4.5,18,猪肉大葱肉饼,省市区及街道已获取,已获取,同店铺ID出现在榜单县级城市入口,21618428,https://plat.dianping.com/app/femember-musteat-web/musteat-rank?cityid=150&notitlebar=1&ranktype=3,https://www.dianping.com/shop/21618428/photos/album,https://plat.dianping.com/app/femember-musteat-web/musteat-rank?cityid=1181&notitlebar=1&ranktype=3
山东省,济宁市,任城区,小青年烧烤（济州上城店）,山东省济宁市任城区火炬路济州上城西门入口处1楼,4.6,56,蒜蓉烤生蚝,省市区及街道已获取,已获取,榜单行政区/商圈归属,1030344899,https://plat.dianping.com/app/femember-musteat-web/musteat-rank?cityid=150&notitlebar=1&ranktype=3,https://www.dianping.com/shop/1030344899/photos/album,https://plat.dianping.com/app/femember-musteat-web/musteat-rank?cityid=150&notitlebar=1&ranktype=3
山东省,济宁市,任城区,铜来聚老北京铜锅涮肉（金宇路店）,山东省济宁市任城区金宇路9号（金宇装饰城东临入口处）,4.5,82,羊肉串,省市区及街道已获取,已获取,榜单行政区/商圈归属,5638235,https://plat.dianping.com/app/femember-musteat-web/musteat-rank?cityid=150&notitlebar=1&ranktype=3,https://www.dianping.com/shop/5638235/photos/album,https://plat.dianping.com/app/femember-musteat-web/musteat-rank?cityid=150&notitlebar=1&ranktype=3
山东省,济宁市,任城区,湖上人家（吴泰闸路店）,山东省济宁市任城区吴泰闸路与菱花路交界处西南角向西走100米,4.7,80,辣炒河蚌,省市区及街道已获取,已获取,榜单行政区/商圈归属,4112571,https://plat.dianping.com/app/femember-musteat-web/musteat-rank?cityid=150&notitlebar=1&ranktype=3,https://www.dianping.com/shop/4112571/photos/album,https://plat.dianping.com/app/femember-musteat-web/musteat-rank?cityid=150&notitlebar=1&ranktype=3
山东省,济宁市,曲阜市,经典光棍鸡（逵泉路店）,山东省济宁市曲阜市孔子研究院北门对过,4.5,51,经典光棍鸡,省市区及街道已获取,已获取,同店铺ID出现在榜单县级城市入口,23730290,https://plat.dianping.com/app/femember-musteat-web/musteat-rank?cityid=150&notitlebar=1&ranktype=3,https://www.dianping.com/shop/23730290/photos/album,https://plat.dianping.com/app/femember-musteat-web/musteat-rank?cityid=1181&notitlebar=1&ranktype=3
山东省,泰安市,泰山区,鲁菜根·泰山菜（普照店）,山东省泰安市泰山区普照寺路24-5号,4.7,63,泰山炒鸡,省市区及街道已获取,已获取,榜单行政区/商圈归属,20717261,https://plat.dianping.com/app/femember-musteat-web/musteat-rank?cityid=151&notitlebar=1&ranktype=3,https://www.dianping.com/shop/20717261/photos/album,https://plat.dianping.com/app/femember-musteat-web/musteat-rank?cityid=151&notitlebar=1&ranktype=3
山东省,泰安市,泰山区,泰山第一笼（科山店）,山东省泰安市泰山区科山路泰山一品疙瘩汤隔壁,4,17,经典鲜肉包,省市区及街道已获取,已获取,榜单行政区/商圈归属,127436174,https://plat.dianping.com/app/femember-musteat-web/musteat-rank?cityid=151&notitlebar=1&ranktype=3,https://www.dianping.com/shop/127436174/photos/album,https://plat.dianping.com/app/femember-musteat-web/musteat-rank?cityid=151&notitlebar=1&ranktype=3
山东省,泰安市,泰山区,吴家泰安私房菜（岱阳大街店）,山东省泰安市泰山区岱阳大街峪龙佳苑1期南门旁（中国建设银行隔壁）,4.6,70,非遗干炒猪手,省市区及街道已获取,已获取,榜单行政区/商圈归属,3127903,https://plat.dianping.com/app/femember-musteat-web/musteat-rank?cityid=151&notitlebar=1&ranktype=3,https://www.dianping.com/shop/3127903/photos/album,https://plat.dianping.com/app/femember-musteat-web/musteat-rank?cityid=151&notitlebar=1&ranktype=3
山东省,泰安市,泰山区,老泰安·泰安菜（普照寺路店）,山东省泰安市泰山区擂鼓石大街与普照寺路交叉口北100米路西,4.8,67,老泰安非遗炒鸡,省市区及街道已获取,已获取,榜单行政区/商圈归属,17776589,https://plat.dianping.com/app/femember-musteat-web/musteat-rank?cityid=151&notitlebar=1&ranktype=3,https://www.dianping.com/shop/17776589/photos/album,https://plat.dianping.com/app/femember-musteat-web/musteat-rank?cityid=151&notitlebar=1&ranktype=3
山东省,泰安市,泰山区,羊碳长烧烤（海大广场店）,山东省泰安市泰山区温泉路海大烧烤广场,4.1,62,麻辣涮肚,省市区及街道已获取,已获取,榜单行政区/商圈归属,65789853,https://plat.dianping.com/app/femember-musteat-web/musteat-rank?cityid=151&notitlebar=1&ranktype=3,https://www.dianping.com/shop/65789853/photos/album,https://plat.dianping.com/app/femember-musteat-web/musteat-rank?cityid=151&notitlebar=1&ranktype=3
山东省,泰安市,泰山区,偏爱炒鸡（财源店）,山东省泰安市泰山区财源街道财源大街143号,4.8,52,偏爱干炒鸡,省市区及街道已获取,已获取,榜单行政区/商圈归属,1908953051,https://plat.dianping.com/app/femember-musteat-web/musteat-rank?cityid=151&notitlebar=1&ranktype=3,https://www.dianping.com/shop/1908953051/photos/album,https://plat.dianping.com/app/femember-musteat-web/musteat-rank?cityid=151&notitlebar=1&ranktype=3
山东省,泰安市,泰山区,伯爵泰山家常菜（校场街店）,山东省泰安市泰山区校场街75号(财东街与财西街交叉口)近岱庙、王母池、泰山景区,4.6,51,泰山干炒鸡,省市区及街道已获取,已获取,榜单行政区/商圈归属,83507615,https://plat.dianping.com/app/femember-musteat-web/musteat-rank?cityid=151&notitlebar=1&ranktype=3,https://www.dianping.com/shop/83507615/photos/album,https://plat.dianping.com/app/femember-musteat-web/musteat-rank?cityid=151&notitlebar=1&ranktype=3
山东省,威海市,环翠区,味亲脊骨汤锅·米肠汤饭（韩乐坊店）,"山东省威海市环翠区韩乐坊南街韩国商品交易中心G1北门西50米,可乘大楼外侧印有韩国商品购物中心字样的玻璃电梯到G1层。",4.7,59,辣白菜脊骨锅,省市区及街道已获取,已获取,榜单行政区/商圈归属,966117150,https://plat.dianping.com/app/femember-musteat-web/musteat-rank?cityid=152&notitlebar=1&ranktype=3,https://www.dianping.com/shop/966117150/photos/album,https://plat.dianping.com/app/femember-musteat-web/musteat-rank?cityid=152&notitlebar=1&ranktype=3
山东省,威海市,环翠区,五谷丰登农家院·地道胶东菜·海鲜烧烤（威海店）,山东省威海市环翠区青岛中路133号,4.6,79,风味茄子,省市区及街道已获取,已获取,榜单行政区/商圈归属,9436894,https://plat.dianping.com/app/femember-musteat-web/musteat-rank?cityid=152&notitlebar=1&ranktype=3,https://www.dianping.com/shop/9436894/photos/album,https://plat.dianping.com/app/femember-musteat-web/musteat-rank?cityid=152&notitlebar=1&ranktype=3
山东省,威海市,环翠区,银河系韩式烤肉·活鳗鱼（韩乐坊店）,"山东省威海市环翠区韩乐坊中街与韩乐坊南街交叉口乐天双子星地面1层6号（蒂菲咖啡东30米,近赶海归来）",4.7,88,活鳗鱼,省市区及街道已获取,已获取,榜单行政区/商圈归属,862758256,https://plat.dianping.com/app/femember-musteat-web/musteat-rank?cityid=152&notitlebar=1&ranktype=3,https://www.dianping.com/shop/862758256/photos/album,https://plat.dianping.com/app/femember-musteat-web/musteat-rank?cityid=152&notitlebar=1&ranktype=3
山东省,威海市,环翠区,胶东小城大厨·新派海鲜鲁菜（火炬八街店）,山东省威海市环翠区火炬路162-106号（亚朵酒店旁）,4.7,90,风味茄子,省市区及街道已获取,已获取,榜单行政区/商圈归属,1153695587,https://plat.dianping.com/app/femember-musteat-web/musteat-rank?cityid=152&notitlebar=1&ranktype=3,https://www.dianping.com/shop/1153695587/photos/album,https://plat.dianping.com/app/femember-musteat-web/musteat-rank?cityid=152&notitlebar=1&ranktype=3
山东省,威海市,环翠区,众想海鲜·渔家菜·烧烤（孙家疃店）,山东省威海市环翠区北山路390号（近葡萄滩海水浴场）,4.9,91,海肠捞饭,省市区及街道已获取,已获取,榜单行政区/商圈归属,23418011,https://plat.dianping.com/app/femember-musteat-web/musteat-rank?cityid=152&notitlebar=1&ranktype=3,https://www.dianping.com/shop/23418011/photos/album,https://plat.dianping.com/app/femember-musteat-web/musteat-rank?cityid=152&notitlebar=1&ranktype=3
山东省,威海市,环翠区,老锅桥海鲜酒楼·鲜活海鲜（幸福门店）,山东省威海市环翠区海滨北路36号三角花园(幸福门),4.7,109,海肠捞饭,省市区及街道已获取,已获取,榜单行政区/商圈归属,3301570,https://plat.dianping.com/app/femember-musteat-web/musteat-rank?cityid=152&notitlebar=1&ranktype=3,https://www.dianping.com/shop/3301570/photos/album,https://plat.dianping.com/app/femember-musteat-web/musteat-rank?cityid=152&notitlebar=1&ranktype=3
山东省,威海市,环翠区,妈妈手（山大总店）,山东省威海市环翠区滨州北街2-10号,4.2,69,辣鸡爪,省市区及街道已获取,已获取,榜单行政区/商圈归属,68012103,https://plat.dianping.com/app/femember-musteat-web/musteat-rank?cityid=152&notitlebar=1&ranktype=3,https://www.dianping.com/shop/68012103/photos/album,https://plat.dianping.com/app/femember-musteat-web/musteat-rank?cityid=152&notitlebar=1&ranktype=3
山东省,威海市,环翠区,海底鲜·鲜活海鲜专门店·冰淇淋海胆·手选海鲜（威海店）,"山东省威海市环翠区古寨东路红绿灯,北300米",4.6,83,海肠捞饭,省市区及街道已获取,已获取,榜单行政区/商圈归属,23708344,https://plat.dianping.com/app/femember-musteat-web/musteat-rank?cityid=152&notitlebar=1&ranktype=3,https://www.dianping.com/shop/23708344/photos/album,https://plat.dianping.com/app/femember-musteat-web/musteat-rank?cityid=152&notitlebar=1&ranktype=3
山东省,威海市,环翠区,桢家宝酒店（经区居然店）,山东省威海市环翠区经济技术开发区皇冠街道办事处青岛中岛78号居然悦购广场4楼JRYG-4F-020,4.3,90,手撕鲅鱼,省市区及街道已获取,已获取,榜单行政区/商圈归属,705837900,https://plat.dianping.com/app/femember-musteat-web/musteat-rank?cityid=152&notitlebar=1&ranktype=3,https://www.dianping.com/shop/705837900/photos/album,https://plat.dianping.com/app/femember-musteat-web/musteat-rank?cityid=152&notitlebar=1&ranktype=3
山东省,威海市,环翠区,大雁店·米肠汤饭·牛尾汤,山东省威海市环翠区孙家疃镇北山路176号（阳聪饭店旁）,4.2,53,米肠汤饭,省市区及街道已获取,已获取,榜单行政区/商圈归属,1955316032,https://plat.dianping.com/app/femember-musteat-web/musteat-rank?cityid=152&notitlebar=1&ranktype=3,https://www.dianping.com/shop/1955316032/photos/album,https://plat.dianping.com/app/femember-musteat-web/musteat-rank?cityid=152&notitlebar=1&ranktype=3
山东省,日照市,东港区,小厨娘糁（小卜家庵子社区店）,山东省日照市东港区秦楼街道子沿街3组103号（荣成路与文登路交汇处西20米路北）,4.3,15,美味牛肉糁,省市区及街道已获取,已获取,榜单行政区/商圈归属,110525526,https://plat.dianping.com/app/femember-musteat-web/musteat-rank?cityid=153&notitlebar=1&ranktype=3,https://www.dianping.com/shop/110525526/photos/album,https://plat.dianping.com/app/femember-musteat-web/musteat-rank?cityid=153&notitlebar=1&ranktype=3
山东省,日照市,东港区,牛老二海鲜烧烤（日照总店）,山东省日照市东港区黄海一路华美酒店南九一会所隔壁,4.4,93,鳗鱼串,省市区及街道已获取,已获取,榜单行政区/商圈归属,91666061,https://plat.dianping.com/app/femember-musteat-web/musteat-rank?cityid=153&notitlebar=1&ranktype=3,https://www.dianping.com/shop/91666061/photos/album,https://plat.dianping.com/app/femember-musteat-web/musteat-rank?cityid=153&notitlebar=1&ranktype=3
山东省,日照市,东港区,日照人家·山东老字号,山东省日照市东港区文登路216号,4.3,97,海鲜疙瘩汤,省市区及街道已获取,已获取,榜单行政区/商圈归属,17977951,https://plat.dianping.com/app/femember-musteat-web/musteat-rank?cityid=153&notitlebar=1&ranktype=3,https://www.dianping.com/shop/17977951/photos/album,https://plat.dianping.com/app/femember-musteat-web/musteat-rank?cityid=153&notitlebar=1&ranktype=3
山东省,日照市,东港区,厨禾小海鲜（海滨二路店）,山东省日照市东港区黄海二路与海滨二路交汇处往北20米路东,4.4,73,古法蒸汽海鲜锅,省市区及街道已获取,已获取,榜单行政区/商圈归属,100379247,https://plat.dianping.com/app/femember-musteat-web/musteat-rank?cityid=153&notitlebar=1&ranktype=3,https://www.dianping.com/shop/100379247/photos/album,https://plat.dianping.com/app/femember-musteat-web/musteat-rank?cityid=153&notitlebar=1&ranktype=3
山东省,日照市,东港区,你家渔·饺子（碧波店）,山东省日照市东港区石臼街道海滨二路78号(碧波酒店院内),4.3,94,手工水饺,省市区及街道已获取,已获取,榜单行政区/商圈归属,110693202,https://plat.dianping.com/app/femember-musteat-web/musteat-rank?cityid=153&notitlebar=1&ranktype=3,https://www.dianping.com/shop/110693202/photos/album,https://plat.dianping.com/app/femember-musteat-web/musteat-rank?cityid=153&notitlebar=1&ranktype=3
山东省,日照市,东港区,宏强渔家·海鲜餐厅（森林公园吴家台店）,山东省日照市东港区吴家台村一路与四街交叉口东北角（距停车场50米）,4.9,78,椒盐虾,省市区及街道已获取,已获取,榜单行政区/商圈归属,13090865,https://plat.dianping.com/app/femember-musteat-web/musteat-rank?cityid=153&notitlebar=1&ranktype=3,https://www.dianping.com/shop/13090865/photos/album,https://plat.dianping.com/app/femember-musteat-web/musteat-rank?cityid=153&notitlebar=1&ranktype=3
山东省,日照市,东港区,闫外婆疙瘩汤（泰安路万平口店）,山东省日照市东港区文登路258号（望海小区外围商铺）,4.4,73,桂花山楂小排,省市区及街道已获取,已获取,榜单行政区/商圈归属,69999416,https://plat.dianping.com/app/femember-musteat-web/musteat-rank?cityid=153&notitlebar=1&ranktype=3,https://www.dianping.com/shop/69999416/photos/album,https://plat.dianping.com/app/femember-musteat-web/musteat-rank?cityid=153&notitlebar=1&ranktype=3
山东省,日照市,东港区,世起全羊（老店）,山东省日照市东港区太原路51号（太原路与秦皇岛路交汇处南200米）,4.3,36,全羊汤,省市区及街道已获取,已获取,榜单行政区/商圈归属,16036704,https://plat.dianping.com/app/femember-musteat-web/musteat-rank?cityid=153&notitlebar=1&ranktype=3,https://www.dianping.com/shop/16036704/photos/album,https://plat.dianping.com/app/femember-musteat-web/musteat-rank?cityid=153&notitlebar=1&ranktype=3
山东省,临沂市,兰山区,聚财万顺地锅羊·清真（大剧院店）,山东省临沂市兰山区府右路与兰陵路交叉口南80米路西,4.8,64,羊肉蒸包,省市区及街道已获取,已获取,榜单行政区/商圈归属,1427674807,https://plat.dianping.com/app/femember-musteat-web/musteat-rank?cityid=155&notitlebar=1&ranktype=3,https://www.dianping.com/shop/1427674807/photos/album,https://plat.dianping.com/app/femember-musteat-web/musteat-rank?cityid=155&notitlebar=1&ranktype=3
山东省,临沂市,兰山区,朝阳糁馆,山东省临沂市兰山区兰山路与沂州路交叉口向南100米路西,4.5,19,招牌牛肉糁,省市区及街道已获取,已获取,榜单行政区/商圈归属,66598801,https://plat.dianping.com/app/femember-musteat-web/musteat-rank?cityid=155&notitlebar=1&ranktype=3,https://www.dianping.com/shop/66598801/photos/album,https://plat.dianping.com/app/femember-musteat-web/musteat-rank?cityid=155&notitlebar=1&ranktype=3
山东省,临沂市,兰山区,金家清真全牛馆,山东省临沂市兰山区涑河南街与花园街交汇处向南30米路西10号商铺,4.5,77,牛胸口,省市区及街道已获取,已获取,榜单行政区/商圈归属,93789481,https://plat.dianping.com/app/femember-musteat-web/musteat-rank?cityid=155&notitlebar=1&ranktype=3,https://www.dianping.com/shop/93789481/photos/album,https://plat.dianping.com/app/femember-musteat-web/musteat-rank?cityid=155&notitlebar=1&ranktype=3
山东省,临沂市,河东区,沂蒙小幺鸡·炒鸡·大鲤鱼（总店）,山东省临沂市河东区兰亭路与九曲街交汇凯润花园二期沿街商业房15号楼一层106号,4.2,65,沂蒙炒小公鸡,省市区及街道已获取,已获取,榜单行政区/商圈归属,1104273706,https://plat.dianping.com/app/femember-musteat-web/musteat-rank?cityid=155&notitlebar=1&ranktype=3,https://www.dianping.com/shop/1104273706/photos/album,https://plat.dianping.com/app/femember-musteat-web/musteat-rank?cityid=155&notitlebar=1&ranktype=3
山东省,临沂市,兰山区,向民炒鸡老店（北城店）,山东省临沂市兰山区成都路与温凉河路交汇往北68米（成都路北汀香郡西沿街）,4.4,75,特色小公鸡,省市区及街道已获取,已获取,榜单行政区/商圈归属,1221674984,https://plat.dianping.com/app/femember-musteat-web/musteat-rank?cityid=155&notitlebar=1&ranktype=3,https://www.dianping.com/shop/1221674984/photos/album,https://plat.dianping.com/app/femember-musteat-web/musteat-rank?cityid=155&notitlebar=1&ranktype=3
山东省,临沂市,兰山区,舜天伏羊·琅琊第一锅羊汤馆（平川路一店）,山东省临沂市兰山区金雀山街道平川路与陶然路交叉口向南200米路东,4.7,46,纯羊肉汤,省市区及街道已获取,已获取,榜单行政区/商圈归属,131316574,https://plat.dianping.com/app/femember-musteat-web/musteat-rank?cityid=155&notitlebar=1&ranktype=3,https://www.dianping.com/shop/131316574/photos/album,https://plat.dianping.com/app/femember-musteat-web/musteat-rank?cityid=155&notitlebar=1&ranktype=3
山东省,德州市,德城区,有家餐馆（德兴路店）,山东省德州市德城区德兴北大道富民小区东区6号,4.8,47,特色炒鸡,省市区及街道已获取,已获取,榜单行政区/商圈归属,15008695,https://plat.dianping.com/app/femember-musteat-web/musteat-rank?cityid=156&notitlebar=1&ranktype=3,https://www.dianping.com/shop/15008695/photos/album,https://plat.dianping.com/app/femember-musteat-web/musteat-rank?cityid=156&notitlebar=1&ranktype=3
山东省,德州市,德城区,韦记黄河涯肉饼,山东省德州市德城区青年路1518号,4.7,40,纯肉肉饼,省市区及街道已获取,已获取,榜单行政区/商圈归属,21126427,https://plat.dianping.com/app/femember-musteat-web/musteat-rank?cityid=156&notitlebar=1&ranktype=3,https://www.dianping.com/shop/21126427/photos/album,https://plat.dianping.com/app/femember-musteat-web/musteat-rank?cityid=156&notitlebar=1&ranktype=3
山东省,德州市,德城区,乡村厨房（东方红路店）,山东省德州市德城区东方红东路2177号德州日报社东,4.2,73,铁锅焗碟鱼块,省市区及街道已获取,已获取,榜单行政区/商圈归属,9321327,https://plat.dianping.com/app/femember-musteat-web/musteat-rank?cityid=156&notitlebar=1&ranktype=3,https://www.dianping.com/shop/9321327/photos/album,https://plat.dianping.com/app/femember-musteat-web/musteat-rank?cityid=156&notitlebar=1&ranktype=3
山东省,德州市,德城区,幸福小馆·地道家常菜（南龙店）,山东省德州市德城区南龙国际花园东南角,4.7,45,大厨炒鸡,省市区及街道已获取,已获取,榜单行政区/商圈归属,8892952,https://plat.dianping.com/app/femember-musteat-web/musteat-rank?cityid=156&notitlebar=1&ranktype=3,https://www.dianping.com/shop/8892952/photos/album,https://plat.dianping.com/app/femember-musteat-web/musteat-rank?cityid=156&notitlebar=1&ranktype=3
山东省,德州市,德城区,小江南·状元小厨（新街口店）,山东省德州市德城区新华街道新华路155号新街口文化园内,4.4,58,小江南独家红烧肉,省市区及街道已获取,已获取,榜单行政区/商圈归属,23982926,https://plat.dianping.com/app/femember-musteat-web/musteat-rank?cityid=156&notitlebar=1&ranktype=3,https://www.dianping.com/shop/23982926/photos/album,https://plat.dianping.com/app/femember-musteat-web/musteat-rank?cityid=156&notitlebar=1&ranktype=3
山东省,德州市,德城区,德瑞楼高家包子（总店）,山东省德州市德城区新岭路与滨湖南大道路口以西,4,32,猪肉灌汤包,省市区及街道已获取,已获取,榜单行政区/商圈归属,9695514,https://plat.dianping.com/app/femember-musteat-web/musteat-rank?cityid=156&notitlebar=1&ranktype=3,https://www.dianping.com/shop/9695514/photos/album,https://plat.dianping.com/app/femember-musteat-web/musteat-rank?cityid=156&notitlebar=1&ranktype=3
山东省,德州市,德城区,华一楼（银座店）,山东省德州市德城区晶实创业中心1482号,4.2,65,传承2代人的红烧肉,省市区及街道已获取,已获取,榜单行政区/商圈归属,1462672564,https://plat.dianping.com/app/femember-musteat-web/musteat-rank?cityid=156&notitlebar=1&ranktype=3,https://www.dianping.com/shop/1462672564/photos/album,https://plat.dianping.com/app/femember-musteat-web/musteat-rank?cityid=156&notitlebar=1&ranktype=3
山东省,聊城市,东昌府区,运河古都（花园路店）,山东省聊城市东昌府区花园北路与东昌东路交口北200米宝徕花园旁,4.4,61,正宗的北京烤鸭,省市区及街道已获取,已获取,榜单行政区/商圈归属,92677042,https://plat.dianping.com/app/femember-musteat-web/musteat-rank?cityid=157&notitlebar=1&ranktype=3,https://www.dianping.com/shop/92677042/photos/album,https://plat.dianping.com/app/femember-musteat-web/musteat-rank?cityid=157&notitlebar=1&ranktype=3
山东省,聊城市,东昌府区,范家烧鸽（汇金街店）,山东省聊城市东昌府区兴华西路与汇金街交叉口贵华苑商办楼区6号楼1-3层北侧001室,4.2,79,范家烧鸽,省市区及街道已获取,已获取,榜单行政区/商圈归属,5591568,https://plat.dianping.com/app/femember-musteat-web/musteat-rank?cityid=157&notitlebar=1&ranktype=3,https://www.dianping.com/shop/5591568/photos/album,https://plat.dianping.com/app/femember-musteat-web/musteat-rank?cityid=157&notitlebar=1&ranktype=3
山东省,聊城市,东昌府区,齐鲁名吃苑氏热羊肚（乐园小区店）,山东省聊城市东昌府区兴华西路乐园小区兴华组团1号楼4号商铺,4.5,27,热羊肚,省市区及街道已获取,已获取,榜单行政区/商圈归属,21897896,https://plat.dianping.com/app/femember-musteat-web/musteat-rank?cityid=157&notitlebar=1&ranktype=3,https://www.dianping.com/shop/21897896/photos/album,https://plat.dianping.com/app/femember-musteat-web/musteat-rank?cityid=157&notitlebar=1&ranktype=3
山东省,聊城市,东昌府区,大劈柴蒸碗（后许小区店）,山东省聊城市东昌府区新区街道聊城柳园路与振兴路交叉口西行168米路北,4.7,48,蒸酥肉,省市区及街道已获取,已获取,榜单行政区/商圈归属,9847189,https://plat.dianping.com/app/femember-musteat-web/musteat-rank?cityid=157&notitlebar=1&ranktype=3,https://www.dianping.com/shop/9847189/photos/album,https://plat.dianping.com/app/femember-musteat-web/musteat-rank?cityid=157&notitlebar=1&ranktype=3
山东省,聊城市,临清市,洪顺兴烧麦馆,山东省聊城市临清市青年路街道前关街（青年桥北路西50米）,4.2,77,牛肉大葱烧卖,省市区及街道已获取,已获取,同店铺ID出现在榜单县级城市入口,68603215,https://plat.dianping.com/app/femember-musteat-web/musteat-rank?cityid=157&notitlebar=1&ranktype=3,https://www.dianping.com/shop/68603215/photos/album,https://plat.dianping.com/app/femember-musteat-web/musteat-rank?cityid=1122&notitlebar=1&ranktype=3
山东省,聊城市,东昌府区,运河会馆,山东省聊城市东昌府区古楼街道聊堂路1号(市公路局综合楼),4.6,79,红烧黄河鲤鱼,省市区及街道已获取,已获取,榜单行政区/商圈归属,8882493,https://plat.dianping.com/app/femember-musteat-web/musteat-rank?cityid=157&notitlebar=1&ranktype=3,https://www.dianping.com/shop/8882493/photos/album,https://plat.dianping.com/app/femember-musteat-web/musteat-rank?cityid=157&notitlebar=1&ranktype=3
山东省,聊城市,东昌府区,青真楼（北关街店）,山东省聊城市东昌府区北关街1号楼1号,4,67,烧卖,省市区及街道已获取,已获取,榜单行政区/商圈归属,9845585,https://plat.dianping.com/app/femember-musteat-web/musteat-rank?cityid=157&notitlebar=1&ranktype=3,https://www.dianping.com/shop/9845585/photos/album,https://plat.dianping.com/app/femember-musteat-web/musteat-rank?cityid=157&notitlebar=1&ranktype=3
山东省,聊城市,东昌府区,沙镇杨家呱嗒总店,山东省聊城市东昌府区柳园街道柳园南路40-38(柳园办事处闸口南路龙山各优副食批发中心05号),4.2,14,肉蛋呱嗒（风搅雪）,省市区及街道已获取,已获取,榜单行政区/商圈归属,17199592,https://plat.dianping.com/app/femember-musteat-web/musteat-rank?cityid=157&notitlebar=1&ranktype=3,https://www.dianping.com/shop/17199592/photos/album,https://plat.dianping.com/app/femember-musteat-web/musteat-rank?cityid=157&notitlebar=1&ranktype=3
山东省,聊城市,东昌府区,赵家羊肉羊汤馆（车站总店）,山东省聊城市东昌府区建设西路29号,4.5,23,全羊汤,省市区及街道已获取,已获取,榜单行政区/商圈归属,45632056,https://plat.dianping.com/app/femember-musteat-web/musteat-rank?cityid=157&notitlebar=1&ranktype=3,https://www.dianping.com/shop/45632056/photos/album,https://plat.dianping.com/app/femember-musteat-web/musteat-rank?cityid=157&notitlebar=1&ranktype=3
山东省,滨州市,滨城区,国庆鲜羊（总店）,山东省滨州市滨城区长江一路与渤海九路交叉口南行200米路西,4.3,55,羊肉包子,省市区及街道已获取,已获取,榜单行政区/商圈归属,68569048,https://plat.dianping.com/app/femember-musteat-web/musteat-rank?cityid=158&notitlebar=1&ranktype=3,https://www.dianping.com/shop/68569048/photos/album,https://plat.dianping.com/app/femember-musteat-web/musteat-rank?cityid=158&notitlebar=1&ranktype=3
山东省,滨州市,滨城区,王婆炒鱼（总店）,山东省滨州市滨城区黄河十路与渤海五路交叉口东200米路北,4,68,王婆炒鱼,省市区及街道已获取,已获取,榜单行政区/商圈归属,20725934,https://plat.dianping.com/app/femember-musteat-web/musteat-rank?cityid=158&notitlebar=1&ranktype=3,https://www.dianping.com/shop/20725934/photos/album,https://plat.dianping.com/app/femember-musteat-web/musteat-rank?cityid=158&notitlebar=1&ranktype=3
山东省,滨州市,滨城区,青阳炒鸡（黄三渤八店）,山东省滨州市滨城区黄河三路与渤海八路交叉口南20米路东,4.6,47,香酥大饼,省市区及街道已获取,已获取,榜单行政区/商圈归属,56715396,https://plat.dianping.com/app/femember-musteat-web/musteat-rank?cityid=158&notitlebar=1&ranktype=3,https://www.dianping.com/shop/56715396/photos/album,https://plat.dianping.com/app/femember-musteat-web/musteat-rank?cityid=158&notitlebar=1&ranktype=3
山东省,滨州市,滨城区,二部公鸡泡馍村,山东省滨州市滨城区北杨新苑黄河十五路1105号,4.9,60,沂蒙小公鸡,省市区及街道已获取,已获取,榜单行政区/商圈归属,1973133297,https://plat.dianping.com/app/femember-musteat-web/musteat-rank?cityid=158&notitlebar=1&ranktype=3,https://www.dianping.com/shop/1973133297/photos/album,https://plat.dianping.com/app/femember-musteat-web/musteat-rank?cityid=158&notitlebar=1&ranktype=3
山东省,滨州市,滨城区,味莊·大张鱼头烙饼（至尊门第店）,山东省滨州市滨城区黄河二路477号至尊门第A座102,4.6,59,大张鱼头烙饼,省市区及街道已获取,已获取,榜单行政区/商圈归属,93273106,https://plat.dianping.com/app/femember-musteat-web/musteat-rank?cityid=158&notitlebar=1&ranktype=3,https://www.dianping.com/shop/93273106/photos/album,https://plat.dianping.com/app/femember-musteat-web/musteat-rank?cityid=158&notitlebar=1&ranktype=3
山东省,滨州市,滨城区,鸿月楼,山东省滨州市滨城区渤海7路与黄河1路交界处往北约60米,4.3,54,黄河大鲤鱼,省市区及街道已获取,已获取,榜单行政区/商圈归属,9632807,https://plat.dianping.com/app/femember-musteat-web/musteat-rank?cityid=158&notitlebar=1&ranktype=3,https://www.dianping.com/shop/9632807/photos/album,https://plat.dianping.com/app/femember-musteat-web/musteat-rank?cityid=158&notitlebar=1&ranktype=3
河南省,郑州市,,三代目·中屋·串烧酒埸,河南省郑州市农业南路与七里河南路交叉路口南100米路西,4.4,115,烧鸟,区县或街道未核实,已获取,区县未核实,1072111499,https://plat.dianping.com/app/femember-musteat-web/musteat-rank?cityid=160&notitlebar=1&ranktype=3,https://www.dianping.com/shop/1072111499/photos/album,https://plat.dianping.com/app/femember-musteat-web/musteat-rank?cityid=160&notitlebar=1&ranktype=3
河南省,郑州市,,臻郑羊馆儿（正光路店）,河南省郑州市正光路和陈庄街交汇处路南,4.6,35,羊肉串,区县或街道未核实,已获取,区县未核实,123910182,https://plat.dianping.com/app/femember-musteat-web/musteat-rank?cityid=160&notitlebar=1&ranktype=3,https://www.dianping.com/shop/123910182/photos/album,https://plat.dianping.com/app/femember-musteat-web/musteat-rank?cityid=160&notitlebar=1&ranktype=3
河南省,郑州市,中原区,杨记清芳牛肉拉面（西站路店）,河南省郑州市中原区桐柏路与西站路交叉口东南角(近西站路),4.3,31,杨记清芳牛肉拉面,省市区及街道已获取,已获取,榜单行政区/商圈归属,571074,https://plat.dianping.com/app/femember-musteat-web/musteat-rank?cityid=160&notitlebar=1&ranktype=3,https://www.dianping.com/shop/571074/photos/album,https://plat.dianping.com/app/femember-musteat-web/musteat-rank?cityid=160&notitlebar=1&ranktype=3
河南省,郑州市,,小背篓菌汤火锅（商务外环店）,河南省郑州市商务外环路与众意西路交口向东50米,4.9,91,爽脆鸡枞菌,区县或街道未核实,已获取,区县未核实,4014661,https://plat.dianping.com/app/femember-musteat-web/musteat-rank?cityid=160&notitlebar=1&ranktype=3,https://www.dianping.com/shop/4014661/photos/album,https://plat.dianping.com/app/femember-musteat-web/musteat-rank?cityid=160&notitlebar=1&ranktype=3
河南省,郑州市,金水区,汀兰居酒屋（花园路万达坊商外街店）,河南省郑州市金水区万达坊商外街3号楼113号2楼,4.6,74,鹅肝寿司,省市区及街道已获取,已获取,榜单行政区/商圈归属,130607263,https://plat.dianping.com/app/femember-musteat-web/musteat-rank?cityid=160&notitlebar=1&ranktype=3,https://www.dianping.com/shop/130607263/photos/album,https://plat.dianping.com/app/femember-musteat-web/musteat-rank?cityid=160&notitlebar=1&ranktype=3
河南省,郑州市,管城回族区,飨赫驾瓦罐烤鸡,河南省郑州市管城回族区货站北街28北2单元1层2号,4.7,68,瓦罐烤鸡,省市区及街道已获取,已获取,榜单行政区/商圈归属,1256351219,https://plat.dianping.com/app/femember-musteat-web/musteat-rank?cityid=160&notitlebar=1&ranktype=3,https://www.dianping.com/shop/1256351219/photos/album,https://plat.dianping.com/app/femember-musteat-web/musteat-rank?cityid=160&notitlebar=1&ranktype=3
河南省,郑州市,金水区,虢国羊肉汤馆（政二街店）,河南省郑州市金水区金水路12-11号（金水路与政二街交叉口向北约90米路东）,4.4,35,羊肉汤,省市区及街道已获取,已获取,榜单行政区/商圈归属,1909327,https://plat.dianping.com/app/femember-musteat-web/musteat-rank?cityid=160&notitlebar=1&ranktype=3,https://www.dianping.com/shop/1909327/photos/album,https://plat.dianping.com/app/femember-musteat-web/musteat-rank?cityid=160&notitlebar=1&ranktype=3
河南省,郑州市,,裕丰源豫食雅宴,河南省郑州市康宁街基运投资大厦3F,4.7,94,优质滋补烩面,区县或街道未核实,已获取,区县未核实,131169968,https://plat.dianping.com/app/femember-musteat-web/musteat-rank?cityid=160&notitlebar=1&ranktype=3,https://www.dianping.com/shop/131169968/photos/album,https://plat.dianping.com/app/femember-musteat-web/musteat-rank?cityid=160&notitlebar=1&ranktype=3
河南省,郑州市,,解家河南菜（商鼎路店）,河南省郑州市商鼎路25号万禧苑20号楼1-2层附4号,4.7,89,麦香铁棍山药,区县或街道未核实,已获取,区县未核实,95966839,https://plat.dianping.com/app/femember-musteat-web/musteat-rank?cityid=160&notitlebar=1&ranktype=3,https://www.dianping.com/shop/95966839/photos/album,https://plat.dianping.com/app/femember-musteat-web/musteat-rank?cityid=160&notitlebar=1&ranktype=3
河南省,郑州市,金水区,阿庄新豫菜（通泰路店）,河南省郑州市金水区宏伟街与通泰路交叉口西南角,4.9,95,酥香嫩烤鸭,省市区及街道已获取,已获取,榜单行政区/商圈归属,5169908,https://plat.dianping.com/app/femember-musteat-web/musteat-rank?cityid=160&notitlebar=1&ranktype=3,https://www.dianping.com/shop/5169908/photos/album,https://plat.dianping.com/app/femember-musteat-web/musteat-rank?cityid=160&notitlebar=1&ranktype=3
河南省,郑州市,金水区,阿妍小馆（天下城店）,河南省郑州市金水区健康路与优胜南路交叉口向西110米路北,4.7,70,18秒生炒黄牛肉,省市区及街道已获取,已获取,榜单行政区/商圈归属,5447635,https://plat.dianping.com/app/femember-musteat-web/musteat-rank?cityid=160&notitlebar=1&ranktype=3,https://www.dianping.com/shop/5447635/photos/album,https://plat.dianping.com/app/femember-musteat-web/musteat-rank?cityid=160&notitlebar=1&ranktype=3
河南省,郑州市,管城回族区,满芳兰庭羊肉汤烩面（第三大街店）,河南省郑州市管城回族区经开第三大街与经北一路交叉口向50米路南,4.7,29,羊肉汤烩面,省市区及街道已获取,已获取,榜单行政区/商圈归属,17195074,https://plat.dianping.com/app/femember-musteat-web/musteat-rank?cityid=160&notitlebar=1&ranktype=3,https://www.dianping.com/shop/17195074/photos/album,https://plat.dianping.com/app/femember-musteat-web/musteat-rank?cityid=160&notitlebar=1&ranktype=3
河南省,郑州市,金水区,出云记（城东路店）,河南省郑州市金水区城东路与城北路交叉口西50米路南(永利温泉酒店院内东侧),4.4,86,出云辣子鸡,省市区及街道已获取,已获取,榜单行政区/商圈归属,92376437,https://plat.dianping.com/app/femember-musteat-web/musteat-rank?cityid=160&notitlebar=1&ranktype=3,https://www.dianping.com/shop/92376437/photos/album,https://plat.dianping.com/app/femember-musteat-web/musteat-rank?cityid=160&notitlebar=1&ranktype=3
河南省,郑州市,中原区,葛记焖饼（桐柏路店）,河南省郑州市中原区桐柏南路与淮河西路交叉口向南200米路西,4,53,葛记焖饼,省市区及街道已获取,已获取,榜单行政区/商圈归属,97873944,https://plat.dianping.com/app/femember-musteat-web/musteat-rank?cityid=160&notitlebar=1&ranktype=3,https://www.dianping.com/shop/97873944/photos/album,https://plat.dianping.com/app/femember-musteat-web/musteat-rank?cityid=160&notitlebar=1&ranktype=3
河南省,郑州市,中原区,李彬烧烤涮肚（帝湖店）,河南省郑州市中原区工人路商业街17号,4.7,71,秘制涮肚,省市区及街道已获取,已获取,榜单行政区/商圈归属,126840261,https://plat.dianping.com/app/femember-musteat-web/musteat-rank?cityid=160&notitlebar=1&ranktype=3,https://www.dianping.com/shop/126840261/photos/album,https://plat.dianping.com/app/femember-musteat-web/musteat-rank?cityid=160&notitlebar=1&ranktype=3
河南省,郑州市,管城回族区,张老炝非遗炝锅烩面（升龙广场店）,河南省郑州市管城回族区普惠路与东站南街交叉口向西20米路南升龙广场（好想你东隔壁）,4.4,30,张老炝炝锅烩面,省市区及街道已获取,已获取,榜单行政区/商圈归属,991624121,https://plat.dianping.com/app/femember-musteat-web/musteat-rank?cityid=160&notitlebar=1&ranktype=3,https://www.dianping.com/shop/991624121/photos/album,https://plat.dianping.com/app/femember-musteat-web/musteat-rank?cityid=160&notitlebar=1&ranktype=3
河南省,郑州市,,红麻婆辣子鸡（天泽街店）,河南省郑州市天泽街与农业东路交叉口向北50米路东（天泽街口北侧）,4.8,62,辣子鸡,区县或街道未核实,已获取,区县未核实,17190626,https://plat.dianping.com/app/femember-musteat-web/musteat-rank?cityid=160&notitlebar=1&ranktype=3,https://www.dianping.com/shop/17190626/photos/album,https://plat.dianping.com/app/femember-musteat-web/musteat-rank?cityid=160&notitlebar=1&ranktype=3
河南省,郑州市,,5号公路美式石烧牛扒（CBD店）,河南省郑州市商务内环路2号1层103号,4.6,105,招牌迷你汉堡,区县或街道未核实,已获取,区县未核实,67743869,https://plat.dianping.com/app/femember-musteat-web/musteat-rank?cityid=160&notitlebar=1&ranktype=3,https://www.dianping.com/shop/67743869/photos/album,https://plat.dianping.com/app/femember-musteat-web/musteat-rank?cityid=160&notitlebar=1&ranktype=3
河南省,郑州市,金水区,东北饭莊老店（顺河路店）,河南省郑州市金水区顺河路18号1号楼1-2层（东明路与顺河路交叉口西30米路南）,4.7,62,锅包肉,省市区及街道已获取,已获取,榜单行政区/商圈归属,4115165,https://plat.dianping.com/app/femember-musteat-web/musteat-rank?cityid=160&notitlebar=1&ranktype=3,https://www.dianping.com/shop/4115165/photos/album,https://plat.dianping.com/app/femember-musteat-web/musteat-rank?cityid=160&notitlebar=1&ranktype=3
河南省,郑州市,,城墙根老茶馆·新豫菜（CBD店）,河南省郑州市商务内环路与商务东五街交叉口东南角,4.8,95,妙酱串串红,区县或街道未核实,已获取,区县未核实,66904868,https://plat.dianping.com/app/femember-musteat-web/musteat-rank?cityid=160&notitlebar=1&ranktype=3,https://www.dianping.com/shop/66904868/photos/album,https://plat.dianping.com/app/femember-musteat-web/musteat-rank?cityid=160&notitlebar=1&ranktype=3
河南省,开封市,龙亭区,梅利汴京烤鸭•开封豫菜地标店（晋安路店）,河南省开封市龙亭区晋安路与马市一街交叉口西北角,4.1,57,炸八块,省市区及街道已获取,已获取,榜单行政区/商圈归属,3142825,https://plat.dianping.com/app/femember-musteat-web/musteat-rank?cityid=161&notitlebar=1&ranktype=3,https://www.dianping.com/shop/3142825/photos/album,https://plat.dianping.com/app/femember-musteat-web/musteat-rank?cityid=161&notitlebar=1&ranktype=3
河南省,开封市,鼓楼区,闫记老婆胡辣汤,河南省开封市鼓楼区生产后街28号（商场后街与生产后街交叉口东50米）,4.1,9,油馍头灌鸡蛋,省市区及街道已获取,已获取,榜单行政区/商圈归属,68393715,https://plat.dianping.com/app/femember-musteat-web/musteat-rank?cityid=161&notitlebar=1&ranktype=3,https://www.dianping.com/shop/68393715/photos/album,https://plat.dianping.com/app/femember-musteat-web/musteat-rank?cityid=161&notitlebar=1&ranktype=3
河南省,开封市,鼓楼区,宋都禾源·灌汤包子（大王屯店）,河南省开封市鼓楼区大王屯东街与魏都路交叉口西北角,4.3,53,传统灌汤包,省市区及街道已获取,已获取,榜单行政区/商圈归属,10507810,https://plat.dianping.com/app/femember-musteat-web/musteat-rank?cityid=161&notitlebar=1&ranktype=3,https://www.dianping.com/shop/10507810/photos/album,https://plat.dianping.com/app/femember-musteat-web/musteat-rank?cityid=161&notitlebar=1&ranktype=3
河南省,开封市,龙亭区,邢家锅贴老店·非遗·开封菜（金明广场店）,河南省开封市龙亭区大梁路金明广场东300米路北,4,60,大肉韭黄锅贴,省市区及街道已获取,已获取,榜单行政区/商圈归属,48005272,https://plat.dianping.com/app/femember-musteat-web/musteat-rank?cityid=161&notitlebar=1&ranktype=3,https://www.dianping.com/shop/48005272/photos/album,https://plat.dianping.com/app/femember-musteat-web/musteat-rank?cityid=161&notitlebar=1&ranktype=3
河南省,开封市,龙亭区,闫记灌汤包,河南省开封市龙亭区西关北街84号,4.3,33,招牌灌汤包,省市区及街道已获取,已获取,榜单行政区/商圈归属,122731866,https://plat.dianping.com/app/femember-musteat-web/musteat-rank?cityid=161&notitlebar=1&ranktype=3,https://www.dianping.com/shop/122731866/photos/album,https://plat.dianping.com/app/femember-musteat-web/musteat-rank?cityid=161&notitlebar=1&ranktype=3
河南省,开封市,龙亭区,梁山烤肉（东京总店）,河南省开封市龙亭区万胜路8号（大梁路与黄河大街交叉口西北角西郊乡政府西隔壁）,4,65,烤肉,省市区及街道已获取,已获取,榜单行政区/商圈归属,96485122,https://plat.dianping.com/app/femember-musteat-web/musteat-rank?cityid=161&notitlebar=1&ranktype=3,https://www.dianping.com/shop/96485122/photos/album,https://plat.dianping.com/app/femember-musteat-web/musteat-rank?cityid=161&notitlebar=1&ranktype=3
河南省,洛阳市,老城区,牡丹宴·正宗洛阳菜·水席（国家牡丹园店）,河南省洛阳市老城区凤丹路与魏紫路交叉口西北角（近古墓博物馆、飞机场）,4.6,63,芝士烤土豆,省市区及街道已获取,已获取,榜单行政区/商圈归属,66243906,https://plat.dianping.com/app/femember-musteat-web/musteat-rank?cityid=162&notitlebar=1&ranktype=3,https://www.dianping.com/shop/66243906/photos/album,https://plat.dianping.com/app/femember-musteat-web/musteat-rank?cityid=162&notitlebar=1&ranktype=3
河南省,洛阳市,西工区,功夫怪兽·烧烤（西工小街店）,河南省洛阳市西工区凯旋东路与人民东路交叉口东30米路南（西工小街南门对面）,4.4,66,怪兽吃鸡,省市区及街道已获取,已获取,榜单行政区/商圈归属,1081617982,https://plat.dianping.com/app/femember-musteat-web/musteat-rank?cityid=162&notitlebar=1&ranktype=3,https://www.dianping.com/shop/1081617982/photos/album,https://plat.dianping.com/app/femember-musteat-web/musteat-rank?cityid=162&notitlebar=1&ranktype=3
河南省,洛阳市,涧西区,小郎牛牛肉汤馆（珠江路店）,河南省洛阳市涧西区珠江路理工社区南行70米,4.2,17,牛肉汤,省市区及街道已获取,已获取,榜单行政区/商圈归属,2593963,https://plat.dianping.com/app/femember-musteat-web/musteat-rank?cityid=162&notitlebar=1&ranktype=3,https://www.dianping.com/shop/2593963/photos/album,https://plat.dianping.com/app/femember-musteat-web/musteat-rank?cityid=162&notitlebar=1&ranktype=3
河南省,洛阳市,瀍河回族区,清真马杰山牛肉汤馆,河南省洛阳市瀍河回族区启明东路235号,4.4,26,牛肉汤,省市区及街道已获取,已获取,榜单行政区/商圈归属,6183047,https://plat.dianping.com/app/femember-musteat-web/musteat-rank?cityid=162&notitlebar=1&ranktype=3,https://www.dianping.com/shop/6183047/photos/album,https://plat.dianping.com/app/femember-musteat-web/musteat-rank?cityid=162&notitlebar=1&ranktype=3
河南省,洛阳市,老城区,匡家驴肉汤（万安街店）,河南省洛阳市老城区万安街16-10号,4.2,21,招牌驴汤,省市区及街道已获取,已获取,榜单行政区/商圈归属,69489102,https://plat.dianping.com/app/femember-musteat-web/musteat-rank?cityid=162&notitlebar=1&ranktype=3,https://www.dianping.com/shop/69489102/photos/album,https://plat.dianping.com/app/femember-musteat-web/musteat-rank?cityid=162&notitlebar=1&ranktype=3
河南省,洛阳市,洛龙区,裴元和记涮牛肚·洛阳烤鱼（博物馆店）,河南省洛阳市洛龙区英才路1号（近洛阳博物馆、定鼎门、隋唐遗址植物园、高铁站）,4.7,63,招牌涮牛肚,省市区及街道已获取,已获取,榜单行政区/商圈归属,1873176900,https://plat.dianping.com/app/femember-musteat-web/musteat-rank?cityid=162&notitlebar=1&ranktype=3,https://www.dianping.com/shop/1873176900/photos/album,https://plat.dianping.com/app/femember-musteat-web/musteat-rank?cityid=162&notitlebar=1&ranktype=3
河南省,洛阳市,洛龙区,火啤气烤肉馆（泉舜店）,河南省洛阳市洛龙区兴洛东街与牡丹大道交叉口东北角（泉舜购物中心东南角对面）,4.6,74,沈阳拌鸡架,省市区及街道已获取,已获取,榜单行政区/商圈归属,1977382281,https://plat.dianping.com/app/femember-musteat-web/musteat-rank?cityid=162&notitlebar=1&ranktype=3,https://www.dianping.com/shop/1977382281/photos/album,https://plat.dianping.com/app/femember-musteat-web/musteat-rank?cityid=162&notitlebar=1&ranktype=3
河南省,洛阳市,西工区,老雒阳面馆·水席·洛阳菜（王城路店）,河南省洛阳市西工区王城大道与中州中路交叉口东南角距王城公园步行5分钟即到,4,55,牡丹燕菜,省市区及街道已获取,已获取,榜单行政区/商圈归属,1894600,https://plat.dianping.com/app/femember-musteat-web/musteat-rank?cityid=162&notitlebar=1&ranktype=3,https://www.dianping.com/shop/1894600/photos/album,https://plat.dianping.com/app/femember-musteat-web/musteat-rank?cityid=162&notitlebar=1&ranktype=3
河南省,洛阳市,西工区,光头东烙馍村·水席洛阳菜（火车站店）,"河南省洛阳市西工区解放路唐宫路口向北300米路东《近大卫天地购物、新都汇购物、洛阳服装小商品城,地铁1号2号线》",4.7,58,孜然鲜羊肉,省市区及街道已获取,已获取,榜单行政区/商圈归属,9753514,https://plat.dianping.com/app/femember-musteat-web/musteat-rank?cityid=162&notitlebar=1&ranktype=3,https://www.dianping.com/shop/9753514/photos/album,https://plat.dianping.com/app/femember-musteat-web/musteat-rank?cityid=162&notitlebar=1&ranktype=3
河南省,洛阳市,西工区,吕记炒鸡（洛浦路店）,河南省洛阳市西工区凯旋东路街道洛浦路6号院1栋5-102号(洛浦路与定鼎南路交叉口西南方向200米路北众惠超市东边),4.1,47,招牌酱炒鸡【送饼】,省市区及街道已获取,已获取,榜单行政区/商圈归属,27391377,https://plat.dianping.com/app/femember-musteat-web/musteat-rank?cityid=162&notitlebar=1&ranktype=3,https://www.dianping.com/shop/27391377/photos/album,https://plat.dianping.com/app/femember-musteat-web/musteat-rank?cityid=162&notitlebar=1&ranktype=3
河南省,安阳市,文峰区,家风·老馆子（曙光路店）,河南省安阳市文峰区曙光路北段225号,4.8,69,民间坛子鸡,省市区及街道已获取,已获取,榜单行政区/商圈归属,45375125,https://plat.dianping.com/app/femember-musteat-web/musteat-rank?cityid=164&notitlebar=1&ranktype=3,https://www.dianping.com/shop/45375125/photos/album,https://plat.dianping.com/app/femember-musteat-web/musteat-rank?cityid=164&notitlebar=1&ranktype=3
河南省,安阳市,龙安区,嘉汤一碗 羊汤烩面烧烤 营业至凌晨24点（中州路店）,河南省安阳市龙安区中州路与文源街交叉口西北角,4.6,39,手工烩面,省市区及街道已获取,已获取,榜单行政区/商圈归属,2047246,https://plat.dianping.com/app/femember-musteat-web/musteat-rank?cityid=164&notitlebar=1&ranktype=3,https://www.dianping.com/shop/2047246/photos/album,https://plat.dianping.com/app/femember-musteat-web/musteat-rank?cityid=164&notitlebar=1&ranktype=3
河南省,安阳市,文峰区,吴根希筲灌肠,河南省安阳市文峰区曙光路与灯塔路交叉口向北200米路西,4.3,22,煎灌肠,省市区及街道已获取,已获取,榜单行政区/商圈归属,76970564,https://plat.dianping.com/app/femember-musteat-web/musteat-rank?cityid=164&notitlebar=1&ranktype=3,https://www.dianping.com/shop/76970564/photos/album,https://plat.dianping.com/app/femember-musteat-web/musteat-rank?cityid=164&notitlebar=1&ranktype=3
河南省,安阳市,龙安区,刘鑫羊排（铁西路店）,河南省安阳市龙安区铁西路与文源街交叉口向北300米路东,4.4,64,羊排虾,省市区及街道已获取,已获取,榜单行政区/商圈归属,1365263023,https://plat.dianping.com/app/femember-musteat-web/musteat-rank?cityid=164&notitlebar=1&ranktype=3,https://www.dianping.com/shop/1365263023/photos/album,https://plat.dianping.com/app/femember-musteat-web/musteat-rank?cityid=164&notitlebar=1&ranktype=3
河南省,安阳市,北关区,同来顺（解放路店）,河南省安阳市北关区解放路街道解放大道与彰德路交叉口往西100米路南(都市易家酒店楼下),4,46,优质烩面,省市区及街道已获取,已获取,榜单行政区/商圈归属,50699090,https://plat.dianping.com/app/femember-musteat-web/musteat-rank?cityid=164&notitlebar=1&ranktype=3,https://www.dianping.com/shop/50699090/photos/album,https://plat.dianping.com/app/femember-musteat-web/musteat-rank?cityid=164&notitlebar=1&ranktype=3
河南省,安阳市,文峰区,一招一式现漏扁粉菜,河南省安阳市文峰区富泉街与兴泰路交叉口往南100米路东,4.3,13,现漏扁粉菜,省市区及街道已获取,已获取,榜单行政区/商圈归属,23718953,https://plat.dianping.com/app/femember-musteat-web/musteat-rank?cityid=164&notitlebar=1&ranktype=3,https://www.dianping.com/shop/23718953/photos/album,https://plat.dianping.com/app/femember-musteat-web/musteat-rank?cityid=164&notitlebar=1&ranktype=3
河南省,安阳市,文峰区,黑龙扁粉菜（光华路店）,河南省安阳市文峰区德隆街与光华路向北100米路西,4.3,11,扁粉菜,省市区及街道已获取,已获取,榜单行政区/商圈归属,41554485,https://plat.dianping.com/app/femember-musteat-web/musteat-rank?cityid=164&notitlebar=1&ranktype=3,https://www.dianping.com/shop/41554485/photos/album,https://plat.dianping.com/app/femember-musteat-web/musteat-rank?cityid=164&notitlebar=1&ranktype=3
河南省,新乡市,红旗区,憨仔麻辣烫,河南省新乡市红旗区孟姜女路平原商场南门向东80米路北,4.1,13,精品麻辣烫,省市区及街道已获取,已获取,榜单行政区/商圈归属,19624436,https://plat.dianping.com/app/femember-musteat-web/musteat-rank?cityid=166&notitlebar=1&ranktype=3,https://www.dianping.com/shop/19624436/photos/album,https://plat.dianping.com/app/femember-musteat-web/musteat-rank?cityid=166&notitlebar=1&ranktype=3
河南省,新乡市,牧野区,费记胡辣汤（总店）,河南省新乡市牧野区和平大道与中原路交叉口向东80米路北,4.2,15,炖肉胡辣汤,省市区及街道已获取,已获取,榜单行政区/商圈归属,2645146,https://plat.dianping.com/app/femember-musteat-web/musteat-rank?cityid=166&notitlebar=1&ranktype=3,https://www.dianping.com/shop/2645146/photos/album,https://plat.dianping.com/app/femember-musteat-web/musteat-rank?cityid=166&notitlebar=1&ranktype=3
河南省,新乡市,红旗区,壹玖捌柒杜伍嫂红焖羊肉（体育中心店）,河南省新乡市红旗区东街街道和平大道新乡市体育中心院内东南角6区（鸽子房）,4.8,77,红焖羊肉,省市区及街道已获取,已获取,榜单行政区/商圈归属,1310790354,https://plat.dianping.com/app/femember-musteat-web/musteat-rank?cityid=166&notitlebar=1&ranktype=3,https://www.dianping.com/shop/1310790354/photos/album,https://plat.dianping.com/app/femember-musteat-web/musteat-rank?cityid=166&notitlebar=1&ranktype=3
河南省,新乡市,卫滨区,2048肥羊王香辣虾羊蝎子（总店）,河南省新乡市卫滨区人民路140号（人民路胖东来往东100米路北）,4.7,50,羊蝎子,省市区及街道已获取,已获取,榜单行政区/商圈归属,9434533,https://plat.dianping.com/app/femember-musteat-web/musteat-rank?cityid=166&notitlebar=1&ranktype=3,https://www.dianping.com/shop/9434533/photos/album,https://plat.dianping.com/app/femember-musteat-web/musteat-rank?cityid=166&notitlebar=1&ranktype=3
河南省,新乡市,红旗区,合顺祥烩面（健康路店）,河南省新乡市红旗区西街街道健康路与文化路交叉口向东30米路北,4.2,18,羊肉滋补烩面,省市区及街道已获取,已获取,榜单行政区/商圈归属,21779762,https://plat.dianping.com/app/femember-musteat-web/musteat-rank?cityid=166&notitlebar=1&ranktype=3,https://www.dianping.com/shop/21779762/photos/album,https://plat.dianping.com/app/femember-musteat-web/musteat-rank?cityid=166&notitlebar=1&ranktype=3
河南省,新乡市,红旗区,庖丁堂酒店（金穗大道店）,河南省新乡市红旗区金穗大道与新一街交叉口西240米路北,4,90,庖丁解牛,省市区及街道已获取,已获取,榜单行政区/商圈归属,13929997,https://plat.dianping.com/app/femember-musteat-web/musteat-rank?cityid=166&notitlebar=1&ranktype=3,https://www.dianping.com/shop/13929997/photos/album,https://plat.dianping.com/app/femember-musteat-web/musteat-rank?cityid=166&notitlebar=1&ranktype=3
河南省,新乡市,卫滨区,老城红焖羊肉（人民路店）,河南省新乡市卫滨区人民路与公园北街交叉口西50米路北芭迪婚纱旁（近公园北门）,4.4,69,红焖羊肉,省市区及街道已获取,已获取,榜单行政区/商圈归属,2681074,https://plat.dianping.com/app/femember-musteat-web/musteat-rank?cityid=166&notitlebar=1&ranktype=3,https://www.dianping.com/shop/2681074/photos/album,https://plat.dianping.com/app/femember-musteat-web/musteat-rank?cityid=166&notitlebar=1&ranktype=3
河南省,许昌市,魏都区,小日子火锅（古槐街店）,河南省许昌市魏都区古槐街豫园美食城1楼,4.8,59,鲜鸭血,省市区及街道已获取,已获取,榜单行政区/商圈归属,4694633,https://plat.dianping.com/app/femember-musteat-web/musteat-rank?cityid=169&notitlebar=1&ranktype=3,https://www.dianping.com/shop/4694633/photos/album,https://plat.dianping.com/app/femember-musteat-web/musteat-rank?cityid=169&notitlebar=1&ranktype=3
河南省,许昌市,魏都区,马武胡辣汤水煎包（古槐街店）,河南省许昌市魏都区西大街道古槐街50号(古槐街小学斜对面),4.1,11,胡辣汤,省市区及街道已获取,已获取,榜单行政区/商圈归属,2698756,https://plat.dianping.com/app/femember-musteat-web/musteat-rank?cityid=169&notitlebar=1&ranktype=3,https://www.dianping.com/shop/2698756/photos/album,https://plat.dianping.com/app/femember-musteat-web/musteat-rank?cityid=169&notitlebar=1&ranktype=3
河南省,许昌市,魏都区,得福包子馆,河南省许昌市魏都区西大街与劳动路交叉口向南150米路东（文化宫对面）,4.1,26,三鲜包子,省市区及街道已获取,已获取,榜单行政区/商圈归属,2520256,https://plat.dianping.com/app/femember-musteat-web/musteat-rank?cityid=169&notitlebar=1&ranktype=3,https://www.dianping.com/shop/2520256/photos/album,https://plat.dianping.com/app/femember-musteat-web/musteat-rank?cityid=169&notitlebar=1&ranktype=3
河南省,许昌市,魏都区,汉魏徐老大·老许昌名菜馆（胖东来天使城店）,河南省许昌市魏都区建安大道与八龙路交叉口西北角（胖东来天使城1号门对面）,4.3,58,干煨黄河大鲤鱼,省市区及街道已获取,已获取,榜单行政区/商圈归属,5197344,https://plat.dianping.com/app/femember-musteat-web/musteat-rank?cityid=169&notitlebar=1&ranktype=3,https://www.dianping.com/shop/5197344/photos/album,https://plat.dianping.com/app/femember-musteat-web/musteat-rank?cityid=169&notitlebar=1&ranktype=3
河南省,许昌市,建安区,土家湘菜（瑞贝卡大道店）,河南省许昌市建安区瑞贝卡大道南苑新城楼下,4.8,46,土豆牛腩,省市区及街道已获取,已获取,同店铺ID出现在榜单县级城市入口,22258341,https://plat.dianping.com/app/femember-musteat-web/musteat-rank?cityid=169&notitlebar=1&ranktype=3,https://www.dianping.com/shop/22258341/photos/album,https://plat.dianping.com/app/femember-musteat-web/musteat-rank?cityid=1269&notitlebar=1&ranktype=3
河南省,许昌市,魏都区,中原香驴肉馆（许昌非遗美食店）,河南省许昌市魏都区许继大道1946号,4.3,65,驴肉,省市区及街道已获取,已获取,榜单行政区/商圈归属,9713757,https://plat.dianping.com/app/femember-musteat-web/musteat-rank?cityid=169&notitlebar=1&ranktype=3,https://www.dianping.com/shop/9713757/photos/album,https://plat.dianping.com/app/femember-musteat-web/musteat-rank?cityid=169&notitlebar=1&ranktype=3
河南省,许昌市,魏都区,同盛烩面（天使城店）,河南省许昌市魏都区学府街祥瑞小区门面房(学府街与府西路交叉口西南角福安名茶东隔壁),4,27,招牌烩面,省市区及街道已获取,已获取,榜单行政区/商圈归属,73588947,https://plat.dianping.com/app/femember-musteat-web/musteat-rank?cityid=169&notitlebar=1&ranktype=3,https://www.dianping.com/shop/73588947/photos/album,https://plat.dianping.com/app/femember-musteat-web/musteat-rank?cityid=169&notitlebar=1&ranktype=3
河南省,许昌市,魏都区,铁旦全羊鲜汤（毓秀路分店）,河南省许昌市魏都区毓秀路雅居小区门牌255号,4.4,23,羊肉汤,省市区及街道已获取,已获取,榜单行政区/商圈归属,23231379,https://plat.dianping.com/app/femember-musteat-web/musteat-rank?cityid=169&notitlebar=1&ranktype=3,https://www.dianping.com/shop/23231379/photos/album,https://plat.dianping.com/app/femember-musteat-web/musteat-rank?cityid=169&notitlebar=1&ranktype=3
河南省,许昌市,魏都区,清真·东饺宴（瑞贝卡·家天下店）,河南省许昌市魏都区魏文路与学府街交叉口向东260米路北,4.7,65,羊肉大葱水饺,省市区及街道已获取,已获取,榜单行政区/商圈归属,8717921,https://plat.dianping.com/app/femember-musteat-web/musteat-rank?cityid=169&notitlebar=1&ranktype=3,https://www.dianping.com/shop/8717921/photos/album,https://plat.dianping.com/app/femember-musteat-web/musteat-rank?cityid=169&notitlebar=1&ranktype=3
河南省,许昌市,魏都区,范坡全牛庄钧飨牛肉（胖东来云鼎店）,河南省许昌市魏都区东城区管委会学府街与兴业路交叉口向西100米路南(东方雅苑北门东邻),4.5,45,鲜卤牛大骨,省市区及街道已获取,已获取,榜单行政区/商圈归属,67688286,https://plat.dianping.com/app/femember-musteat-web/musteat-rank?cityid=169&notitlebar=1&ranktype=3,https://www.dianping.com/shop/67688286/photos/album,https://plat.dianping.com/app/femember-musteat-web/musteat-rank?cityid=169&notitlebar=1&ranktype=3
河南省,许昌市,魏都区,99香辣蟹（南顺河街店）,河南省许昌市魏都区南顺河街27号(大商新玛特河对面向东100米),4.2,67,香辣蟹,省市区及街道已获取,已获取,榜单行政区/商圈归属,48180632,https://plat.dianping.com/app/femember-musteat-web/musteat-rank?cityid=169&notitlebar=1&ranktype=3,https://www.dianping.com/shop/48180632/photos/album,https://plat.dianping.com/app/femember-musteat-web/musteat-rank?cityid=169&notitlebar=1&ranktype=3
河南省,南阳市,宛城区,程记甫胡辣汤（总店）,河南省南阳市宛城区新华路和仲景路交叉口西行20米路南,4,11,牛肉糊辣汤,省市区及街道已获取,已获取,榜单行政区/商圈归属,2758708,https://plat.dianping.com/app/femember-musteat-web/musteat-rank?cityid=172&notitlebar=1&ranktype=3,https://www.dianping.com/shop/2758708/photos/album,https://plat.dianping.com/app/femember-musteat-web/musteat-rank?cityid=172&notitlebar=1&ranktype=3
河南省,南阳市,卧龙区,党记老城羊肉馆（车站南路店）,河南省南阳市卧龙区车站南路与汉画路交叉口北30米路东,4.4,62,羊肉串12串,省市区及街道已获取,已获取,榜单行政区/商圈归属,98833565,https://plat.dianping.com/app/femember-musteat-web/musteat-rank?cityid=172&notitlebar=1&ranktype=3,https://www.dianping.com/shop/98833565/photos/album,https://plat.dianping.com/app/femember-musteat-web/musteat-rank?cityid=172&notitlebar=1&ranktype=3
河南省,南阳市,卧龙区,褚家巷•烩面工坊（锦江公寓店）,"河南省南阳市卧龙区滨河西路76号(锦江公寓下,近画布咖啡)",4.1,63,褚家巷招牌烩面,省市区及街道已获取,已获取,榜单行政区/商圈归属,18510363,https://plat.dianping.com/app/femember-musteat-web/musteat-rank?cityid=172&notitlebar=1&ranktype=3,https://www.dianping.com/shop/18510363/photos/album,https://plat.dianping.com/app/femember-musteat-web/musteat-rank?cityid=172&notitlebar=1&ranktype=3
河南省,南阳市,宛城区,丁老二米线全国连锁（府衙总店）,河南省南阳市宛城区民主街府衙向西10米路南,3.9,13,原味鸡汤米线,省市区及街道已获取,已获取,榜单行政区/商圈归属,18634507,https://plat.dianping.com/app/femember-musteat-web/musteat-rank?cityid=172&notitlebar=1&ranktype=3,https://www.dianping.com/shop/18634507/photos/album,https://plat.dianping.com/app/femember-musteat-web/musteat-rank?cityid=172&notitlebar=1&ranktype=3
河南省,南阳市,宛城区,王记牛肉汤（和平街店）,河南省南阳市宛城区和平街68号,4.5,20,牛肉汤,省市区及街道已获取,已获取,榜单行政区/商圈归属,67609350,https://plat.dianping.com/app/femember-musteat-web/musteat-rank?cityid=172&notitlebar=1&ranktype=3,https://www.dianping.com/shop/67609350/photos/album,https://plat.dianping.com/app/femember-musteat-web/musteat-rank?cityid=172&notitlebar=1&ranktype=3
河南省,南阳市,宛城区,潮乡居南阳鲜切牛肉火锅（明山路店）,河南省南阳市宛城区范蠡东路与明山路交叉口向北100米路西,4.4,79,手打牛肉丸,省市区及街道已获取,已获取,榜单行政区/商圈归属,17153963,https://plat.dianping.com/app/femember-musteat-web/musteat-rank?cityid=172&notitlebar=1&ranktype=3,https://www.dianping.com/shop/17153963/photos/album,https://plat.dianping.com/app/femember-musteat-web/musteat-rank?cityid=172&notitlebar=1&ranktype=3
河南省,南阳市,宛城区,楚江子·龙继斑鱼庄（柴庄店）,河南省南阳市宛城区光武东路中国石油加油站(光武东路)东侧约50米,4.8,86,招牌斑鱼片,省市区及街道已获取,已获取,榜单行政区/商圈归属,23276856,https://plat.dianping.com/app/femember-musteat-web/musteat-rank?cityid=172&notitlebar=1&ranktype=3,https://www.dianping.com/shop/23276856/photos/album,https://plat.dianping.com/app/femember-musteat-web/musteat-rank?cityid=172&notitlebar=1&ranktype=3
河南省,南阳市,卧龙区,豫果园南阳锅贴饺（人民路店）,河南省南阳市卧龙区建设路与人民路交叉口西南角,4.7,50,牛肉锅贴饺,省市区及街道已获取,已获取,榜单行政区/商圈归属,9894318,https://plat.dianping.com/app/femember-musteat-web/musteat-rank?cityid=172&notitlebar=1&ranktype=3,https://www.dianping.com/shop/9894318/photos/album,https://plat.dianping.com/app/femember-musteat-web/musteat-rank?cityid=172&notitlebar=1&ranktype=3
河南省,商丘市,梁园区,三石脊骨（八一路店）,河南省商丘市梁园区八一路与哈森路交叉口东南角,4.8,45,三石脊骨,省市区及街道已获取,已获取,榜单行政区/商圈归属,80347419,https://plat.dianping.com/app/femember-musteat-web/musteat-rank?cityid=173&notitlebar=1&ranktype=3,https://www.dianping.com/shop/80347419/photos/album,https://plat.dianping.com/app/femember-musteat-web/musteat-rank?cityid=173&notitlebar=1&ranktype=3
河南省,商丘市,梁园区,第一家烙馍羊肉汤（德信商务大厦店）,河南省商丘市梁园区凯旋路与八一路交叉口往北100米路东（近京九建材西大门）,4,27,手工肉酱烙馍,省市区及街道已获取,已获取,榜单行政区/商圈归属,4109582,https://plat.dianping.com/app/femember-musteat-web/musteat-rank?cityid=173&notitlebar=1&ranktype=3,https://www.dianping.com/shop/4109582/photos/album,https://plat.dianping.com/app/femember-musteat-web/musteat-rank?cityid=173&notitlebar=1&ranktype=3
河南省,商丘市,睢阳区,贾鱼头（商字府前花园店）,河南省商丘市睢阳区神火大道商字北588米路东府前花园大门北侧,4.3,61,招牌麻辣鲜鱼头,省市区及街道已获取,已获取,榜单行政区/商圈归属,1198112746,https://plat.dianping.com/app/femember-musteat-web/musteat-rank?cityid=173&notitlebar=1&ranktype=3,https://www.dianping.com/shop/1198112746/photos/album,https://plat.dianping.com/app/femember-musteat-web/musteat-rank?cityid=173&notitlebar=1&ranktype=3
河南省,商丘市,睢阳区,刘家烧饼店,河南省商丘市睢阳区北海路与华夏路交叉口向东300米路北,4.2,39,刘家烧饼,省市区及街道已获取,已获取,榜单行政区/商圈归属,8076088,https://plat.dianping.com/app/femember-musteat-web/musteat-rank?cityid=173&notitlebar=1&ranktype=3,https://www.dianping.com/shop/8076088/photos/album,https://plat.dianping.com/app/femember-musteat-web/musteat-rank?cityid=173&notitlebar=1&ranktype=3
河南省,商丘市,梁园区,清真刘宝来铜锅涮羊肉（文化路总店）,河南省商丘市梁园区文化中路中国石化加油站东50米路北（近祥和家园）,4.4,45,刘宝来秘制麻汁酱,省市区及街道已获取,已获取,榜单行政区/商圈归属,1831651183,https://plat.dianping.com/app/femember-musteat-web/musteat-rank?cityid=173&notitlebar=1&ranktype=3,https://www.dianping.com/shop/1831651183/photos/album,https://plat.dianping.com/app/femember-musteat-web/musteat-rank?cityid=173&notitlebar=1&ranktype=3
河南省,商丘市,睢阳区,一家人（香君路店）,河南省商丘市睢阳区神火大道与香君路交叉口向东100米路南,4.3,73,南湾湖大鱼头,省市区及街道已获取,已获取,榜单行政区/商圈归属,18815279,https://plat.dianping.com/app/femember-musteat-web/musteat-rank?cityid=173&notitlebar=1&ranktype=3,https://www.dianping.com/shop/18815279/photos/album,https://plat.dianping.com/app/femember-musteat-web/musteat-rank?cityid=173&notitlebar=1&ranktype=3
河南省,信阳市,浉河区,石氏老字号固始鹅块火锅,河南省信阳市浉河区工区街金达建材市场对面,4,55,固始鹅块火锅,省市区及街道已获取,已获取,榜单行政区/商圈归属,50635162,https://plat.dianping.com/app/femember-musteat-web/musteat-rank?cityid=174&notitlebar=1&ranktype=3,https://www.dianping.com/shop/50635162/photos/album,https://plat.dianping.com/app/femember-musteat-web/musteat-rank?cityid=174&notitlebar=1&ranktype=3
河南省,信阳市,浉河区,老信阳菜馆（虎头山店）,河南省信阳市浉河区新马路虎头山弘运怡祥苑,4.7,67,炕馍,省市区及街道已获取,已获取,榜单行政区/商圈归属,50488079,https://plat.dianping.com/app/femember-musteat-web/musteat-rank?cityid=174&notitlebar=1&ranktype=3,https://www.dianping.com/shop/50488079/photos/album,https://plat.dianping.com/app/femember-musteat-web/musteat-rank?cityid=174&notitlebar=1&ranktype=3
河南省,信阳市,浉河区,西关热干面老店（东方红大道店）,河南省信阳市浉河区东方红大道与八一路商业步行街交叉口东100米,4,8,肉酱热干面,省市区及街道已获取,已获取,榜单行政区/商圈归属,5703660,https://plat.dianping.com/app/femember-musteat-web/musteat-rank?cityid=174&notitlebar=1&ranktype=3,https://www.dianping.com/shop/5703660/photos/album,https://plat.dianping.com/app/femember-musteat-web/musteat-rank?cityid=174&notitlebar=1&ranktype=3
河南省,信阳市,浉河区,德力酒楼,河南省信阳市浉河区民权路南段清水湾2号店隔壁,4.7,83,老信阳焖鸡,省市区及街道已获取,已获取,榜单行政区/商圈归属,5268791,https://plat.dianping.com/app/femember-musteat-web/musteat-rank?cityid=174&notitlebar=1&ranktype=3,https://www.dianping.com/shop/5268791/photos/album,https://plat.dianping.com/app/femember-musteat-web/musteat-rank?cityid=174&notitlebar=1&ranktype=3
河南省,信阳市,浉河区,杨记大肠汤炖菜,河南省信阳市浉河区五星街报晓新村底商,4.7,25,大肠汤,省市区及街道已获取,已获取,榜单行政区/商圈归属,559489399,https://plat.dianping.com/app/femember-musteat-web/musteat-rank?cityid=174&notitlebar=1&ranktype=3,https://www.dianping.com/shop/559489399/photos/album,https://plat.dianping.com/app/femember-musteat-web/musteat-rank?cityid=174&notitlebar=1&ranktype=3
河南省,信阳市,浉河区,茶乡鱼村,河南省信阳市浉河区南湾街道南湖街南湾湖风景区广场(近南湾湖车站),4.7,73,脆皮丸子,省市区及街道已获取,已获取,榜单行政区/商圈归属,5260802,https://plat.dianping.com/app/femember-musteat-web/musteat-rank?cityid=174&notitlebar=1&ranktype=3,https://www.dianping.com/shop/5260802/photos/album,https://plat.dianping.com/app/femember-musteat-web/musteat-rank?cityid=174&notitlebar=1&ranktype=3
河南省,信阳市,浉河区,百姓人家（工区店）,河南省信阳市浉河区车站街道工区路与化工路北200米(原老化工俱乐部),4.4,68,南湾鱼头泡饭,省市区及街道已获取,已获取,榜单行政区/商圈归属,58541970,https://plat.dianping.com/app/femember-musteat-web/musteat-rank?cityid=174&notitlebar=1&ranktype=3,https://www.dianping.com/shop/58541970/photos/album,https://plat.dianping.com/app/femember-musteat-web/musteat-rank?cityid=174&notitlebar=1&ranktype=3
湖北省,十堰市,茅箭区,何记郧阳三合汤（深圳街）,湖北省十堰市茅箭区深圳街7号,4.2,22,金牌全料三合汤,省市区及街道已获取,已获取,榜单行政区/商圈归属,5429231,https://plat.dianping.com/app/femember-musteat-web/musteat-rank?cityid=178&notitlebar=1&ranktype=3,https://www.dianping.com/shop/5429231/photos/album,https://plat.dianping.com/app/femember-musteat-web/musteat-rank?cityid=178&notitlebar=1&ranktype=3
湖北省,十堰市,茅箭区,九头鸟肥牛火锅（东岳店）,湖北省十堰市茅箭区东岳路27号九头鸟酒店内,4.3,75,金牌肥牛,省市区及街道已获取,已获取,榜单行政区/商圈归属,2107012,https://plat.dianping.com/app/femember-musteat-web/musteat-rank?cityid=178&notitlebar=1&ranktype=3,https://www.dianping.com/shop/2107012/photos/album,https://plat.dianping.com/app/femember-musteat-web/musteat-rank?cityid=178&notitlebar=1&ranktype=3
湖北省,十堰市,张湾区,大唐农场,湖北省十堰市张湾区十堰大道万达广场往郧阳区方向500米,4.6,80,郧西马头羊汤,省市区及街道已获取,已获取,榜单行政区/商圈归属,1494004025,https://plat.dianping.com/app/femember-musteat-web/musteat-rank?cityid=178&notitlebar=1&ranktype=3,https://www.dianping.com/shop/1494004025/photos/album,https://plat.dianping.com/app/femember-musteat-web/musteat-rank?cityid=178&notitlebar=1&ranktype=3
湖北省,十堰市,丹江口市,天福鱼庄•活水翘嘴白·好鱼蒸鲜（丹江口吃鱼精选美食店）,湖北省十堰市丹江口市沿江大道新园小区1幢1楼102号,4.1,65,香煎翘嘴白,省市区及街道已获取,已获取,榜单行政区/商圈归属,57912418,https://plat.dianping.com/app/femember-musteat-web/musteat-rank?cityid=178&notitlebar=1&ranktype=3,https://www.dianping.com/shop/57912418/photos/album,https://plat.dianping.com/app/femember-musteat-web/musteat-rank?cityid=178&notitlebar=1&ranktype=3
湖北省,十堰市,张湾区,鄂上黄龙鱼头·地方菜,湖北省十堰市张湾区汉江北路4号1-2（东风中医院旁）,4.4,70,剁椒鱼头,省市区及街道已获取,已获取,榜单行政区/商圈归属,2307343,https://plat.dianping.com/app/femember-musteat-web/musteat-rank?cityid=178&notitlebar=1&ranktype=3,https://www.dianping.com/shop/2307343/photos/album,https://plat.dianping.com/app/femember-musteat-web/musteat-rank?cityid=178&notitlebar=1&ranktype=3
湖北省,十堰市,张湾区,胖嫂烧烤（风神路店）,湖北省十堰市张湾区方山路107号,4.4,59,炭烤鲜切牛肉串,省市区及街道已获取,已获取,榜单行政区/商圈归属,9953333,https://plat.dianping.com/app/femember-musteat-web/musteat-rank?cityid=178&notitlebar=1&ranktype=3,https://www.dianping.com/shop/9953333/photos/album,https://plat.dianping.com/app/femember-musteat-web/musteat-rank?cityid=178&notitlebar=1&ranktype=3
湖北省,十堰市,茅箭区,荆沙菜馆,湖北省十堰市茅箭区二堰街道火车站副食批发城旁(鄂西北小商品批发城后面),4.8,77,公安牛三鲜,省市区及街道已获取,已获取,榜单行政区/商圈归属,58353690,https://plat.dianping.com/app/femember-musteat-web/musteat-rank?cityid=178&notitlebar=1&ranktype=3,https://www.dianping.com/shop/58353690/photos/album,https://plat.dianping.com/app/femember-musteat-web/musteat-rank?cityid=178&notitlebar=1&ranktype=3
湖北省,十堰市,张湾区,牛魔王·手抓牛骨（地标十堰菜·六堰总店）,湖北省十堰市张湾区汉江南路39号神定河农产品中心批发市场综合楼1-2层,4.8,71,手抓牛骨头,省市区及街道已获取,已获取,榜单行政区/商圈归属,32312543,https://plat.dianping.com/app/femember-musteat-web/musteat-rank?cityid=178&notitlebar=1&ranktype=3,https://www.dianping.com/shop/32312543/photos/album,https://plat.dianping.com/app/femember-musteat-web/musteat-rank?cityid=178&notitlebar=1&ranktype=3
湖北省,十堰市,张湾区,秦巴故里（红卫店）,湖北省十堰市张湾区车城西路100号11栋金佰佰的店后,4.3,49,糯米蒸排骨,省市区及街道已获取,已获取,榜单行政区/商圈归属,24776059,https://plat.dianping.com/app/femember-musteat-web/musteat-rank?cityid=178&notitlebar=1&ranktype=3,https://www.dianping.com/shop/24776059/photos/album,https://plat.dianping.com/app/femember-musteat-web/musteat-rank?cityid=178&notitlebar=1&ranktype=3
湖北省,十堰市,茅箭区,小户人家·十堰菜·丹江渔（天津路店）,湖北省十堰市茅箭区天津路口琥珀山庄1楼,4.4,63,洪湖砂锅藕汤,省市区及街道已获取,已获取,榜单行政区/商圈归属,6111735,https://plat.dianping.com/app/femember-musteat-web/musteat-rank?cityid=178&notitlebar=1&ranktype=3,https://www.dianping.com/shop/6111735/photos/album,https://plat.dianping.com/app/femember-musteat-web/musteat-rank?cityid=178&notitlebar=1&ranktype=3
湖北省,十堰市,丹江口市,丹水桥地锅鱼·翘嘴鲌·地方特色全鱼宴（丹江口大坝店）,湖北省十堰市丹江口市沿江路新桥头沿江大道58-4号,4.1,61,清蒸大白鱼,省市区及街道已获取,已获取,榜单行政区/商圈归属,45561406,https://plat.dianping.com/app/femember-musteat-web/musteat-rank?cityid=178&notitlebar=1&ranktype=3,https://www.dianping.com/shop/45561406/photos/album,https://plat.dianping.com/app/femember-musteat-web/musteat-rank?cityid=178&notitlebar=1&ranktype=3
湖北省,宜昌市,伍家岗区,方妈面馆（夷陵大道店）,湖北省宜昌市伍家岗区夷陵大道295号,4.1,17,花面,省市区及街道已获取,已获取,榜单行政区/商圈归属,1702842117,https://plat.dianping.com/app/femember-musteat-web/musteat-rank?cityid=179&notitlebar=1&ranktype=3,https://www.dianping.com/shop/1702842117/photos/album,https://plat.dianping.com/app/femember-musteat-web/musteat-rank?cityid=179&notitlebar=1&ranktype=3
湖北省,宜昌市,西陵区,宜品川·宜昌肥鱼·餐厅（CBD中央大街店）,湖北省宜昌市西陵区夷陵大道58号大洋百货购物中心一楼临街商铺,4.4,45,能喝汤的酸菜鱼,省市区及街道已获取,已获取,榜单行政区/商圈归属,59043101,https://plat.dianping.com/app/femember-musteat-web/musteat-rank?cityid=179&notitlebar=1&ranktype=3,https://www.dianping.com/shop/59043101/photos/album,https://plat.dianping.com/app/femember-musteat-web/musteat-rank?cityid=179&notitlebar=1&ranktype=3
湖北省,宜昌市,西陵区,三七砂锅（开发区店）,湖北省宜昌市西陵区城东大道49号金榜名苑一楼（葛洲坝中学旁）,4.7,55,牛肉砂锅,省市区及街道已获取,已获取,榜单行政区/商圈归属,1031992974,https://plat.dianping.com/app/femember-musteat-web/musteat-rank?cityid=179&notitlebar=1&ranktype=3,https://www.dianping.com/shop/1031992974/photos/album,https://plat.dianping.com/app/femember-musteat-web/musteat-rank?cityid=179&notitlebar=1&ranktype=3
湖北省,宜昌市,伍家岗区,天韵鱼府·宜昌肥鱼（万寿桥店）,湖北省宜昌市伍家岗区沿江大道169号,4.6,65,奶汤肥鱼,省市区及街道已获取,已获取,榜单行政区/商圈归属,1888827752,https://plat.dianping.com/app/femember-musteat-web/musteat-rank?cityid=179&notitlebar=1&ranktype=3,https://www.dianping.com/shop/1888827752/photos/album,https://plat.dianping.com/app/femember-musteat-web/musteat-rank?cityid=179&notitlebar=1&ranktype=3
湖北省,宜昌市,西陵区,自己人·宜昌菜（东湖店）,湖北省宜昌市西陵区东湖一路39号（近馨岛国际酒店）,4.6,50,宜昌肥鱼,省市区及街道已获取,已获取,榜单行政区/商圈归属,14175809,https://plat.dianping.com/app/femember-musteat-web/musteat-rank?cityid=179&notitlebar=1&ranktype=3,https://www.dianping.com/shop/14175809/photos/album,https://plat.dianping.com/app/femember-musteat-web/musteat-rank?cityid=179&notitlebar=1&ranktype=3
湖北省,宜昌市,伍家岗区,憨哥鱼庄·宜昌肥鱼·始于1999（中南路店）,湖北省宜昌市伍家岗区中南路上善谷北门48号（东辰2号正对面）,4.6,78,招牌肥鱼,省市区及街道已获取,已获取,榜单行政区/商圈归属,113655611,https://plat.dianping.com/app/femember-musteat-web/musteat-rank?cityid=179&notitlebar=1&ranktype=3,https://www.dianping.com/shop/113655611/photos/album,https://plat.dianping.com/app/femember-musteat-web/musteat-rank?cityid=179&notitlebar=1&ranktype=3
湖北省,宜昌市,伍家岗区,龙滋鲜鱼捞.宜昌肥鱼涮烤（伍家岗店）,湖北省宜昌市伍家岗区夷陵大道355号江山景苑对面,4.6,92,招牌肥鱼,省市区及街道已获取,已获取,榜单行政区/商圈归属,121879975,https://plat.dianping.com/app/femember-musteat-web/musteat-rank?cityid=179&notitlebar=1&ranktype=3,https://www.dianping.com/shop/121879975/photos/album,https://plat.dianping.com/app/femember-musteat-web/musteat-rank?cityid=179&notitlebar=1&ranktype=3
湖北省,宜昌市,伍家岗区,鱼豆吉·豆浆鱼火锅（宜昌万达店）,湖北省宜昌市伍家岗区沿江大道万达广场三楼（万达影城正对面）,4.4,91,宜昌肥鱼,省市区及街道已获取,已获取,榜单行政区/商圈归属,48118832,https://plat.dianping.com/app/femember-musteat-web/musteat-rank?cityid=179&notitlebar=1&ranktype=3,https://www.dianping.com/shop/48118832/photos/album,https://plat.dianping.com/app/femember-musteat-web/musteat-rank?cityid=179&notitlebar=1&ranktype=3
湖北省,宜昌市,西陵区,巴楚人家鲜鱼店·肥鱼地标餐厅,湖北省宜昌市西陵区沿江大道南榭园006-2号,4.3,90,奶汤肥鱼火锅,省市区及街道已获取,已获取,榜单行政区/商圈归属,68937770,https://plat.dianping.com/app/femember-musteat-web/musteat-rank?cityid=179&notitlebar=1&ranktype=3,https://www.dianping.com/shop/68937770/photos/album,https://plat.dianping.com/app/femember-musteat-web/musteat-rank?cityid=179&notitlebar=1&ranktype=3
湖北省,襄阳市,樊城区,世纪烤吧（风华路店）,湖北省襄阳市樊城区米公街道风华路特1号,4,64,羊肉串,省市区及街道已获取,已获取,榜单行政区/商圈归属,5594188,https://plat.dianping.com/app/femember-musteat-web/musteat-rank?cityid=180&notitlebar=1&ranktype=3,https://www.dianping.com/shop/5594188/photos/album,https://plat.dianping.com/app/femember-musteat-web/musteat-rank?cityid=180&notitlebar=1&ranktype=3
湖北省,襄阳市,樊城区,王氏特色烤牛肉（绿地店）,湖北省襄阳市樊城区中原西路铂骊酒店西侧,4.8,83,王氏特色烤牛肉,省市区及街道已获取,已获取,榜单行政区/商圈归属,1057164506,https://plat.dianping.com/app/femember-musteat-web/musteat-rank?cityid=180&notitlebar=1&ranktype=3,https://www.dianping.com/shop/1057164506/photos/album,https://plat.dianping.com/app/femember-musteat-web/musteat-rank?cityid=180&notitlebar=1&ranktype=3
湖北省,襄阳市,襄城区,肖家厨房·襄阳菜·唐城·古城美食,湖北省襄阳市襄城区汉唐大道与常青路交叉口东北角,4.3,67,干锅羊尾巴,省市区及街道已获取,已获取,榜单行政区/商圈归属,8880300,https://plat.dianping.com/app/femember-musteat-web/musteat-rank?cityid=180&notitlebar=1&ranktype=3,https://www.dianping.com/shop/8880300/photos/album,https://plat.dianping.com/app/femember-musteat-web/musteat-rank?cityid=180&notitlebar=1&ranktype=3
湖北省,襄阳市,樊城区,山丫丫·恩施土家菜（天元四季城店）,湖北省襄阳市樊城区大庆西路10号天元四季城4楼,4.4,48,泡菜肉沫炒苕粉,省市区及街道已获取,已获取,榜单行政区/商圈归属,90566937,https://plat.dianping.com/app/femember-musteat-web/musteat-rank?cityid=180&notitlebar=1&ranktype=3,https://www.dianping.com/shop/90566937/photos/album,https://plat.dianping.com/app/femember-musteat-web/musteat-rank?cityid=180&notitlebar=1&ranktype=3
湖北省,襄阳市,樊城区,广缘聚洪湖藕王（新华路店）,湖北省襄阳市樊城区新华路27-1号（桃园国际酒店对面）,4.7,60,洪湖莲藕炖排骨,省市区及街道已获取,已获取,榜单行政区/商圈归属,131472905,https://plat.dianping.com/app/femember-musteat-web/musteat-rank?cityid=180&notitlebar=1&ranktype=3,https://www.dianping.com/shop/131472905/photos/album,https://plat.dianping.com/app/femember-musteat-web/musteat-rank?cityid=180&notitlebar=1&ranktype=3
湖北省,襄阳市,樊城区,汪胖子襄阳牛肉面（华丰路店）,湖北省襄阳市樊城区人民路人和秀景1幢1层105号,4.1,16,正宗牛肉面,省市区及街道已获取,已获取,榜单行政区/商圈归属,6453794,https://plat.dianping.com/app/femember-musteat-web/musteat-rank?cityid=180&notitlebar=1&ranktype=3,https://www.dianping.com/shop/6453794/photos/album,https://plat.dianping.com/app/femember-musteat-web/musteat-rank?cityid=180&notitlebar=1&ranktype=3
湖北省,襄阳市,樊城区,邓家牛腩面,湖北省襄阳市樊城区沿江大道36-1号（近樊城一桥头）,4.1,19,邓家牛肉面,省市区及街道已获取,已获取,榜单行政区/商圈归属,5112569,https://plat.dianping.com/app/femember-musteat-web/musteat-rank?cityid=180&notitlebar=1&ranktype=3,https://www.dianping.com/shop/5112569/photos/album,https://plat.dianping.com/app/femember-musteat-web/musteat-rank?cityid=180&notitlebar=1&ranktype=3
湖北省,孝感市,孝南区,福味馆（鑫金狮店）,湖北省孝感市孝南区长征路78号,4.6,41,铁板糍粑鱼,省市区及街道已获取,已获取,榜单行政区/商圈归属,19468395,https://plat.dianping.com/app/femember-musteat-web/musteat-rank?cityid=183&notitlebar=1&ranktype=3,https://www.dianping.com/shop/19468395/photos/album,https://plat.dianping.com/app/femember-musteat-web/musteat-rank?cityid=183&notitlebar=1&ranktype=3
湖北省,孝感市,孝南区,渔耕记（交通路店）,湖北省孝感市孝南区交通中路翡翠名都1号,4.8,72,饭怕鱼,省市区及街道已获取,已获取,榜单行政区/商圈归属,57964921,https://plat.dianping.com/app/femember-musteat-web/musteat-rank?cityid=183&notitlebar=1&ranktype=3,https://www.dianping.com/shop/57964921/photos/album,https://plat.dianping.com/app/femember-musteat-web/musteat-rank?cityid=183&notitlebar=1&ranktype=3
湖北省,孝感市,孝南区,孝感米酒,湖北省孝感市孝南区书院街道槐荫大道289号（槐荫酒楼西南）,4,15,糊汤米酒,省市区及街道已获取,已获取,榜单行政区/商圈归属,15744321,https://plat.dianping.com/app/femember-musteat-web/musteat-rank?cityid=183&notitlebar=1&ranktype=3,https://www.dianping.com/shop/15744321/photos/album,https://plat.dianping.com/app/femember-musteat-web/musteat-rank?cityid=183&notitlebar=1&ranktype=3
湖北省,孝感市,孝南区,棠正海鲜烧烤（长征路店）,湖北省孝感市孝南区长征路9-1,4.2,69,炭烤五花肉,省市区及街道已获取,已获取,榜单行政区/商圈归属,883573852,https://plat.dianping.com/app/femember-musteat-web/musteat-rank?cityid=183&notitlebar=1&ranktype=3,https://www.dianping.com/shop/883573852/photos/album,https://plat.dianping.com/app/femember-musteat-web/musteat-rank?cityid=183&notitlebar=1&ranktype=3
湖北省,孝感市,孝南区,八分钱锅仔,湖北省孝感市孝南区广场街道分丝南路91号,4.5,68,招牌麻辣鳝鱼锅仔,省市区及街道已获取,已获取,榜单行政区/商圈归属,1312486719,https://plat.dianping.com/app/femember-musteat-web/musteat-rank?cityid=183&notitlebar=1&ranktype=3,https://www.dianping.com/shop/1312486719/photos/album,https://plat.dianping.com/app/femember-musteat-web/musteat-rank?cityid=183&notitlebar=1&ranktype=3
湖北省,孝感市,孝南区,马氏面馆（长征一路店）,湖北省孝感市孝南区园林路与长征一路交叉口东150米,4.3,15,马氏牛肉面,省市区及街道已获取,已获取,榜单行政区/商圈归属,40099367,https://plat.dianping.com/app/femember-musteat-web/musteat-rank?cityid=183&notitlebar=1&ranktype=3,https://www.dianping.com/shop/40099367/photos/album,https://plat.dianping.com/app/femember-musteat-web/musteat-rank?cityid=183&notitlebar=1&ranktype=3
湖北省,荆州市,荆州区,黄金堂财鱼面馆,湖北省荆州市荆州区东城街道东门内张居正街12号,4.3,19,财鱼面,省市区及街道已获取,已获取,榜单行政区/商圈归属,66673419,https://plat.dianping.com/app/femember-musteat-web/musteat-rank?cityid=184&notitlebar=1&ranktype=3,https://www.dianping.com/shop/66673419/photos/album,https://plat.dianping.com/app/femember-musteat-web/musteat-rank?cityid=184&notitlebar=1&ranktype=3
湖北省,荆州市,沙市区,民间厨房·私房菜（大庆路店）,湖北省荆州市沙市区大庆路金龙社区16栋,4.3,46,特色鱼杂火锅,省市区及街道已获取,已获取,榜单行政区/商圈归属,66698371,https://plat.dianping.com/app/femember-musteat-web/musteat-rank?cityid=184&notitlebar=1&ranktype=3,https://www.dianping.com/shop/66698371/photos/album,https://plat.dianping.com/app/femember-musteat-web/musteat-rank?cityid=184&notitlebar=1&ranktype=3
湖北省,荆州市,荆州区,老屋饭香（草市店）,湖北省荆州市荆州区景明观路8号,4.7,74,深水有机大鱼头,省市区及街道已获取,已获取,榜单行政区/商圈归属,1449613039,https://plat.dianping.com/app/femember-musteat-web/musteat-rank?cityid=184&notitlebar=1&ranktype=3,https://www.dianping.com/shop/1449613039/photos/album,https://plat.dianping.com/app/femember-musteat-web/musteat-rank?cityid=184&notitlebar=1&ranktype=3
湖北省,荆州市,荆州区,放牛娃民俗土菜馆（荆南路店）,湖北省荆州市荆州区荆州南路工人文化宫2楼（近大门）,4.3,63,招牌牛肉黄金管,省市区及街道已获取,已获取,榜单行政区/商圈归属,98342383,https://plat.dianping.com/app/femember-musteat-web/musteat-rank?cityid=184&notitlebar=1&ranktype=3,https://www.dianping.com/shop/98342383/photos/album,https://plat.dianping.com/app/femember-musteat-web/musteat-rank?cityid=184&notitlebar=1&ranktype=3
湖北省,荆州市,沙市区,西园面馆,湖北省荆州市沙市区工农路1号,4.3,15,红烧口味大连面,省市区及街道已获取,已获取,榜单行政区/商圈归属,2844277,https://plat.dianping.com/app/femember-musteat-web/musteat-rank?cityid=184&notitlebar=1&ranktype=3,https://www.dianping.com/shop/2844277/photos/album,https://plat.dianping.com/app/femember-musteat-web/musteat-rank?cityid=184&notitlebar=1&ranktype=3
湖北省,荆州市,沙市区,黄家塘米粉（总店）,湖北省荆州市沙市区中山街道北京中路黄家塘三栋(黄家塘小学正对面),4.1,16,牛肉米粉,省市区及街道已获取,已获取,榜单行政区/商圈归属,58644479,https://plat.dianping.com/app/femember-musteat-web/musteat-rank?cityid=184&notitlebar=1&ranktype=3,https://www.dianping.com/shop/58644479/photos/album,https://plat.dianping.com/app/femember-musteat-web/musteat-rank?cityid=184&notitlebar=1&ranktype=3
湖北省,荆州市,沙市区,张记圆豆泡糯米（大赛巷店）,湖北省荆州市沙市区大赛巷14号附3（大赛巷小学旁）,4,20,糯米,省市区及街道已获取,已获取,榜单行政区/商圈归属,13790075,https://plat.dianping.com/app/femember-musteat-web/musteat-rank?cityid=184&notitlebar=1&ranktype=3,https://www.dianping.com/shop/13790075/photos/album,https://plat.dianping.com/app/femember-musteat-web/musteat-rank?cityid=184&notitlebar=1&ranktype=3
湖北省,荆州市,沙市区,九九· 荆州大排档 （红星路店）,湖北省荆州市沙市区江津中路与红星路交叉口荆州市中医医院对面,4.4,68,九九鸡汤水饺,省市区及街道已获取,已获取,榜单行政区/商圈归属,9937804,https://plat.dianping.com/app/femember-musteat-web/musteat-rank?cityid=184&notitlebar=1&ranktype=3,https://www.dianping.com/shop/9937804/photos/album,https://plat.dianping.com/app/femember-musteat-web/musteat-rank?cityid=184&notitlebar=1&ranktype=3
湖北省,黄冈市,黄州区,不三烧烤（沙街店）,湖北省黄冈市黄州区沙街11-3号,4.6,62,奔跑五花肉,省市区及街道已获取,已获取,榜单行政区/商圈归属,98478376,https://plat.dianping.com/app/femember-musteat-web/musteat-rank?cityid=185&notitlebar=1&ranktype=3,https://www.dianping.com/shop/98478376/photos/album,https://plat.dianping.com/app/femember-musteat-web/musteat-rank?cityid=185&notitlebar=1&ranktype=3
湖北省,黄冈市,黄州区,渔味堂（开发区店）,湖北省黄冈市黄州区新港大道116号聆湖春天22幢1层101号商铺,4.8,87,家烧小桂鱼,省市区及街道已获取,已获取,榜单行政区/商圈归属,1402640453,https://plat.dianping.com/app/femember-musteat-web/musteat-rank?cityid=185&notitlebar=1&ranktype=3,https://www.dianping.com/shop/1402640453/photos/album,https://plat.dianping.com/app/femember-musteat-web/musteat-rank?cityid=185&notitlebar=1&ranktype=3
湖北省,黄冈市,黄州区,老吕煨汤馆（宝塔店）,湖北省黄冈市黄州区宝塔大道宝塔大厦楼下,4.4,91,正宗土鸡汤,省市区及街道已获取,已获取,榜单行政区/商圈归属,1587701816,https://plat.dianping.com/app/femember-musteat-web/musteat-rank?cityid=185&notitlebar=1&ranktype=3,https://www.dianping.com/shop/1587701816/photos/album,https://plat.dianping.com/app/femember-musteat-web/musteat-rank?cityid=185&notitlebar=1&ranktype=3
湖北省,黄冈市,罗田县,胜利吊锅城（体委店）,湖北省黄冈市罗田县体委巷大别山宾馆东南侧约150米,4.4,91,原味小吊锅,省市区及街道已获取,已获取,榜单行政区/商圈归属,32759665,https://plat.dianping.com/app/femember-musteat-web/musteat-rank?cityid=185&notitlebar=1&ranktype=3,https://www.dianping.com/shop/32759665/photos/album,https://plat.dianping.com/app/femember-musteat-web/musteat-rank?cityid=185&notitlebar=1&ranktype=3
湖北省,黄冈市,罗田县,温泉山外山农家乐,湖北省黄冈市罗田县沪聂线与温泉大道交叉路口往东北约190米,4.7,26,土鸡栗子小吊锅,省市区及街道已获取,已获取,榜单行政区/商圈归属,96729708,https://plat.dianping.com/app/femember-musteat-web/musteat-rank?cityid=185&notitlebar=1&ranktype=3,https://www.dianping.com/shop/96729708/photos/album,https://plat.dianping.com/app/femember-musteat-web/musteat-rank?cityid=185&notitlebar=1&ranktype=3
湖北省,黄冈市,黄州区,达圣甲·老郝家常菜（黄冈总店）,湖北省黄冈市黄州区赤壁一路99号,4.4,67,湖塘甲鱼,省市区及街道已获取,已获取,榜单行政区/商圈归属,67057935,https://plat.dianping.com/app/femember-musteat-web/musteat-rank?cityid=185&notitlebar=1&ranktype=3,https://www.dianping.com/shop/67057935/photos/album,https://plat.dianping.com/app/femember-musteat-web/musteat-rank?cityid=185&notitlebar=1&ranktype=3
湖北省,恩施土家族苗族自治州,恩施市,帅巴人舅母子腊蹄民俗村,湖北省恩施土家族苗族自治州恩施市虎民路首府壹品二号楼第101-110号商铺,4.2,69,铜锅洋芋饭,省市区及街道已获取,已获取,榜单行政区/商圈归属,102135123,https://plat.dianping.com/app/femember-musteat-web/musteat-rank?cityid=188&notitlebar=1&ranktype=3,https://www.dianping.com/shop/102135123/photos/album,https://plat.dianping.com/app/femember-musteat-web/musteat-rank?cityid=188&notitlebar=1&ranktype=3
湖北省,恩施土家族苗族自治州,恩施市,浩鑫烧饼土家牛肉面馆,湖北省恩施土家族苗族自治州恩施市金桂大道恩施奥山世纪城商业街1期4栋140号,4.1,21,浩鑫土掉渣烧饼,省市区及街道已获取,已获取,同店铺ID出现在榜单县级城市入口,37923220,https://plat.dianping.com/app/femember-musteat-web/musteat-rank?cityid=188&notitlebar=1&ranktype=3,https://www.dianping.com/shop/37923220/photos/album,https://plat.dianping.com/app/femember-musteat-web/musteat-rank?cityid=1368&notitlebar=1&ranktype=3
湖北省,恩施土家族苗族自治州,恩施市,袁氏油香（航空花园店）,湖北省恩施土家族苗族自治州恩施市航空大道航空花园71号铺,4,8,恩施正宗油香,省市区及街道已获取,已获取,同店铺ID出现在榜单县级城市入口,1860902535,https://plat.dianping.com/app/femember-musteat-web/musteat-rank?cityid=188&notitlebar=1&ranktype=3,https://www.dianping.com/shop/1860902535/photos/album,https://plat.dianping.com/app/femember-musteat-web/musteat-rank?cityid=1368&notitlebar=1&ranktype=3
湖北省,恩施土家族苗族自治州,恩施市,赵记腊味（恩施总店）,湖北省恩施土家族苗族自治州恩施市施州大道奥山世纪城4号楼113（恩施大戏台对面）,4.6,54,瓦罐鱼,省市区及街道已获取,已获取,同店铺ID出现在榜单县级城市入口,92230375,https://plat.dianping.com/app/femember-musteat-web/musteat-rank?cityid=188&notitlebar=1&ranktype=3,https://www.dianping.com/shop/92230375/photos/album,https://plat.dianping.com/app/femember-musteat-web/musteat-rank?cityid=1368&notitlebar=1&ranktype=3
湖北省,恩施土家族苗族自治州,恩施市,醉硒楼土家菜·恩施老手艺（硒都茶城店）,湖北省恩施土家族苗族自治州恩施市金桂大道3号硒都茶城15栋113、114号（老城根对面）,4.3,53,肉沫合渣,省市区及街道已获取,已获取,同店铺ID出现在榜单县级城市入口,124578662,https://plat.dianping.com/app/femember-musteat-web/musteat-rank?cityid=188&notitlebar=1&ranktype=3,https://www.dianping.com/shop/124578662/photos/album,https://plat.dianping.com/app/femember-musteat-web/musteat-rank?cityid=1368&notitlebar=1&ranktype=3
湖北省,恩施土家族苗族自治州,恩施市,张关合渣（航空大道店）,湖北省恩施土家族苗族自治州恩施市航空大道62号(近金三角文娱广场),4.1,60,合渣,省市区及街道已获取,已获取,同店铺ID出现在榜单县级城市入口,4716994,https://plat.dianping.com/app/femember-musteat-web/musteat-rank?cityid=188&notitlebar=1&ranktype=3,https://www.dianping.com/shop/4716994/photos/album,https://plat.dianping.com/app/femember-musteat-web/musteat-rank?cityid=1368&notitlebar=1&ranktype=3
湖北省,恩施土家族苗族自治州,恩施市,苗家吊锅（奥山店）,湖北省恩施土家族苗族自治州恩施市施州大道奥山世纪城4号楼1楼108号（恩施大戏台斜对面）,4.1,51,竹笋炒腊肉,省市区及街道已获取,已获取,同店铺ID出现在榜单县级城市入口,103557285,https://plat.dianping.com/app/femember-musteat-web/musteat-rank?cityid=188&notitlebar=1&ranktype=3,https://www.dianping.com/shop/103557285/photos/album,https://plat.dianping.com/app/femember-musteat-web/musteat-rank?cityid=1368&notitlebar=1&ranktype=3
湖北省,恩施土家族苗族自治州,恩施市,土司酒馆（恩施大峡谷店）,湖北省恩施土家族苗族自治州恩施市恩施大峡谷洪娴精品民宿对面,4.6,69,铁板生态鱼,省市区及街道已获取,已获取,榜单行政区/商圈归属,44221346,https://plat.dianping.com/app/femember-musteat-web/musteat-rank?cityid=188&notitlebar=1&ranktype=3,https://www.dianping.com/shop/44221346/photos/album,https://plat.dianping.com/app/femember-musteat-web/musteat-rank?cityid=188&notitlebar=1&ranktype=3
湖南省,株洲市,天元区,五一大食堂·市井株洲菜（五一新村店）,湖南省株洲市天元区五一新村,4.7,55,蒜香凤爪,省市区及街道已获取,已获取,榜单行政区/商圈归属,1583545084,https://plat.dianping.com/app/femember-musteat-web/musteat-rank?cityid=192&notitlebar=1&ranktype=3,https://www.dianping.com/shop/1583545084/photos/album,https://plat.dianping.com/app/femember-musteat-web/musteat-rank?cityid=192&notitlebar=1&ranktype=3
湖南省,株洲市,天元区,西江红·株洲本地菜（滨江南路店）,湖南省株洲市天元区滨江南路246号,4.7,58,绝味爆炒鸡爪,省市区及街道已获取,已获取,榜单行政区/商圈归属,9832499,https://plat.dianping.com/app/femember-musteat-web/musteat-rank?cityid=192&notitlebar=1&ranktype=3,https://www.dianping.com/shop/9832499/photos/album,https://plat.dianping.com/app/femember-musteat-web/musteat-rank?cityid=192&notitlebar=1&ranktype=3
湖南省,株洲市,芦淞区,跳跳蛙爱上老幺鸡（贺嘉土文化园总店）,湖南省株洲市芦淞区纺织路人民路口文化园第三期9栋110号,4.4,71,牛蛙,省市区及街道已获取,已获取,榜单行政区/商圈归属,4659758,https://plat.dianping.com/app/femember-musteat-web/musteat-rank?cityid=192&notitlebar=1&ranktype=3,https://www.dianping.com/shop/4659758/photos/album,https://plat.dianping.com/app/femember-musteat-web/musteat-rank?cityid=192&notitlebar=1&ranktype=3
湖南省,株洲市,芦淞区,海记米粉（株洲店）,湖南省株洲市芦淞区贺嘉路29号,4.3,12,猪三样,省市区及街道已获取,已获取,榜单行政区/商圈归属,24710342,https://plat.dianping.com/app/femember-musteat-web/musteat-rank?cityid=192&notitlebar=1&ranktype=3,https://www.dianping.com/shop/24710342/photos/album,https://plat.dianping.com/app/femember-musteat-web/musteat-rank?cityid=192&notitlebar=1&ranktype=3
湖南省,株洲市,天元区,小南乡·市井株洲味（玫瑰园店）,湖南省株洲市天元区黄河北路959号玫瑰御园1栋2栋118号门面,4.5,57,香酥鸡爪,省市区及街道已获取,已获取,榜单行政区/商圈归属,1215036904,https://plat.dianping.com/app/femember-musteat-web/musteat-rank?cityid=192&notitlebar=1&ranktype=3,https://www.dianping.com/shop/1215036904/photos/album,https://plat.dianping.com/app/femember-musteat-web/musteat-rank?cityid=192&notitlebar=1&ranktype=3
湖南省,株洲市,天元区,汇丰楼·株洲地标美食·干爆虾老字号（30年宝藏店）,湖南省株洲市天元区滨江北路商业休闲广场1栋一层209号,4.5,91,干爆大虾,省市区及街道已获取,已获取,榜单行政区/商圈归属,2052901,https://plat.dianping.com/app/femember-musteat-web/musteat-rank?cityid=192&notitlebar=1&ranktype=3,https://www.dianping.com/shop/2052901/photos/album,https://plat.dianping.com/app/femember-musteat-web/musteat-rank?cityid=192&notitlebar=1&ranktype=3
湖南省,株洲市,天元区,易拾年烤铺·株洲地标烧烤（华人街店）,湖南省株洲市天元区神农文化休闲街B地块3栋1层,4.7,67,经典五花肉,省市区及街道已获取,已获取,榜单行政区/商圈归属,1861370464,https://plat.dianping.com/app/femember-musteat-web/musteat-rank?cityid=192&notitlebar=1&ranktype=3,https://www.dianping.com/shop/1861370464/photos/album,https://plat.dianping.com/app/femember-musteat-web/musteat-rank?cityid=192&notitlebar=1&ranktype=3
湖南省,湘潭市,雨湖区,水师傅·湘潭三盆土菜,湖南省湘潭市雨湖区建设北路乌龟堆14号,4.7,78,甲鱼炖羊肉,省市区及街道已获取,已获取,榜单行政区/商圈归属,1735211493,https://plat.dianping.com/app/femember-musteat-web/musteat-rank?cityid=193&notitlebar=1&ranktype=3,https://www.dianping.com/shop/1735211493/photos/album,https://plat.dianping.com/app/femember-musteat-web/musteat-rank?cityid=193&notitlebar=1&ranktype=3
湖南省,湘潭市,雨湖区,水哥口味菜馆（湘潭18 年创始店）,湖南省湘潭市雨湖区龙岸家园东北门旁,4.4,96,私房秘制豆腐,省市区及街道已获取,已获取,榜单行政区/商圈归属,44008616,https://plat.dianping.com/app/femember-musteat-web/musteat-rank?cityid=193&notitlebar=1&ranktype=3,https://www.dianping.com/shop/44008616/photos/album,https://plat.dianping.com/app/femember-musteat-web/musteat-rank?cityid=193&notitlebar=1&ranktype=3
湖南省,湘潭市,雨湖区,湘品轩（广云店）,湖南省湘潭市雨湖区建设北路228号,4.8,53,糖饺子,省市区及街道已获取,已获取,榜单行政区/商圈归属,22836646,https://plat.dianping.com/app/femember-musteat-web/musteat-rank?cityid=193&notitlebar=1&ranktype=3,https://www.dianping.com/shop/22836646/photos/album,https://plat.dianping.com/app/femember-musteat-web/musteat-rank?cityid=193&notitlebar=1&ranktype=3
湖南省,湘潭市,雨湖区,白石鱼馆（白石古莲城店）,湖南省湘潭市雨湖区南岭南路白石古莲城兰亭苑1栋白石艺术楼旁,4.8,72,黄焖鱼头,省市区及街道已获取,已获取,榜单行政区/商圈归属,1851185309,https://plat.dianping.com/app/femember-musteat-web/musteat-rank?cityid=193&notitlebar=1&ranktype=3,https://www.dianping.com/shop/1851185309/photos/album,https://plat.dianping.com/app/femember-musteat-web/musteat-rank?cityid=193&notitlebar=1&ranktype=3
湖南省,湘潭市,韶山市,红厨坊人文餐厅,湖南省湘潭市韶山市枣园路花园村肖家冲安置区入口处,4.6,35,毛家红烧肉,省市区及街道已获取,已获取,同店铺ID出现在榜单县级城市入口,108107820,https://plat.dianping.com/app/femember-musteat-web/musteat-rank?cityid=193&notitlebar=1&ranktype=3,https://www.dianping.com/shop/108107820/photos/album,https://plat.dianping.com/app/femember-musteat-web/musteat-rank?cityid=1405&notitlebar=1&ranktype=3
湖南省,湘潭市,雨湖区,馥茗苔（熙春店）,湖南省湘潭市雨湖区万楼街道熙春路59号（熙春路建设银行旁）,4.9,194,一品养生鸭,省市区及街道已获取,已获取,榜单行政区/商圈归属,10590431,https://plat.dianping.com/app/femember-musteat-web/musteat-rank?cityid=193&notitlebar=1&ranktype=3,https://www.dianping.com/shop/10590431/photos/album,https://plat.dianping.com/app/femember-musteat-web/musteat-rank?cityid=193&notitlebar=1&ranktype=3
湖南省,湘潭市,岳塘区,永盛面馆（宝塔路店）,湖南省湘潭市岳塘区宝塔街道宝塔中路14栋-5-6号(质量技术监督局旁),3.9,13,鱿鱼三丝,省市区及街道已获取,已获取,榜单行政区/商圈归属,9566156,https://plat.dianping.com/app/femember-musteat-web/musteat-rank?cityid=193&notitlebar=1&ranktype=3,https://www.dianping.com/shop/9566156/photos/album,https://plat.dianping.com/app/femember-musteat-web/musteat-rank?cityid=193&notitlebar=1&ranktype=3
湖南省,湘潭市,雨湖区,十八总米粉店,湖南省湘潭市雨湖区朝阳街与人民路交叉口南85米路东,4,13,米粉,省市区及街道已获取,已获取,榜单行政区/商圈归属,79228481,https://plat.dianping.com/app/femember-musteat-web/musteat-rank?cityid=193&notitlebar=1&ranktype=3,https://www.dianping.com/shop/79228481/photos/album,https://plat.dianping.com/app/femember-musteat-web/musteat-rank?cityid=193&notitlebar=1&ranktype=3
湖南省,湘潭市,韶山市,御膳坊私房·湘菜,湖南省湘潭市韶山市英雄路东升·中央广场1楼1110号,4.6,50,红烧肉,省市区及街道已获取,已获取,同店铺ID出现在榜单县级城市入口,22938631,https://plat.dianping.com/app/femember-musteat-web/musteat-rank?cityid=193&notitlebar=1&ranktype=3,https://www.dianping.com/shop/22938631/photos/album,https://plat.dianping.com/app/femember-musteat-web/musteat-rank?cityid=1405&notitlebar=1&ranktype=3
湖南省,衡阳市,蒸湘区,华新胖子鱼粉（衡阳总店）,湖南省衡阳市蒸湘区白云路与紫云北街交叉口金星小区门面1号国大药房旁,4.2,20,黄沙古鱼粉,省市区及街道已获取,已获取,榜单行政区/商圈归属,32655253,https://plat.dianping.com/app/femember-musteat-web/musteat-rank?cityid=194&notitlebar=1&ranktype=3,https://www.dianping.com/shop/32655253/photos/album,https://plat.dianping.com/app/femember-musteat-web/musteat-rank?cityid=194&notitlebar=1&ranktype=3
湖南省,衡阳市,蒸湘区,绿草地·湘菜（衡成天虹店）,湖南省衡阳市蒸湘区解放大道42号衡成广场4楼,4.5,55,柠檬酸菜鱼,省市区及街道已获取,已获取,榜单行政区/商圈归属,50484420,https://plat.dianping.com/app/femember-musteat-web/musteat-rank?cityid=194&notitlebar=1&ranktype=3,https://www.dianping.com/shop/50484420/photos/album,https://plat.dianping.com/app/femember-musteat-web/musteat-rank?cityid=194&notitlebar=1&ranktype=3
湖南省,衡阳市,蒸湘区,衡地道·三菜一汤（长丰店）,湖南省衡阳市蒸湘区长丰大道锦绣湘城旁,4.5,60,生烧排骨,省市区及街道已获取,已获取,榜单行政区/商圈归属,22385030,https://plat.dianping.com/app/femember-musteat-web/musteat-rank?cityid=194&notitlebar=1&ranktype=3,https://www.dianping.com/shop/22385030/photos/album,https://plat.dianping.com/app/femember-musteat-web/musteat-rank?cityid=194&notitlebar=1&ranktype=3
湖南省,衡阳市,雁峰区,伟哥土菜馆（市府路店）,湖南省衡阳市雁峰区先锋街道市府路9号(温莎城堡旁),4.4,60,酸萝卜炒鸡,省市区及街道已获取,已获取,榜单行政区/商圈归属,6245327,https://plat.dianping.com/app/femember-musteat-web/musteat-rank?cityid=194&notitlebar=1&ranktype=3,https://www.dianping.com/shop/6245327/photos/album,https://plat.dianping.com/app/femember-musteat-web/musteat-rank?cityid=194&notitlebar=1&ranktype=3
湖南省,衡阳市,南岳区,丽君饭店（游客服务中心店）,湖南省衡阳市南岳区庙西街27-29号,4.8,55,衡山豆腐煲,省市区及街道已获取,已获取,榜单行政区/商圈归属,65935998,https://plat.dianping.com/app/femember-musteat-web/musteat-rank?cityid=194&notitlebar=1&ranktype=3,https://www.dianping.com/shop/65935998/photos/album,https://plat.dianping.com/app/femember-musteat-web/musteat-rank?cityid=194&notitlebar=1&ranktype=3
湖南省,衡阳市,南岳区,仁和饭庄（南岳大庙店）,湖南省衡阳市南岳区庙西街31号,4.8,62,衡东脆肚,省市区及街道已获取,已获取,榜单行政区/商圈归属,14708189,https://plat.dianping.com/app/femember-musteat-web/musteat-rank?cityid=194&notitlebar=1&ranktype=3,https://www.dianping.com/shop/14708189/photos/album,https://plat.dianping.com/app/femember-musteat-web/musteat-rank?cityid=194&notitlebar=1&ranktype=3
湖南省,衡阳市,雁峰区,生汆记米粉（环城南路店）,湖南省衡阳市雁峰区环城南路166号,4.3,15,招牌生汆粉,省市区及街道已获取,已获取,榜单行政区/商圈归属,1222606325,https://plat.dianping.com/app/femember-musteat-web/musteat-rank?cityid=194&notitlebar=1&ranktype=3,https://www.dianping.com/shop/1222606325/photos/album,https://plat.dianping.com/app/femember-musteat-web/musteat-rank?cityid=194&notitlebar=1&ranktype=3
湖南省,衡阳市,雁峰区,缘老湘食（先锋路店）,湖南省衡阳市雁峰区云台观1号,4.4,58,香辣猪尾,省市区及街道已获取,已获取,榜单行政区/商圈归属,59975102,https://plat.dianping.com/app/femember-musteat-web/musteat-rank?cityid=194&notitlebar=1&ranktype=3,https://www.dianping.com/shop/59975102/photos/album,https://plat.dianping.com/app/femember-musteat-web/musteat-rank?cityid=194&notitlebar=1&ranktype=3
湖南省,衡阳市,雁峰区,定师傅烧烤（金钟购物公园店）,湖南省衡阳市雁峰区黄白路32号金钟时代商业A区一层1003号,4.4,64,招牌牛肉串,省市区及街道已获取,已获取,榜单行政区/商圈归属,873498036,https://plat.dianping.com/app/femember-musteat-web/musteat-rank?cityid=194&notitlebar=1&ranktype=3,https://www.dianping.com/shop/873498036/photos/album,https://plat.dianping.com/app/femember-musteat-web/musteat-rank?cityid=194&notitlebar=1&ranktype=3
湖南省,衡阳市,蒸湘区,小丹家口味菜,湖南省衡阳市蒸湘区长丰大道8号紫御华府,4.3,98,椒盐鸡翅,省市区及街道已获取,已获取,榜单行政区/商圈归属,95988316,https://plat.dianping.com/app/femember-musteat-web/musteat-rank?cityid=194&notitlebar=1&ranktype=3,https://www.dianping.com/shop/95988316/photos/album,https://plat.dianping.com/app/femember-musteat-web/musteat-rank?cityid=194&notitlebar=1&ranktype=3
湖南省,岳阳市,岳阳楼区,陈大锅·岳阳鱼馆·地道岳阳菜（美食街店）,湖南省岳阳市岳阳楼区南湖新区德胜南路美食街101-104、201-204号,4.4,67,回头鱼,省市区及街道已获取,已获取,榜单行政区/商圈归属,50703180,https://plat.dianping.com/app/femember-musteat-web/musteat-rank?cityid=196&notitlebar=1&ranktype=3,https://www.dianping.com/shop/50703180/photos/album,https://plat.dianping.com/app/femember-musteat-web/musteat-rank?cityid=196&notitlebar=1&ranktype=3
湖南省,岳阳市,岳阳楼区,网网有鱼·特色河鲜·家宴小聚（岳阳楼店）,"湖南省岳阳市岳阳楼区洞庭北路洞庭书香苑沿街商铺（距离岳阳楼500米,门口有大量免费停车位）",4.4,77,边鱼两吃,省市区及街道已获取,已获取,榜单行政区/商圈归属,1413490341,https://plat.dianping.com/app/femember-musteat-web/musteat-rank?cityid=196&notitlebar=1&ranktype=3,https://www.dianping.com/shop/1413490341/photos/album,https://plat.dianping.com/app/femember-musteat-web/musteat-rank?cityid=196&notitlebar=1&ranktype=3
湖南省,岳阳市,岳阳楼区,华海立春酒楼,湖南省岳阳市岳阳楼区南湖大道687号,4.4,74,金丝响鳞鲈鱼,省市区及街道已获取,已获取,榜单行政区/商圈归属,9756828,https://plat.dianping.com/app/femember-musteat-web/musteat-rank?cityid=196&notitlebar=1&ranktype=3,https://www.dianping.com/shop/9756828/photos/album,https://plat.dianping.com/app/femember-musteat-web/musteat-rank?cityid=196&notitlebar=1&ranktype=3
湖南省,岳阳市,岳阳楼区,相思婆婆（湖滨店）,湖南省岳阳市岳阳楼区湖滨棠溪人家5栋6-7号,4.4,63,香辣腊猪头,省市区及街道已获取,已获取,榜单行政区/商圈归属,943270784,https://plat.dianping.com/app/femember-musteat-web/musteat-rank?cityid=196&notitlebar=1&ranktype=3,https://www.dianping.com/shop/943270784/photos/album,https://plat.dianping.com/app/femember-musteat-web/musteat-rank?cityid=196&notitlebar=1&ranktype=3
湖南省,岳阳市,岳阳楼区,黄安老菜,湖南省岳阳市岳阳楼区健康路（金辉小区旁）,4.2,86,原创经典30年黄安煨萝卜,省市区及街道已获取,已获取,榜单行政区/商圈归属,1730054863,https://plat.dianping.com/app/femember-musteat-web/musteat-rank?cityid=196&notitlebar=1&ranktype=3,https://www.dianping.com/shop/1730054863/photos/album,https://plat.dianping.com/app/femember-musteat-web/musteat-rank?cityid=196&notitlebar=1&ranktype=3
湖南省,岳阳市,岳阳楼区,细毛蒸虾·特色龙虾·老岳阳烧烤（四化建店）,湖南省岳阳市岳阳楼区花板桥路372号,4.4,111,细毛蒸虾,省市区及街道已获取,已获取,榜单行政区/商圈归属,43778270,https://plat.dianping.com/app/femember-musteat-web/musteat-rank?cityid=196&notitlebar=1&ranktype=3,https://www.dianping.com/shop/43778270/photos/album,https://plat.dianping.com/app/femember-musteat-web/musteat-rank?cityid=196&notitlebar=1&ranktype=3
湖南省,岳阳市,岳阳楼区,鱼回头（老岳阳·岳阳味店）,湖南省岳阳市岳阳楼区旭园路启明星花园明星苑A6栋118号,4.3,72,黄焖回头鱼,省市区及街道已获取,已获取,榜单行政区/商圈归属,5649478,https://plat.dianping.com/app/femember-musteat-web/musteat-rank?cityid=196&notitlebar=1&ranktype=3,https://www.dianping.com/shop/5649478/photos/album,https://plat.dianping.com/app/femember-musteat-web/musteat-rank?cityid=196&notitlebar=1&ranktype=3
湖南省,岳阳市,岳阳楼区,熊猫烤串（首尔店）,湖南省岳阳市岳阳楼区青年中路东成樽品001栋104-106号,4.3,74,烤牛油,省市区及街道已获取,已获取,榜单行政区/商圈归属,69683088,https://plat.dianping.com/app/femember-musteat-web/musteat-rank?cityid=196&notitlebar=1&ranktype=3,https://www.dianping.com/shop/69683088/photos/album,https://plat.dianping.com/app/femember-musteat-web/musteat-rank?cityid=196&notitlebar=1&ranktype=3
湖南省,常德市,鼎城区,李先生原味牛肉串（总店）,湖南省常德市鼎城区大湖路江南景园小区2-112至2-115号门面,4.4,80,招牌擂茶,省市区及街道已获取,已获取,榜单行政区/商圈归属,131326490,https://plat.dianping.com/app/femember-musteat-web/musteat-rank?cityid=197&notitlebar=1&ranktype=3,https://www.dianping.com/shop/131326490/photos/album,https://plat.dianping.com/app/femember-musteat-web/musteat-rank?cityid=197&notitlebar=1&ranktype=3
湖南省,常德市,武陵区,石门肥肠馆,湖南省常德市武陵区芙蓉路925号（广播电视大学大门的斜对面）,4.1,54,肥肠干锅,省市区及街道已获取,已获取,榜单行政区/商圈归属,10512481,https://plat.dianping.com/app/femember-musteat-web/musteat-rank?cityid=197&notitlebar=1&ranktype=3,https://www.dianping.com/shop/10512481/photos/album,https://plat.dianping.com/app/femember-musteat-web/musteat-rank?cityid=197&notitlebar=1&ranktype=3
湖南省,常德市,鼎城区,家家美·老牌常德菜,湖南省常德市鼎城区西站社区鼎城路紫薇佳园二期1栋113号,4.7,63,特色茶盆鸭,省市区及街道已获取,已获取,榜单行政区/商圈归属,110243234,https://plat.dianping.com/app/femember-musteat-web/musteat-rank?cityid=197&notitlebar=1&ranktype=3,https://www.dianping.com/shop/110243234/photos/album,https://plat.dianping.com/app/femember-musteat-web/musteat-rank?cityid=197&notitlebar=1&ranktype=3
湖南省,常德市,武陵区,鹤翔粉馆,湖南省常德市武陵区府坪街道体育东路社区罐头厂7、8号,4.1,21,牛肉牛筋米粉,省市区及街道已获取,已获取,榜单行政区/商圈归属,5188755,https://plat.dianping.com/app/femember-musteat-web/musteat-rank?cityid=197&notitlebar=1&ranktype=3,https://www.dianping.com/shop/5188755/photos/album,https://plat.dianping.com/app/femember-musteat-web/musteat-rank?cityid=197&notitlebar=1&ranktype=3
湖南省,常德市,武陵区,李家鸭城东谷鸭馆（沅安路总店）,湖南省常德市武陵区沅安路530号,4.2,50,谷鸭火锅,省市区及街道已获取,已获取,榜单行政区/商圈归属,10513175,https://plat.dianping.com/app/femember-musteat-web/musteat-rank?cityid=197&notitlebar=1&ranktype=3,https://www.dianping.com/shop/10513175/photos/album,https://plat.dianping.com/app/femember-musteat-web/musteat-rank?cityid=197&notitlebar=1&ranktype=3
湖南省,常德市,武陵区,杨永胜,湖南省常德市武陵区建设西路1533号,4.1,18,双码红烧牛肉粉,省市区及街道已获取,已获取,榜单行政区/商圈归属,69445838,https://plat.dianping.com/app/femember-musteat-web/musteat-rank?cityid=197&notitlebar=1&ranktype=3,https://www.dianping.com/shop/69445838/photos/album,https://plat.dianping.com/app/femember-musteat-web/musteat-rank?cityid=197&notitlebar=1&ranktype=3
湖南省,常德市,武陵区,乔哥芙蓉炒码粉•烧烤•擂茶（武陵店）,湖南省常德市武陵区洞庭大道中段宏大斜对面,4.1,26,炒码粉,省市区及街道已获取,已获取,榜单行政区/商圈归属,18205056,https://plat.dianping.com/app/femember-musteat-web/musteat-rank?cityid=197&notitlebar=1&ranktype=3,https://www.dianping.com/shop/18205056/photos/album,https://plat.dianping.com/app/femember-musteat-web/musteat-rank?cityid=197&notitlebar=1&ranktype=3
湖南省,常德市,武陵区,麻伊伏土菜馆（朗州路店）,湖南省常德市武陵区穿紫河街道朗州路1608号,3.9,82,肥肠钵,省市区及街道已获取,已获取,榜单行政区/商圈归属,45340469,https://plat.dianping.com/app/femember-musteat-web/musteat-rank?cityid=197&notitlebar=1&ranktype=3,https://www.dianping.com/shop/45340469/photos/album,https://plat.dianping.com/app/femember-musteat-web/musteat-rank?cityid=197&notitlebar=1&ranktype=3
湖南省,常德市,武陵区,地道小馆（光荣路店）,湖南省常德市武陵区香格里拉·领域68号（光荣路66号原火花酒吧）,4.2,53,茶油小炒土鸡,省市区及街道已获取,已获取,榜单行政区/商圈归属,671209687,https://plat.dianping.com/app/femember-musteat-web/musteat-rank?cityid=197&notitlebar=1&ranktype=3,https://www.dianping.com/shop/671209687/photos/album,https://plat.dianping.com/app/femember-musteat-web/musteat-rank?cityid=197&notitlebar=1&ranktype=3
湖南省,常德市,武陵区,徐家味·地标大排档（总店）,湖南省常德市武陵区柳叶湖旅游度假区七里桥街道七里桥社区柳苑小区9栋1-5号门面,4.3,77,口味蓝龙虾,省市区及街道已获取,已获取,榜单行政区/商圈归属,132165206,https://plat.dianping.com/app/femember-musteat-web/musteat-rank?cityid=197&notitlebar=1&ranktype=3,https://www.dianping.com/shop/132165206/photos/album,https://plat.dianping.com/app/femember-musteat-web/musteat-rank?cityid=197&notitlebar=1&ranktype=3
湖南省,张家界市,武陵源区,索溪山寨·湘西饮食文化博物馆（标志门店）,湖南省张家界市武陵源区军邸路与驼峰路交叉口东南角,4.7,76,火塘腊味吊锅饭,省市区及街道已获取,已获取,榜单行政区/商圈归属,92471450,https://plat.dianping.com/app/femember-musteat-web/musteat-rank?cityid=198&notitlebar=1&ranktype=3,https://www.dianping.com/shop/92471450/photos/album,https://plat.dianping.com/app/femember-musteat-web/musteat-rank?cityid=198&notitlebar=1&ranktype=3
湖南省,张家界市,永定区,蚝布斯龙虾港·张家界地标大排档（南门口店）,湖南省张家界市永定区区维港十字街10栋1楼116-119号,4.1,87,小龙虾,省市区及街道已获取,已获取,榜单行政区/商圈归属,70672376,https://plat.dianping.com/app/femember-musteat-web/musteat-rank?cityid=198&notitlebar=1&ranktype=3,https://www.dianping.com/shop/70672376/photos/album,https://plat.dianping.com/app/femember-musteat-web/musteat-rank?cityid=198&notitlebar=1&ranktype=3
湖南省,张家界市,武陵源区,大队老渔村·湘西土菜研究院（魅力湘西店）,湖南省张家界市武陵源区香樟路云溪庄园马路对面（居委会大院内）,4.7,85,招牌清炖鮰鱼,省市区及街道已获取,已获取,榜单行政区/商圈归属,1995122932,https://plat.dianping.com/app/femember-musteat-web/musteat-rank?cityid=198&notitlebar=1&ranktype=3,https://www.dianping.com/shop/1995122932/photos/album,https://plat.dianping.com/app/femember-musteat-web/musteat-rank?cityid=198&notitlebar=1&ranktype=3
湖南省,张家界市,武陵源区,湘健土菜馆·农家菜,湖南省张家界市武陵源区未央路顺景酒店旁边10米,4.8,69,土家三下锅,省市区及街道已获取,已获取,榜单行政区/商圈归属,19364476,https://plat.dianping.com/app/femember-musteat-web/musteat-rank?cityid=198&notitlebar=1&ranktype=3,https://www.dianping.com/shop/19364476/photos/album,https://plat.dianping.com/app/femember-musteat-web/musteat-rank?cityid=198&notitlebar=1&ranktype=3
湖南省,张家界市,永定区,乡里人三下锅 打鼓皮,湖南省张家界市永定区解放路大操坪101号,4.4,51,打鼓皮牛肉火锅,省市区及街道已获取,已获取,榜单行政区/商圈归属,17525775,https://plat.dianping.com/app/femember-musteat-web/musteat-rank?cityid=198&notitlebar=1&ranktype=3,https://www.dianping.com/shop/17525775/photos/album,https://plat.dianping.com/app/femember-musteat-web/musteat-rank?cityid=198&notitlebar=1&ranktype=3
湖南省,张家界市,永定区,秦大妈传家菜·始于1999（天门山索道一店）,湖南省张家界市永定区大庸路华天城华天大酒店东侧50米,4.4,73,妈妈炒肉,省市区及街道已获取,已获取,榜单行政区/商圈归属,66510870,https://plat.dianping.com/app/femember-musteat-web/musteat-rank?cityid=198&notitlebar=1&ranktype=3,https://www.dianping.com/shop/66510870/photos/album,https://plat.dianping.com/app/femember-musteat-web/musteat-rank?cityid=198&notitlebar=1&ranktype=3
湖南省,益阳市,赫山区,爱饭海鲜店（上城世家店）,湖南省益阳市赫山区康富南路22号,4.7,107,万紫千红花螺,省市区及街道已获取,已获取,榜单行政区/商圈归属,77693409,https://plat.dianping.com/app/femember-musteat-web/musteat-rank?cityid=199&notitlebar=1&ranktype=3,https://www.dianping.com/shop/77693409/photos/album,https://plat.dianping.com/app/femember-musteat-web/musteat-rank?cityid=199&notitlebar=1&ranktype=3
湖南省,益阳市,赫山区,建军饭店（嘉骏路店）,湖南省益阳市赫山区嘉骏路80号,4.1,74,特色鸭子,省市区及街道已获取,已获取,榜单行政区/商圈归属,77136538,https://plat.dianping.com/app/femember-musteat-web/musteat-rank?cityid=199&notitlebar=1&ranktype=3,https://www.dianping.com/shop/77136538/photos/album,https://plat.dianping.com/app/femember-musteat-web/musteat-rank?cityid=199&notitlebar=1&ranktype=3
湖南省,益阳市,赫山区,万里香麻辣烫（金桃苑路店）,湖南省益阳市赫山区金桃苑路199号,4,36,鸡爪,省市区及街道已获取,已获取,榜单行政区/商圈归属,68814564,https://plat.dianping.com/app/femember-musteat-web/musteat-rank?cityid=199&notitlebar=1&ranktype=3,https://www.dianping.com/shop/68814564/photos/album,https://plat.dianping.com/app/femember-musteat-web/musteat-rank?cityid=199&notitlebar=1&ranktype=3
湖南省,益阳市,赫山区,沁园春擂茶馆,湖南省益阳市赫山区大桃北路190号,4,29,擂茶,省市区及街道已获取,已获取,榜单行政区/商圈归属,10560937,https://plat.dianping.com/app/femember-musteat-web/musteat-rank?cityid=199&notitlebar=1&ranktype=3,https://www.dianping.com/shop/10560937/photos/album,https://plat.dianping.com/app/femember-musteat-web/musteat-rank?cityid=199&notitlebar=1&ranktype=3
湖南省,益阳市,资阳区,康康麻辣烫（资阳店）,湖南省益阳市资阳区马良南路12号,4.2,30,卤鸡爪,省市区及街道已获取,已获取,榜单行政区/商圈归属,67566944,https://plat.dianping.com/app/femember-musteat-web/musteat-rank?cityid=199&notitlebar=1&ranktype=3,https://www.dianping.com/shop/67566944/photos/album,https://plat.dianping.com/app/femember-musteat-web/musteat-rank?cityid=199&notitlebar=1&ranktype=3
湖南省,益阳市,资阳区,中秋麻辣烫,湖南省益阳市资阳区资江西路360号,4,28,鸡爪,省市区及街道已获取,已获取,榜单行政区/商圈归属,62897622,https://plat.dianping.com/app/femember-musteat-web/musteat-rank?cityid=199&notitlebar=1&ranktype=3,https://www.dianping.com/shop/62897622/photos/album,https://plat.dianping.com/app/femember-musteat-web/musteat-rank?cityid=199&notitlebar=1&ranktype=3
湖南省,益阳市,赫山区,湘域迎君（海棠路店）,湖南省益阳市赫山区海棠西路348号,4,62,平锅臭桂鱼,省市区及街道已获取,已获取,榜单行政区/商圈归属,8912364,https://plat.dianping.com/app/femember-musteat-web/musteat-rank?cityid=199&notitlebar=1&ranktype=3,https://www.dianping.com/shop/8912364/photos/album,https://plat.dianping.com/app/femember-musteat-web/musteat-rank?cityid=199&notitlebar=1&ranktype=3
湖南省,益阳市,赫山区,郭有味鸭霸王,湖南省益阳市赫山区大桃北路275号,4.1,49,鸭霸王火锅,省市区及街道已获取,已获取,榜单行政区/商圈归属,545586518,https://plat.dianping.com/app/femember-musteat-web/musteat-rank?cityid=199&notitlebar=1&ranktype=3,https://www.dianping.com/shop/545586518/photos/album,https://plat.dianping.com/app/femember-musteat-web/musteat-rank?cityid=199&notitlebar=1&ranktype=3
湖南省,益阳市,赫山区,楚猪婆大宅院,湖南省益阳市赫山区梅林路梅林工业园益阳宏达研磨抛光设备有限公司内,4.6,114,玻璃脆皮乳鸽,省市区及街道已获取,已获取,榜单行政区/商圈归属,776696457,https://plat.dianping.com/app/femember-musteat-web/musteat-rank?cityid=199&notitlebar=1&ranktype=3,https://www.dianping.com/shop/776696457/photos/album,https://plat.dianping.com/app/femember-musteat-web/musteat-rank?cityid=199&notitlebar=1&ranktype=3
湖南省,益阳市,赫山区,亲溪芙蓉·家庭宴席·亲友聚餐（益阳店）,湖南省益阳市赫山区高新区大桃南路206号,4.5,47,手撕鸡,省市区及街道已获取,已获取,榜单行政区/商圈归属,21298990,https://plat.dianping.com/app/femember-musteat-web/musteat-rank?cityid=199&notitlebar=1&ranktype=3,https://www.dianping.com/shop/21298990/photos/album,https://plat.dianping.com/app/femember-musteat-web/musteat-rank?cityid=199&notitlebar=1&ranktype=3
湖南省,郴州市,北湖区,金国鱼粉,湖南省郴州市北湖区协作路火车站南侧（广源幼儿园旁）,4,13,金国鱼粉,省市区及街道已获取,已获取,榜单行政区/商圈归属,56656154,https://plat.dianping.com/app/femember-musteat-web/musteat-rank?cityid=200&notitlebar=1&ranktype=3,https://www.dianping.com/shop/56656154/photos/album,https://plat.dianping.com/app/femember-musteat-web/musteat-rank?cityid=200&notitlebar=1&ranktype=3
湖南省,郴州市,资兴市,东乡土菜馆·始于2009·现炒家常菜,湖南省郴州市资兴市水电路74-1号,4.5,66,烧鸡公,省市区及街道已获取,已获取,榜单行政区/商圈归属,9649904,https://plat.dianping.com/app/femember-musteat-web/musteat-rank?cityid=200&notitlebar=1&ranktype=3,https://www.dianping.com/shop/9649904/photos/album,https://plat.dianping.com/app/femember-musteat-web/musteat-rank?cityid=200&notitlebar=1&ranktype=3
湖南省,郴州市,资兴市,秀秀砍肉粉（创始店）,湖南省郴州市资兴市水电路东江社区市场内,4.1,13,砍肉粉,省市区及街道已获取,已获取,榜单行政区/商圈归属,131924914,https://plat.dianping.com/app/femember-musteat-web/musteat-rank?cityid=200&notitlebar=1&ranktype=3,https://www.dianping.com/shop/131924914/photos/album,https://plat.dianping.com/app/femember-musteat-web/musteat-rank?cityid=200&notitlebar=1&ranktype=3
湖南省,郴州市,资兴市,老资兴杀猪粉·手工粉（东江湖店）,湖南省郴州市资兴市水电路28-2号,4.4,15,杀猪粉,省市区及街道已获取,已获取,榜单行政区/商圈归属,844952270,https://plat.dianping.com/app/femember-musteat-web/musteat-rank?cityid=200&notitlebar=1&ranktype=3,https://www.dianping.com/shop/844952270/photos/album,https://plat.dianping.com/app/femember-musteat-web/musteat-rank?cityid=200&notitlebar=1&ranktype=3
湖南省,郴州市,北湖区,圆圆家私房美食（民权路店）,湖南省郴州市北湖区民权路翰林西苑,4.4,78,牙签牛肉,省市区及街道已获取,已获取,榜单行政区/商圈归属,62998782,https://plat.dianping.com/app/femember-musteat-web/musteat-rank?cityid=200&notitlebar=1&ranktype=3,https://www.dianping.com/shop/62998782/photos/album,https://plat.dianping.com/app/femember-musteat-web/musteat-rank?cityid=200&notitlebar=1&ranktype=3
湖南省,郴州市,北湖区,老邓栖凤渡鱼粉,湖南省郴州市北湖区协作路邮政大楼对面,3.7,11,招牌鱼粉,省市区及街道已获取,已获取,榜单行政区/商圈归属,6015883,https://plat.dianping.com/app/femember-musteat-web/musteat-rank?cityid=200&notitlebar=1&ranktype=3,https://www.dianping.com/shop/6015883/photos/album,https://plat.dianping.com/app/femember-musteat-web/musteat-rank?cityid=200&notitlebar=1&ranktype=3
湖南省,郴州市,北湖区,胖婆捆鸭店（下湄桥1店）,湖南省郴州市北湖区下湄桥头工行旁边,4.2,72,胖婆捆鸭,省市区及街道已获取,已获取,榜单行政区/商圈归属,3549712,https://plat.dianping.com/app/femember-musteat-web/musteat-rank?cityid=200&notitlebar=1&ranktype=3,https://www.dianping.com/shop/3549712/photos/album,https://plat.dianping.com/app/femember-musteat-web/musteat-rank?cityid=200&notitlebar=1&ranktype=3
湖南省,郴州市,北湖区,李五麻辣烫,湖南省郴州市北湖区燕泉街道龙泉路山水缘小区对面(六角坝二区),4.4,41,虾子,省市区及街道已获取,已获取,榜单行政区/商圈归属,21318273,https://plat.dianping.com/app/femember-musteat-web/musteat-rank?cityid=200&notitlebar=1&ranktype=3,https://www.dianping.com/shop/21318273/photos/album,https://plat.dianping.com/app/femember-musteat-web/musteat-rank?cityid=200&notitlebar=1&ranktype=3
湖南省,郴州市,资兴市,醉美东江·三文鱼·烧鸡公,湖南省郴州市资兴市东江街道东江大道207-1-3号,4.3,78,三文鱼一鱼五吃,省市区及街道已获取,已获取,榜单行政区/商圈归属,48086915,https://plat.dianping.com/app/femember-musteat-web/musteat-rank?cityid=200&notitlebar=1&ranktype=3,https://www.dianping.com/shop/48086915/photos/album,https://plat.dianping.com/app/femember-musteat-web/musteat-rank?cityid=200&notitlebar=1&ranktype=3
湖南省,郴州市,北湖区,万家乐烧鸡公-郴州特色（五里堆路店）,湖南省郴州市北湖区五里堆路商业街9-10号商铺,4.2,64,仔鸡烧鸡公,省市区及街道已获取,已获取,榜单行政区/商圈归属,24498222,https://plat.dianping.com/app/femember-musteat-web/musteat-rank?cityid=200&notitlebar=1&ranktype=3,https://www.dianping.com/shop/24498222/photos/album,https://plat.dianping.com/app/femember-musteat-web/musteat-rank?cityid=200&notitlebar=1&ranktype=3
湖南省,郴州市,北湖区,帝都海鲜酒楼·郴州老字号,湖南省郴州市北湖区国庆南路南塔美食广场旁,4.7,92,帝都鸭,省市区及街道已获取,已获取,榜单行政区/商圈归属,9652567,https://plat.dianping.com/app/femember-musteat-web/musteat-rank?cityid=200&notitlebar=1&ranktype=3,https://www.dianping.com/shop/9652567/photos/album,https://plat.dianping.com/app/femember-musteat-web/musteat-rank?cityid=200&notitlebar=1&ranktype=3
湖南省,娄底市,娄星区,紫竹溪（众一店）,湖南省娄底市娄星区众一桂府紫金湾,4.7,76,平锅牛蛙,省市区及街道已获取,已获取,榜单行政区/商圈归属,1429979447,https://plat.dianping.com/app/femember-musteat-web/musteat-rank?cityid=203&notitlebar=1&ranktype=3,https://www.dianping.com/shop/1429979447/photos/album,https://plat.dianping.com/app/femember-musteat-web/musteat-rank?cityid=203&notitlebar=1&ranktype=3
湖南省,娄底市,娄星区,明华饭庄（清泉街店）,湖南省娄底市娄星区清泉街71号,4.4,49,青椒排骨,省市区及街道已获取,已获取,榜单行政区/商圈归属,4734771,https://plat.dianping.com/app/femember-musteat-web/musteat-rank?cityid=203&notitlebar=1&ranktype=3,https://www.dianping.com/shop/4734771/photos/album,https://plat.dianping.com/app/femember-musteat-web/musteat-rank?cityid=203&notitlebar=1&ranktype=3
湖南省,娄底市,娄星区,对味牛肚王（娄底宾馆店）,湖南省娄底市娄星区乐坪东街330号、336号,4.8,53,招牌牛肚王,省市区及街道已获取,已获取,榜单行政区/商圈归属,1444766998,https://plat.dianping.com/app/femember-musteat-web/musteat-rank?cityid=203&notitlebar=1&ranktype=3,https://www.dianping.com/shop/1444766998/photos/album,https://plat.dianping.com/app/femember-musteat-web/musteat-rank?cityid=203&notitlebar=1&ranktype=3
湖南省,娄底市,新化县,曾小厨（新化店）,湖南省娄底市新化县沿河路东方城市广场,4,57,小厨走地鸡,省市区及街道已获取,已获取,同店铺ID出现在榜单县级城市入口,1603759613,https://plat.dianping.com/app/femember-musteat-web/musteat-rank?cityid=203&notitlebar=1&ranktype=3,https://www.dianping.com/shop/1603759613/photos/album,https://plat.dianping.com/app/femember-musteat-web/musteat-rank?cityid=1455&notitlebar=1&ranktype=3
湖南省,娄底市,新化县,向东街老玖面馆总店,湖南省娄底市新化县迎宾路上梅派出所西侧,4.2,17,招牌红油牛肉粉,省市区及街道已获取,已获取,榜单行政区/商圈归属,77617735,https://plat.dianping.com/app/femember-musteat-web/musteat-rank?cityid=203&notitlebar=1&ranktype=3,https://www.dianping.com/shop/77617735/photos/album,https://plat.dianping.com/app/femember-musteat-web/musteat-rank?cityid=203&notitlebar=1&ranktype=3
湖南省,娄底市,娄星区,瓦屋里家宴（关家脑店）,湖南省娄底市娄星区乐坪大道118号（关家脑十字路口）,4.8,66,手撕猪脚,省市区及街道已获取,已获取,榜单行政区/商圈归属,1574707274,https://plat.dianping.com/app/femember-musteat-web/musteat-rank?cityid=203&notitlebar=1&ranktype=3,https://www.dianping.com/shop/1574707274/photos/album,https://plat.dianping.com/app/femember-musteat-web/musteat-rank?cityid=203&notitlebar=1&ranktype=3
湖南省,娄底市,娄星区,永娣粉面馆（贤童街店）,湖南省娄底市娄星区贤童街215号,4.3,16,牛肉粉面,省市区及街道已获取,已获取,榜单行政区/商圈归属,72450381,https://plat.dianping.com/app/femember-musteat-web/musteat-rank?cityid=203&notitlebar=1&ranktype=3,https://www.dianping.com/shop/72450381/photos/album,https://plat.dianping.com/app/femember-musteat-web/musteat-rank?cityid=203&notitlebar=1&ranktype=3
湖南省,娄底市,娄星区,大最侠（体育馆店）,湖南省娄底市娄星区秀石街新体育馆北门正对面,4.9,89,功夫罗氏虾,省市区及街道已获取,已获取,榜单行政区/商圈归属,1718975206,https://plat.dianping.com/app/femember-musteat-web/musteat-rank?cityid=203&notitlebar=1&ranktype=3,https://www.dianping.com/shop/1718975206/photos/album,https://plat.dianping.com/app/femember-musteat-web/musteat-rank?cityid=203&notitlebar=1&ranktype=3
广东省,韶关市,浈江区,本岛粥城（风度南路店）,广东省韶关市浈江区风度南路15号,4.1,51,面豉蒸排骨,省市区及街道已获取,已获取,榜单行政区/商圈归属,2670163,https://plat.dianping.com/app/femember-musteat-web/musteat-rank?cityid=205&notitlebar=1&ranktype=3,https://www.dianping.com/shop/2670163/photos/album,https://plat.dianping.com/app/femember-musteat-web/musteat-rank?cityid=205&notitlebar=1&ranktype=3
广东省,韶关市,曲江区,顺发农家饭店,广东省韶关市曲江区南华大道南43号,4.8,69,招牌红葱头炒鸡,省市区及街道已获取,已获取,榜单行政区/商圈归属,57682837,https://plat.dianping.com/app/femember-musteat-web/musteat-rank?cityid=205&notitlebar=1&ranktype=3,https://www.dianping.com/shop/57682837/photos/album,https://plat.dianping.com/app/femember-musteat-web/musteat-rank?cityid=205&notitlebar=1&ranktype=3
广东省,韶关市,曲江区,禅悦生态农庄·休闲娱乐·团建优选（南华寺店）,"广东省韶关市曲江区马坝镇曹溪路拈花笑处对面（近南华禅寺,曹溪文化广场,曹溪香水观景平台）",4.7,62,招牌葱油鸡,省市区及街道已获取,已获取,榜单行政区/商圈归属,1013810419,https://plat.dianping.com/app/femember-musteat-web/musteat-rank?cityid=205&notitlebar=1&ranktype=3,https://www.dianping.com/shop/1013810419/photos/album,https://plat.dianping.com/app/femember-musteat-web/musteat-rank?cityid=205&notitlebar=1&ranktype=3
广东省,韶关市,浈江区,一家番茄牛展（园前西路店）,广东省韶关市浈江区中山公园园前西路29号,4.1,66,韶关特色泡椒番茄锅,省市区及街道已获取,已获取,榜单行政区/商圈归属,93699979,https://plat.dianping.com/app/femember-musteat-web/musteat-rank?cityid=205&notitlebar=1&ranktype=3,https://www.dianping.com/shop/93699979/photos/album,https://plat.dianping.com/app/femember-musteat-web/musteat-rank?cityid=205&notitlebar=1&ranktype=3
广东省,韶关市,浈江区,牛宝宝（步行街店）,广东省韶关市浈江区车站街道复兴路(原西桥街)吾牙巷19号(农业银行旁),4.8,61,招牌牛展,省市区及街道已获取,已获取,榜单行政区/商圈归属,32381001,https://plat.dianping.com/app/femember-musteat-web/musteat-rank?cityid=205&notitlebar=1&ranktype=3,https://www.dianping.com/shop/32381001/photos/album,https://plat.dianping.com/app/femember-musteat-web/musteat-rank?cityid=205&notitlebar=1&ranktype=3
广东省,韶关市,浈江区,同发肠粉店（一中店）,广东省韶关市浈江区西堤横路21号,3.8,11,油条鸡蛋肠粉,省市区及街道已获取,已获取,榜单行政区/商圈归属,9622716,https://plat.dianping.com/app/femember-musteat-web/musteat-rank?cityid=205&notitlebar=1&ranktype=3,https://www.dianping.com/shop/9622716/photos/album,https://plat.dianping.com/app/femember-musteat-web/musteat-rank?cityid=205&notitlebar=1&ranktype=3
广东省,韶关市,浈江区,万家乐小小饮食店,广东省韶关市浈江区建国路云龙亭30号,4,13,芝麻糊,省市区及街道已获取,已获取,榜单行政区/商圈归属,3265306,https://plat.dianping.com/app/femember-musteat-web/musteat-rank?cityid=205&notitlebar=1&ranktype=3,https://www.dianping.com/shop/3265306/photos/album,https://plat.dianping.com/app/femember-musteat-web/musteat-rank?cityid=205&notitlebar=1&ranktype=3
广东省,韶关市,武江区,风采茶楼.手工点心（幸福家园店）,广东省韶关市武江区惠民街道幸福路向阳商业综合体201号（曼哈顿国际酒店2楼）,4,49,风采虾饺皇,省市区及街道已获取,已获取,榜单行政区/商圈归属,588259271,https://plat.dianping.com/app/femember-musteat-web/musteat-rank?cityid=205&notitlebar=1&ranktype=3,https://www.dianping.com/shop/588259271/photos/album,https://plat.dianping.com/app/femember-musteat-web/musteat-rank?cityid=205&notitlebar=1&ranktype=3
广东省,韶关市,武江区,芙蓉粥城·家常粤菜·手工点心（本岛芙蓉店）,广东省韶关市武江区新华南路2号（公安局武江分局隔壁),4,58,虾饺,省市区及街道已获取,已获取,榜单行政区/商圈归属,22217235,https://plat.dianping.com/app/femember-musteat-web/musteat-rank?cityid=205&notitlebar=1&ranktype=3,https://www.dianping.com/shop/22217235/photos/album,https://plat.dianping.com/app/femember-musteat-web/musteat-rank?cityid=205&notitlebar=1&ranktype=3
广东省,珠海市,香洲区,湾区九号鲜切牛肉生蚝火锅（情侣南路总店）,广东省珠海市香洲区情侣南路287号（海湾新家园地面停车场）,4.7,86,匙仁,省市区及街道已获取,已获取,榜单行政区/商圈归属,1742127993,https://plat.dianping.com/app/femember-musteat-web/musteat-rank?cityid=206&notitlebar=1&ranktype=3,https://www.dianping.com/shop/1742127993/photos/album,https://plat.dianping.com/app/femember-musteat-web/musteat-rank?cityid=206&notitlebar=1&ranktype=3
广东省,珠海市,香洲区,渔惑·中山脆肉鲩火锅（扬名广场店）,广东省珠海市香洲区扬名广场二期一层L1009停车场出口处,4.5,95,脆肉鲩无骨鱼片,省市区及街道已获取,已获取,榜单行政区/商圈归属,1789880163,https://plat.dianping.com/app/femember-musteat-web/musteat-rank?cityid=206&notitlebar=1&ranktype=3,https://www.dianping.com/shop/1789880163/photos/album,https://plat.dianping.com/app/femember-musteat-web/musteat-rank?cityid=206&notitlebar=1&ranktype=3
广东省,珠海市,香洲区,颓记茶餐厅（美景总店）,广东省珠海市香洲区拱北街道拱北水湾路221号美景花园19栋,4.3,53,招牌港式奶茶,省市区及街道已获取,已获取,榜单行政区/商圈归属,91583941,https://plat.dianping.com/app/femember-musteat-web/musteat-rank?cityid=206&notitlebar=1&ranktype=3,https://www.dianping.com/shop/91583941/photos/album,https://plat.dianping.com/app/femember-musteat-web/musteat-rank?cityid=206&notitlebar=1&ranktype=3
广东省,珠海市,香洲区,渔雅山房·桑拿鸡·天麻蒸海鲜生蚝（香洲店）,广东省珠海市香洲区华海路68号之1号,4.4,77,五指毛桃汤底,省市区及街道已获取,已获取,榜单行政区/商圈归属,122096708,https://plat.dianping.com/app/femember-musteat-web/musteat-rank?cityid=206&notitlebar=1&ranktype=3,https://www.dianping.com/shop/122096708/photos/album,https://plat.dianping.com/app/femember-musteat-web/musteat-rank?cityid=206&notitlebar=1&ranktype=3
广东省,珠海市,香洲区,水禾轩·海鲜蒸汽主题餐厅（拱北店）,广东省珠海市香洲区九洲大道西1031号、1033号、1035号商铺,4.6,109,蒸海鲜,省市区及街道已获取,已获取,榜单行政区/商圈归属,59089617,https://plat.dianping.com/app/femember-musteat-web/musteat-rank?cityid=206&notitlebar=1&ranktype=3,https://www.dianping.com/shop/59089617/photos/album,https://plat.dianping.com/app/femember-musteat-web/musteat-rank?cityid=206&notitlebar=1&ranktype=3
广东省,珠海市,香洲区,枫记烧蚝（香洲商业城店）,广东省珠海市香洲区香洲凤凰北路1004号香洲商业城一楼26号铺,4.7,64,蒜蓉烤大蚝,省市区及街道已获取,已获取,榜单行政区/商圈归属,540555920,https://plat.dianping.com/app/femember-musteat-web/musteat-rank?cityid=206&notitlebar=1&ranktype=3,https://www.dianping.com/shop/540555920/photos/album,https://plat.dianping.com/app/femember-musteat-web/musteat-rank?cityid=206&notitlebar=1&ranktype=3
广东省,珠海市,香洲区,诚咬金煲仔皇·啫啫煲·煲仔饭（旺角荟店）,广东省珠海市香洲区广富街5号（鸽局乳鸽专门店隔壁）,4.5,71,招牌腊味煲仔饭,省市区及街道已获取,已获取,榜单行政区/商圈归属,1967228582,https://plat.dianping.com/app/femember-musteat-web/musteat-rank?cityid=206&notitlebar=1&ranktype=3,https://www.dianping.com/shop/1967228582/photos/album,https://plat.dianping.com/app/femember-musteat-web/musteat-rank?cityid=206&notitlebar=1&ranktype=3
广东省,珠海市,香洲区,山卡谷·日式烧肉店（华发商都店）,广东省珠海市香洲区大道8号华发商都B馆1楼1027B号商铺,4.5,116,葱烧牛舌,省市区及街道已获取,已获取,榜单行政区/商圈归属,132959794,https://plat.dianping.com/app/femember-musteat-web/musteat-rank?cityid=206&notitlebar=1&ranktype=3,https://www.dianping.com/shop/132959794/photos/album,https://plat.dianping.com/app/femember-musteat-web/musteat-rank?cityid=206&notitlebar=1&ranktype=3
广东省,珠海市,香洲区,阿坤水煮鱼（昌盛路店）,广东省珠海市香洲区拱北街道拱北昌盛路98号铺15-19轴,4.2,87,麻辣水煮鱼,省市区及街道已获取,已获取,榜单行政区/商圈归属,1893102111,https://plat.dianping.com/app/femember-musteat-web/musteat-rank?cityid=206&notitlebar=1&ranktype=3,https://www.dianping.com/shop/1893102111/photos/album,https://plat.dianping.com/app/femember-musteat-web/musteat-rank?cityid=206&notitlebar=1&ranktype=3
广东省,珠海市,香洲区,沪粤轩,广东省珠海市香洲区情侣中路33号亚朵酒店一楼（近吉大海滨泳场）,4.4,95,招牌酥掉渣鲜奶挞,省市区及街道已获取,已获取,榜单行政区/商圈归属,58576856,https://plat.dianping.com/app/femember-musteat-web/musteat-rank?cityid=206&notitlebar=1&ranktype=3,https://www.dianping.com/shop/58576856/photos/album,https://plat.dianping.com/app/femember-musteat-web/musteat-rank?cityid=206&notitlebar=1&ranktype=3
广东省,珠海市,香洲区,金苑海鲜酒家（来魅力店）,广东省珠海市香洲区拱北街道昌盛路拱北口岸围基32号来魅力假日酒店4楼(口岸广场西侧),4.6,117,蝦餃,省市区及街道已获取,已获取,榜单行政区/商圈归属,3113455,https://plat.dianping.com/app/femember-musteat-web/musteat-rank?cityid=206&notitlebar=1&ranktype=3,https://www.dianping.com/shop/3113455/photos/album,https://plat.dianping.com/app/femember-musteat-web/musteat-rank?cityid=206&notitlebar=1&ranktype=3
广东省,珠海市,香洲区,灿记·海南鸡饭（北山店）,广东省珠海市香洲区北山正街47号之6号,4.4,57,招牌海南鸡饭,省市区及街道已获取,已获取,榜单行政区/商圈归属,1051065900,https://plat.dianping.com/app/femember-musteat-web/musteat-rank?cityid=206&notitlebar=1&ranktype=3,https://www.dianping.com/shop/1051065900/photos/album,https://plat.dianping.com/app/femember-musteat-web/musteat-rank?cityid=206&notitlebar=1&ranktype=3
广东省,珠海市,香洲区,澳门渔村,广东省珠海市香洲区拱北街道拱北侨光路245号4号铺,4.8,123,干锅焗鲍鱼,省市区及街道已获取,已获取,榜单行政区/商圈归属,19691828,https://plat.dianping.com/app/femember-musteat-web/musteat-rank?cityid=206&notitlebar=1&ranktype=3,https://www.dianping.com/shop/19691828/photos/album,https://plat.dianping.com/app/femember-musteat-web/musteat-rank?cityid=206&notitlebar=1&ranktype=3
广东省,珠海市,香洲区,贵州歪菜馆（信海商业大厦店）,广东省珠海市香洲区园林路信海大厦102号(信海大厦站下车即到),4.4,83,摊摊洋芋,省市区及街道已获取,已获取,榜单行政区/商圈归属,17721476,https://plat.dianping.com/app/femember-musteat-web/musteat-rank?cityid=206&notitlebar=1&ranktype=3,https://www.dianping.com/shop/17721476/photos/album,https://plat.dianping.com/app/femember-musteat-web/musteat-rank?cityid=206&notitlebar=1&ranktype=3
广东省,珠海市,香洲区,盈客園·特色煲仔翅（大姑乸街店）,广东省珠海市香洲区大姑乸街10号怡景湾大酒店旁,4.7,65,海胆炒饭,省市区及街道已获取,已获取,榜单行政区/商圈归属,131860374,https://plat.dianping.com/app/femember-musteat-web/musteat-rank?cityid=206&notitlebar=1&ranktype=3,https://www.dianping.com/shop/131860374/photos/album,https://plat.dianping.com/app/femember-musteat-web/musteat-rank?cityid=206&notitlebar=1&ranktype=3
广东省,珠海市,香洲区,濠轩阁特色生蚝火锅总店,广东省珠海市香洲区粤华路152号新市花园（泰锋电器旁）,4.6,87,生蚝,省市区及街道已获取,已获取,榜单行政区/商圈归属,70455090,https://plat.dianping.com/app/femember-musteat-web/musteat-rank?cityid=206&notitlebar=1&ranktype=3,https://www.dianping.com/shop/70455090/photos/album,https://plat.dianping.com/app/femember-musteat-web/musteat-rank?cityid=206&notitlebar=1&ranktype=3
广东省,珠海市,香洲区,海禾烧海鲜烧烤,广东省珠海市香洲区拱北街道拱北昌平路117号商铺,4.6,129,蒲烧鳗鱼,省市区及街道已获取,已获取,榜单行政区/商圈归属,1750445247,https://plat.dianping.com/app/femember-musteat-web/musteat-rank?cityid=206&notitlebar=1&ranktype=3,https://www.dianping.com/shop/1750445247/photos/album,https://plat.dianping.com/app/femember-musteat-web/musteat-rank?cityid=206&notitlebar=1&ranktype=3
广东省,珠海市,香洲区,永兴生蚝火锅店（拱北水湾路店）,广东省珠海市香洲区水湾路87、89、91号,4.6,93,永兴招牌大生蚝,省市区及街道已获取,已获取,榜单行政区/商圈归属,132611161,https://plat.dianping.com/app/femember-musteat-web/musteat-rank?cityid=206&notitlebar=1&ranktype=3,https://www.dianping.com/shop/132611161/photos/album,https://plat.dianping.com/app/femember-musteat-web/musteat-rank?cityid=206&notitlebar=1&ranktype=3
广东省,珠海市,香洲区,渔记茶餐厅（拱北店）,广东省珠海市香洲区拱北昌盛花园(来魅力壁画村),4.1,48,芝士滑蛋猪扒菠萝包,省市区及街道已获取,已获取,榜单行政区/商圈归属,989348782,https://plat.dianping.com/app/femember-musteat-web/musteat-rank?cityid=206&notitlebar=1&ranktype=3,https://www.dianping.com/shop/989348782/photos/album,https://plat.dianping.com/app/femember-musteat-web/musteat-rank?cityid=206&notitlebar=1&ranktype=3
广东省,汕头市,金平区,万祥牛肉火锅（金龙店）,广东省汕头市金平区金砂路79号电信营业楼一楼、二楼（金乐酒店隔壁）,4.6,78,吊龙,省市区及街道已获取,已获取,榜单行政区/商圈归属,23980441,https://plat.dianping.com/app/femember-musteat-web/musteat-rank?cityid=207&notitlebar=1&ranktype=3,https://www.dianping.com/shop/23980441/photos/album,https://plat.dianping.com/app/femember-musteat-web/musteat-rank?cityid=207&notitlebar=1&ranktype=3
广东省,汕头市,金平区,雄盛李记牛肉火锅城（杏花总店）,广东省汕头市金平区护堤路10号（位于熙江假日酒店1楼）,4.5,88,牛肉火锅,省市区及街道已获取,已获取,榜单行政区/商圈归属,1049456658,https://plat.dianping.com/app/femember-musteat-web/musteat-rank?cityid=207&notitlebar=1&ranktype=3,https://www.dianping.com/shop/1049456658/photos/album,https://plat.dianping.com/app/femember-musteat-web/musteat-rank?cityid=207&notitlebar=1&ranktype=3
广东省,汕头市,金平区,辉记海鲜火锅,广东省汕头市金平区福平路福祥16幢01-02铺,4.6,190,小象鼻蚌,省市区及街道已获取,已获取,榜单行政区/商圈归属,112088006,https://plat.dianping.com/app/femember-musteat-web/musteat-rank?cityid=207&notitlebar=1&ranktype=3,https://www.dianping.com/shop/112088006/photos/album,https://plat.dianping.com/app/femember-musteat-web/musteat-rank?cityid=207&notitlebar=1&ranktype=3
广东省,汕头市,金平区,雄记牛肉（梅园店）,广东省汕头市金平区长平路56号梅园23栋104号房,4.4,25,湿炒牛肉果条,省市区及街道已获取,已获取,榜单行政区/商圈归属,13934235,https://plat.dianping.com/app/femember-musteat-web/musteat-rank?cityid=207&notitlebar=1&ranktype=3,https://www.dianping.com/shop/13934235/photos/album,https://plat.dianping.com/app/femember-musteat-web/musteat-rank?cityid=207&notitlebar=1&ranktype=3
广东省,汕头市,金平区,松英汫洲蚝仔粥（小公园店）,广东省汕头市金平区镇平路11号福祥1幢02号房之一,4.4,61,招牌蚝仔烙,省市区及街道已获取,已获取,榜单行政区/商圈归属,129148062,https://plat.dianping.com/app/femember-musteat-web/musteat-rank?cityid=207&notitlebar=1&ranktype=3,https://www.dianping.com/shop/129148062/photos/album,https://plat.dianping.com/app/femember-musteat-web/musteat-rank?cityid=207&notitlebar=1&ranktype=3
广东省,汕头市,澄海区,潮人卤创·白粥鹅肉饭生腌（汕头总店）,广东省汕头市澄海区泰安路丹霞园外商铺,4.7,79,鹅肉拼盘,省市区及街道已获取,已获取,同店铺ID出现在榜单县级城市入口,15589088,https://plat.dianping.com/app/femember-musteat-web/musteat-rank?cityid=207&notitlebar=1&ranktype=3,https://www.dianping.com/shop/15589088/photos/album,https://plat.dianping.com/app/femember-musteat-web/musteat-rank?cityid=4439&notitlebar=1&ranktype=3
广东省,汕头市,金平区,嘉和海景万福地（海滨店）,广东省汕头市金平区海滨路18号海景酒店4楼,4.2,77,虾饺,省市区及街道已获取,已获取,榜单行政区/商圈归属,5647854,https://plat.dianping.com/app/femember-musteat-web/musteat-rank?cityid=207&notitlebar=1&ranktype=3,https://www.dianping.com/shop/5647854/photos/album,https://plat.dianping.com/app/femember-musteat-web/musteat-rank?cityid=207&notitlebar=1&ranktype=3
广东省,汕头市,金平区,豪弟官塘·鱼生虾生·潮汕砂锅粥（长平店）,广东省汕头市金平区长平路和龙华南街交叉口西北角,4.3,88,官塘,省市区及街道已获取,已获取,榜单行政区/商圈归属,1279227779,https://plat.dianping.com/app/femember-musteat-web/musteat-rank?cityid=207&notitlebar=1&ranktype=3,https://www.dianping.com/shop/1279227779/photos/album,https://plat.dianping.com/app/femember-musteat-web/musteat-rank?cityid=207&notitlebar=1&ranktype=3
广东省,汕头市,龙湖区,老怪烧烤,广东省汕头市龙湖区华山南路粤通大厦北座1层103号商铺（罗长发超市斜对面）,4.2,87,牛肉,省市区及街道已获取,已获取,榜单行政区/商圈归属,59239737,https://plat.dianping.com/app/femember-musteat-web/musteat-rank?cityid=207&notitlebar=1&ranktype=3,https://www.dianping.com/shop/59239737/photos/album,https://plat.dianping.com/app/femember-musteat-web/musteat-rank?cityid=207&notitlebar=1&ranktype=3
广东省,汕头市,澄海区,日日香卤鹅饭店·澄海狮头鹅（澄海店）,广东省汕头市澄海区澄华街道中心城区丹虹园6幢一层14号,4.5,84,鹅肝,省市区及街道已获取,已获取,同店铺ID出现在榜单县级城市入口,8056722,https://plat.dianping.com/app/femember-musteat-web/musteat-rank?cityid=207&notitlebar=1&ranktype=3,https://www.dianping.com/shop/8056722/photos/album,https://plat.dianping.com/app/femember-musteat-web/musteat-rank?cityid=4439&notitlebar=1&ranktype=3
广东省,汕头市,金平区,盛记鹅肉,广东省汕头市金平区长平路49号附106号,4.3,46,卤水粉肝,省市区及街道已获取,已获取,榜单行政区/商圈归属,105735022,https://plat.dianping.com/app/femember-musteat-web/musteat-rank?cityid=207&notitlebar=1&ranktype=3,https://www.dianping.com/shop/105735022/photos/album,https://plat.dianping.com/app/femember-musteat-web/musteat-rank?cityid=207&notitlebar=1&ranktype=3
广东省,汕头市,龙湖区,金光鸽王·经典粤菜（汕头万象城店）,广东省汕头市龙湖区长平路95号华润大厦万象城六层L643号商铺,4.2,82,金光鸽王,省市区及街道已获取,已获取,榜单行政区/商圈归属,1423277278,https://plat.dianping.com/app/femember-musteat-web/musteat-rank?cityid=207&notitlebar=1&ranktype=3,https://www.dianping.com/shop/1423277278/photos/album,https://plat.dianping.com/app/femember-musteat-web/musteat-rank?cityid=207&notitlebar=1&ranktype=3
广东省,汕头市,金平区,拜蟹咖chill·潮汕家庭生腌·潮汕砂锅粥,广东省汕头市金平区飞厦竹园4座108号房（红番天美食正对面巷子）,4.6,90,招牌冰镇膏蟹,省市区及街道已获取,已获取,榜单行政区/商圈归属,1991291148,https://plat.dianping.com/app/femember-musteat-web/musteat-rank?cityid=207&notitlebar=1&ranktype=3,https://www.dianping.com/shop/1991291148/photos/album,https://plat.dianping.com/app/femember-musteat-web/musteat-rank?cityid=207&notitlebar=1&ranktype=3
广东省,汕头市,金平区,八合里潮汕鲜牛肉火锅·非遗·老字号（八合里总店）,广东省汕头市金平区黄岗路坪东5座1层01号房,4.6,90,吊龙伴,省市区及街道已获取,已获取,榜单行政区/商圈归属,5464685,https://plat.dianping.com/app/femember-musteat-web/musteat-rank?cityid=207&notitlebar=1&ranktype=3,https://www.dianping.com/shop/5464685/photos/album,https://plat.dianping.com/app/femember-musteat-web/musteat-rank?cityid=207&notitlebar=1&ranktype=3
广东省,汕头市,龙湖区,贵宾牛·潮汕牛肉火锅（珠池总店）,广东省汕头市龙湖区珠池路华兴园2幢9号,4.6,92,吊龙,省市区及街道已获取,已获取,榜单行政区/商圈归属,131933580,https://plat.dianping.com/app/femember-musteat-web/musteat-rank?cityid=207&notitlebar=1&ranktype=3,https://www.dianping.com/shop/131933580/photos/album,https://plat.dianping.com/app/femember-musteat-web/musteat-rank?cityid=207&notitlebar=1&ranktype=3
广东省,汕头市,龙湖区,围炉夜话·潮汕卤水火锅（榕江店）,广东省汕头市龙湖区榕江路6号金冠商业中心D栋102号店面,4.5,121,招牌卤水锅底,省市区及街道已获取,已获取,榜单行政区/商圈归属,48389587,https://plat.dianping.com/app/femember-musteat-web/musteat-rank?cityid=207&notitlebar=1&ranktype=3,https://www.dianping.com/shop/48389587/photos/album,https://plat.dianping.com/app/femember-musteat-web/musteat-rank?cityid=207&notitlebar=1&ranktype=3
广东省,汕头市,龙湖区,双生不夜粥,广东省汕头市龙湖区泰山南路春晖园大酒店首层（近长平加油站）,4.4,268,酱爆鹅肠,省市区及街道已获取,已获取,榜单行政区/商圈归属,39633689,https://plat.dianping.com/app/femember-musteat-web/musteat-rank?cityid=207&notitlebar=1&ranktype=3,https://www.dianping.com/shop/39633689/photos/album,https://plat.dianping.com/app/femember-musteat-web/musteat-rank?cityid=207&notitlebar=1&ranktype=3
广东省,汕头市,龙湖区,阿忠普宁砂锅粥（长江店）,广东省汕头市龙湖区长江路与光和街六巷交叉口金和6座3号,4.6,54,虾干贝粥,省市区及街道已获取,已获取,榜单行政区/商圈归属,63162828,https://plat.dianping.com/app/femember-musteat-web/musteat-rank?cityid=207&notitlebar=1&ranktype=3,https://www.dianping.com/shop/63162828/photos/album,https://plat.dianping.com/app/femember-musteat-web/musteat-rank?cityid=207&notitlebar=1&ranktype=3
广东省,汕头市,龙湖区,福合埕牛肉火锅（长平国新店）,广东省汕头市龙湖区福合埕牛肉丸长平国新店长平路朝阳庄广海大厦101号（国新花园对面）,4.6,83,吊龙伴,省市区及街道已获取,已获取,榜单行政区/商圈归属,558220,https://plat.dianping.com/app/femember-musteat-web/musteat-rank?cityid=207&notitlebar=1&ranktype=3,https://www.dianping.com/shop/558220/photos/album,https://plat.dianping.com/app/femember-musteat-web/musteat-rank?cityid=207&notitlebar=1&ranktype=3
广东省,汕头市,龙湖区,煲嘢•啫啫煲,广东省汕头市龙湖区金涛庄67栋109号,4.5,53,啫啫走地鸡,省市区及街道已获取,已获取,榜单行政区/商圈归属,1871871936,https://plat.dianping.com/app/femember-musteat-web/musteat-rank?cityid=207&notitlebar=1&ranktype=3,https://www.dianping.com/shop/1871871936/photos/album,https://plat.dianping.com/app/femember-musteat-web/musteat-rank?cityid=207&notitlebar=1&ranktype=3
广东省,佛山市,南海区,原味园（壹品广场店）,广东省佛山市南海区怡海路南海一品广场15号一楼,4.6,102,牛肝菌,省市区及街道已获取,已获取,榜单行政区/商圈归属,5583020,https://plat.dianping.com/app/femember-musteat-web/musteat-rank?cityid=208&notitlebar=1&ranktype=3,https://www.dianping.com/shop/5583020/photos/album,https://plat.dianping.com/app/femember-musteat-web/musteat-rank?cityid=208&notitlebar=1&ranktype=3
广东省,佛山市,禅城区,金东口肠粉店（建新路店）,广东省佛山市禅城区建新路103号四座首层A号（钻石苑西门）,4.2,22,紫苏牛肉肠粉,省市区及街道已获取,已获取,榜单行政区/商圈归属,27330325,https://plat.dianping.com/app/femember-musteat-web/musteat-rank?cityid=208&notitlebar=1&ranktype=3,https://www.dianping.com/shop/27330325/photos/album,https://plat.dianping.com/app/femember-musteat-web/musteat-rank?cityid=208&notitlebar=1&ranktype=3
广东省,佛山市,禅城区,野·粤式凉拌（禅城店）,广东省佛山市禅城区新虹四街6号首层商铺（健翔员工停车场闸门正对面）,4.7,41,凉拌章鱼足,省市区及街道已获取,已获取,榜单行政区/商圈归属,1101262173,https://plat.dianping.com/app/femember-musteat-web/musteat-rank?cityid=208&notitlebar=1&ranktype=3,https://www.dianping.com/shop/1101262173/photos/album,https://plat.dianping.com/app/femember-musteat-web/musteat-rank?cityid=208&notitlebar=1&ranktype=3
广东省,佛山市,三水区,大院铁锅煲,广东省佛山市三水区人民二路28巷30号,4.8,74,蟹虾煲,省市区及街道已获取,已获取,同店铺ID出现在榜单县级城市入口,1492194351,https://plat.dianping.com/app/femember-musteat-web/musteat-rank?cityid=208&notitlebar=1&ranktype=3,https://www.dianping.com/shop/1492194351/photos/album,https://plat.dianping.com/app/femember-musteat-web/musteat-rank?cityid=4480&notitlebar=1&ranktype=3
广东省,佛山市,禅城区,农造·湖南醴陵小炒（石湾店）,广东省佛山市禅城区雾岗路泛家居U创中心C栋1楼106号,4.7,74,醴陵小炒肉,省市区及街道已获取,已获取,榜单行政区/商圈归属,1768936671,https://plat.dianping.com/app/femember-musteat-web/musteat-rank?cityid=208&notitlebar=1&ranktype=3,https://www.dianping.com/shop/1768936671/photos/album,https://plat.dianping.com/app/femember-musteat-web/musteat-rank?cityid=208&notitlebar=1&ranktype=3
广东省,佛山市,南海区,捞德喜（桂城店）,广东省佛山市南海区桂澜北路亿能国际广场二楼,4,53,捞德喜虾饺皇,省市区及街道已获取,已获取,榜单行政区/商圈归属,90507112,https://plat.dianping.com/app/femember-musteat-web/musteat-rank?cityid=208&notitlebar=1&ranktype=3,https://www.dianping.com/shop/90507112/photos/album,https://plat.dianping.com/app/femember-musteat-web/musteat-rank?cityid=208&notitlebar=1&ranktype=3
广东省,佛山市,禅城区,暴龙美食·海鲜烧烤（镇安店）,广东省佛山市禅城区升一南海大道侧高岗2号商铺,4.4,95,蒜蓉大生蚝,省市区及街道已获取,已获取,榜单行政区/商圈归属,9036644,https://plat.dianping.com/app/femember-musteat-web/musteat-rank?cityid=208&notitlebar=1&ranktype=3,https://www.dianping.com/shop/9036644/photos/album,https://plat.dianping.com/app/femember-musteat-web/musteat-rank?cityid=208&notitlebar=1&ranktype=3
广东省,佛山市,南海区,研味俊记·正宗潮汕牛肉火锅,广东省佛山市南海区桂城街道夏西罗芳村大桥头大道12号1层,4.7,79,吊龙伴,省市区及街道已获取,已获取,榜单行政区/商圈归属,101977227,https://plat.dianping.com/app/femember-musteat-web/musteat-rank?cityid=208&notitlebar=1&ranktype=3,https://www.dianping.com/shop/101977227/photos/album,https://plat.dianping.com/app/femember-musteat-web/musteat-rank?cityid=208&notitlebar=1&ranktype=3
广东省,佛山市,高明区,九记超级烧（高明店）,广东省佛山市高明区荷城街道沿江路240号二层216号,4.8,94,牛花边,省市区及街道已获取,已获取,榜单行政区/商圈归属,73573920,https://plat.dianping.com/app/femember-musteat-web/musteat-rank?cityid=208&notitlebar=1&ranktype=3,https://www.dianping.com/shop/73573920/photos/album,https://plat.dianping.com/app/femember-musteat-web/musteat-rank?cityid=208&notitlebar=1&ranktype=3
广东省,佛山市,南海区,布莱恩公园 Bryant Park（桂城店）,广东省佛山市南海区锦园路保利花园2期蓝山零点咖啡直行100米,4.6,106,热盘生煎美国谷饲安格斯牛腹心扒,省市区及街道已获取,已获取,榜单行政区/商圈归属,1056865383,https://plat.dianping.com/app/femember-musteat-web/musteat-rank?cityid=208&notitlebar=1&ranktype=3,https://www.dianping.com/shop/1056865383/photos/album,https://plat.dianping.com/app/femember-musteat-web/musteat-rank?cityid=208&notitlebar=1&ranktype=3
广东省,佛山市,禅城区,泰爱里（岭南新天地店）,广东省佛山市禅城区良缘路岭南天地福晨里6号,4.5,106,冬阴功虾汤,省市区及街道已获取,已获取,榜单行政区/商圈归属,6254576,https://plat.dianping.com/app/femember-musteat-web/musteat-rank?cityid=208&notitlebar=1&ranktype=3,https://www.dianping.com/shop/6254576/photos/album,https://plat.dianping.com/app/femember-musteat-web/musteat-rank?cityid=208&notitlebar=1&ranktype=3
广东省,佛山市,南海区,晚点LATER（千灯湖店）,广东省佛山市南海区桂澜北路6号千灯湖创投特色小镇A区A17座1楼101-103室（近中盛国际地面停车场）,4.7,138,蚬壳咖喱奶油扁面,省市区及街道已获取,已获取,榜单行政区/商圈归属,866873154,https://plat.dianping.com/app/femember-musteat-web/musteat-rank?cityid=208&notitlebar=1&ranktype=3,https://www.dianping.com/shop/866873154/photos/album,https://plat.dianping.com/app/femember-musteat-web/musteat-rank?cityid=208&notitlebar=1&ranktype=3
广东省,佛山市,禅城区,友壹町寿司（佛山东方广场店）,广东省佛山市禅城区锦华路85号东方广场翡翠城1楼之二,4.6,70,三文鱼腩刺身,省市区及街道已获取,已获取,榜单行政区/商圈归属,2805556,https://plat.dianping.com/app/femember-musteat-web/musteat-rank?cityid=208&notitlebar=1&ranktype=3,https://www.dianping.com/shop/2805556/photos/album,https://plat.dianping.com/app/femember-musteat-web/musteat-rank?cityid=208&notitlebar=1&ranktype=3
广东省,佛山市,三水区,功夫一家·寻味三水榴莲鸡煲（人民二路店）,广东省佛山市三水区人民二路47号,4.6,62,榴莲鸡煲,省市区及街道已获取,已获取,同店铺ID出现在榜单县级城市入口,90380305,https://plat.dianping.com/app/femember-musteat-web/musteat-rank?cityid=208&notitlebar=1&ranktype=3,https://www.dianping.com/shop/90380305/photos/album,https://plat.dianping.com/app/femember-musteat-web/musteat-rank?cityid=4480&notitlebar=1&ranktype=3
广东省,佛山市,禅城区,有记餐厅（金鱼街店）,广东省佛山市禅城区金鱼街24号1层106号商铺,4.7,80,白切猪手,省市区及街道已获取,已获取,榜单行政区/商圈归属,2484778,https://plat.dianping.com/app/femember-musteat-web/musteat-rank?cityid=208&notitlebar=1&ranktype=3,https://www.dianping.com/shop/2484778/photos/album,https://plat.dianping.com/app/femember-musteat-web/musteat-rank?cityid=208&notitlebar=1&ranktype=3
广东省,佛山市,高明区,大戚饭店（泰华路店）,广东省佛山市高明区泰华路219号,4.5,88,牛花焦,省市区及街道已获取,已获取,同店铺ID出现在榜单县级城市入口,9299074,https://plat.dianping.com/app/femember-musteat-web/musteat-rank?cityid=208&notitlebar=1&ranktype=3,https://www.dianping.com/shop/9299074/photos/album,https://plat.dianping.com/app/femember-musteat-web/musteat-rank?cityid=4481&notitlebar=1&ranktype=3
广东省,佛山市,禅城区,启香鸡私房菜（湖景店）,广东省佛山市禅城区绿景三路2号湖景酒店首层（佛山地铁3号线亚艺公园地铁站-B出口旁）,4.6,71,招牌启香鸡,省市区及街道已获取,已获取,榜单行政区/商圈归属,24731066,https://plat.dianping.com/app/femember-musteat-web/musteat-rank?cityid=208&notitlebar=1&ranktype=3,https://www.dianping.com/shop/24731066/photos/album,https://plat.dianping.com/app/femember-musteat-web/musteat-rank?cityid=208&notitlebar=1&ranktype=3
广东省,佛山市,南海区,渔文乐·海鲜大排档（壹品总店）,广东省佛山市南海区怡海路壹品广场5栋（近诚隆酒楼）,4.7,97,招牌蜜汁飞机骨,省市区及街道已获取,已获取,榜单行政区/商圈归属,92648877,https://plat.dianping.com/app/femember-musteat-web/musteat-rank?cityid=208&notitlebar=1&ranktype=3,https://www.dianping.com/shop/92648877/photos/album,https://plat.dianping.com/app/femember-musteat-web/musteat-rank?cityid=208&notitlebar=1&ranktype=3
广东省,佛山市,禅城区,蒸坊黄鳝饭（骏丰大厦店）,广东省佛山市禅城区体育三街9号骏丰大厦二楼,4.7,68,招牌黄鳝饭,省市区及街道已获取,已获取,榜单行政区/商圈归属,18103462,https://plat.dianping.com/app/femember-musteat-web/musteat-rank?cityid=208&notitlebar=1&ranktype=3,https://www.dianping.com/shop/18103462/photos/album,https://plat.dianping.com/app/femember-musteat-web/musteat-rank?cityid=208&notitlebar=1&ranktype=3
广东省,佛山市,禅城区,南记食粥坊·宵夜大排档（莲花总店）,广东省佛山市禅城区莲花路138号,4.7,63,咸蛋黄焗鸡翼,省市区及街道已获取,已获取,榜单行政区/商圈归属,97812470,https://plat.dianping.com/app/femember-musteat-web/musteat-rank?cityid=208&notitlebar=1&ranktype=3,https://www.dianping.com/shop/97812470/photos/album,https://plat.dianping.com/app/femember-musteat-web/musteat-rank?cityid=208&notitlebar=1&ranktype=3
广东省,江门市,鹤山市,霄乡饭店·温三爷牛世家,广东省江门市鹤山市龙口镇霄乡牌坊对面,4.8,73,靓牛梅,省市区及街道已获取,已获取,榜单行政区/商圈归属,97076329,https://plat.dianping.com/app/femember-musteat-web/musteat-rank?cityid=209&notitlebar=1&ranktype=3,https://www.dianping.com/shop/97076329/photos/album,https://plat.dianping.com/app/femember-musteat-web/musteat-rank?cityid=209&notitlebar=1&ranktype=3
广东省,江门市,蓬江区,十七铺煲仔饭（育德店）,广东省江门市蓬江区育德街44幢首层1-5自编之二（苟记腊味路口直入40米）,4.4,27,煲仔饭自助拼,省市区及街道已获取,已获取,榜单行政区/商圈归属,110644402,https://plat.dianping.com/app/femember-musteat-web/musteat-rank?cityid=209&notitlebar=1&ranktype=3,https://www.dianping.com/shop/110644402/photos/album,https://plat.dianping.com/app/femember-musteat-web/musteat-rank?cityid=209&notitlebar=1&ranktype=3
广东省,江门市,蓬江区,裕记美食（江边里店）,广东省江门市蓬江区水南路聚龙里11号22铺,4.1,17,粉卷,省市区及街道已获取,已获取,榜单行政区/商圈归属,39609035,https://plat.dianping.com/app/femember-musteat-web/musteat-rank?cityid=209&notitlebar=1&ranktype=3,https://www.dianping.com/shop/39609035/photos/album,https://plat.dianping.com/app/femember-musteat-web/musteat-rank?cityid=209&notitlebar=1&ranktype=3
广东省,江门市,鹤山市,凤阁楼果木烧鹅（鹤山大鹏路店）,广东省江门市鹤山市沙坪镇余庆村217、219号,4.8,74,凤阁楼果木烧鹅,省市区及街道已获取,已获取,同店铺ID出现在榜单县级城市入口,56921509,https://plat.dianping.com/app/femember-musteat-web/musteat-rank?cityid=209&notitlebar=1&ranktype=3,https://www.dianping.com/shop/56921509/photos/album,https://plat.dianping.com/app/femember-musteat-web/musteat-rank?cityid=1506&notitlebar=1&ranktype=3
广东省,江门市,蓬江区,上富餐厅·猪腰·猪杂（30年上巷店）,广东省江门市蓬江区杜阮镇上巷村工业区119号,4.5,59,招牌猪腰汤,省市区及街道已获取,已获取,榜单行政区/商圈归属,17682280,https://plat.dianping.com/app/femember-musteat-web/musteat-rank?cityid=209&notitlebar=1&ranktype=3,https://www.dianping.com/shop/17682280/photos/album,https://plat.dianping.com/app/femember-musteat-web/musteat-rank?cityid=209&notitlebar=1&ranktype=3
广东省,江门市,蓬江区,德记腰神猪腰汤·招牌猪肚鸡,广东省江门市蓬江区汴溪二路6号101室-103室,4.4,72,猪腰鸡子生蚝汤,省市区及街道已获取,已获取,榜单行政区/商圈归属,6171958,https://plat.dianping.com/app/femember-musteat-web/musteat-rank?cityid=209&notitlebar=1&ranktype=3,https://www.dianping.com/shop/6171958/photos/album,https://plat.dianping.com/app/femember-musteat-web/musteat-rank?cityid=209&notitlebar=1&ranktype=3
广东省,江门市,蓬江区,三伯饭店,广东省江门市蓬江区大林工业区200乡道斌亮工艺盒有限公司对面,4.4,73,蒸蚬,省市区及街道已获取,已获取,榜单行政区/商圈归属,5872793,https://plat.dianping.com/app/femember-musteat-web/musteat-rank?cityid=209&notitlebar=1&ranktype=3,https://www.dianping.com/shop/5872793/photos/album,https://plat.dianping.com/app/femember-musteat-web/musteat-rank?cityid=209&notitlebar=1&ranktype=3
广东省,江门市,鹤山市,爱鸽小院（鹤山竹树坡美食街店）,广东省江门市鹤山市沙坪街道915乡道竹树坡11号（近鹤山公园北门）,4.8,71,金牌红烧乳鸽,省市区及街道已获取,已获取,同店铺ID出现在榜单县级城市入口,27339249,https://plat.dianping.com/app/femember-musteat-web/musteat-rank?cityid=209&notitlebar=1&ranktype=3,https://www.dianping.com/shop/27339249/photos/album,https://plat.dianping.com/app/femember-musteat-web/musteat-rank?cityid=1506&notitlebar=1&ranktype=3
广东省,江门市,蓬江区,和盛盛粥庄（白石店）,广东省江门市蓬江区白石大道26号117-119,4.4,67,山泉水粥底,省市区及街道已获取,已获取,榜单行政区/商圈归属,8071050,https://plat.dianping.com/app/femember-musteat-web/musteat-rank?cityid=209&notitlebar=1&ranktype=3,https://www.dianping.com/shop/8071050/photos/album,https://plat.dianping.com/app/femember-musteat-web/musteat-rank?cityid=209&notitlebar=1&ranktype=3
广东省,江门市,蓬江区,八达牛餐馆（白沙店）,广东省江门市蓬江区白沙河西路27号116号铺,4.9,75,手打牛肉丸,省市区及街道已获取,已获取,榜单行政区/商圈归属,6095881,https://plat.dianping.com/app/femember-musteat-web/musteat-rank?cityid=209&notitlebar=1&ranktype=3,https://www.dianping.com/shop/6095881/photos/album,https://plat.dianping.com/app/femember-musteat-web/musteat-rank?cityid=209&notitlebar=1&ranktype=3
广东省,湛江市,霞山区,荣记生蚝鸡煲（荣盛分店）,广东省湛江市霞山区海滨大道北6号荣盛华府2号楼一层04号商铺,4.4,68,招牌生蚝鸡煲,省市区及街道已获取,已获取,榜单行政区/商圈归属,1656657048,https://plat.dianping.com/app/femember-musteat-web/musteat-rank?cityid=210&notitlebar=1&ranktype=3,https://www.dianping.com/shop/1656657048/photos/album,https://plat.dianping.com/app/femember-musteat-web/musteat-rank?cityid=210&notitlebar=1&ranktype=3
广东省,湛江市,赤坎区,巫记鸡饭店,广东省湛江市赤坎区拥军路潮州塘五号楼18号,4.3,76,正宗白切鸡,省市区及街道已获取,已获取,榜单行政区/商圈归属,8881424,https://plat.dianping.com/app/femember-musteat-web/musteat-rank?cityid=210&notitlebar=1&ranktype=3,https://www.dianping.com/shop/8881424/photos/album,https://plat.dianping.com/app/femember-musteat-web/musteat-rank?cityid=210&notitlebar=1&ranktype=3
广东省,湛江市,霞山区,海鲜汤与金针牛,广东省湛江市霞山区海宁路与海景路交叉口西50米路北,4.4,28,海鲜汤,省市区及街道已获取,已获取,榜单行政区/商圈归属,90411550,https://plat.dianping.com/app/femember-musteat-web/musteat-rank?cityid=210&notitlebar=1&ranktype=3,https://www.dianping.com/shop/90411550/photos/album,https://plat.dianping.com/app/femember-musteat-web/musteat-rank?cityid=210&notitlebar=1&ranktype=3
广东省,湛江市,霞山区,小私厨,广东省湛江市霞山区澳门路万达广场香天下火锅正对面,4.8,58,豆豉梅花肉,省市区及街道已获取,已获取,榜单行政区/商圈归属,1638949178,https://plat.dianping.com/app/femember-musteat-web/musteat-rank?cityid=210&notitlebar=1&ranktype=3,https://www.dianping.com/shop/1638949178/photos/album,https://plat.dianping.com/app/femember-musteat-web/musteat-rank?cityid=210&notitlebar=1&ranktype=3
广东省,湛江市,霞山区,御唐府 飞奴坊鸽馆（乐山路店）,广东省湛江市霞山区乐山路30号（近中国城酒店）,4.5,79,为你疯狂红烧鸽,省市区及街道已获取,已获取,榜单行政区/商圈归属,2371447,https://plat.dianping.com/app/femember-musteat-web/musteat-rank?cityid=210&notitlebar=1&ranktype=3,https://www.dianping.com/shop/2371447/photos/album,https://plat.dianping.com/app/femember-musteat-web/musteat-rank?cityid=210&notitlebar=1&ranktype=3
广东省,湛江市,霞山区,烧蠔帮·湛江生蚝（工农店）,"广东省湛江市霞山区工农路霞山西村3号（江霞广场旁,九小对面）",4.5,80,炭烧湿辣牛肉,省市区及街道已获取,已获取,榜单行政区/商圈归属,23939599,https://plat.dianping.com/app/femember-musteat-web/musteat-rank?cityid=210&notitlebar=1&ranktype=3,https://www.dianping.com/shop/23939599/photos/album,https://plat.dianping.com/app/femember-musteat-web/musteat-rank?cityid=210&notitlebar=1&ranktype=3
广东省,湛江市,赤坎区,土蚝·高压锅生蚝（百姓美食街店）,广东省湛江市赤坎区百姓东四路百姓美食街,4.1,66,湿辣牛肉,省市区及街道已获取,已获取,榜单行政区/商圈归属,110511074,https://plat.dianping.com/app/femember-musteat-web/musteat-rank?cityid=210&notitlebar=1&ranktype=3,https://www.dianping.com/shop/110511074/photos/album,https://plat.dianping.com/app/femember-musteat-web/musteat-rank?cityid=210&notitlebar=1&ranktype=3
广东省,湛江市,赤坎区,小大梁·湛派融合菜（御海湾店）,广东省湛江市赤坎区体育北路2号御海湾11幢首层06、07商铺,4.4,85,招牌蛤篓鸡,省市区及街道已获取,已获取,榜单行政区/商圈归属,120154314,https://plat.dianping.com/app/femember-musteat-web/musteat-rank?cityid=210&notitlebar=1&ranktype=3,https://www.dianping.com/shop/120154314/photos/album,https://plat.dianping.com/app/femember-musteat-web/musteat-rank?cityid=210&notitlebar=1&ranktype=3
广东省,湛江市,霞山区,肥姨牛杂乐陶居（海景店）,广东省湛江市霞山区海景路7号,4.1,31,生牛肉,省市区及街道已获取,已获取,榜单行政区/商圈归属,19425207,https://plat.dianping.com/app/femember-musteat-web/musteat-rank?cityid=210&notitlebar=1&ranktype=3,https://www.dianping.com/shop/19425207/photos/album,https://plat.dianping.com/app/femember-musteat-web/musteat-rank?cityid=210&notitlebar=1&ranktype=3
广东省,茂名市,茂南区,冲天香鸭粥店（光华北店）,广东省茂名市茂南区光华北路217号（康复中心隔壁）,4.8,42,白切鸭,省市区及街道已获取,已获取,榜单行政区/商圈归属,2884801,https://plat.dianping.com/app/femember-musteat-web/musteat-rank?cityid=211&notitlebar=1&ranktype=3,https://www.dianping.com/shop/2884801/photos/album,https://plat.dianping.com/app/femember-musteat-web/musteat-rank?cityid=211&notitlebar=1&ranktype=3
广东省,茂名市,茂南区,大家乐食店（新湖店）,广东省茂名市茂南区新湖路9-70号,4,14,猪杂粥,省市区及街道已获取,已获取,榜单行政区/商圈归属,13436587,https://plat.dianping.com/app/femember-musteat-web/musteat-rank?cityid=211&notitlebar=1&ranktype=3,https://www.dianping.com/shop/13436587/photos/album,https://plat.dianping.com/app/femember-musteat-web/musteat-rank?cityid=211&notitlebar=1&ranktype=3
广东省,茂名市,茂南区,乡村菜馆（福华店）,广东省茂名市茂南区文明中路68号（保障局路口入50米）,4,44,咸蛋番茄夹,省市区及街道已获取,已获取,榜单行政区/商圈归属,2546851,https://plat.dianping.com/app/femember-musteat-web/musteat-rank?cityid=211&notitlebar=1&ranktype=3,https://www.dianping.com/shop/2546851/photos/album,https://plat.dianping.com/app/femember-musteat-web/musteat-rank?cityid=211&notitlebar=1&ranktype=3
广东省,茂名市,茂南区,阿水土鸡（茂名荔红店）,广东省茂名市茂南区河东街道油城七路88号(城市便捷酒店旁),4.2,97,海虾蒸锅,省市区及街道已获取,已获取,榜单行政区/商圈归属,92716131,https://plat.dianping.com/app/femember-musteat-web/musteat-rank?cityid=211&notitlebar=1&ranktype=3,https://www.dianping.com/shop/92716131/photos/album,https://plat.dianping.com/app/femember-musteat-web/musteat-rank?cityid=211&notitlebar=1&ranktype=3
广东省,茂名市,茂南区,肥佬鸭粥大排档（文明北路店）,广东省茂名市茂南区官渡街道文明北路168号(近茂名职业技术学院),4.4,50,鸭粥,省市区及街道已获取,已获取,榜单行政区/商圈归属,2737774,https://plat.dianping.com/app/femember-musteat-web/musteat-rank?cityid=211&notitlebar=1&ranktype=3,https://www.dianping.com/shop/2737774/photos/album,https://plat.dianping.com/app/femember-musteat-web/musteat-rank?cityid=211&notitlebar=1&ranktype=3
广东省,茂名市,茂南区,聚汇坊椰子鸡·山野菌（茂南店）,广东省茂名市茂南区站前五路3号高品味旁,4.7,93,原味椰子鸡,省市区及街道已获取,已获取,榜单行政区/商圈归属,98154410,https://plat.dianping.com/app/femember-musteat-web/musteat-rank?cityid=211&notitlebar=1&ranktype=3,https://www.dianping.com/shop/98154410/photos/album,https://plat.dianping.com/app/femember-musteat-web/musteat-rank?cityid=211&notitlebar=1&ranktype=3
广东省,茂名市,茂南区,肥妹牛腩档（亨利花园店）,广东省茂名市茂南区文光二街68号,4.3,34,牛杂粉,省市区及街道已获取,已获取,榜单行政区/商圈归属,1331966999,https://plat.dianping.com/app/femember-musteat-web/musteat-rank?cityid=211&notitlebar=1&ranktype=3,https://www.dianping.com/shop/1331966999/photos/album,https://plat.dianping.com/app/femember-musteat-web/musteat-rank?cityid=211&notitlebar=1&ranktype=3
广东省,茂名市,茂南区,茶点状元（人民南路店）,广东省茂名市茂南区双山二路122号,4,42,状元虾饺皇,省市区及街道已获取,已获取,榜单行政区/商圈归属,97571361,https://plat.dianping.com/app/femember-musteat-web/musteat-rank?cityid=211&notitlebar=1&ranktype=3,https://www.dianping.com/shop/97571361/photos/album,https://plat.dianping.com/app/femember-musteat-web/musteat-rank?cityid=211&notitlebar=1&ranktype=3
广东省,茂名市,茂南区,家宴大牌档（茂名店）,广东省茂名市茂南区河东街道文明中路3号(供水大楼对面),4.1,55,土芪炖肉汁汤,省市区及街道已获取,已获取,榜单行政区/商圈归属,23095352,https://plat.dianping.com/app/femember-musteat-web/musteat-rank?cityid=211&notitlebar=1&ranktype=3,https://www.dianping.com/shop/23095352/photos/album,https://plat.dianping.com/app/femember-musteat-web/musteat-rank?cityid=211&notitlebar=1&ranktype=3
广东省,肇庆市,四会市,阿庆嫂海鲜舫,广东省肇庆市四会市左边码头(近马房大桥收费站),4.3,89,河虾,省市区及街道已获取,已获取,榜单行政区/商圈归属,4293629,https://plat.dianping.com/app/femember-musteat-web/musteat-rank?cityid=212&notitlebar=1&ranktype=3,https://www.dianping.com/shop/4293629/photos/album,https://plat.dianping.com/app/femember-musteat-web/musteat-rank?cityid=212&notitlebar=1&ranktype=3
广东省,肇庆市,鼎湖区,荣华酒楼（鼎湖区店）,"广东省肇庆市鼎湖区坑口街道上山路3号（近铁,,路桥）",4,60,鼎湖山泉水豆腐花,省市区及街道已获取,已获取,榜单行政区/商圈归属,3283396,https://plat.dianping.com/app/femember-musteat-web/musteat-rank?cityid=212&notitlebar=1&ranktype=3,https://www.dianping.com/shop/3283396/photos/album,https://plat.dianping.com/app/femember-musteat-web/musteat-rank?cityid=212&notitlebar=1&ranktype=3
广东省,肇庆市,四会市,可以吗海鲜鲜生·海鲜大排档（康宁路店）,广东省肇庆市四会市康宁路23号东海明珠豪庭62D37、63D38,4.1,71,手抓海鲜铲,省市区及街道已获取,已获取,榜单行政区/商圈归属,132708888,https://plat.dianping.com/app/femember-musteat-web/musteat-rank?cityid=212&notitlebar=1&ranktype=3,https://www.dianping.com/shop/132708888/photos/album,https://plat.dianping.com/app/femember-musteat-web/musteat-rank?cityid=212&notitlebar=1&ranktype=3
广东省,肇庆市,端州区,宽城食馆,广东省肇庆市端州区城东街道古塔北路公安局右侧(近端州区公安局),4.1,72,白切纯草鸡,省市区及街道已获取,已获取,榜单行政区/商圈归属,2816785,https://plat.dianping.com/app/femember-musteat-web/musteat-rank?cityid=212&notitlebar=1&ranktype=3,https://www.dianping.com/shop/2816785/photos/album,https://plat.dianping.com/app/femember-musteat-web/musteat-rank?cityid=212&notitlebar=1&ranktype=3
广东省,肇庆市,鼎湖区,越味居鹅庄,广东省肇庆市鼎湖区福源街丽景园107-112号商铺,4.1,69,古式鹅煲,省市区及街道已获取,已获取,榜单行政区/商圈归属,5271399,https://plat.dianping.com/app/femember-musteat-web/musteat-rank?cityid=212&notitlebar=1&ranktype=3,https://www.dianping.com/shop/5271399/photos/album,https://plat.dianping.com/app/femember-musteat-web/musteat-rank?cityid=212&notitlebar=1&ranktype=3
广东省,肇庆市,端州区,何记德承美食,广东省肇庆市端州区建设三路34号嘉盈居首层02,4.1,18,牛腩肠粉煲,省市区及街道已获取,已获取,榜单行政区/商圈归属,2972008,https://plat.dianping.com/app/femember-musteat-web/musteat-rank?cityid=212&notitlebar=1&ranktype=3,https://www.dianping.com/shop/2972008/photos/album,https://plat.dianping.com/app/femember-musteat-web/musteat-rank?cityid=212&notitlebar=1&ranktype=3
广东省,肇庆市,端州区,卖鱼仔（蓝塘南路店）,广东省肇庆市端州区蓝塘南路嘉溢食品设备有限公司旁,4.2,81,蒜蓉蒸沙蚬,省市区及街道已获取,已获取,榜单行政区/商圈归属,5290913,https://plat.dianping.com/app/femember-musteat-web/musteat-rank?cityid=212&notitlebar=1&ranktype=3,https://www.dianping.com/shop/5290913/photos/album,https://plat.dianping.com/app/femember-musteat-web/musteat-rank?cityid=212&notitlebar=1&ranktype=3
广东省,肇庆市,端州区,慶有如,广东省肇庆市端州区前进南路18号,4.6,70,本地知名桑拿鸡,省市区及街道已获取,已获取,榜单行政区/商圈归属,44018550,https://plat.dianping.com/app/femember-musteat-web/musteat-rank?cityid=212&notitlebar=1&ranktype=3,https://www.dianping.com/shop/44018550/photos/album,https://plat.dianping.com/app/femember-musteat-web/musteat-rank?cityid=212&notitlebar=1&ranktype=3
广东省,肇庆市,端州区,快活林食家,广东省肇庆市端州区西江北路水果市场南侧,4,61,手抓骨,省市区及街道已获取,已获取,榜单行政区/商圈归属,2027152,https://plat.dianping.com/app/femember-musteat-web/musteat-rank?cityid=212&notitlebar=1&ranktype=3,https://www.dianping.com/shop/2027152/photos/album,https://plat.dianping.com/app/femember-musteat-web/musteat-rank?cityid=212&notitlebar=1&ranktype=3
广东省,惠州市,惠城区,竹园农家饭店（汝湖店）,广东省惠州市惠城区惠民大道荣头村162号,4.5,68,桌桌必点客家窑鸡,省市区及街道已获取,已获取,榜单行政区/商圈归属,8661971,https://plat.dianping.com/app/femember-musteat-web/musteat-rank?cityid=213&notitlebar=1&ranktype=3,https://www.dianping.com/shop/8661971/photos/album,https://plat.dianping.com/app/femember-musteat-web/musteat-rank?cityid=213&notitlebar=1&ranktype=3
广东省,惠州市,惠城区,艳红湘菜馆,广东省惠州市惠城区云山东路21号,4.6,58,小炒黄牛肉,省市区及街道已获取,已获取,榜单行政区/商圈归属,8661901,https://plat.dianping.com/app/femember-musteat-web/musteat-rank?cityid=213&notitlebar=1&ranktype=3,https://www.dianping.com/shop/8661901/photos/album,https://plat.dianping.com/app/femember-musteat-web/musteat-rank?cityid=213&notitlebar=1&ranktype=3
广东省,惠州市,惠阳区,乐先生披萨（淡水总店）,广东省惠州市惠阳区人民四路天安里广场街区1期1层A-1-01号铺,4.7,59,百香果柠檬,省市区及街道已获取,已获取,同店铺ID出现在榜单县级城市入口,24819945,https://plat.dianping.com/app/femember-musteat-web/musteat-rank?cityid=213&notitlebar=1&ranktype=3,https://www.dianping.com/shop/24819945/photos/album,https://plat.dianping.com/app/femember-musteat-web/musteat-rank?cityid=4435&notitlebar=1&ranktype=3
广东省,惠州市,惠城区,YES也是大排档（水东街店）,广东省惠州市惠城区水东西路88号A5栋1层110号（朗曼酒店1楼）,4.3,95,招牌奶油虾,省市区及街道已获取,已获取,榜单行政区/商圈归属,1114764008,https://plat.dianping.com/app/femember-musteat-web/musteat-rank?cityid=213&notitlebar=1&ranktype=3,https://www.dianping.com/shop/1114764008/photos/album,https://plat.dianping.com/app/femember-musteat-web/musteat-rank?cityid=213&notitlebar=1&ranktype=3
广东省,惠州市,惠城区,陈记鹅肉粿（义乌店）,广东省惠州市惠城区大田路18号,4.4,56,卤鹅肝,省市区及街道已获取,已获取,榜单行政区/商圈归属,1060406012,https://plat.dianping.com/app/femember-musteat-web/musteat-rank?cityid=213&notitlebar=1&ranktype=3,https://www.dianping.com/shop/1060406012/photos/album,https://plat.dianping.com/app/femember-musteat-web/musteat-rank?cityid=213&notitlebar=1&ranktype=3
广东省,惠州市,惠城区,宴东江·惠州东江客家菜·盐焗鸡（江北店）,广东省惠州市惠城区新沥路T21创意产业园,4.8,71,东江盐焗鸡,省市区及街道已获取,已获取,榜单行政区/商圈归属,1828368942,https://plat.dianping.com/app/femember-musteat-web/musteat-rank?cityid=213&notitlebar=1&ranktype=3,https://www.dianping.com/shop/1828368942/photos/album,https://plat.dianping.com/app/femember-musteat-web/musteat-rank?cityid=213&notitlebar=1&ranktype=3
广东省,惠州市,惠城区,汉江味家韩国料理（嘉和名苑店）,广东省惠州市惠城区文昌二路28号嘉和名苑C、D栋1层10号,4.6,86,铁板章鱼五花肉,省市区及街道已获取,已获取,榜单行政区/商圈归属,24747525,https://plat.dianping.com/app/femember-musteat-web/musteat-rank?cityid=213&notitlebar=1&ranktype=3,https://www.dianping.com/shop/24747525/photos/album,https://plat.dianping.com/app/femember-musteat-web/musteat-rank?cityid=213&notitlebar=1&ranktype=3
广东省,惠州市,惠城区,鼎泰厨·泰国料理（华贸天地店）,广东省惠州市惠城区华贸天地铂金府13号楼独栋（一楼中央广场水球旁）,4.4,96,冬阴功海鲜汤,省市区及街道已获取,已获取,榜单行政区/商圈归属,1557927218,https://plat.dianping.com/app/femember-musteat-web/musteat-rank?cityid=213&notitlebar=1&ranktype=3,https://www.dianping.com/shop/1557927218/photos/album,https://plat.dianping.com/app/femember-musteat-web/musteat-rank?cityid=213&notitlebar=1&ranktype=3
广东省,惠州市,惠城区,蚝莱旺·生蚝鸡养生火锅（麦地店）,广东省惠州市惠城区麦地南路麦地南山庄24-35号,4.9,75,生蚝鸡煲,省市区及街道已获取,已获取,榜单行政区/商圈归属,1588606782,https://plat.dianping.com/app/femember-musteat-web/musteat-rank?cityid=213&notitlebar=1&ranktype=3,https://www.dianping.com/shop/1588606782/photos/album,https://plat.dianping.com/app/femember-musteat-web/musteat-rank?cityid=213&notitlebar=1&ranktype=3
广东省,惠州市,龙门县,地派食为先·龙门胡须鸡（地派美食店）,广东省惠州市龙门县地派镇高明路199号（地派温泉后门南行100米）,4.2,62,竹筒蒸农家手打猪肉丸,省市区及街道已获取,已获取,榜单行政区/商圈归属,21274753,https://plat.dianping.com/app/femember-musteat-web/musteat-rank?cityid=213&notitlebar=1&ranktype=3,https://www.dianping.com/shop/21274753/photos/album,https://plat.dianping.com/app/femember-musteat-web/musteat-rank?cityid=213&notitlebar=1&ranktype=3
广东省,惠州市,惠城区,陈记饮食店（菜园墩店）,广东省惠州市惠城区四清路菜园墩34号（近惠州市第二中学后门）,4.1,24,蒸云吞,省市区及街道已获取,已获取,榜单行政区/商圈归属,32477233,https://plat.dianping.com/app/femember-musteat-web/musteat-rank?cityid=213&notitlebar=1&ranktype=3,https://www.dianping.com/shop/32477233/photos/album,https://plat.dianping.com/app/femember-musteat-web/musteat-rank?cityid=213&notitlebar=1&ranktype=3
广东省,惠州市,惠城区,祥发潮味汇,广东省惠州市惠城区江北街道大田工业区(江北24号小区)第四栋一楼101号,4.7,52,柠檬海鲜粉,省市区及街道已获取,已获取,榜单行政区/商圈归属,1636915191,https://plat.dianping.com/app/femember-musteat-web/musteat-rank?cityid=213&notitlebar=1&ranktype=3,https://www.dianping.com/shop/1636915191/photos/album,https://plat.dianping.com/app/femember-musteat-web/musteat-rank?cityid=213&notitlebar=1&ranktype=3
广东省,惠州市,惠城区,曾仔竹升面,广东省惠州市惠城区东坡路财信半岛华庭2栋114号商铺,4.4,23,虾籽蟹子净云吞,省市区及街道已获取,已获取,榜单行政区/商圈归属,45248305,https://plat.dianping.com/app/femember-musteat-web/musteat-rank?cityid=213&notitlebar=1&ranktype=3,https://www.dianping.com/shop/45248305/photos/album,https://plat.dianping.com/app/femember-musteat-web/musteat-rank?cityid=213&notitlebar=1&ranktype=3
广东省,惠州市,惠城区,鑫盛阁浪险潮汕特色烧烤（河南岸店）,广东省惠州市惠城区河南岸街道银岭路三横街河南岸中学北门旁鑫盛阁潮汕烧烤店,4.3,70,菠萝爱上牛肋条,省市区及街道已获取,已获取,榜单行政区/商圈归属,95088516,https://plat.dianping.com/app/femember-musteat-web/musteat-rank?cityid=213&notitlebar=1&ranktype=3,https://www.dianping.com/shop/95088516/photos/album,https://plat.dianping.com/app/femember-musteat-web/musteat-rank?cityid=213&notitlebar=1&ranktype=3
广东省,惠州市,惠城区,客语客家菜（佳兆业广场店）,广东省惠州市惠城区惠州大道11号佳兆业广场内五层,4.4,70,客家酿豆腐,省市区及街道已获取,已获取,榜单行政区/商圈归属,17152997,https://plat.dianping.com/app/femember-musteat-web/musteat-rank?cityid=213&notitlebar=1&ranktype=3,https://www.dianping.com/shop/17152997/photos/album,https://plat.dianping.com/app/femember-musteat-web/musteat-rank?cityid=213&notitlebar=1&ranktype=3
广东省,惠州市,惠东县,渔夫海鲜饭店,广东省惠州市惠东县渔夫海鲜饭店,4.5,78,海胆炒饭,省市区及街道已获取,已获取,同店铺ID出现在榜单县级城市入口,23934902,https://plat.dianping.com/app/femember-musteat-web/musteat-rank?cityid=213&notitlebar=1&ranktype=3,https://www.dianping.com/shop/23934902/photos/album,https://plat.dianping.com/app/femember-musteat-web/musteat-rank?cityid=1501&notitlebar=1&ranktype=3
广东省,惠州市,惠东县,双月饭店·20年老字号（新村店）,"广东省惠州市惠东县213县道港口派出所南100米路东（有停车场容纳大量车位,近海龟湾、近虹海湾酒店）",4.4,75,酱爆鱿鱼筒,省市区及街道已获取,已获取,同店铺ID出现在榜单县级城市入口,23314874,https://plat.dianping.com/app/femember-musteat-web/musteat-rank?cityid=213&notitlebar=1&ranktype=3,https://www.dianping.com/shop/23314874/photos/album,https://plat.dianping.com/app/femember-musteat-web/musteat-rank?cityid=1501&notitlebar=1&ranktype=3
广东省,惠州市,惠城区,广窑记·客家窑鸡（河南岸悦湖会店）,广东省惠州市惠城区河南岸街道惠沙堤二路86号悦湖会花园第6栋1层01、02号,4.5,74,招牌土窑鸡,省市区及街道已获取,已获取,榜单行政区/商圈归属,124929346,https://plat.dianping.com/app/femember-musteat-web/musteat-rank?cityid=213&notitlebar=1&ranktype=3,https://www.dianping.com/shop/124929346/photos/album,https://plat.dianping.com/app/femember-musteat-web/musteat-rank?cityid=213&notitlebar=1&ranktype=3
广东省,惠州市,惠城区,惠街牛锅（江北店）,广东省惠州市惠城区期湖塘路2号117铺,4.4,78,吊龙,省市区及街道已获取,已获取,榜单行政区/商圈归属,923537934,https://plat.dianping.com/app/femember-musteat-web/musteat-rank?cityid=213&notitlebar=1&ranktype=3,https://www.dianping.com/shop/923537934/photos/album,https://plat.dianping.com/app/femember-musteat-web/musteat-rank?cityid=213&notitlebar=1&ranktype=3
广东省,惠州市,惠城区,四季渔歌·吃鸭嘴鱼的客家院子,广东省惠州市惠城区汝湖镇汝湖惠民大道虾村小学西北50米,4.5,69,三杯鸭,省市区及街道已获取,已获取,榜单行政区/商圈归属,5438642,https://plat.dianping.com/app/femember-musteat-web/musteat-rank?cityid=213&notitlebar=1&ranktype=3,https://www.dianping.com/shop/5438642/photos/album,https://plat.dianping.com/app/femember-musteat-web/musteat-rank?cityid=213&notitlebar=1&ranktype=3
广东省,梅州市,梅江区,漢興燉品邨,广东省梅州市梅江区江南新中苑美苑路（汉兴炖品村）,4.4,79,汉兴腌牛肉,省市区及街道已获取,已获取,榜单行政区/商圈归属,6602109,https://plat.dianping.com/app/femember-musteat-web/musteat-rank?cityid=214&notitlebar=1&ranktype=3,https://www.dianping.com/shop/6602109/photos/album,https://plat.dianping.com/app/femember-musteat-web/musteat-rank?cityid=214&notitlebar=1&ranktype=3
广东省,梅州市,梅江区,叶礼客家菜（梅龙店）,广东省梅州市梅江区梅龙东路4-13号,4.7,65,招牌三杯鸭,省市区及街道已获取,已获取,榜单行政区/商圈归属,127451281,https://plat.dianping.com/app/femember-musteat-web/musteat-rank?cityid=214&notitlebar=1&ranktype=3,https://www.dianping.com/shop/127451281/photos/album,https://plat.dianping.com/app/femember-musteat-web/musteat-rank?cityid=214&notitlebar=1&ranktype=3
广东省,梅州市,梅江区,阿杜饭店（大浪口路店）,广东省梅州市梅江区大浪口路华宝家具厂西南,4.4,64,煎萝卜粄,省市区及街道已获取,已获取,榜单行政区/商圈归属,9329035,https://plat.dianping.com/app/femember-musteat-web/musteat-rank?cityid=214&notitlebar=1&ranktype=3,https://www.dianping.com/shop/9329035/photos/album,https://plat.dianping.com/app/femember-musteat-web/musteat-rank?cityid=214&notitlebar=1&ranktype=3
广东省,梅州市,梅江区,新宜家面馆（梅园新村店）,广东省梅州市梅江区梅园路梅园新村C组团MC3-6、MC4-1-5、MC-5-1-5座8号店,4.2,27,花甲牛肉汤,省市区及街道已获取,已获取,榜单行政区/商圈归属,41267073,https://plat.dianping.com/app/femember-musteat-web/musteat-rank?cityid=214&notitlebar=1&ranktype=3,https://www.dianping.com/shop/41267073/photos/album,https://plat.dianping.com/app/femember-musteat-web/musteat-rank?cityid=214&notitlebar=1&ranktype=3
广东省,梅州市,梅江区,金苑酒家·客家菜·广东老字号（江北店）,广东省梅州市梅江区秋苑路15-15号,4.1,65,客家酿豆腐,省市区及街道已获取,已获取,榜单行政区/商圈归属,559599,https://plat.dianping.com/app/femember-musteat-web/musteat-rank?cityid=214&notitlebar=1&ranktype=3,https://www.dianping.com/shop/559599/photos/album,https://plat.dianping.com/app/femember-musteat-web/musteat-rank?cityid=214&notitlebar=1&ranktype=3
广东省,梅州市,梅江区,围龙屋星园酒家（华南大道店）,广东省梅州市梅江区三角镇富奇路190号,4.7,84,客家盐焗鸡,省市区及街道已获取,已获取,榜单行政区/商圈归属,58123936,https://plat.dianping.com/app/femember-musteat-web/musteat-rank?cityid=214&notitlebar=1&ranktype=3,https://www.dianping.com/shop/58123936/photos/album,https://plat.dianping.com/app/femember-musteat-web/musteat-rank?cityid=214&notitlebar=1&ranktype=3
广东省,梅州市,梅江区,百佳园酒楼·客家菜名店（梅松店）,广东省梅州市梅江区金山街道梅松路与东山大道交叉口东北角(近嘉应学院),4,58,百佳豆腐,省市区及街道已获取,已获取,榜单行政区/商圈归属,4682453,https://plat.dianping.com/app/femember-musteat-web/musteat-rank?cityid=214&notitlebar=1&ranktype=3,https://www.dianping.com/shop/4682453/photos/album,https://plat.dianping.com/app/femember-musteat-web/musteat-rank?cityid=214&notitlebar=1&ranktype=3
广东省,梅州市,梅江区,勤燕烧卖,广东省梅州市梅江区梅州大道勤力苑22号,4,13,烧卖,省市区及街道已获取,已获取,榜单行政区/商圈归属,4735193,https://plat.dianping.com/app/femember-musteat-web/musteat-rank?cityid=214&notitlebar=1&ranktype=3,https://www.dianping.com/shop/4735193/photos/album,https://plat.dianping.com/app/femember-musteat-web/musteat-rank?cityid=214&notitlebar=1&ranktype=3
广东省,汕尾市,城区,阿佳牛腩火锅店（本地老字号近二马路店）,广东省汕尾市城区海边街翡翠湾一期37号商铺,4.6,63,招牌牛腩牛杂,省市区及街道已获取,已获取,榜单行政区/商圈归属,131573638,https://plat.dianping.com/app/femember-musteat-web/musteat-rank?cityid=215&notitlebar=1&ranktype=3,https://www.dianping.com/shop/131573638/photos/album,https://plat.dianping.com/app/femember-musteat-web/musteat-rank?cityid=215&notitlebar=1&ranktype=3
广东省,汕尾市,城区,生香牛腩店,广东省汕尾市城区新地一路与东城路交叉口西北60米,4.8,57,牛腩牛杂,省市区及街道已获取,已获取,榜单行政区/商圈归属,819950934,https://plat.dianping.com/app/femember-musteat-web/musteat-rank?cityid=215&notitlebar=1&ranktype=3,https://www.dianping.com/shop/819950934/photos/album,https://plat.dianping.com/app/femember-musteat-web/musteat-rank?cityid=215&notitlebar=1&ranktype=3
广东省,汕尾市,城区,德记牛腩火锅（大马路店）,广东省汕尾市城区大马路255号,4.2,62,牛腩牛杂火锅,省市区及街道已获取,已获取,榜单行政区/商圈归属,18604834,https://plat.dianping.com/app/femember-musteat-web/musteat-rank?cityid=215&notitlebar=1&ranktype=3,https://www.dianping.com/shop/18604834/photos/album,https://plat.dianping.com/app/femember-musteat-web/musteat-rank?cityid=215&notitlebar=1&ranktype=3
广东省,汕尾市,城区,海珍迎囍皇宫（明珠广场店）,广东省汕尾市城区香洲路金海明珠广场1-3层,4.2,66,豉汁蒸凤爪,省市区及街道已获取,已获取,榜单行政区/商圈归属,121868063,https://plat.dianping.com/app/femember-musteat-web/musteat-rank?cityid=215&notitlebar=1&ranktype=3,https://www.dianping.com/shop/121868063/photos/album,https://plat.dianping.com/app/femember-musteat-web/musteat-rank?cityid=215&notitlebar=1&ranktype=3
广东省,汕尾市,城区,鲜道牛肉火锅特色店,"广东省汕尾市城区红海湾遮浪镇通南路314号（附近都是新开的牛肉店,到达后注意确认一下本店名字,以免进错店导致……）",4.8,68,鲜牛肉火锅,省市区及街道已获取,已获取,榜单行政区/商圈归属,96096359,https://plat.dianping.com/app/femember-musteat-web/musteat-rank?cityid=215&notitlebar=1&ranktype=3,https://www.dianping.com/shop/96096359/photos/album,https://plat.dianping.com/app/femember-musteat-web/musteat-rank?cityid=215&notitlebar=1&ranktype=3
广东省,汕尾市,城区,高文麻鱼粿,广东省汕尾市城区和顺路宝利来81号,4.4,42,麻鱼子炒粿条,省市区及街道已获取,已获取,榜单行政区/商圈归属,127437917,https://plat.dianping.com/app/femember-musteat-web/musteat-rank?cityid=215&notitlebar=1&ranktype=3,https://www.dianping.com/shop/127437917/photos/album,https://plat.dianping.com/app/femember-musteat-web/musteat-rank?cityid=215&notitlebar=1&ranktype=3
广东省,汕尾市,城区,平记粥店,广东省汕尾市城区香洲街道城内路100号,4.3,18,海鲜粥,省市区及街道已获取,已获取,榜单行政区/商圈归属,124830890,https://plat.dianping.com/app/femember-musteat-web/musteat-rank?cityid=215&notitlebar=1&ranktype=3,https://www.dianping.com/shop/124830890/photos/album,https://plat.dianping.com/app/femember-musteat-web/musteat-rank?cityid=215&notitlebar=1&ranktype=3
广东省,汕尾市,城区,新名园餐厅,广东省汕尾市城区香洲街道红海西路城区公安局宿舍斜对面,4.2,100,椒盐濑尿虾,省市区及街道已获取,已获取,榜单行政区/商圈归属,112017912,https://plat.dianping.com/app/femember-musteat-web/musteat-rank?cityid=215&notitlebar=1&ranktype=3,https://www.dianping.com/shop/112017912/photos/album,https://plat.dianping.com/app/femember-musteat-web/musteat-rank?cityid=215&notitlebar=1&ranktype=3
广东省,汕尾市,城区,南澳酒楼（汕尾红海湾店）,广东省汕尾市城区南澳路红海湾遮浪旅游区大门口旁,3.8,84,铁板盐焗蛏子,省市区及街道已获取,已获取,榜单行政区/商圈归属,2891323,https://plat.dianping.com/app/femember-musteat-web/musteat-rank?cityid=215&notitlebar=1&ranktype=3,https://www.dianping.com/shop/2891323/photos/album,https://plat.dianping.com/app/femember-musteat-web/musteat-rank?cityid=215&notitlebar=1&ranktype=3
广东省,汕尾市,城区,隆隆金大茶楼（明珠广场店）,广东省汕尾市城区香洲路明珠广场三楼,4.2,63,鲜虾脆皮红米肠粉,省市区及街道已获取,已获取,榜单行政区/商圈归属,127538642,https://plat.dianping.com/app/femember-musteat-web/musteat-rank?cityid=215&notitlebar=1&ranktype=3,https://www.dianping.com/shop/127538642/photos/album,https://plat.dianping.com/app/femember-musteat-web/musteat-rank?cityid=215&notitlebar=1&ranktype=3
广东省,汕尾市,城区,刘记肠粉（大马路店）,广东省汕尾市城区大马路258号泰安小区,4.3,11,肠粉,省市区及街道已获取,已获取,榜单行政区/商圈归属,57543492,https://plat.dianping.com/app/femember-musteat-web/musteat-rank?cityid=215&notitlebar=1&ranktype=3,https://www.dianping.com/shop/57543492/photos/album,https://plat.dianping.com/app/femember-musteat-web/musteat-rank?cityid=215&notitlebar=1&ranktype=3
广东省,汕尾市,城区,汕头潮宝牛肉店·老字号（和顺花园店）,广东省汕尾市城区红海大道和顺花园二期首层3号铺面,4.7,68,吊龙,省市区及街道已获取,已获取,榜单行政区/商圈归属,58027407,https://plat.dianping.com/app/femember-musteat-web/musteat-rank?cityid=215&notitlebar=1&ranktype=3,https://www.dianping.com/shop/58027407/photos/album,https://plat.dianping.com/app/femember-musteat-web/musteat-rank?cityid=215&notitlebar=1&ranktype=3
广东省,河源市,源城区,枫味农家菜（巴伐利亚店）,广东省河源市源城区龙岭五路枫味农家菜馆,4.4,64,铜盘焗鸡,省市区及街道已获取,已获取,榜单行政区/商圈归属,112072181,https://plat.dianping.com/app/femember-musteat-web/musteat-rank?cityid=216&notitlebar=1&ranktype=3,https://www.dianping.com/shop/112072181/photos/album,https://plat.dianping.com/app/femember-musteat-web/musteat-rank?cityid=216&notitlebar=1&ranktype=3
广东省,河源市,源城区,江畔鱼舫·客家菜·万绿湖河鲜,广东省河源市源城区金泽苑A-116号,4.5,69,五指毛桃铜盆鸡,省市区及街道已获取,已获取,榜单行政区/商圈归属,1445755571,https://plat.dianping.com/app/femember-musteat-web/musteat-rank?cityid=216&notitlebar=1&ranktype=3,https://www.dianping.com/shop/1445755571/photos/album,https://plat.dianping.com/app/femember-musteat-web/musteat-rank?cityid=216&notitlebar=1&ranktype=3
广东省,河源市,源城区,绿趣农家菜馆（十五年店）,广东省河源市源城区迎客大道与103乡道交汇处东行150米,4.9,72,白花牛奶树根鸡汤,省市区及街道已获取,已获取,榜单行政区/商圈归属,65080689,https://plat.dianping.com/app/femember-musteat-web/musteat-rank?cityid=216&notitlebar=1&ranktype=3,https://www.dianping.com/shop/65080689/photos/album,https://plat.dianping.com/app/femember-musteat-web/musteat-rank?cityid=216&notitlebar=1&ranktype=3
广东省,河源市,源城区,鹏记潮汕牛肉火锅·牛系烧烤（兴源东店）,广东省河源市源城区东埔街道兴源东路82号(唐荟休闲会所斜对面),4.5,70,二人全牛宴,省市区及街道已获取,已获取,榜单行政区/商圈归属,97942525,https://plat.dianping.com/app/femember-musteat-web/musteat-rank?cityid=216&notitlebar=1&ranktype=3,https://www.dianping.com/shop/97942525/photos/album,https://plat.dianping.com/app/femember-musteat-web/musteat-rank?cityid=216&notitlebar=1&ranktype=3
广东省,河源市,源城区,温记小吃店,广东省河源市源城区文明路南边地段,4,24,糯米饭,省市区及街道已获取,已获取,榜单行政区/商圈归属,129789417,https://plat.dianping.com/app/femember-musteat-web/musteat-rank?cityid=216&notitlebar=1&ranktype=3,https://www.dianping.com/shop/129789417/photos/album,https://plat.dianping.com/app/femember-musteat-web/musteat-rank?cityid=216&notitlebar=1&ranktype=3
广东省,河源市,源城区,大水牛牛肚胱（兴源东路店）,广东省河源市源城区群丰拆迁安置点兴源北路北一排第一幢第21卡,4.2,43,牛肚胱,省市区及街道已获取,已获取,榜单行政区/商圈归属,92278680,https://plat.dianping.com/app/femember-musteat-web/musteat-rank?cityid=216&notitlebar=1&ranktype=3,https://www.dianping.com/shop/92278680/photos/album,https://plat.dianping.com/app/femember-musteat-web/musteat-rank?cityid=216&notitlebar=1&ranktype=3
广东省,河源市,源城区,德意酒楼,广东省河源市源城区老205国道路54号,4.4,73,粗盐焗手撕鸡,省市区及街道已获取,已获取,榜单行政区/商圈归属,9574804,https://plat.dianping.com/app/femember-musteat-web/musteat-rank?cityid=216&notitlebar=1&ranktype=3,https://www.dianping.com/shop/9574804/photos/album,https://plat.dianping.com/app/femember-musteat-web/musteat-rank?cityid=216&notitlebar=1&ranktype=3
广东省,河源市,源城区,中华茶楼·客家名菜（比华利店）,广东省河源市源城区宝源路比华利山庄9栋108号,4,62,中华招牌大虾饺,省市区及街道已获取,已获取,榜单行政区/商圈归属,66134376,https://plat.dianping.com/app/femember-musteat-web/musteat-rank?cityid=216&notitlebar=1&ranktype=3,https://www.dianping.com/shop/66134376/photos/album,https://plat.dianping.com/app/femember-musteat-web/musteat-rank?cityid=216&notitlebar=1&ranktype=3
广东省,阳江市,江城区,张家卫·阳江菜·小海鲜（肥婆湾桥店）,广东省阳江市江城区马南湾路1号友乐居7号商铺（肥婆湾桥旁）,4.7,84,脆皮鸡,省市区及街道已获取,已获取,榜单行政区/商圈归属,1604226645,https://plat.dianping.com/app/femember-musteat-web/musteat-rank?cityid=217&notitlebar=1&ranktype=3,https://www.dianping.com/shop/1604226645/photos/album,https://plat.dianping.com/app/femember-musteat-web/musteat-rank?cityid=217&notitlebar=1&ranktype=3
广东省,阳江市,江城区,盛翔栋企鸡（阳东店）,广东省阳江市江城区龙日路55号阳东国土局对面,4.8,74,栋企鸡,省市区及街道已获取,已获取,榜单行政区/商圈归属,18419090,https://plat.dianping.com/app/femember-musteat-web/musteat-rank?cityid=217&notitlebar=1&ranktype=3,https://www.dianping.com/shop/18419090/photos/album,https://plat.dianping.com/app/femember-musteat-web/musteat-rank?cityid=217&notitlebar=1&ranktype=3
广东省,阳江市,江城区,赞品白切世家·阳江菜（康泰路店）,广东省阳江市江城区康泰路298号,4.7,69,招牌白切鸡,省市区及街道已获取,已获取,榜单行政区/商圈归属,1949480429,https://plat.dianping.com/app/femember-musteat-web/musteat-rank?cityid=217&notitlebar=1&ranktype=3,https://www.dianping.com/shop/1949480429/photos/album,https://plat.dianping.com/app/femember-musteat-web/musteat-rank?cityid=217&notitlebar=1&ranktype=3
广东省,阳江市,江城区,蠔爽烧烤鲜蚝馆（三环路店）,广东省阳江市江城区名扬国际广场西南99号,4.7,73,招牌程村炒蚝饭,省市区及街道已获取,已获取,榜单行政区/商圈归属,1636777637,https://plat.dianping.com/app/femember-musteat-web/musteat-rank?cityid=217&notitlebar=1&ranktype=3,https://www.dianping.com/shop/1636777637/photos/album,https://plat.dianping.com/app/femember-musteat-web/musteat-rank?cityid=217&notitlebar=1&ranktype=3
广东省,阳江市,江城区,锐记美食店·现捞海鲜（闸坡店）,广东省阳江市江城区旅游大道中77号,4.4,75,椒盐濑尿虾,省市区及街道已获取,已获取,榜单行政区/商圈归属,18036544,https://plat.dianping.com/app/femember-musteat-web/musteat-rank?cityid=217&notitlebar=1&ranktype=3,https://www.dianping.com/shop/18036544/photos/album,https://plat.dianping.com/app/femember-musteat-web/musteat-rank?cityid=217&notitlebar=1&ranktype=3
广东省,阳江市,江城区,顺品美食店·现捞海鲜（海陵岛店）,广东省阳江市江城区旅游大道中68号（钻石海岸酒店对面）,4.7,66,椒盐濑尿虾,省市区及街道已获取,已获取,榜单行政区/商圈归属,90551277,https://plat.dianping.com/app/femember-musteat-web/musteat-rank?cityid=217&notitlebar=1&ranktype=3,https://www.dianping.com/shop/90551277/photos/album,https://plat.dianping.com/app/femember-musteat-web/musteat-rank?cityid=217&notitlebar=1&ranktype=3
广东省,阳江市,江城区,白沙鹅乸饭佳香饭店（江朗大道店）,广东省阳江市江城区江朗大道33号御品豪庭二号207商铺,4.4,52,招牌特色鹅乸饭,省市区及街道已获取,已获取,榜单行政区/商圈归属,131383232,https://plat.dianping.com/app/femember-musteat-web/musteat-rank?cityid=217&notitlebar=1&ranktype=3,https://www.dianping.com/shop/131383232/photos/album,https://plat.dianping.com/app/femember-musteat-web/musteat-rank?cityid=217&notitlebar=1&ranktype=3
广东省,清远市,清城区,啫万物啫神·清远地标美食,广东省清远市清城区北江二路富域华府203号,4.4,68,沙姜啫啫走地鸡,省市区及街道已获取,已获取,榜单行政区/商圈归属,1206790637,https://plat.dianping.com/app/femember-musteat-web/musteat-rank?cityid=218&notitlebar=1&ranktype=3,https://www.dianping.com/shop/1206790637/photos/album,https://plat.dianping.com/app/femember-musteat-web/musteat-rank?cityid=218&notitlebar=1&ranktype=3
广东省,清远市,清城区,花花姨碌鹅生活馆,广东省清远市清城区峡江西路128号,4.5,87,头牌花花姨碌鹅,省市区及街道已获取,已获取,榜单行政区/商圈归属,98389996,https://plat.dianping.com/app/femember-musteat-web/musteat-rank?cityid=218&notitlebar=1&ranktype=3,https://www.dianping.com/shop/98389996/photos/album,https://plat.dianping.com/app/femember-musteat-web/musteat-rank?cityid=218&notitlebar=1&ranktype=3
广东省,清远市,英德市,华园农庄·特色炭烧鸡·北江河鲜,广东省清远市英德市347省道奇洞温泉小镇大门口西南80米,4.7,49,招牌特色果木炭烧鸡,省市区及街道已获取,已获取,榜单行政区/商圈归属,95973029,https://plat.dianping.com/app/femember-musteat-web/musteat-rank?cityid=218&notitlebar=1&ranktype=3,https://www.dianping.com/shop/95973029/photos/album,https://plat.dianping.com/app/femember-musteat-web/musteat-rank?cityid=218&notitlebar=1&ranktype=3
广东省,清远市,清城区,有飯氣茶餐室（西门塘店）,广东省清远市清城区城北二路6号华光楼首层11-13号,4.7,37,丝袜奶茶,省市区及街道已获取,已获取,榜单行政区/商圈归属,69226400,https://plat.dianping.com/app/femember-musteat-web/musteat-rank?cityid=218&notitlebar=1&ranktype=3,https://www.dianping.com/shop/69226400/photos/album,https://plat.dianping.com/app/femember-musteat-web/musteat-rank?cityid=218&notitlebar=1&ranktype=3
广东省,清远市,清城区,明兴猪肚鸡·清远27年老字号（西门塘总店）,广东省清远市清城区城北路西门塘4号,4.2,63,猪肚鸡,省市区及街道已获取,已获取,榜单行政区/商圈归属,2234686,https://plat.dianping.com/app/femember-musteat-web/musteat-rank?cityid=218&notitlebar=1&ranktype=3,https://www.dianping.com/shop/2234686/photos/album,https://plat.dianping.com/app/femember-musteat-web/musteat-rank?cityid=218&notitlebar=1&ranktype=3
广东省,清远市,英德市,五味农庄（宝墩湖店）,广东省清远市英德市392乡道双诚种植场南行260米,4.8,59,鲍汁黑豆腐,省市区及街道已获取,已获取,榜单行政区/商圈归属,126827132,https://plat.dianping.com/app/femember-musteat-web/musteat-rank?cityid=218&notitlebar=1&ranktype=3,https://www.dianping.com/shop/126827132/photos/album,https://plat.dianping.com/app/femember-musteat-web/musteat-rank?cityid=218&notitlebar=1&ranktype=3
广东省,清远市,英德市,新农门客家院,广东省清远市英德市593乡道横石塘镇仙桥村委会黄祖塘组40号,4.8,75,无花果浸鸡,省市区及街道已获取,已获取,榜单行政区/商圈归属,1632168652,https://plat.dianping.com/app/femember-musteat-web/musteat-rank?cityid=218&notitlebar=1&ranktype=3,https://www.dianping.com/shop/1632168652/photos/album,https://plat.dianping.com/app/femember-musteat-web/musteat-rank?cityid=218&notitlebar=1&ranktype=3
广东省,清远市,阳山县,连乡别院,广东省清远市阳山县雷公坑村蓬坑村8号,4.8,70,招牌自磨黑豆腐,省市区及街道已获取,已获取,榜单行政区/商圈归属,1229198148,https://plat.dianping.com/app/femember-musteat-web/musteat-rank?cityid=218&notitlebar=1&ranktype=3,https://www.dianping.com/shop/1229198148/photos/album,https://plat.dianping.com/app/femember-musteat-web/musteat-rank?cityid=218&notitlebar=1&ranktype=3
广东省,清远市,英德市,聚客农庄·农家特色美食,广东省清远市英德市九龙镇021乡道九龙中心小学后门斜对面（近洞天仙境）,4.6,60,红葱头蒸鸡,省市区及街道已获取,已获取,榜单行政区/商圈归属,831460618,https://plat.dianping.com/app/femember-musteat-web/musteat-rank?cityid=218&notitlebar=1&ranktype=3,https://www.dianping.com/shop/831460618/photos/album,https://plat.dianping.com/app/femember-musteat-web/musteat-rank?cityid=218&notitlebar=1&ranktype=3
广东省,清远市,清城区,帆荣农庄,广东省清远市清城区176乡道高田西坑张屋村10号,4.7,78,五指毛桃焗清远走地鸡,省市区及街道已获取,已获取,榜单行政区/商圈归属,108296285,https://plat.dianping.com/app/femember-musteat-web/musteat-rank?cityid=218&notitlebar=1&ranktype=3,https://www.dianping.com/shop/108296285/photos/album,https://plat.dianping.com/app/femember-musteat-web/musteat-rank?cityid=218&notitlebar=1&ranktype=3
广东省,东莞市,万江街道,亲戚屋企农家菜（下坝店）,广东省东莞市万江街道坝头社区下坝三坊八巷8号（即清吧村第二停车场旁边）,4.1,74,功夫鱼,省市及直管镇街/门牌已获取，无区县,已获取,榜单行政区/商圈归属,23571876,https://plat.dianping.com/app/femember-musteat-web/musteat-rank?cityid=219&notitlebar=1&ranktype=3,https://www.dianping.com/shop/23571876/photos/album,https://plat.dianping.com/app/femember-musteat-web/musteat-rank?cityid=219&notitlebar=1&ranktype=3
广东省,东莞市,长安镇,一姐靓粥·澳门水蟹粥（长安店）,广东省东莞市长安镇锦厦社区锦绣路293号锦悦商业中心B18号,4.4,81,招牌澳门水蟹粥,省市及直管镇街/门牌已获取，无区县,已获取,榜单行政区/商圈归属,98855030,https://plat.dianping.com/app/femember-musteat-web/musteat-rank?cityid=219&notitlebar=1&ranktype=3,https://www.dianping.com/shop/98855030/photos/album,https://plat.dianping.com/app/femember-musteat-web/musteat-rank?cityid=219&notitlebar=1&ranktype=3
广东省,东莞市,石排镇,鼎丰品味•家宴•非遗烧鹅（石排店）,广东省东莞市石排镇埔心村莲湖路18号综合楼1-2层,4.6,103,鲍汁有机黑豆腐,省市及直管镇街/门牌已获取，无区县,已获取,同店铺ID出现在榜单县级城市入口,75145594,https://plat.dianping.com/app/femember-musteat-web/musteat-rank?cityid=219&notitlebar=1&ranktype=3,https://www.dianping.com/shop/75145594/photos/album,https://plat.dianping.com/app/femember-musteat-web/musteat-rank?cityid=4466&notitlebar=1&ranktype=3
广东省,东莞市,东城街道,润泽园椰子鸡（汇一城店）,广东省东莞市东城街道鸿福路200号汇一城三区5号楼2楼228室（近6号门）,4.8,84,原味椰子鸡,省市及直管镇街/门牌已获取，无区县,已获取,榜单行政区/商圈归属,8023166,https://plat.dianping.com/app/femember-musteat-web/musteat-rank?cityid=219&notitlebar=1&ranktype=3,https://www.dianping.com/shop/8023166/photos/album,https://plat.dianping.com/app/femember-musteat-web/musteat-rank?cityid=219&notitlebar=1&ranktype=3
广东省,东莞市,莞城街道,鸟鹏烧鸟居酒屋（东城店）,广东省东莞市莞城街道东城西路东城段123号110室,4.8,120,烧鸟系列,省市及直管镇街/门牌已获取，无区县,已获取,榜单行政区/商圈归属,21804522,https://plat.dianping.com/app/femember-musteat-web/musteat-rank?cityid=219&notitlebar=1&ranktype=3,https://www.dianping.com/shop/21804522/photos/album,https://plat.dianping.com/app/femember-musteat-web/musteat-rank?cityid=219&notitlebar=1&ranktype=3
广东省,东莞市,东城街道,东海海都酒家（汇一城二区店）,广东省东莞市东城街道元美东路汇一城二区F栋6楼,4.9,104,海都虾饺皇,省市及直管镇街/门牌已获取，无区县,已获取,榜单行政区/商圈归属,2021968,https://plat.dianping.com/app/femember-musteat-web/musteat-rank?cityid=219&notitlebar=1&ranktype=3,https://www.dianping.com/shop/2021968/photos/album,https://plat.dianping.com/app/femember-musteat-web/musteat-rank?cityid=219&notitlebar=1&ranktype=3
广东省,东莞市,,悦得闲广式点心茶楼（东莞万象汇店）,广东省东莞市松山湖万象汇5层（科技三路与总部三路交叉口东北侧）,4.6,77,红粉米肠,省市及街道已获取，地级市直管镇街无区县,已获取,不虚构行政区：地级市直管镇街,1722791523,https://plat.dianping.com/app/femember-musteat-web/musteat-rank?cityid=219&notitlebar=1&ranktype=3,https://www.dianping.com/shop/1722791523/photos/album,https://plat.dianping.com/app/femember-musteat-web/musteat-rank?cityid=219&notitlebar=1&ranktype=3
广东省,东莞市,大朗镇,雄记烧鹅（圣堂店）,广东省东莞市大朗镇大朗圣堂新村87号,4.4,42,烧鹅粉,省市及直管镇街/门牌已获取，无区县,已获取,榜单行政区/商圈归属,65240805,https://plat.dianping.com/app/femember-musteat-web/musteat-rank?cityid=219&notitlebar=1&ranktype=3,https://www.dianping.com/shop/65240805/photos/album,https://plat.dianping.com/app/femember-musteat-web/musteat-rank?cityid=219&notitlebar=1&ranktype=3
广东省,东莞市,长安镇,元通寿司（名城店）,广东省东莞市长安镇锦绣路锦悦商业中心A1-A5,4.6,140,红豆沙,省市及直管镇街/门牌已获取，无区县,已获取,榜单行政区/商圈归属,3044977,https://plat.dianping.com/app/femember-musteat-web/musteat-rank?cityid=219&notitlebar=1&ranktype=3,https://www.dianping.com/shop/3044977/photos/album,https://plat.dianping.com/app/femember-musteat-web/musteat-rank?cityid=219&notitlebar=1&ranktype=3
广东省,东莞市,厚街镇,勇伯米粉汤,广东省东莞市厚街镇南环路11号首信海鲜市场内,4.3,41,米粉汤,省市及直管镇街/门牌已获取，无区县,已获取,榜单行政区/商圈归属,4700792,https://plat.dianping.com/app/femember-musteat-web/musteat-rank?cityid=219&notitlebar=1&ranktype=3,https://www.dianping.com/shop/4700792/photos/album,https://plat.dianping.com/app/femember-musteat-web/musteat-rank?cityid=219&notitlebar=1&ranktype=3
广东省,东莞市,石龙镇,和庆食馆（总店）,广东省东莞市石龙镇绿化西路大华名店城201号（第一、二层中场部分）,4.8,78,招牌石龙和庆豆皮鸡,省市及直管镇街/门牌已获取，无区县,已获取,榜单行政区/商圈归属,1994188,https://plat.dianping.com/app/femember-musteat-web/musteat-rank?cityid=219&notitlebar=1&ranktype=3,https://www.dianping.com/shop/1994188/photos/album,https://plat.dianping.com/app/femember-musteat-web/musteat-rank?cityid=219&notitlebar=1&ranktype=3
广东省,东莞市,大朗镇,CAMILLElife 卡蜜拉的生活（大朗店）,广东省东莞市大朗镇松佛路88号云慧创谷F栋102(红美针织隔壁),4.8,88,泰式青咖喱鸡配薄饼,省市及直管镇街/门牌已获取，无区县,已获取,榜单行政区/商圈归属,98139314,https://plat.dianping.com/app/femember-musteat-web/musteat-rank?cityid=219&notitlebar=1&ranktype=3,https://www.dianping.com/shop/98139314/photos/album,https://plat.dianping.com/app/femember-musteat-web/musteat-rank?cityid=219&notitlebar=1&ranktype=3
广东省,东莞市,东城街道,晓露·寿喜烧火锅·烤肉（万达店）,"广东省东莞市东城街道东纵路万达公馆11栋一楼120铺（近神州租车,近宝悦华智能停车场）",4.9,97,寿喜烧,省市及直管镇街/门牌已获取，无区县,已获取,榜单行政区/商圈归属,128467554,https://plat.dianping.com/app/femember-musteat-web/musteat-rank?cityid=219&notitlebar=1&ranktype=3,https://www.dianping.com/shop/128467554/photos/album,https://plat.dianping.com/app/femember-musteat-web/musteat-rank?cityid=219&notitlebar=1&ranktype=3
广东省,东莞市,莞城街道,火香烤肉韩餐（莞城万科店）,广东省东莞市莞城街道旗峰路200号万科中心5栋116铺,4.8,51,招牌黑椒鲜牛肉,省市及直管镇街/门牌已获取，无区县,已获取,榜单行政区/商圈归属,798665466,https://plat.dianping.com/app/femember-musteat-web/musteat-rank?cityid=219&notitlebar=1&ranktype=3,https://www.dianping.com/shop/798665466/photos/album,https://plat.dianping.com/app/femember-musteat-web/musteat-rank?cityid=219&notitlebar=1&ranktype=3
广东省,东莞市,南城街道,荣记超级烧（南城店）,广东省东莞市南城街道绿色路一巷5号108室,4.8,97,招牌吊龙,省市及直管镇街/门牌已获取，无区县,已获取,榜单行政区/商圈归属,773632319,https://plat.dianping.com/app/femember-musteat-web/musteat-rank?cityid=219&notitlebar=1&ranktype=3,https://www.dianping.com/shop/773632319/photos/album,https://plat.dianping.com/app/femember-musteat-web/musteat-rank?cityid=219&notitlebar=1&ranktype=3
广东省,东莞市,南城街道,小运河·啫啫（景湖时代城店）,广东省东莞市南城街道宏伟路1号1042星巴克旁,4.6,82,虾酱啫菜花,省市及直管镇街/门牌已获取，无区县,已获取,榜单行政区/商圈归属,132161861,https://plat.dianping.com/app/femember-musteat-web/musteat-rank?cityid=219&notitlebar=1&ranktype=3,https://www.dianping.com/shop/132161861/photos/album,https://plat.dianping.com/app/femember-musteat-web/musteat-rank?cityid=219&notitlebar=1&ranktype=3
广东省,东莞市,厚街镇,毋米粥（厚街店）,广东省东莞市厚街镇珊美大道1号(原107国道时尚电器旁),4.6,97,鲍汁豆腐,省市及直管镇街/门牌已获取，无区县,已获取,原始地址行政区,13698162,https://plat.dianping.com/app/femember-musteat-web/musteat-rank?cityid=219&notitlebar=1&ranktype=3,https://www.dianping.com/shop/13698162/photos/album,https://plat.dianping.com/app/femember-musteat-web/musteat-rank?cityid=219&notitlebar=1&ranktype=3
广东省,东莞市,,印象四季椰子鸡（汇一城店）,广东省东莞市南城街道鸿福路200号海德·汇一城二区二楼天桥连廊出口处,4.6,87,海南椰子鸡,省市及街道已获取，地级市直管镇街无区县,已获取,不虚构行政区：地级市直管镇街,27480211,https://plat.dianping.com/app/femember-musteat-web/musteat-rank?cityid=219&notitlebar=1&ranktype=3,https://www.dianping.com/shop/27480211/photos/album,https://plat.dianping.com/app/femember-musteat-web/musteat-rank?cityid=219&notitlebar=1&ranktype=3
广东省,东莞市,东城街道,海记·潮菜海鲜（东城主山店）,广东省东莞市东城街道银山商业街12号125室,4.7,101,潮汕卤水拼盘,省市及直管镇街/门牌已获取，无区县,已获取,榜单行政区/商圈归属,1702849180,https://plat.dianping.com/app/femember-musteat-web/musteat-rank?cityid=219&notitlebar=1&ranktype=3,https://www.dianping.com/shop/1702849180/photos/album,https://plat.dianping.com/app/femember-musteat-web/musteat-rank?cityid=219&notitlebar=1&ranktype=3
广东省,东莞市,万江街道,火汤港式牛肉火锅,广东省东莞市万江街道东堤路教育路A座8-9号,4.8,122,金牌冬阴功汤底,省市及直管镇街/门牌已获取，无区县,已获取,榜单行政区/商圈归属,18014606,https://plat.dianping.com/app/femember-musteat-web/musteat-rank?cityid=219&notitlebar=1&ranktype=3,https://www.dianping.com/shop/18014606/photos/album,https://plat.dianping.com/app/femember-musteat-web/musteat-rank?cityid=219&notitlebar=1&ranktype=3
广东省,中山市,石岐街道,金山记靓鸡·地道中山味（湖滨中路店）,广东省中山市石岐街道湖滨中路66号,4.3,77,红烧乳鸽,省市及直管镇街/门牌已获取，无区县,已获取,榜单行政区/商圈归属,4296037,https://plat.dianping.com/app/femember-musteat-web/musteat-rank?cityid=220&notitlebar=1&ranktype=3,https://www.dianping.com/shop/4296037/photos/album,https://plat.dianping.com/app/femember-musteat-web/musteat-rank?cityid=220&notitlebar=1&ranktype=3
广东省,中山市,南区街道,绿野仙踪生态食府,广东省中山市南区街道西环七路与105国道交叉口（南区曹边土名“溪角洋、老肖围、十八亩”土地）,4.6,101,招牌烧鹅,省市及直管镇街/门牌已获取，无区县,已获取,榜单行政区/商圈归属,66029076,https://plat.dianping.com/app/femember-musteat-web/musteat-rank?cityid=220&notitlebar=1&ranktype=3,https://www.dianping.com/shop/66029076/photos/album,https://plat.dianping.com/app/femember-musteat-web/musteat-rank?cityid=220&notitlebar=1&ranktype=3
广东省,中山市,石岐街道,正斗面家,广东省中山市石岐街道太平路后岗涌66号(光明路口),4.6,24,鲜虾正斗云吞,省市及直管镇街/门牌已获取，无区县,已获取,原始地址行政区,3460549,https://plat.dianping.com/app/femember-musteat-web/musteat-rank?cityid=220&notitlebar=1&ranktype=3,https://www.dianping.com/shop/3460549/photos/album,https://plat.dianping.com/app/femember-musteat-web/musteat-rank?cityid=220&notitlebar=1&ranktype=3
广东省,中山市,石岐街道,德云轩（石岐店）,广东省中山市石岐街道豪程路16号2幢首层2-5卡,4.3,53,蟹籽蒸烧卖,省市及直管镇街/门牌已获取，无区县,已获取,榜单行政区/商圈归属,8834425,https://plat.dianping.com/app/femember-musteat-web/musteat-rank?cityid=220&notitlebar=1&ranktype=3,https://www.dianping.com/shop/8834425/photos/album,https://plat.dianping.com/app/femember-musteat-web/musteat-rank?cityid=220&notitlebar=1&ranktype=3
广东省,中山市,石岐街道,丰味馆（雅景街店）,广东省中山市石岐街道豪程路雅景街5号,4.8,125,石岐乳鸽,省市及直管镇街/门牌已获取，无区县,已获取,榜单行政区/商圈归属,23511748,https://plat.dianping.com/app/femember-musteat-web/musteat-rank?cityid=220&notitlebar=1&ranktype=3,https://www.dianping.com/shop/23511748/photos/album,https://plat.dianping.com/app/femember-musteat-web/musteat-rank?cityid=220&notitlebar=1&ranktype=3
广东省,中山市,石岐街道,食掂,广东省中山市石岐街道康华路24号峰华28广场C座首层,4.4,30,蚝仔米粉,省市及直管镇街/门牌已获取，无区县,已获取,榜单行政区/商圈归属,1211818802,https://plat.dianping.com/app/femember-musteat-web/musteat-rank?cityid=220&notitlebar=1&ranktype=3,https://www.dianping.com/shop/1211818802/photos/album,https://plat.dianping.com/app/femember-musteat-web/musteat-rank?cityid=220&notitlebar=1&ranktype=3
广东省,中山市,石岐街道,木槿花韩式炭烤·熟成肉工坊（孙文东路店）,广东省中山市石岐街道孙文东路60号（半山翠苑公交车站旁）,4.7,79,熟成雪花黑牛五花肉,省市及直管镇街/门牌已获取，无区县,已获取,榜单行政区/商圈归属,4553902,https://plat.dianping.com/app/femember-musteat-web/musteat-rank?cityid=220&notitlebar=1&ranktype=3,https://www.dianping.com/shop/4553902/photos/album,https://plat.dianping.com/app/femember-musteat-web/musteat-rank?cityid=220&notitlebar=1&ranktype=3
广东省,中山市,横栏镇,老师美食海鲜泥虫粥店（横栏店）,广东省中山市横栏镇宝裕村跃进路11号之一首层第一卡,4.6,67,泥虫虾蟹粥,省市及直管镇街/门牌已获取，无区县,已获取,榜单行政区/商圈归属,92777395,https://plat.dianping.com/app/femember-musteat-web/musteat-rank?cityid=220&notitlebar=1&ranktype=3,https://www.dianping.com/shop/92777395/photos/album,https://plat.dianping.com/app/femember-musteat-web/musteat-rank?cityid=220&notitlebar=1&ranktype=3
广东省,中山市,小榄镇,港升鱼师傅·中山脆肉鲩,广东省中山市小榄镇同乐大街一路107号第13卡,4.4,83,生上脆肉鲩鱼片,省市及直管镇街/门牌已获取，无区县,已获取,榜单行政区/商圈归属,132836394,https://plat.dianping.com/app/femember-musteat-web/musteat-rank?cityid=220&notitlebar=1&ranktype=3,https://www.dianping.com/shop/132836394/photos/album,https://plat.dianping.com/app/femember-musteat-web/musteat-rank?cityid=220&notitlebar=1&ranktype=3
广东省,中山市,三乡镇,宝塘茶楼,广东省中山市三乡镇金光大道与金华路交叉口旁,4.3,70,凤爪,省市及直管镇街/门牌已获取，无区县,已获取,榜单行政区/商圈归属,92481491,https://plat.dianping.com/app/femember-musteat-web/musteat-rank?cityid=220&notitlebar=1&ranktype=3,https://www.dianping.com/shop/92481491/photos/album,https://plat.dianping.com/app/femember-musteat-web/musteat-rank?cityid=220&notitlebar=1&ranktype=3
广东省,中山市,三乡镇,金辉药膳鸽·驴肉特色火锅（三乡店）,广东省中山市三乡镇综合市场7栋13号,4.3,69,招牌脆皮红烧鸽,省市及直管镇街/门牌已获取，无区县,已获取,榜单行政区/商圈归属,8190046,https://plat.dianping.com/app/femember-musteat-web/musteat-rank?cityid=220&notitlebar=1&ranktype=3,https://www.dianping.com/shop/8190046/photos/album,https://plat.dianping.com/app/femember-musteat-web/musteat-rank?cityid=220&notitlebar=1&ranktype=3
广东省,中山市,石岐街道,浩辉饮食（南基路店）,广东省中山市石岐街道孙文西路步行街大笪地3号,4.2,26,招牌肉丸粥,省市及直管镇街/门牌已获取，无区县,已获取,榜单行政区/商圈归属,3547054,https://plat.dianping.com/app/femember-musteat-web/musteat-rank?cityid=220&notitlebar=1&ranktype=3,https://www.dianping.com/shop/3547054/photos/album,https://plat.dianping.com/app/femember-musteat-web/musteat-rank?cityid=220&notitlebar=1&ranktype=3
广东省,中山市,东凤镇,鸽鸟轩·乳鸽火锅（东凤店）,广东省中山市东凤镇东富路178号,4.7,66,药膳鸽,省市及直管镇街/门牌已获取，无区县,已获取,榜单行政区/商圈归属,20963683,https://plat.dianping.com/app/femember-musteat-web/musteat-rank?cityid=220&notitlebar=1&ranktype=3,https://www.dianping.com/shop/20963683/photos/album,https://plat.dianping.com/app/femember-musteat-web/musteat-rank?cityid=220&notitlebar=1&ranktype=3
广东省,中山市,石岐街道,上羊·蒙菜·冰煮羊·碳火烧烤LAB（清溪路店）,广东省中山市石岐街道青溪路163号4647室,4.2,89,阿尔巴斯清炖羔羊排,省市及直管镇街/门牌已获取，无区县,已获取,榜单行政区/商圈归属,597725083,https://plat.dianping.com/app/femember-musteat-web/musteat-rank?cityid=220&notitlebar=1&ranktype=3,https://www.dianping.com/shop/597725083/photos/album,https://plat.dianping.com/app/femember-musteat-web/musteat-rank?cityid=220&notitlebar=1&ranktype=3
广东省,中山市,东区街道,潮牛匠·地道潮汕鲜牛肉火锅（万谷广场店）,广东省中山市东区街道兴龙路10号,4.8,76,吊龙,省市及直管镇街/门牌已获取，无区县,已获取,榜单行政区/商圈归属,525055995,https://plat.dianping.com/app/femember-musteat-web/musteat-rank?cityid=220&notitlebar=1&ranktype=3,https://www.dianping.com/shop/525055995/photos/album,https://plat.dianping.com/app/femember-musteat-web/musteat-rank?cityid=220&notitlebar=1&ranktype=3
广东省,中山市,石岐街道,益寿炖品店,广东省中山市石岐街道民生路188号(近民生社区居委会),4.3,33,原只椰子炖竹丝鸡,省市及直管镇街/门牌已获取，无区县,已获取,原始地址行政区,5703360,https://plat.dianping.com/app/femember-musteat-web/musteat-rank?cityid=220&notitlebar=1&ranktype=3,https://www.dianping.com/shop/5703360/photos/album,https://plat.dianping.com/app/femember-musteat-web/musteat-rank?cityid=220&notitlebar=1&ranktype=3
广东省,中山市,三角镇,花果山庄•现烤荔枝柴烧鹅,广东省中山市三角镇平安路73号,4.6,70,果木烤烧鹅,省市及直管镇街/门牌已获取，无区县,已获取,榜单行政区/商圈归属,10495998,https://plat.dianping.com/app/femember-musteat-web/musteat-rank?cityid=220&notitlebar=1&ranktype=3,https://www.dianping.com/shop/10495998/photos/album,https://plat.dianping.com/app/femember-musteat-web/musteat-rank?cityid=220&notitlebar=1&ranktype=3
广东省,中山市,东区街道,松本寿司工坊（利和广场店）,广东省中山市东区街道华夏街50号底层2卡之6号,4.8,90,厚烧法国鹅肝寿司,省市及直管镇街/门牌已获取，无区县,已获取,榜单行政区/商圈归属,56550992,https://plat.dianping.com/app/femember-musteat-web/musteat-rank?cityid=220&notitlebar=1&ranktype=3,https://www.dianping.com/shop/56550992/photos/album,https://plat.dianping.com/app/femember-musteat-web/musteat-rank?cityid=220&notitlebar=1&ranktype=3
广东省,潮州市,湘桥区,阿荣砂锅粥（永护路店）,广东省潮州市湘桥区永护路2号（广东农村信用社对面),4.6,85,海鲜砂锅粥,省市区及街道已获取,已获取,榜单行政区/商圈归属,17933550,https://plat.dianping.com/app/femember-musteat-web/musteat-rank?cityid=221&notitlebar=1&ranktype=3,https://www.dianping.com/shop/17933550/photos/album,https://plat.dianping.com/app/femember-musteat-web/musteat-rank?cityid=221&notitlebar=1&ranktype=3
广东省,潮州市,湘桥区,有味道鱼生•砂锅粥•潮州菜•生腌（牌坊街店）,"广东省潮州市湘桥区环城西路20号（本店不与网约车回扣合作,打网约车时警惕恶意抹黑本店的人）",4.8,96,鱼生,省市区及街道已获取,已获取,榜单行政区/商圈归属,1669443858,https://plat.dianping.com/app/femember-musteat-web/musteat-rank?cityid=221&notitlebar=1&ranktype=3,https://www.dianping.com/shop/1669443858/photos/album,https://plat.dianping.com/app/femember-musteat-web/musteat-rank?cityid=221&notitlebar=1&ranktype=3
广东省,潮州市,湘桥区,韩上楼,广东省潮州市湘桥区凤洲西路凤凰洲公园旁（近韩江大桥）,4.5,105,金沙鲜虾红米肠,省市区及街道已获取,已获取,榜单行政区/商圈归属,6857158,https://plat.dianping.com/app/femember-musteat-web/musteat-rank?cityid=221&notitlebar=1&ranktype=3,https://www.dianping.com/shop/6857158/photos/album,https://plat.dianping.com/app/femember-musteat-web/musteat-rank?cityid=221&notitlebar=1&ranktype=3
广东省,潮州市,湘桥区,老庄牛杂猪杂（新城花园店）,广东省潮州市湘桥区彩虹东路与枫春路交叉口南100米路东（近65度咖啡）,4.7,22,牛肉牛杂蚝粿条,省市区及街道已获取,已获取,榜单行政区/商圈归属,73506181,https://plat.dianping.com/app/femember-musteat-web/musteat-rank?cityid=221&notitlebar=1&ranktype=3,https://www.dianping.com/shop/73506181/photos/album,https://plat.dianping.com/app/femember-musteat-web/musteat-rank?cityid=221&notitlebar=1&ranktype=3
广东省,潮州市,湘桥区,官塘弟少坚牛肉火锅（南较店）,"广东省潮州市湘桥区永春南路72号（本店不与网约车回扣合作,打网约车时警惕恶意抹黑本店的）",4.7,50,吊龙,省市区及街道已获取,已获取,榜单行政区/商圈归属,9840466,https://plat.dianping.com/app/femember-musteat-web/musteat-rank?cityid=221&notitlebar=1&ranktype=3,https://www.dianping.com/shop/9840466/photos/album,https://plat.dianping.com/app/femember-musteat-web/musteat-rank?cityid=221&notitlebar=1&ranktype=3
广东省,潮州市,湘桥区,潮盛砂锅粥·古法生米,广东省潮州市湘桥区春荣路北关工业大厦1层18、20号铺面,4.9,59,虾蟹双拼砂锅粥2人份,省市区及街道已获取,已获取,榜单行政区/商圈归属,50671435,https://plat.dianping.com/app/femember-musteat-web/musteat-rank?cityid=221&notitlebar=1&ranktype=3,https://www.dianping.com/shop/50671435/photos/album,https://plat.dianping.com/app/femember-musteat-web/musteat-rank?cityid=221&notitlebar=1&ranktype=3
广东省,潮州市,湘桥区,官塘阿歪鱼生·生腌·砂锅粥（电信路店）,"广东省潮州市湘桥区电信路名邦花苑B区30号店面（注意:本店不与网约车回扣合作,警惕恶意抹黑本店的）",4.9,103,虾生,省市区及街道已获取,已获取,榜单行政区/商圈归属,9841953,https://plat.dianping.com/app/femember-musteat-web/musteat-rank?cityid=221&notitlebar=1&ranktype=3,https://www.dianping.com/shop/9841953/photos/album,https://plat.dianping.com/app/femember-musteat-web/musteat-rank?cityid=221&notitlebar=1&ranktype=3
广东省,潮州市,湘桥区,官塘兄弟·潮汕牛肉店（官塘总店）,广东省潮州市湘桥区官塘镇镇道口西侧5号铺面,4.7,84,吊龙,省市区及街道已获取,已获取,榜单行政区/商圈归属,3547861,https://plat.dianping.com/app/femember-musteat-web/musteat-rank?cityid=221&notitlebar=1&ranktype=3,https://www.dianping.com/shop/3547861/photos/album,https://plat.dianping.com/app/femember-musteat-web/musteat-rank?cityid=221&notitlebar=1&ranktype=3
广东省,潮州市,湘桥区,西门鳝鱼粿条（新泰里店）,广东省潮州市湘桥区新桥东路新泰里2号首层门市,4.1,35,鳝鱼炒粿条,省市区及街道已获取,已获取,榜单行政区/商圈归属,41157066,https://plat.dianping.com/app/femember-musteat-web/musteat-rank?cityid=221&notitlebar=1&ranktype=3,https://www.dianping.com/shop/41157066/photos/album,https://plat.dianping.com/app/femember-musteat-web/musteat-rank?cityid=221&notitlebar=1&ranktype=3
广东省,潮州市,湘桥区,枫春白粥（腾瑞柏嘉名庭店）,广东省潮州市湘桥区枫春南路228号腾瑞柏嘉名庭10号楼1楼13-14号沿街商铺,4.7,82,白粥,省市区及街道已获取,已获取,榜单行政区/商圈归属,1418639854,https://plat.dianping.com/app/femember-musteat-web/musteat-rank?cityid=221&notitlebar=1&ranktype=3,https://www.dianping.com/shop/1418639854/photos/album,https://plat.dianping.com/app/femember-musteat-web/musteat-rank?cityid=221&notitlebar=1&ranktype=3
广东省,揭阳市,榕城区,鸿兴家·非遗潮汕菜（临江北路店）,广东省揭阳市榕城区新和天悦鸿兴家,4.4,114,招牌.鲍鱼煲仔饭,省市区及街道已获取,已获取,榜单行政区/商圈归属,1996356797,https://plat.dianping.com/app/femember-musteat-web/musteat-rank?cityid=222&notitlebar=1&ranktype=3,https://www.dianping.com/shop/1996356797/photos/album,https://plat.dianping.com/app/femember-musteat-web/musteat-rank?cityid=222&notitlebar=1&ranktype=3
广东省,揭阳市,榕城区,三毛砂锅粥,广东省揭阳市榕城区嘉信科技北,4.5,55,海鲜砂锅粥（虾 蟹 黄鳝 生鱼 鱿鱼 田鸡  水鱼）,省市区及街道已获取,已获取,榜单行政区/商圈归属,1113599187,https://plat.dianping.com/app/femember-musteat-web/musteat-rank?cityid=222&notitlebar=1&ranktype=3,https://www.dianping.com/shop/1113599187/photos/album,https://plat.dianping.com/app/femember-musteat-web/musteat-rank?cityid=222&notitlebar=1&ranktype=3
广东省,揭阳市,榕城区,卢记牛肉店（新翠苑店）,广东省揭阳市榕城区新河村新翠苑C幢13号（妇幼保健院对面巷子）,4.7,112,吊龙牛肉拼匙仁,省市区及街道已获取,已获取,榜单行政区/商圈归属,80503481,https://plat.dianping.com/app/femember-musteat-web/musteat-rank?cityid=222&notitlebar=1&ranktype=3,https://www.dianping.com/shop/80503481/photos/album,https://plat.dianping.com/app/femember-musteat-web/musteat-rank?cityid=222&notitlebar=1&ranktype=3
广东省,揭阳市,榕城区,东兴生鱼粥,广东省揭阳市榕城区望江北路区政府对面,4.7,72,鱼虾蟹粥,省市区及街道已获取,已获取,榜单行政区/商圈归属,22150426,https://plat.dianping.com/app/femember-musteat-web/musteat-rank?cityid=222&notitlebar=1&ranktype=3,https://www.dianping.com/shop/22150426/photos/album,https://plat.dianping.com/app/femember-musteat-web/musteat-rank?cityid=222&notitlebar=1&ranktype=3
广东省,揭阳市,榕城区,新合兴牛肉火锅（榕城古城店）,广东省揭阳市榕城区望江北路桥头围3-4号,4.5,82,吊龙,省市区及街道已获取,已获取,榜单行政区/商圈归属,97715667,https://plat.dianping.com/app/femember-musteat-web/musteat-rank?cityid=222&notitlebar=1&ranktype=3,https://www.dianping.com/shop/97715667/photos/album,https://plat.dianping.com/app/femember-musteat-web/musteat-rank?cityid=222&notitlebar=1&ranktype=3
广东省,揭阳市,普宁市,惜亩蟹汤,广东省揭阳市普宁市龙华里龙华街60栋,4.7,109,熟地蟹汤,省市区及街道已获取,已获取,榜单行政区/商圈归属,1719544237,https://plat.dianping.com/app/femember-musteat-web/musteat-rank?cityid=222&notitlebar=1&ranktype=3,https://www.dianping.com/shop/1719544237/photos/album,https://plat.dianping.com/app/femember-musteat-web/musteat-rank?cityid=222&notitlebar=1&ranktype=3
广东省,揭阳市,普宁市,潮汕小厨·大排档（商品城店）,广东省揭阳市普宁市中国·普宁国际商品城4楼（点心传说楼上）,4.3,84,经典卤水拼盘,省市区及街道已获取,已获取,同店铺ID出现在榜单县级城市入口,719629354,https://plat.dianping.com/app/femember-musteat-web/musteat-rank?cityid=222&notitlebar=1&ranktype=3,https://www.dianping.com/shop/719629354/photos/album,https://plat.dianping.com/app/femember-musteat-web/musteat-rank?cityid=1493&notitlebar=1&ranktype=3
广东省,揭阳市,榕城区,白塔喜弟牛肉店,广东省揭阳市榕城区望江北路:白塔弟牛肉店,4.4,89,吊龙,省市区及街道已获取,已获取,榜单行政区/商圈归属,102072989,https://plat.dianping.com/app/femember-musteat-web/musteat-rank?cityid=222&notitlebar=1&ranktype=3,https://www.dianping.com/shop/102072989/photos/album,https://plat.dianping.com/app/femember-musteat-web/musteat-rank?cityid=222&notitlebar=1&ranktype=3
广东省,揭阳市,普宁市,新坛海鲜肠粉,广东省揭阳市普宁市长青路56幢3号,4.2,28,海鲜肠粉,省市区及街道已获取,已获取,榜单行政区/商圈归属,113901910,https://plat.dianping.com/app/femember-musteat-web/musteat-rank?cityid=222&notitlebar=1&ranktype=3,https://www.dianping.com/shop/113901910/photos/album,https://plat.dianping.com/app/femember-musteat-web/musteat-rank?cityid=222&notitlebar=1&ranktype=3
广东省,揭阳市,榕城区,兄弟牛肉·烤牛肉（环市东路店）,广东省揭阳市榕城区江夏村教堂前,4.5,69,烤牛舌,省市区及街道已获取,已获取,榜单行政区/商圈归属,114743661,https://plat.dianping.com/app/femember-musteat-web/musteat-rank?cityid=222&notitlebar=1&ranktype=3,https://www.dianping.com/shop/114743661/photos/album,https://plat.dianping.com/app/femember-musteat-web/musteat-rank?cityid=222&notitlebar=1&ranktype=3
广东省,云浮市,云城区,金品轩茶楼,广东省云浮市云城区云城街道兴云东路市汽车总站斜对面(原和平大饭店),4.2,63,金品轩虾饺皇,省市区及街道已获取,已获取,榜单行政区/商圈归属,21811004,https://plat.dianping.com/app/femember-musteat-web/musteat-rank?cityid=223&notitlebar=1&ranktype=3,https://www.dianping.com/shop/21811004/photos/album,https://plat.dianping.com/app/femember-musteat-web/musteat-rank?cityid=223&notitlebar=1&ranktype=3
广东省,云浮市,新兴县,潮州通记牛肉火锅（新兴店）,广东省云浮市新兴县翔顺城北花园西北育才南路东,4,66,手打鲜牛肉丸,省市区及街道已获取,已获取,同店铺ID出现在榜单县级城市入口,123065766,https://plat.dianping.com/app/femember-musteat-web/musteat-rank?cityid=223&notitlebar=1&ranktype=3,https://www.dianping.com/shop/123065766/photos/album,https://plat.dianping.com/app/femember-musteat-web/musteat-rank?cityid=1515&notitlebar=1&ranktype=3
广东省,云浮市,云城区,莲姐肠粉店,广东省云浮市云城区建设北路与玉皇路交叉口东南50米,4.3,10,肉蛋肠,省市区及街道已获取,已获取,榜单行政区/商圈归属,105891220,https://plat.dianping.com/app/femember-musteat-web/musteat-rank?cityid=223&notitlebar=1&ranktype=3,https://www.dianping.com/shop/105891220/photos/album,https://plat.dianping.com/app/femember-musteat-web/musteat-rank?cityid=223&notitlebar=1&ranktype=3
广东省,云浮市,新兴县,中兴牛仔骨餐厅,广东省云浮市新兴县上街149号,4.1,60,牛仔骨,省市区及街道已获取,已获取,榜单行政区/商圈归属,106202615,https://plat.dianping.com/app/femember-musteat-web/musteat-rank?cityid=223&notitlebar=1&ranktype=3,https://www.dianping.com/shop/106202615/photos/album,https://plat.dianping.com/app/femember-musteat-web/musteat-rank?cityid=223&notitlebar=1&ranktype=3
广东省,云浮市,新兴县,筠悦茶楼（凤凰广场旗舰店）,广东省云浮市新兴县东升路8号翔顺凤凰广场1-3幢二层37号、50号商铺,4.1,51,避风塘虾饺皇,省市区及街道已获取,已获取,同店铺ID出现在榜单县级城市入口,97041531,https://plat.dianping.com/app/femember-musteat-web/musteat-rank?cityid=223&notitlebar=1&ranktype=3,https://www.dianping.com/shop/97041531/photos/album,https://plat.dianping.com/app/femember-musteat-web/musteat-rank?cityid=1515&notitlebar=1&ranktype=3
广东省,云浮市,新兴县,天强农家菜馆,广东省云浮市新兴县六祖镇六祖大道樟村龙凤路（近龙山国恩寺）,4.4,71,家乡炆血鸭,省市区及街道已获取,已获取,同店铺ID出现在榜单县级城市入口,3218401,https://plat.dianping.com/app/femember-musteat-web/musteat-rank?cityid=223&notitlebar=1&ranktype=3,https://www.dianping.com/shop/3218401/photos/album,https://plat.dianping.com/app/femember-musteat-web/musteat-rank?cityid=1515&notitlebar=1&ranktype=3
广东省,云浮市,云城区,金香河口肠粉（河滨东路店）,广东省云浮市云城区河滨东路272号,4.2,9,肉蛋肠粉,省市区及街道已获取,已获取,榜单行政区/商圈归属,9842317,https://plat.dianping.com/app/femember-musteat-web/musteat-rank?cityid=223&notitlebar=1&ranktype=3,https://www.dianping.com/shop/9842317/photos/album,https://plat.dianping.com/app/femember-musteat-web/musteat-rank?cityid=223&notitlebar=1&ranktype=3
广西壮族自治区,南宁市,西乡塘区,梁阿婆廿年老牌扣肉糯米饭,广西壮族自治区南宁市西乡塘区永宁街华兴里1-4号,4.4,16,扣肉香肠糯米饭,省市区及街道已获取,已获取,榜单行政区/商圈归属,93332962,https://plat.dianping.com/app/femember-musteat-web/musteat-rank?cityid=224&notitlebar=1&ranktype=3,https://www.dianping.com/shop/93332962/photos/album,https://plat.dianping.com/app/femember-musteat-web/musteat-rank?cityid=224&notitlebar=1&ranktype=3
广西壮族自治区,南宁市,西乡塘区,PHOVIET越南粉（城市碧园店）,广西壮族自治区南宁市西乡塘区明秀西路122号城市碧园10栋10-11A号,4.7,17,越南鸡肉汤粉,省市区及街道已获取,已获取,榜单行政区/商圈归属,1851075704,https://plat.dianping.com/app/femember-musteat-web/musteat-rank?cityid=224&notitlebar=1&ranktype=3,https://www.dianping.com/shop/1851075704/photos/album,https://plat.dianping.com/app/femember-musteat-web/musteat-rank?cityid=224&notitlebar=1&ranktype=3
广西壮族自治区,南宁市,青秀区,新实惠牛肉牛杂火锅（东葛店）,广西壮族自治区南宁市青秀区茅桥路2号南宁润华四季大酒店1层,4.7,59,生料牛杂,省市区及街道已获取,已获取,榜单行政区/商圈归属,1950484258,https://plat.dianping.com/app/femember-musteat-web/musteat-rank?cityid=224&notitlebar=1&ranktype=3,https://www.dianping.com/shop/1950484258/photos/album,https://plat.dianping.com/app/femember-musteat-web/musteat-rank?cityid=224&notitlebar=1&ranktype=3
广西壮族自治区,南宁市,青秀区,樾餐厅泰式海鲜火锅（民歌湖店）,"广西壮族自治区南宁市青秀区金浦路23号民歌湖国际音乐小镇A3-2-2号（近民歌湖停车场1号门,浦发银行对面）",4.8,105,泰式冬阴功锅底,省市区及街道已获取,已获取,榜单行政区/商圈归属,97544503,https://plat.dianping.com/app/femember-musteat-web/musteat-rank?cityid=224&notitlebar=1&ranktype=3,https://www.dianping.com/shop/97544503/photos/album,https://plat.dianping.com/app/femember-musteat-web/musteat-rank?cityid=224&notitlebar=1&ranktype=3
广西壮族自治区,南宁市,青秀区,清河居黑毛和牛·黄油熟成烤肉·活鳗鱼（竹溪大道店）,广西壮族自治区南宁市青秀区竹溪大道14-1号,4.6,81,精品五花肉,省市区及街道已获取,已获取,榜单行政区/商圈归属,9099611,https://plat.dianping.com/app/femember-musteat-web/musteat-rank?cityid=224&notitlebar=1&ranktype=3,https://www.dianping.com/shop/9099611/photos/album,https://plat.dianping.com/app/femember-musteat-web/musteat-rank?cityid=224&notitlebar=1&ranktype=3
广西壮族自治区,南宁市,青秀区,甘家界柠檬鸭（春晖店）,广西壮族自治区南宁市青秀区民族大道137号春晖花园A区二层商铺,4.5,81,甘家界柠檬鸭,省市区及街道已获取,已获取,榜单行政区/商圈归属,79564173,https://plat.dianping.com/app/femember-musteat-web/musteat-rank?cityid=224&notitlebar=1&ranktype=3,https://www.dianping.com/shop/79564173/photos/album,https://plat.dianping.com/app/femember-musteat-web/musteat-rank?cityid=224&notitlebar=1&ranktype=3
广西壮族自治区,南宁市,江南区,瑶王府·广西菜（金阳路店）,广西壮族自治区南宁市江南区金阳路中房乐汇广场B区2楼201号、202号,4.6,83,瑶家手工自磨豆腐酿,省市区及街道已获取,已获取,榜单行政区/商圈归属,127842093,https://plat.dianping.com/app/femember-musteat-web/musteat-rank?cityid=224&notitlebar=1&ranktype=3,https://www.dianping.com/shop/127842093/photos/album,https://plat.dianping.com/app/femember-musteat-web/musteat-rank?cityid=224&notitlebar=1&ranktype=3
广西壮族自治区,南宁市,青秀区,侏罗纪爆炒生料（柳沙三兴花园店）,广西壮族自治区南宁市青秀区柳沙路16号柳沙三兴花园,4.5,68,牛杂拼盘,省市区及街道已获取,已获取,榜单行政区/商圈归属,946790541,https://plat.dianping.com/app/femember-musteat-web/musteat-rank?cityid=224&notitlebar=1&ranktype=3,https://www.dianping.com/shop/946790541/photos/album,https://plat.dianping.com/app/femember-musteat-web/musteat-rank?cityid=224&notitlebar=1&ranktype=3
广西壮族自治区,南宁市,兴宁区,有嘢食私房菜（西关新天地店）,广西壮族自治区南宁市兴宁区西关路2号西关新天地7楼,4.5,78,招牌柠檬鲈鱼,省市区及街道已获取,已获取,榜单行政区/商圈归属,24010298,https://plat.dianping.com/app/femember-musteat-web/musteat-rank?cityid=224&notitlebar=1&ranktype=3,https://www.dianping.com/shop/24010298/photos/album,https://plat.dianping.com/app/femember-musteat-web/musteat-rank?cityid=224&notitlebar=1&ranktype=3
广西壮族自治区,南宁市,青秀区,刀客炭烤羊排（埌东店）,广西壮族自治区南宁市青秀区民族大道182号金旺角国际大酒店附楼一楼13号铺,4.5,85,碳烤羊排,省市区及街道已获取,已获取,榜单行政区/商圈归属,17491788,https://plat.dianping.com/app/femember-musteat-web/musteat-rank?cityid=224&notitlebar=1&ranktype=3,https://www.dianping.com/shop/17491788/photos/album,https://plat.dianping.com/app/femember-musteat-web/musteat-rank?cityid=224&notitlebar=1&ranktype=3
广西壮族自治区,南宁市,青秀区,秀才米粉（悦宾路埌东店）,广西壮族自治区南宁市青秀区悦宾路3号埌东12组11栋2号底商,4.5,14,脆皮粉,省市区及街道已获取,已获取,榜单行政区/商圈归属,10548436,https://plat.dianping.com/app/femember-musteat-web/musteat-rank?cityid=224&notitlebar=1&ranktype=3,https://www.dianping.com/shop/10548436/photos/album,https://plat.dianping.com/app/femember-musteat-web/musteat-rank?cityid=224&notitlebar=1&ranktype=3
广西壮族自治区,南宁市,青秀区,威记烧嘢·南宁烧烤·超级生牛（绿地店）,广西壮族自治区南宁市青秀区东葛路161号绿地中央广场商业街一层A2-01a号,4.4,72,威记生牛,省市区及街道已获取,已获取,榜单行政区/商圈归属,60819639,https://plat.dianping.com/app/femember-musteat-web/musteat-rank?cityid=224&notitlebar=1&ranktype=3,https://www.dianping.com/shop/60819639/photos/album,https://plat.dianping.com/app/femember-musteat-web/musteat-rank?cityid=224&notitlebar=1&ranktype=3
广西壮族自治区,南宁市,青秀区,捌零壹牛杂·爆炒生料（凤岭北店）,广西壮族自治区南宁市青秀区津头街道云景路11号春晖花园C区商业街2号商铺,4.7,61,老友牛杂,省市区及街道已获取,已获取,榜单行政区/商圈归属,1934606301,https://plat.dianping.com/app/femember-musteat-web/musteat-rank?cityid=224&notitlebar=1&ranktype=3,https://www.dianping.com/shop/1934606301/photos/album,https://plat.dianping.com/app/femember-musteat-web/musteat-rank?cityid=224&notitlebar=1&ranktype=3
广西壮族自治区,南宁市,青秀区,顶鲜雪花牛肉火锅（桂雅店）,广西壮族自治区南宁市青秀区桂雅路6号凤岭园艺场新村住宅楼3栋2层01号商铺,4.7,83,吊龙,省市区及街道已获取,已获取,榜单行政区/商圈归属,58001401,https://plat.dianping.com/app/femember-musteat-web/musteat-rank?cityid=224&notitlebar=1&ranktype=3,https://www.dianping.com/shop/58001401/photos/album,https://plat.dianping.com/app/femember-musteat-web/musteat-rank?cityid=224&notitlebar=1&ranktype=3
广西壮族自治区,南宁市,青秀区,邕大唐卷筒粉（埌西总店）,广西壮族自治区南宁市青秀区津头街道金洲路埌西29栋5号(近埌西菜市),4.4,8,豆角肉沫,省市区及街道已获取,已获取,榜单行政区/商圈归属,14159140,https://plat.dianping.com/app/femember-musteat-web/musteat-rank?cityid=224&notitlebar=1&ranktype=3,https://www.dianping.com/shop/14159140/photos/album,https://plat.dianping.com/app/femember-musteat-web/musteat-rank?cityid=224&notitlebar=1&ranktype=3
广西壮族自治区,南宁市,青秀区,莱茉莉·品质两广菜（东葛店）,广西壮族自治区南宁市青秀区东葛路62-1号（中医药大学第一附属医院停车场对面）,4.7,69,山黄皮灌汤烧鹅份,省市区及街道已获取,已获取,榜单行政区/商圈归属,103595616,https://plat.dianping.com/app/femember-musteat-web/musteat-rank?cityid=224&notitlebar=1&ranktype=3,https://www.dianping.com/shop/103595616/photos/album,https://plat.dianping.com/app/femember-musteat-web/musteat-rank?cityid=224&notitlebar=1&ranktype=3
广西壮族自治区,南宁市,西乡塘区,七叔家宴家常广西菜（明秀东路店）,广西壮族自治区南宁市西乡塘区明秀东路196号,4.6,62,七叔自制豆腐,省市区及街道已获取,已获取,榜单行政区/商圈归属,4513753,https://plat.dianping.com/app/femember-musteat-web/musteat-rank?cityid=224&notitlebar=1&ranktype=3,https://www.dianping.com/shop/4513753/photos/album,https://plat.dianping.com/app/femember-musteat-web/musteat-rank?cityid=224&notitlebar=1&ranktype=3
广西壮族自治区,南宁市,青秀区,品其味汤包（广园店）,广西壮族自治区南宁市青秀区广园路10号幸福家园小区29栋一楼10-3号商铺,4.2,25,小笼灌汤包,省市区及街道已获取,已获取,榜单行政区/商圈归属,4672904,https://plat.dianping.com/app/femember-musteat-web/musteat-rank?cityid=224&notitlebar=1&ranktype=3,https://www.dianping.com/shop/4672904/photos/album,https://plat.dianping.com/app/femember-musteat-web/musteat-rank?cityid=224&notitlebar=1&ranktype=3
广西壮族自治区,南宁市,青秀区,啫啫村·生料啫啫煲（埌西店）,广西壮族自治区南宁市青秀区桂春路埌西三组10栋1号,4.7,68,生啫牛肉煲,省市区及街道已获取,已获取,榜单行政区/商圈归属,1262051696,https://plat.dianping.com/app/femember-musteat-web/musteat-rank?cityid=224&notitlebar=1&ranktype=3,https://www.dianping.com/shop/1262051696/photos/album,https://plat.dianping.com/app/femember-musteat-web/musteat-rank?cityid=224&notitlebar=1&ranktype=3
广西壮族自治区,南宁市,青秀区,诚如金·南宁本地菜（枫林路店）,广西壮族自治区南宁市青秀区枫林路19号保利童心缘2楼,4.6,73,广西老友鱼,省市区及街道已获取,已获取,榜单行政区/商圈归属,40157774,https://plat.dianping.com/app/femember-musteat-web/musteat-rank?cityid=224&notitlebar=1&ranktype=3,https://www.dianping.com/shop/40157774/photos/album,https://plat.dianping.com/app/femember-musteat-web/musteat-rank?cityid=224&notitlebar=1&ranktype=3
广西壮族自治区,柳州市,鱼峰区,金弟炒螺蛳粉（驾鹤店）,广西壮族自治区柳州市鱼峰区驾鹤路3号国泰大厦1-13号,4.3,22,炒螺蛳粉,省市区及街道已获取,已获取,榜单行政区/商圈归属,1267750743,https://plat.dianping.com/app/femember-musteat-web/musteat-rank?cityid=225&notitlebar=1&ranktype=3,https://www.dianping.com/shop/1267750743/photos/album,https://plat.dianping.com/app/femember-musteat-web/musteat-rank?cityid=225&notitlebar=1&ranktype=3
广西壮族自治区,柳州市,城中区,民高螺蛳粉,广西壮族自治区柳州市城中区广雅路北四巷6栋,4.6,16,招牌螺蛳粉,省市区及街道已获取,已获取,榜单行政区/商圈归属,1431924484,https://plat.dianping.com/app/femember-musteat-web/musteat-rank?cityid=225&notitlebar=1&ranktype=3,https://www.dianping.com/shop/1431924484/photos/album,https://plat.dianping.com/app/femember-musteat-web/musteat-rank?cityid=225&notitlebar=1&ranktype=3
广西壮族自治区,柳州市,鱼峰区,蒙记老牌豆浆,广西壮族自治区柳州市鱼峰区水南路211号1-5门面,4.2,10,香浓豆浆,省市区及街道已获取,已获取,榜单行政区/商圈归属,98713364,https://plat.dianping.com/app/femember-musteat-web/musteat-rank?cityid=225&notitlebar=1&ranktype=3,https://www.dianping.com/shop/98713364/photos/album,https://plat.dianping.com/app/femember-musteat-web/musteat-rank?cityid=225&notitlebar=1&ranktype=3
广西壮族自治区,柳州市,城中区,文惠桥头大华干捞粉,广西壮族自治区柳州市城中区市中心罗池路金谷大厦,4.2,13,大华干捞粉,省市区及街道已获取,已获取,榜单行政区/商圈归属,1452364729,https://plat.dianping.com/app/femember-musteat-web/musteat-rank?cityid=225&notitlebar=1&ranktype=3,https://www.dianping.com/shop/1452364729/photos/album,https://plat.dianping.com/app/femember-musteat-web/musteat-rank?cityid=225&notitlebar=1&ranktype=3
广西壮族自治区,柳州市,城中区,铛牛佬牛肉牛杂火锅（五星步行街广场店）,广西壮族自治区柳州市城中区市中心锦业锦城1号门面1号,4.5,65,凉拌牛杂,省市区及街道已获取,已获取,榜单行政区/商圈归属,1788217441,https://plat.dianping.com/app/femember-musteat-web/musteat-rank?cityid=225&notitlebar=1&ranktype=3,https://www.dianping.com/shop/1788217441/photos/album,https://plat.dianping.com/app/femember-musteat-web/musteat-rank?cityid=225&notitlebar=1&ranktype=3
广西壮族自治区,柳州市,鱼峰区,双仁麻辣鱼馆（柳东总店）,广西壮族自治区柳州市鱼峰区新柳大道仁悦商业中心9号楼二层,4.5,77,双仁招牌麻辣鱼,省市区及街道已获取,已获取,榜单行政区/商圈归属,8714912,https://plat.dianping.com/app/femember-musteat-web/musteat-rank?cityid=225&notitlebar=1&ranktype=3,https://www.dianping.com/shop/8714912/photos/album,https://plat.dianping.com/app/femember-musteat-web/musteat-rank?cityid=225&notitlebar=1&ranktype=3
广西壮族自治区,柳州市,柳北区,柳喜辣·超级广西烧烤（跃进总店）,广西壮族自治区柳州市柳北区跃进路58号温馨阳光4栋1层1-7号门面,4.4,72,鱼籽生牛,省市区及街道已获取,已获取,榜单行政区/商圈归属,129762020,https://plat.dianping.com/app/femember-musteat-web/musteat-rank?cityid=225&notitlebar=1&ranktype=3,https://www.dianping.com/shop/129762020/photos/album,https://plat.dianping.com/app/femember-musteat-web/musteat-rank?cityid=225&notitlebar=1&ranktype=3
广西壮族自治区,柳州市,柳南区,原谷埠街老字号粉店,广西壮族自治区柳州市柳南区大同巷与谷埠路交叉口西南100米,4.4,9,烫粉,省市区及街道已获取,已获取,榜单行政区/商圈归属,106359845,https://plat.dianping.com/app/femember-musteat-web/musteat-rank?cityid=225&notitlebar=1&ranktype=3,https://www.dianping.com/shop/106359845/photos/album,https://plat.dianping.com/app/femember-musteat-web/musteat-rank?cityid=225&notitlebar=1&ranktype=3
广西壮族自治区,柳州市,柳北区,周良天山牛杂城（雅儒店）,"广西壮族自治区柳州市柳北区跃进街道雅儒路中燃煤气罐往前100米(煤气公司旁,农村信用社对面)",4.4,62,凉拌牛杂,省市区及街道已获取,已获取,榜单行政区/商圈归属,23594649,https://plat.dianping.com/app/femember-musteat-web/musteat-rank?cityid=225&notitlebar=1&ranktype=3,https://www.dianping.com/shop/23594649/photos/album,https://plat.dianping.com/app/femember-musteat-web/musteat-rank?cityid=225&notitlebar=1&ranktype=3
广西壮族自治区,柳州市,鱼峰区,幸福小聚广西菜（柳东店）,广西壮族自治区柳州市鱼峰区翠岭路11号卡乐天地2栋（卡乐星球1号露天停车场）,4.4,59,鸭嘴鱼泉水清烫,省市区及街道已获取,已获取,榜单行政区/商圈归属,916915316,https://plat.dianping.com/app/femember-musteat-web/musteat-rank?cityid=225&notitlebar=1&ranktype=3,https://www.dianping.com/shop/916915316/photos/album,https://plat.dianping.com/app/femember-musteat-web/musteat-rank?cityid=225&notitlebar=1&ranktype=3
广西壮族自治区,柳州市,鱼峰区,老柳高·螺蛳粉（柳州店）,广西壮族自治区柳州市鱼峰区颇家巷68号怡景苑1栋1层1号,4.4,15,小锅现煮螺蛳粉2两,省市区及街道已获取,已获取,榜单行政区/商圈归属,1329049652,https://plat.dianping.com/app/femember-musteat-web/musteat-rank?cityid=225&notitlebar=1&ranktype=3,https://www.dianping.com/shop/1329049652/photos/album,https://plat.dianping.com/app/femember-musteat-web/musteat-rank?cityid=225&notitlebar=1&ranktype=3
广西壮族自治区,柳州市,城中区,东篱田居（五星店）,广西壮族自治区柳州市城中区解放南路40号泰华大厦2楼1-8号,4.2,66,东篱茶香鸡,省市区及街道已获取,已获取,榜单行政区/商圈归属,121814694,https://plat.dianping.com/app/femember-musteat-web/musteat-rank?cityid=225&notitlebar=1&ranktype=3,https://www.dianping.com/shop/121814694/photos/album,https://plat.dianping.com/app/femember-musteat-web/musteat-rank?cityid=225&notitlebar=1&ranktype=3
广西壮族自治区,桂林市,七星区,勺·得（施家园店）,广西壮族自治区桂林市七星区街道甲天下广场施家园路28号,4.4,55,洪七公烧鸡,省市区及街道已获取,已获取,榜单行政区/商圈归属,1760453574,https://plat.dianping.com/app/femember-musteat-web/musteat-rank?cityid=226&notitlebar=1&ranktype=3,https://www.dianping.com/shop/1760453574/photos/album,https://plat.dianping.com/app/femember-musteat-web/musteat-rank?cityid=226&notitlebar=1&ranktype=3
广西壮族自治区,桂林市,七星区,境界渔村·知味餐饮旗下品牌,广西壮族自治区桂林市七星区临江路漓江郡府258号24栋,4.8,93,百香果焗排骨,省市区及街道已获取,已获取,榜单行政区/商圈归属,93573078,https://plat.dianping.com/app/femember-musteat-web/musteat-rank?cityid=226&notitlebar=1&ranktype=3,https://www.dianping.com/shop/93573078/photos/album,https://plat.dianping.com/app/femember-musteat-web/musteat-rank?cityid=226&notitlebar=1&ranktype=3
广西壮族自治区,桂林市,阳朔县,百家味啤酒鱼,广西壮族自治区桂林市阳朔县城中路人民医院大门旁右手边20米,4.6,62,啤酒剑骨鱼,省市区及街道已获取,已获取,同店铺ID出现在榜单县级城市入口,13693660,https://plat.dianping.com/app/femember-musteat-web/musteat-rank?cityid=226&notitlebar=1&ranktype=3,https://www.dianping.com/shop/13693660/photos/album,https://plat.dianping.com/app/femember-musteat-web/musteat-rank?cityid=1535&notitlebar=1&ranktype=3
广西壮族自治区,桂林市,象山区,碗碗都市香米粉店（铁西店）,广西壮族自治区桂林市象山区翠竹路14号铁西一里铁西港酒楼对面,4.7,8,卤菜粉,省市区及街道已获取,已获取,榜单行政区/商圈归属,67687361,https://plat.dianping.com/app/femember-musteat-web/musteat-rank?cityid=226&notitlebar=1&ranktype=3,https://www.dianping.com/shop/67687361/photos/album,https://plat.dianping.com/app/femember-musteat-web/musteat-rank?cityid=226&notitlebar=1&ranktype=3
广西壮族自治区,桂林市,象山区,老周米粉（总店）,广西壮族自治区桂林市象山区东安路丽景公寓（左边门店）,4.7,8,卤菜粉,省市区及街道已获取,已获取,榜单行政区/商圈归属,125724498,https://plat.dianping.com/app/femember-musteat-web/musteat-rank?cityid=226&notitlebar=1&ranktype=3,https://www.dianping.com/shop/125724498/photos/album,https://plat.dianping.com/app/femember-musteat-web/musteat-rank?cityid=226&notitlebar=1&ranktype=3
广西壮族自治区,桂林市,阳朔县,阿金老菜馆（老街店）,广西壮族自治区桂林市阳朔县兴坪镇步行街新街104号（汽车站老街内50米),4.4,68,本地特色竹筒鸡,省市区及街道已获取,已获取,同店铺ID出现在榜单县级城市入口,76882665,https://plat.dianping.com/app/femember-musteat-web/musteat-rank?cityid=226&notitlebar=1&ranktype=3,https://www.dianping.com/shop/76882665/photos/album,https://plat.dianping.com/app/femember-musteat-web/musteat-rank?cityid=1535&notitlebar=1&ranktype=3
广西壮族自治区,桂林市,秀峰区,欣桂厨（解西店）,广西壮族自治区桂林市秀峰区解放西路3号（桂林小南国饮业有限公司解西店）,4.4,67,石锅黑豆腐,省市区及街道已获取,已获取,榜单行政区/商圈归属,1840912548,https://plat.dianping.com/app/femember-musteat-web/musteat-rank?cityid=226&notitlebar=1&ranktype=3,https://www.dianping.com/shop/1840912548/photos/album,https://plat.dianping.com/app/femember-musteat-web/musteat-rank?cityid=226&notitlebar=1&ranktype=3
广西壮族自治区,桂林市,七星区,車马炮山村菜（普陀路店）,广西壮族自治区桂林市七星区普陀路5号,4.6,53,车马炮自助养生油茶,省市区及街道已获取,已获取,榜单行政区/商圈归属,561892,https://plat.dianping.com/app/femember-musteat-web/musteat-rank?cityid=226&notitlebar=1&ranktype=3,https://www.dianping.com/shop/561892/photos/album,https://plat.dianping.com/app/femember-musteat-web/musteat-rank?cityid=226&notitlebar=1&ranktype=3
广西壮族自治区,桂林市,象山区,板板车桂林米粉（万寿巷店）,广西壮族自治区桂林市象山区万寿巷16-2-1号,4.7,10,卤菜粉,省市区及街道已获取,已获取,榜单行政区/商圈归属,1458952322,https://plat.dianping.com/app/femember-musteat-web/musteat-rank?cityid=226&notitlebar=1&ranktype=3,https://www.dianping.com/shop/1458952322/photos/album,https://plat.dianping.com/app/femember-musteat-web/musteat-rank?cityid=226&notitlebar=1&ranktype=3
广西壮族自治区,桂林市,象山区,洪荒老桂林米粉（桂林总店）,广西壮族自治区桂林市象山区象塘路二塘初级中学对面,4.7,10,米粉,省市区及街道已获取,已获取,榜单行政区/商圈归属,1896290571,https://plat.dianping.com/app/femember-musteat-web/musteat-rank?cityid=226&notitlebar=1&ranktype=3,https://www.dianping.com/shop/1896290571/photos/album,https://plat.dianping.com/app/femember-musteat-web/musteat-rank?cityid=226&notitlebar=1&ranktype=3
广西壮族自治区,桂林市,阳朔县,望江楼餐吧（阳朔西街店）,广西壮族自治区桂林市阳朔县阳朔镇滨江路25号望江楼客栈内(府前巷与滨江路交叉口南行50米),4.3,79,荔浦芋香卤子排,省市区及街道已获取,已获取,同店铺ID出现在榜单县级城市入口,5280770,https://plat.dianping.com/app/femember-musteat-web/musteat-rank?cityid=226&notitlebar=1&ranktype=3,https://www.dianping.com/shop/5280770/photos/album,https://plat.dianping.com/app/femember-musteat-web/musteat-rank?cityid=1535&notitlebar=1&ranktype=3
广西壮族自治区,桂林市,阳朔县,喜喜绊仙牛八宝螺蛳粉火锅（阳朔益田西街店）,广西壮族自治区桂林市阳朔县叠翠路益田西街酒店隔壁,4.6,73,螺蛳酸辣锅,省市区及街道已获取,已获取,同店铺ID出现在榜单县级城市入口,1366534924,https://plat.dianping.com/app/femember-musteat-web/musteat-rank?cityid=226&notitlebar=1&ranktype=3,https://www.dianping.com/shop/1366534924/photos/album,https://plat.dianping.com/app/femember-musteat-web/musteat-rank?cityid=1535&notitlebar=1&ranktype=3
广西壮族自治区,桂林市,阳朔县,金牌烧鹅啤酒鱼（兴坪二店）,广西壮族自治区桂林市阳朔县榕潭街24号（农村合作银行正对面）,4.3,67,啤酒剑骨鱼,省市区及街道已获取,已获取,同店铺ID出现在榜单县级城市入口,98856410,https://plat.dianping.com/app/femember-musteat-web/musteat-rank?cityid=226&notitlebar=1&ranktype=3,https://www.dianping.com/shop/98856410/photos/album,https://plat.dianping.com/app/femember-musteat-web/musteat-rank?cityid=1535&notitlebar=1&ranktype=3
广西壮族自治区,桂林市,秀峰区,新郭记油茶（八角塘店）,广西壮族自治区桂林市秀峰区叠彩街道凤北路八角塘25号（中共叠彩街道办事处工作委员会西北侧50米）,4.7,53,船上糕,省市区及街道已获取,已获取,榜单行政区/商圈归属,98819935,https://plat.dianping.com/app/femember-musteat-web/musteat-rank?cityid=226&notitlebar=1&ranktype=3,https://www.dianping.com/shop/98819935/photos/album,https://plat.dianping.com/app/femember-musteat-web/musteat-rank?cityid=226&notitlebar=1&ranktype=3
广西壮族自治区,桂林市,象山区,金吹钱响·牛八宝（桂林万象城店）,广西壮族自治区桂林市象山区红岭路1号万象城山水集街区L3-S306号商铺（喜茶旁扶梯上三楼左转直达）,3.9,62,精品牛八宝混拼,省市区及街道已获取,已获取,榜单行政区/商圈归属,1512025797,https://plat.dianping.com/app/femember-musteat-web/musteat-rank?cityid=226&notitlebar=1&ranktype=3,https://www.dianping.com/shop/1512025797/photos/album,https://plat.dianping.com/app/femember-musteat-web/musteat-rank?cityid=226&notitlebar=1&ranktype=3
广西壮族自治区,桂林市,秀峰区,阿甘酒家（解西店）,广西壮族自治区桂林市秀峰区解放西路16号三欣大厦2楼（微笑堂对面）,4.7,78,啤酒桂花鱼,省市区及街道已获取,已获取,榜单行政区/商圈归属,21050305,https://plat.dianping.com/app/femember-musteat-web/musteat-rank?cityid=226&notitlebar=1&ranktype=3,https://www.dianping.com/shop/21050305/photos/album,https://plat.dianping.com/app/femember-musteat-web/musteat-rank?cityid=226&notitlebar=1&ranktype=3
广西壮族自治区,桂林市,秀峰区,海天肠粉（太平路店）,广西壮族自治区桂林市秀峰区太平路一巷与解放西路交叉口东北角,4.6,13,虾仁牛肉肠粉,省市区及街道已获取,已获取,榜单行政区/商圈归属,3050263,https://plat.dianping.com/app/femember-musteat-web/musteat-rank?cityid=226&notitlebar=1&ranktype=3,https://www.dianping.com/shop/3050263/photos/album,https://plat.dianping.com/app/femember-musteat-web/musteat-rank?cityid=226&notitlebar=1&ranktype=3
广西壮族自治区,桂林市,象山区,随缘小馆（红岭路店）,广西壮族自治区桂林市象山区红岭路安庆商业大厦西,4.2,57,招牌卷饼,省市区及街道已获取,已获取,榜单行政区/商圈归属,72475397,https://plat.dianping.com/app/femember-musteat-web/musteat-rank?cityid=226&notitlebar=1&ranktype=3,https://www.dianping.com/shop/72475397/photos/album,https://plat.dianping.com/app/femember-musteat-web/musteat-rank?cityid=226&notitlebar=1&ranktype=3
广西壮族自治区,北海市,海城区,覃记海鲜美食餐厅,广西壮族自治区北海市海城区中街街道长青路领秀一方正门一楼0108-3-4商铺覃记海鲜美食,4.6,94,皮皮虾,省市区及街道已获取,已获取,榜单行政区/商圈归属,14157419,https://plat.dianping.com/app/femember-musteat-web/musteat-rank?cityid=228&notitlebar=1&ranktype=3,https://www.dianping.com/shop/14157419/photos/album,https://plat.dianping.com/app/femember-musteat-web/musteat-rank?cityid=228&notitlebar=1&ranktype=3
广西壮族自治区,北海市,海城区,火车桥·十元一碟·煲仔粥,广西壮族自治区北海市海城区西藏路兰纳味道中泰餐厅旁,4.1,54,现切牛肉,省市区及街道已获取,已获取,榜单行政区/商圈归属,1107111323,https://plat.dianping.com/app/femember-musteat-web/musteat-rank?cityid=228&notitlebar=1&ranktype=3,https://www.dianping.com/shop/1107111323/photos/album,https://plat.dianping.com/app/femember-musteat-web/musteat-rank?cityid=228&notitlebar=1&ranktype=3
广西壮族自治区,北海市,海城区,通记美食·私房菜（花园街店）,广西壮族自治区北海市海城区花园街东里广场东里51栋106（花园街11小学路口直入20米即到）,4.7,120,特色功夫汤,省市区及街道已获取,已获取,榜单行政区/商圈归属,1987938406,https://plat.dianping.com/app/femember-musteat-web/musteat-rank?cityid=228&notitlebar=1&ranktype=3,https://www.dianping.com/shop/1987938406/photos/album,https://plat.dianping.com/app/femember-musteat-web/musteat-rank?cityid=228&notitlebar=1&ranktype=3
广西壮族自治区,北海市,银海区,越乡小厨（侨港总店）,广西壮族自治区北海市银海区侨南路与小港北二路交叉口西30米路南,4.6,88,椒盐皮皮虾,省市区及街道已获取,已获取,榜单行政区/商圈归属,75101584,https://plat.dianping.com/app/femember-musteat-web/musteat-rank?cityid=228&notitlebar=1&ranktype=3,https://www.dianping.com/shop/75101584/photos/album,https://plat.dianping.com/app/femember-musteat-web/musteat-rank?cityid=228&notitlebar=1&ranktype=3
广西壮族自治区,北海市,海城区,鲜粉之家（中山路店）,广西壮族自治区北海市海城区中山东路292号,4.2,29,全家福,省市区及街道已获取,已获取,榜单行政区/商圈归属,58687651,https://plat.dianping.com/app/femember-musteat-web/musteat-rank?cityid=228&notitlebar=1&ranktype=3,https://www.dianping.com/shop/58687651/photos/album,https://plat.dianping.com/app/femember-musteat-web/musteat-rank?cityid=228&notitlebar=1&ranktype=3
广西壮族自治区,北海市,银海区,海记啫啫煲（侨港店）,广西壮族自治区北海市银海区港口路雄泰公寓,4,56,黑椒汁啫牛肉,省市区及街道已获取,已获取,榜单行政区/商圈归属,755109337,https://plat.dianping.com/app/femember-musteat-web/musteat-rank?cityid=228&notitlebar=1&ranktype=3,https://www.dianping.com/shop/755109337/photos/album,https://plat.dianping.com/app/femember-musteat-web/musteat-rank?cityid=228&notitlebar=1&ranktype=3
广西壮族自治区,北海市,海城区,北海田螺店（四川路店）,广西壮族自治区北海市海城区四川路14号,4.1,18,田螺,省市区及街道已获取,已获取,榜单行政区/商圈归属,9763870,https://plat.dianping.com/app/femember-musteat-web/musteat-rank?cityid=228&notitlebar=1&ranktype=3,https://www.dianping.com/shop/9763870/photos/album,https://plat.dianping.com/app/femember-musteat-web/musteat-rank?cityid=228&notitlebar=1&ranktype=3
广西壮族自治区,北海市,海城区,撑台脚炭烤酒馆,广西壮族自治区北海市海城区海南路62号,4.4,74,湿辣牛肉,省市区及街道已获取,已获取,榜单行政区/商圈归属,1588836733,https://plat.dianping.com/app/femember-musteat-web/musteat-rank?cityid=228&notitlebar=1&ranktype=3,https://www.dianping.com/shop/1588836733/photos/album,https://plat.dianping.com/app/femember-musteat-web/musteat-rank?cityid=228&notitlebar=1&ranktype=3
广西壮族自治区,北海市,银海区,腾名海鲜美食馆（银滩店）,广西壮族自治区北海市银海区美景路海钓行旁（腾名海鲜美食馆）,4.6,78,椒盐皮皮虾,省市区及街道已获取,已获取,榜单行政区/商圈归属,1037101087,https://plat.dianping.com/app/femember-musteat-web/musteat-rank?cityid=228&notitlebar=1&ranktype=3,https://www.dianping.com/shop/1037101087/photos/album,https://plat.dianping.com/app/femember-musteat-web/musteat-rank?cityid=228&notitlebar=1&ranktype=3
广西壮族自治区,防城港市,防城区,回味靓粥,广西壮族自治区防城港市防城区珠河街道防北路88号(近区政府路口),4.3,22,海鲜粥,省市区及街道已获取,已获取,榜单行政区/商圈归属,13790478,https://plat.dianping.com/app/femember-musteat-web/musteat-rank?cityid=229&notitlebar=1&ranktype=3,https://www.dianping.com/shop/13790478/photos/album,https://plat.dianping.com/app/femember-musteat-web/musteat-rank?cityid=229&notitlebar=1&ranktype=3
广西壮族自治区,防城港市,港口区,巡耕记·药膳鸡煲（德城店）,广西壮族自治区防城港市港口区永福路德城商贸中心第9幢07号商铺,4.6,77,五指毛桃牛大力汤底,省市区及街道已获取,已获取,榜单行政区/商圈归属,1073270698,https://plat.dianping.com/app/femember-musteat-web/musteat-rank?cityid=229&notitlebar=1&ranktype=3,https://www.dianping.com/shop/1073270698/photos/album,https://plat.dianping.com/app/femember-musteat-web/musteat-rank?cityid=229&notitlebar=1&ranktype=3
广西壮族自治区,防城港市,东兴市,高佬海鲜粥,广西壮族自治区防城港市东兴市东盟大道432号(东兴市二中)对面,4.2,60,海鲜粥,省市区及街道已获取,已获取,同店铺ID出现在榜单县级城市入口,9795661,https://plat.dianping.com/app/femember-musteat-web/musteat-rank?cityid=229&notitlebar=1&ranktype=3,https://www.dianping.com/shop/9795661/photos/album,https://plat.dianping.com/app/femember-musteat-web/musteat-rank?cityid=1567&notitlebar=1&ranktype=3
广西壮族自治区,防城港市,东兴市,霞姐饭店,广西壮族自治区防城港市东兴市万尾农贸市场第203号商铺,4.4,59,椒盐濑尿虾,省市区及街道已获取,已获取,同店铺ID出现在榜单县级城市入口,20656443,https://plat.dianping.com/app/femember-musteat-web/musteat-rank?cityid=229&notitlebar=1&ranktype=3,https://www.dianping.com/shop/20656443/photos/album,https://plat.dianping.com/app/femember-musteat-web/musteat-rank?cityid=1567&notitlebar=1&ranktype=3
广西壮族自治区,防城港市,港口区,知味堂海鲜餐厅,广西壮族自治区防城港市港口区伏波路东巷步行街C23号,4.3,96,清蒸石斑鱼,省市区及街道已获取,已获取,榜单行政区/商圈归属,1110851838,https://plat.dianping.com/app/femember-musteat-web/musteat-rank?cityid=229&notitlebar=1&ranktype=3,https://www.dianping.com/shop/1110851838/photos/album,https://plat.dianping.com/app/femember-musteat-web/musteat-rank?cityid=229&notitlebar=1&ranktype=3
广西壮族自治区,防城港市,东兴市,三姐鸡粉,广西壮族自治区防城港市东兴市北仑大道203号,4.2,19,鸡肉拌粉,省市区及街道已获取,已获取,同店铺ID出现在榜单县级城市入口,56957343,https://plat.dianping.com/app/femember-musteat-web/musteat-rank?cityid=229&notitlebar=1&ranktype=3,https://www.dianping.com/shop/56957343/photos/album,https://plat.dianping.com/app/femember-musteat-web/musteat-rank?cityid=1567&notitlebar=1&ranktype=3
广西壮族自治区,防城港市,东兴市,秋红饭店,广西壮族自治区防城港市东兴市江平镇万尾金滩农贸市场内,3.9,70,蒜茸蒸带孑，蒜茸开边蒸虾，姜葱炒蟹,省市区及街道已获取,已获取,同店铺ID出现在榜单县级城市入口,67786004,https://plat.dianping.com/app/femember-musteat-web/musteat-rank?cityid=229&notitlebar=1&ranktype=3,https://www.dianping.com/shop/67786004/photos/album,https://plat.dianping.com/app/femember-musteat-web/musteat-rank?cityid=1567&notitlebar=1&ranktype=3
广西壮族自治区,防城港市,防城区,玖号海鲜餐厅（一个吃饭的地方*三块石店）,广西壮族自治区防城港市防城区江山镇环岛东路三块石石三组9号（江山半岛环岛东路三块石9号萨维尔酒店斜对面）,4.1,74,白灼海虾,省市区及街道已获取,已获取,榜单行政区/商圈归属,1339857366,https://plat.dianping.com/app/femember-musteat-web/musteat-rank?cityid=229&notitlebar=1&ranktype=3,https://www.dianping.com/shop/1339857366/photos/album,https://plat.dianping.com/app/femember-musteat-web/musteat-rank?cityid=229&notitlebar=1&ranktype=3
四川省,自贡市,自流井区,鸿聚鸿鹤仔姜鲜锅兔（总店）,四川省自贡市自流井区丹桂社区49组56栋1-3号店面,4.2,76,麻辣冷吃兔,省市区及街道已获取,已获取,榜单行政区/商圈归属,8880938,https://plat.dianping.com/app/femember-musteat-web/musteat-rank?cityid=238&notitlebar=1&ranktype=3,https://www.dianping.com/shop/8880938/photos/album,https://plat.dianping.com/app/femember-musteat-web/musteat-rank?cityid=238&notitlebar=1&ranktype=3
四川省,自贡市,贡井区,九九韭酒家,四川省自贡市贡井区贡草路自贡标准件总厂西,4.3,82,火爆腰花,省市区及街道已获取,已获取,榜单行政区/商圈归属,8726410,https://plat.dianping.com/app/femember-musteat-web/musteat-rank?cityid=238&notitlebar=1&ranktype=3,https://www.dianping.com/shop/8726410/photos/album,https://plat.dianping.com/app/femember-musteat-web/musteat-rank?cityid=238&notitlebar=1&ranktype=3
四川省,自贡市,自流井区,芳记蘸水菜,四川省自贡市自流井区山井路31号,4,49,红油蘸水,省市区及街道已获取,已获取,榜单行政区/商圈归属,123897730,https://plat.dianping.com/app/femember-musteat-web/musteat-rank?cityid=238&notitlebar=1&ranktype=3,https://www.dianping.com/shop/123897730/photos/album,https://plat.dianping.com/app/femember-musteat-web/musteat-rank?cityid=238&notitlebar=1&ranktype=3
四川省,自贡市,大安区,长生面（红旗路总店）,四川省自贡市大安区红旗路114号（中国邮政储蓄银行对面）,4.1,15,长生面,省市区及街道已获取,已获取,榜单行政区/商圈归属,5677440,https://plat.dianping.com/app/femember-musteat-web/musteat-rank?cityid=238&notitlebar=1&ranktype=3,https://www.dianping.com/shop/5677440/photos/album,https://plat.dianping.com/app/femember-musteat-web/musteat-rank?cityid=238&notitlebar=1&ranktype=3
四川省,自贡市,自流井区,飞虹鱼馆（春华路店）,四川省自贡市自流井区春华路巡警支队综合楼A段1-3号（春华路45号店面）,4.2,81,飞虹鱼,省市区及街道已获取,已获取,榜单行政区/商圈归属,5706475,https://plat.dianping.com/app/femember-musteat-web/musteat-rank?cityid=238&notitlebar=1&ranktype=3,https://www.dianping.com/shop/5706475/photos/album,https://plat.dianping.com/app/femember-musteat-web/musteat-rank?cityid=238&notitlebar=1&ranktype=3
四川省,自贡市,大安区,石沟大饭店,四川省自贡市大安区北环路石沟村3组78号,4.4,83,火爆腰花,省市区及街道已获取,已获取,榜单行政区/商圈归属,98931638,https://plat.dianping.com/app/femember-musteat-web/musteat-rank?cityid=238&notitlebar=1&ranktype=3,https://www.dianping.com/shop/98931638/photos/album,https://plat.dianping.com/app/femember-musteat-web/musteat-rank?cityid=238&notitlebar=1&ranktype=3
四川省,自贡市,自流井区,小李餐馆,四川省自贡市自流井区中华路檀木林居委会社区24组24栋301A号（灯杆坝桥上）,4,77,仔姜田鸡微辣,省市区及街道已获取,已获取,榜单行政区/商圈归属,17831368,https://plat.dianping.com/app/femember-musteat-web/musteat-rank?cityid=238&notitlebar=1&ranktype=3,https://www.dianping.com/shop/17831368/photos/album,https://plat.dianping.com/app/femember-musteat-web/musteat-rank?cityid=238&notitlebar=1&ranktype=3
四川省,自贡市,贡井区,邱金小炒·30 年盐帮江湖菜（自贡店）,四川省自贡市贡井区贡草路平桥熙街二楼204室,4.1,78,冷吃牛肉,省市区及街道已获取,已获取,榜单行政区/商圈归属,5410564,https://plat.dianping.com/app/femember-musteat-web/musteat-rank?cityid=238&notitlebar=1&ranktype=3,https://www.dianping.com/shop/5410564/photos/album,https://plat.dianping.com/app/femember-musteat-web/musteat-rank?cityid=238&notitlebar=1&ranktype=3
四川省,自贡市,自流井区,瓦市黄羊群羊肉馆（火车站路店）,四川省自贡市自流井区火车站路191号（近火车站）,4.5,67,的羊肉汤,省市区及街道已获取,已获取,榜单行政区/商圈归属,7426778,https://plat.dianping.com/app/femember-musteat-web/musteat-rank?cityid=238&notitlebar=1&ranktype=3,https://www.dianping.com/shop/7426778/photos/album,https://plat.dianping.com/app/femember-musteat-web/musteat-rank?cityid=238&notitlebar=1&ranktype=3
四川省,自贡市,自流井区,饶记晨光豆花（通达支路店）,四川省自贡市自流井区汇东新区交通苑锦苑小区1栋1层,4,33,豆花沾水,省市区及街道已获取,已获取,榜单行政区/商圈归属,45670415,https://plat.dianping.com/app/femember-musteat-web/musteat-rank?cityid=238&notitlebar=1&ranktype=3,https://www.dianping.com/shop/45670415/photos/album,https://plat.dianping.com/app/femember-musteat-web/musteat-rank?cityid=238&notitlebar=1&ranktype=3
四川省,自贡市,贡井区,艾叶土鸡脚（艾叶店）,四川省自贡市贡井区艾叶街场口公交车站,4.1,72,招牌土鸡脚,省市区及街道已获取,已获取,榜单行政区/商圈归属,69270797,https://plat.dianping.com/app/femember-musteat-web/musteat-rank?cityid=238&notitlebar=1&ranktype=3,https://www.dianping.com/shop/69270797/photos/album,https://plat.dianping.com/app/femember-musteat-web/musteat-rank?cityid=238&notitlebar=1&ranktype=3
四川省,泸州市,江阳区,酒城大贰火锅旗舰店,四川省泸州市江阳区春景中路揽江酒店西北,4.9,109,屠场鲜毛肚,省市区及街道已获取,已获取,榜单行政区/商圈归属,69276690,https://plat.dianping.com/app/femember-musteat-web/musteat-rank?cityid=240&notitlebar=1&ranktype=3,https://www.dianping.com/shop/69276690/photos/album,https://plat.dianping.com/app/femember-musteat-web/musteat-rank?cityid=240&notitlebar=1&ranktype=3
四川省,泸州市,龙马潭区,石磨豆花（醇香路店）,四川省泸州市龙马潭区醇香路21-27号,4.2,52,竹筒豆花,省市区及街道已获取,已获取,榜单行政区/商圈归属,92893801,https://plat.dianping.com/app/femember-musteat-web/musteat-rank?cityid=240&notitlebar=1&ranktype=3,https://www.dianping.com/shop/92893801/photos/album,https://plat.dianping.com/app/femember-musteat-web/musteat-rank?cityid=240&notitlebar=1&ranktype=3
四川省,泸州市,合江县,北门口河水豆花,四川省泸州市合江县北门口巷32号,4.2,36,豆花,省市区及街道已获取,已获取,榜单行政区/商圈归属,68398041,https://plat.dianping.com/app/femember-musteat-web/musteat-rank?cityid=240&notitlebar=1&ranktype=3,https://www.dianping.com/shop/68398041/photos/album,https://plat.dianping.com/app/femember-musteat-web/musteat-rank?cityid=240&notitlebar=1&ranktype=3
四川省,泸州市,合江县,佛荫冯氏鸡汤（合叙路店）,四川省泸州市合江县合叙路佛荫客运站南,4.3,65,招牌鸡汤,省市区及街道已获取,已获取,榜单行政区/商圈归属,5223568,https://plat.dianping.com/app/femember-musteat-web/musteat-rank?cityid=240&notitlebar=1&ranktype=3,https://www.dianping.com/shop/5223568/photos/album,https://plat.dianping.com/app/femember-musteat-web/musteat-rank?cityid=240&notitlebar=1&ranktype=3
四川省,泸州市,江阳区,合江黑豆花（匠心金桂苑店）,四川省泸州市江阳区沙坪路61-63号(张坝桂圆林西大门),4.2,41,招牌现炸特色酥肉,省市区及街道已获取,已获取,榜单行政区/商圈归属,90072204,https://plat.dianping.com/app/femember-musteat-web/musteat-rank?cityid=240&notitlebar=1&ranktype=3,https://www.dianping.com/shop/90072204/photos/album,https://plat.dianping.com/app/femember-musteat-web/musteat-rank?cityid=240&notitlebar=1&ranktype=3
四川省,泸州市,龙马潭区,麻辣空间·清油火锅（总店）,四川省泸州市龙马潭区蜀泸大道8号,4.9,99,麻辣牛肉,省市区及街道已获取,已获取,榜单行政区/商圈归属,2470564,https://plat.dianping.com/app/femember-musteat-web/musteat-rank?cityid=240&notitlebar=1&ranktype=3,https://www.dianping.com/shop/2470564/photos/album,https://plat.dianping.com/app/femember-musteat-web/musteat-rank?cityid=240&notitlebar=1&ranktype=3
四川省,泸州市,江阳区,清真异味轩牛肉馆（江阳店）,四川省泸州市江阳区皂角巷7-9号,4.2,50,粉蒸牛肉,省市区及街道已获取,已获取,榜单行政区/商圈归属,68037527,https://plat.dianping.com/app/femember-musteat-web/musteat-rank?cityid=240&notitlebar=1&ranktype=3,https://www.dianping.com/shop/68037527/photos/album,https://plat.dianping.com/app/femember-musteat-web/musteat-rank?cityid=240&notitlebar=1&ranktype=3
四川省,德阳市,广汉市,正一涵老味道名小吃（广汉总店）,四川省德阳市广汉市万寿街二段80号,4.1,26,金丝面四样蒸点,省市区及街道已获取,已获取,同店铺ID出现在榜单县级城市入口,67985325,https://plat.dianping.com/app/femember-musteat-web/musteat-rank?cityid=241&notitlebar=1&ranktype=3,https://www.dianping.com/shop/67985325/photos/album,https://plat.dianping.com/app/femember-musteat-web/musteat-rank?cityid=1626&notitlebar=1&ranktype=3
四川省,德阳市,广汉市,包牛肉中餐厅（米市街店）,"四川省德阳市广汉市米市街55号（路边有停车位,另外还有停车场,下高速去三星堆或上高速都是顺路的）",4.4,53,红烧牛蹄筋,省市区及街道已获取,已获取,同店铺ID出现在榜单县级城市入口,6071929,https://plat.dianping.com/app/femember-musteat-web/musteat-rank?cityid=241&notitlebar=1&ranktype=3,https://www.dianping.com/shop/6071929/photos/album,https://plat.dianping.com/app/femember-musteat-web/musteat-rank?cityid=1626&notitlebar=1&ranktype=3
四川省,德阳市,旌阳区,新龙兔火锅（光华街店）,四川省德阳市旌阳区光华巷滨湖花园D座营-1-1号门,4.3,77,兔子肉,省市区及街道已获取,已获取,榜单行政区/商圈归属,5435948,https://plat.dianping.com/app/femember-musteat-web/musteat-rank?cityid=241&notitlebar=1&ranktype=3,https://www.dianping.com/shop/5435948/photos/album,https://plat.dianping.com/app/femember-musteat-web/musteat-rank?cityid=241&notitlebar=1&ranktype=3
四川省,德阳市,旌阳区,名家坊（洋河店）,四川省德阳市旌阳区洋河街100号,4.3,54,小黄鱼,省市区及街道已获取,已获取,榜单行政区/商圈归属,6450059,https://plat.dianping.com/app/femember-musteat-web/musteat-rank?cityid=241&notitlebar=1&ranktype=3,https://www.dianping.com/shop/6450059/photos/album,https://plat.dianping.com/app/femember-musteat-web/musteat-rank?cityid=241&notitlebar=1&ranktype=3
四川省,德阳市,旌阳区,勇记干锅居（德阳店）,四川省德阳市旌阳区阳光摩尔街勇记干锅二楼,4.5,60,精品糯香鸭掌,省市区及街道已获取,已获取,榜单行政区/商圈归属,5615293,https://plat.dianping.com/app/femember-musteat-web/musteat-rank?cityid=241&notitlebar=1&ranktype=3,https://www.dianping.com/shop/5615293/photos/album,https://plat.dianping.com/app/femember-musteat-web/musteat-rank?cityid=241&notitlebar=1&ranktype=3
四川省,德阳市,广汉市,天天酒家（夜市三十年店）,四川省德阳市广汉市顺德路一段19号,4.3,52,黑豆腐花乌鱼片,省市区及街道已获取,已获取,同店铺ID出现在榜单县级城市入口,8023701,https://plat.dianping.com/app/femember-musteat-web/musteat-rank?cityid=241&notitlebar=1&ranktype=3,https://www.dianping.com/shop/8023701/photos/album,https://plat.dianping.com/app/femember-musteat-web/musteat-rank?cityid=1626&notitlebar=1&ranktype=3
四川省,德阳市,旌阳区,端厨（印象汇店）,四川省德阳市旌阳区天山北路6号（沃尔玛1楼）,4.1,47,盐菜回锅肉,省市区及街道已获取,已获取,榜单行政区/商圈归属,1302906046,https://plat.dianping.com/app/femember-musteat-web/musteat-rank?cityid=241&notitlebar=1&ranktype=3,https://www.dianping.com/shop/1302906046/photos/album,https://plat.dianping.com/app/femember-musteat-web/musteat-rank?cityid=241&notitlebar=1&ranktype=3
四川省,德阳市,广汉市,刘豆花,四川省德阳市广汉市雒城街道书院街三段87号（近广宇大厦）,4.1,14,牛肉豆花,省市区及街道已获取,已获取,同店铺ID出现在榜单县级城市入口,21734399,https://plat.dianping.com/app/femember-musteat-web/musteat-rank?cityid=241&notitlebar=1&ranktype=3,https://www.dianping.com/shop/21734399/photos/album,https://plat.dianping.com/app/femember-musteat-web/musteat-rank?cityid=1626&notitlebar=1&ranktype=3
四川省,德阳市,广汉市,味道鲜非遗干锅（吉祥店）,四川省德阳市广汉市北海路7号附2号,4.5,69,糯香鸭掌,省市区及街道已获取,已获取,同店铺ID出现在榜单县级城市入口,5651841,https://plat.dianping.com/app/femember-musteat-web/musteat-rank?cityid=241&notitlebar=1&ranktype=3,https://www.dianping.com/shop/5651841/photos/album,https://plat.dianping.com/app/femember-musteat-web/musteat-rank?cityid=1626&notitlebar=1&ranktype=3
四川省,绵阳市,涪城区,江油刘留肥肠（绵阳店）,四川省绵阳市涪城区涪桃园街208号-附4号,4.1,37,红烧鲜肥肠,省市区及街道已获取,已获取,榜单行政区/商圈归属,33562461,https://plat.dianping.com/app/femember-musteat-web/musteat-rank?cityid=242&notitlebar=1&ranktype=3,https://www.dianping.com/shop/33562461/photos/album,https://plat.dianping.com/app/femember-musteat-web/musteat-rank?cityid=242&notitlebar=1&ranktype=3
四川省,绵阳市,涪城区,丰盛源乌鱼府（富临·丽景花城店）,四川省绵阳市涪城区工区街道丽景花城4号门(丽景花城二区B1栋1-3号),4.6,70,原汤乌鱼片,省市区及街道已获取,已获取,榜单行政区/商圈归属,56833913,https://plat.dianping.com/app/femember-musteat-web/musteat-rank?cityid=242&notitlebar=1&ranktype=3,https://www.dianping.com/shop/56833913/photos/album,https://plat.dianping.com/app/femember-musteat-web/musteat-rank?cityid=242&notitlebar=1&ranktype=3
四川省,绵阳市,涪城区,虾兵虾将·小龙虾螃蟹·烧烤（华润店）,四川省绵阳市涪城区玉泉中路9号华润中央公园六期幢1层21号（默记孙抄手旁边）,4.3,85,香辣蟹,省市区及街道已获取,已获取,榜单行政区/商圈归属,1012200530,https://plat.dianping.com/app/femember-musteat-web/musteat-rank?cityid=242&notitlebar=1&ranktype=3,https://www.dianping.com/shop/1012200530/photos/album,https://plat.dianping.com/app/femember-musteat-web/musteat-rank?cityid=242&notitlebar=1&ranktype=3
四川省,绵阳市,江油市,李记小小吃·江油肥肠（涪江路店）,四川省绵阳市江油市涪江路中段597号（华西证券交易所旁）,4,33,丸子汤,省市区及街道已获取,已获取,同店铺ID出现在榜单县级城市入口,5304997,https://plat.dianping.com/app/femember-musteat-web/musteat-rank?cityid=242&notitlebar=1&ranktype=3,https://www.dianping.com/shop/5304997/photos/album,https://plat.dianping.com/app/femember-musteat-web/musteat-rank?cityid=1618&notitlebar=1&ranktype=3
四川省,绵阳市,涪城区,正宗花园涂米粉（永兴店）,四川省绵阳市涪城区永发路140号,4,9,牛肉笋丁米粉,省市区及街道已获取,已获取,榜单行政区/商圈归属,9778876,https://plat.dianping.com/app/femember-musteat-web/musteat-rank?cityid=242&notitlebar=1&ranktype=3,https://www.dianping.com/shop/9778876/photos/album,https://plat.dianping.com/app/femember-musteat-web/musteat-rank?cityid=242&notitlebar=1&ranktype=3
四川省,绵阳市,江油市,无名肥肠,四川省绵阳市江油市新华路中段环境保护局旁,4.3,43,烧肥肠,省市区及街道已获取,已获取,同店铺ID出现在榜单县级城市入口,27244780,https://plat.dianping.com/app/femember-musteat-web/musteat-rank?cityid=242&notitlebar=1&ranktype=3,https://www.dianping.com/shop/27244780/photos/album,https://plat.dianping.com/app/femember-musteat-web/musteat-rank?cityid=1618&notitlebar=1&ranktype=3
四川省,绵阳市,涪城区,六月雪干锅（涪城万达广场店）,四川省绵阳市涪城区花园路9号万达广场室内步行街3层3056号,4.7,64,糯香掌翅,省市区及街道已获取,已获取,榜单行政区/商圈归属,8888993,https://plat.dianping.com/app/femember-musteat-web/musteat-rank?cityid=242&notitlebar=1&ranktype=3,https://www.dianping.com/shop/8888993/photos/album,https://plat.dianping.com/app/femember-musteat-web/musteat-rank?cityid=242&notitlebar=1&ranktype=3
四川省,绵阳市,江油市,阿杜土菜馆·江油肥肠（科技路店）,四川省绵阳市江油市科技路8号1号,4.6,55,江油肥肠,省市区及街道已获取,已获取,同店铺ID出现在榜单县级城市入口,129864374,https://plat.dianping.com/app/femember-musteat-web/musteat-rank?cityid=242&notitlebar=1&ranktype=3,https://www.dianping.com/shop/129864374/photos/album,https://plat.dianping.com/app/femember-musteat-web/musteat-rank?cityid=1618&notitlebar=1&ranktype=3
四川省,绵阳市,游仙区,筷子花·绵阳菜（东津店）,四川省绵阳市游仙区东津路10号,4.5,46,茴香小炒肉,省市区及街道已获取,已获取,榜单行政区/商圈归属,57500807,https://plat.dianping.com/app/femember-musteat-web/musteat-rank?cityid=242&notitlebar=1&ranktype=3,https://www.dianping.com/shop/57500807/photos/album,https://plat.dianping.com/app/femember-musteat-web/musteat-rank?cityid=242&notitlebar=1&ranktype=3
四川省,绵阳市,涪城区,偏偏鲜肉焖烤（马家巷店）,四川省绵阳市涪城区顺城街16号,4.5,72,五花肉,省市区及街道已获取,已获取,榜单行政区/商圈归属,130677642,https://plat.dianping.com/app/femember-musteat-web/musteat-rank?cityid=242&notitlebar=1&ranktype=3,https://www.dianping.com/shop/130677642/photos/album,https://plat.dianping.com/app/femember-musteat-web/musteat-rank?cityid=242&notitlebar=1&ranktype=3
四川省,绵阳市,涪城区,西蜀大宅门火锅（涪城路店）,四川省绵阳市涪城区涪城路169号,4.4,60,千层肚,省市区及街道已获取,已获取,榜单行政区/商圈归属,19481863,https://plat.dianping.com/app/femember-musteat-web/musteat-rank?cityid=242&notitlebar=1&ranktype=3,https://www.dianping.com/shop/19481863/photos/album,https://plat.dianping.com/app/femember-musteat-web/musteat-rank?cityid=242&notitlebar=1&ranktype=3
四川省,绵阳市,涪城区,老灶房-四川土菜（铁牛广场店）,四川省绵阳市涪城区新华巷16号,4.4,59,都江堰胖头鱼,省市区及街道已获取,已获取,榜单行政区/商圈归属,8872722,https://plat.dianping.com/app/femember-musteat-web/musteat-rank?cityid=242&notitlebar=1&ranktype=3,https://www.dianping.com/shop/8872722/photos/album,https://plat.dianping.com/app/femember-musteat-web/musteat-rank?cityid=242&notitlebar=1&ranktype=3
四川省,广元市,昭化区,太守鱼府（昭化古城店）,四川省广元市昭化区太守街38号,4.4,78,太守鱼,省市区及街道已获取,已获取,榜单行政区/商圈归属,32306933,https://plat.dianping.com/app/femember-musteat-web/musteat-rank?cityid=243&notitlebar=1&ranktype=3,https://www.dianping.com/shop/32306933/photos/album,https://plat.dianping.com/app/femember-musteat-web/musteat-rank?cityid=243&notitlebar=1&ranktype=3
四川省,广元市,利州区,明君凉面（黄金小区店）,四川省广元市利州区文化路435号,4.1,6,凉面,省市区及街道已获取,已获取,榜单行政区/商圈归属,6020701,https://plat.dianping.com/app/femember-musteat-web/musteat-rank?cityid=243&notitlebar=1&ranktype=3,https://www.dianping.com/shop/6020701/photos/album,https://plat.dianping.com/app/femember-musteat-web/musteat-rank?cityid=243&notitlebar=1&ranktype=3
四川省,广元市,剑阁县,剑门百味鸡,四川省广元市剑阁县清江路廊桥附属西广场1-06号,4,42,怀胎豆腐,省市区及街道已获取,已获取,榜单行政区/商圈归属,98664513,https://plat.dianping.com/app/femember-musteat-web/musteat-rank?cityid=243&notitlebar=1&ranktype=3,https://www.dianping.com/shop/98664513/photos/album,https://plat.dianping.com/app/femember-musteat-web/musteat-rank?cityid=243&notitlebar=1&ranktype=3
四川省,广元市,利州区,胡婆婆蘸水肥肠·煎茶血旺,四川省广元市利州区万缘新区胤国路恒业锦城2期9号、10号商铺,4.4,47,煎茶血旺,省市区及街道已获取,已获取,榜单行政区/商圈归属,737659254,https://plat.dianping.com/app/femember-musteat-web/musteat-rank?cityid=243&notitlebar=1&ranktype=3,https://www.dianping.com/shop/737659254/photos/album,https://plat.dianping.com/app/femember-musteat-web/musteat-rank?cityid=243&notitlebar=1&ranktype=3
四川省,广元市,剑阁县,文家豆腐,四川省广元市剑阁县龙剑街一段剑阁天桥客栈旁,3.9,42,怀胎豆腐,省市区及街道已获取,已获取,同店铺ID出现在榜单县级城市入口,19096591,https://plat.dianping.com/app/femember-musteat-web/musteat-rank?cityid=243&notitlebar=1&ranktype=3,https://www.dianping.com/shop/19096591/photos/album,https://plat.dianping.com/app/femember-musteat-web/musteat-rank?cityid=1616&notitlebar=1&ranktype=3
四川省,广元市,利州区,孙胖子川菜馆,四川省广元市利州区东坝公园街147号-149号（广明小火锅旁）,4,39,酸菜饭,省市区及街道已获取,已获取,榜单行政区/商圈归属,9335590,https://plat.dianping.com/app/femember-musteat-web/musteat-rank?cityid=243&notitlebar=1&ranktype=3,https://www.dianping.com/shop/9335590/photos/album,https://plat.dianping.com/app/femember-musteat-web/musteat-rank?cityid=243&notitlebar=1&ranktype=3
四川省,广元市,昭化区,老王家一招·昭化生态鱼庄（古城总店）,四川省广元市昭化区昭化古城敬候街58号,4.8,72,秘制红味锅底,省市区及街道已获取,已获取,榜单行政区/商圈归属,122183199,https://plat.dianping.com/app/femember-musteat-web/musteat-rank?cityid=243&notitlebar=1&ranktype=3,https://www.dianping.com/shop/122183199/photos/album,https://plat.dianping.com/app/femember-musteat-web/musteat-rank?cityid=243&notitlebar=1&ranktype=3
四川省,广元市,利州区,蒋光头鱼摆摆（下河街店）,四川省广元市利州区嘉陵街道下河街商会巷42号（咪喀斯KTV对面往里50米）,4.8,52,黄辣丁,省市区及街道已获取,已获取,榜单行政区/商圈归属,19207374,https://plat.dianping.com/app/femember-musteat-web/musteat-rank?cityid=243&notitlebar=1&ranktype=3,https://www.dianping.com/shop/19207374/photos/album,https://plat.dianping.com/app/femember-musteat-web/musteat-rank?cityid=243&notitlebar=1&ranktype=3
四川省,广元市,利州区,番茄犟汤锅（东坝店）,四川省广元市利州区东坝街道滨河路东晟华庭5栋1-1单元396号,4.8,53,生煎玉米饼,省市区及街道已获取,已获取,榜单行政区/商圈归属,132322339,https://plat.dianping.com/app/femember-musteat-web/musteat-rank?cityid=243&notitlebar=1&ranktype=3,https://www.dianping.com/shop/132322339/photos/album,https://plat.dianping.com/app/femember-musteat-web/musteat-rank?cityid=243&notitlebar=1&ranktype=3
四川省,广元市,利州区,打渔人家（东坝店）,四川省广元市利州区文化路520号(牡丹花园旁),4.8,60,黄辣丁,省市区及街道已获取,已获取,榜单行政区/商圈归属,9332575,https://plat.dianping.com/app/femember-musteat-web/musteat-rank?cityid=243&notitlebar=1&ranktype=3,https://www.dianping.com/shop/9332575/photos/album,https://plat.dianping.com/app/femember-musteat-web/musteat-rank?cityid=243&notitlebar=1&ranktype=3
四川省,广元市,昭化区,江湖鱼庄（昭化古城店）,四川省广元市昭化区太守街27号（近怡心园),4.1,72,豆花,省市区及街道已获取,已获取,榜单行政区/商圈归属,4229259,https://plat.dianping.com/app/femember-musteat-web/musteat-rank?cityid=243&notitlebar=1&ranktype=3,https://www.dianping.com/shop/4229259/photos/album,https://plat.dianping.com/app/femember-musteat-web/musteat-rank?cityid=243&notitlebar=1&ranktype=3
四川省,广元市,利州区,韩記火锅（市委旗舰店）,四川省广元市利州区公园路198号（近广元中学正大门）,4.9,65,红油锅底,省市区及街道已获取,已获取,榜单行政区/商圈归属,32530786,https://plat.dianping.com/app/femember-musteat-web/musteat-rank?cityid=243&notitlebar=1&ranktype=3,https://www.dianping.com/shop/32530786/photos/album,https://plat.dianping.com/app/femember-musteat-web/musteat-rank?cityid=243&notitlebar=1&ranktype=3
四川省,内江市,隆昌市,东吴羊肉馆,四川省内江市隆昌市白塔路174号,4.8,70,羊肉包子,省市区及街道已获取,已获取,榜单行政区/商圈归属,5363548,https://plat.dianping.com/app/femember-musteat-web/musteat-rank?cityid=245&notitlebar=1&ranktype=3,https://www.dianping.com/shop/5363548/photos/album,https://plat.dianping.com/app/femember-musteat-web/musteat-rank?cityid=245&notitlebar=1&ranktype=3
四川省,内江市,威远县,威远黄胖娃凉面（兰草街店）,四川省内江市威远县兰草街与兰花街交叉路口东侧,4.4,12,凉面凉皮二合一,省市区及街道已获取,已获取,榜单行政区/商圈归属,557780119,https://plat.dianping.com/app/femember-musteat-web/musteat-rank?cityid=245&notitlebar=1&ranktype=3,https://www.dianping.com/shop/557780119/photos/album,https://plat.dianping.com/app/femember-musteat-web/musteat-rank?cityid=245&notitlebar=1&ranktype=3
四川省,内江市,威远县,建国羊肉汤,四川省内江市威远县滨湖路100号,4.8,48,羊肉汤,省市区及街道已获取,已获取,榜单行政区/商圈归属,58187212,https://plat.dianping.com/app/femember-musteat-web/musteat-rank?cityid=245&notitlebar=1&ranktype=3,https://www.dianping.com/shop/58187212/photos/album,https://plat.dianping.com/app/femember-musteat-web/musteat-rank?cityid=245&notitlebar=1&ranktype=3
四川省,内江市,市中区,面中魂三鲜炝锅面店,四川省内江市市中区和平街40号,4.5,14,炝锅面,省市区及街道已获取,已获取,榜单行政区/商圈归属,58350949,https://plat.dianping.com/app/femember-musteat-web/musteat-rank?cityid=245&notitlebar=1&ranktype=3,https://www.dianping.com/shop/58350949/photos/album,https://plat.dianping.com/app/femember-musteat-web/musteat-rank?cityid=245&notitlebar=1&ranktype=3
四川省,内江市,市中区,幺姑拌菜,四川省内江市市中区三八街61号,4.3,42,蘸水兔,省市区及街道已获取,已获取,榜单行政区/商圈归属,79561565,https://plat.dianping.com/app/femember-musteat-web/musteat-rank?cityid=245&notitlebar=1&ranktype=3,https://www.dianping.com/shop/79561565/photos/album,https://plat.dianping.com/app/femember-musteat-web/musteat-rank?cityid=245&notitlebar=1&ranktype=3
四川省,内江市,威远县,渔溪老字号肥肠鱼,四川省内江市威远县威连路,4.6,77,肥肠鱼,省市区及街道已获取,已获取,榜单行政区/商圈归属,57886118,https://plat.dianping.com/app/femember-musteat-web/musteat-rank?cityid=245&notitlebar=1&ranktype=3,https://www.dianping.com/shop/57886118/photos/album,https://plat.dianping.com/app/femember-musteat-web/musteat-rank?cityid=245&notitlebar=1&ranktype=3
四川省,内江市,隆昌市,沁香苑羊肉汤（仁和小区店）,四川省内江市隆昌市康复西路仁和小区旁,4.3,35,羊肉汤,省市区及街道已获取,已获取,榜单行政区/商圈归属,56998785,https://plat.dianping.com/app/femember-musteat-web/musteat-rank?cityid=245&notitlebar=1&ranktype=3,https://www.dianping.com/shop/56998785/photos/album,https://plat.dianping.com/app/femember-musteat-web/musteat-rank?cityid=245&notitlebar=1&ranktype=3
四川省,内江市,市中区,甜城1号（临江小区店）,四川省内江市市中区江华街145号,4.7,55,香鹅掌,省市区及街道已获取,已获取,榜单行政区/商圈归属,66935201,https://plat.dianping.com/app/femember-musteat-web/musteat-rank?cityid=245&notitlebar=1&ranktype=3,https://www.dianping.com/shop/66935201/photos/album,https://plat.dianping.com/app/femember-musteat-web/musteat-rank?cityid=245&notitlebar=1&ranktype=3
四川省,内江市,市中区,郑眼镜面店,四川省内江市市中区棬子路6号,4.1,12,牛肉面2两,省市区及街道已获取,已获取,榜单行政区/商圈归属,43838470,https://plat.dianping.com/app/femember-musteat-web/musteat-rank?cityid=245&notitlebar=1&ranktype=3,https://www.dianping.com/shop/43838470/photos/album,https://plat.dianping.com/app/femember-musteat-web/musteat-rank?cityid=245&notitlebar=1&ranktype=3
四川省,内江市,威远县,三毛鱼庄（威连路店）,四川省内江市威远县铺子湾镇红星村6组,4.8,80,麻辣兔头,省市区及街道已获取,已获取,榜单行政区/商圈归属,10542237,https://plat.dianping.com/app/femember-musteat-web/musteat-rank?cityid=245&notitlebar=1&ranktype=3,https://www.dianping.com/shop/10542237/photos/album,https://plat.dianping.com/app/femember-musteat-web/musteat-rank?cityid=245&notitlebar=1&ranktype=3
四川省,内江市,市中区,黄三面店,四川省内江市市中区沱鞍路5号,4,16,牛肉面,省市区及街道已获取,已获取,榜单行政区/商圈归属,68268603,https://plat.dianping.com/app/femember-musteat-web/musteat-rank?cityid=245&notitlebar=1&ranktype=3,https://www.dianping.com/shop/68268603/photos/album,https://plat.dianping.com/app/femember-musteat-web/musteat-rank?cityid=245&notitlebar=1&ranktype=3
四川省,乐山市,市中区,群英油炸,四川省乐山市市中区居竹街163号,4.2,51,特色五花肉,省市区及街道已获取,已获取,榜单行政区/商圈归属,123472409,https://plat.dianping.com/app/femember-musteat-web/musteat-rank?cityid=246&notitlebar=1&ranktype=3,https://www.dianping.com/shop/123472409/photos/album,https://plat.dianping.com/app/femember-musteat-web/musteat-rank?cityid=246&notitlebar=1&ranktype=3
四川省,乐山市,市中区,冯四孃跷脚牛肉·非物质文化遗产店,四川省乐山市市中区嘉兴路289号、291号、293号,4.8,49,跷脚牛肉,省市区及街道已获取,已获取,榜单行政区/商圈归属,5636235,https://plat.dianping.com/app/femember-musteat-web/musteat-rank?cityid=246&notitlebar=1&ranktype=3,https://www.dianping.com/shop/5636235/photos/album,https://plat.dianping.com/app/femember-musteat-web/musteat-rank?cityid=246&notitlebar=1&ranktype=3
四川省,乐山市,峨眉山市,牛满堂临江鳝丝·跷脚牛肉土菜馆（峨眉山店）,四川省乐山市峨眉山市名山路南段383-385号,4.5,59,临江土鳝丝,省市区及街道已获取,已获取,同店铺ID出现在榜单县级城市入口,112597565,https://plat.dianping.com/app/femember-musteat-web/musteat-rank?cityid=246&notitlebar=1&ranktype=3,https://www.dianping.com/shop/112597565/photos/album,https://plat.dianping.com/app/femember-musteat-web/musteat-rank?cityid=1646&notitlebar=1&ranktype=3
四川省,乐山市,市中区,文宫烧烤（白云街店）,四川省乐山市市中区白云街186号（近清风街）,4.4,58,蒜香鱼片,省市区及街道已获取,已获取,榜单行政区/商圈归属,4223546,https://plat.dianping.com/app/femember-musteat-web/musteat-rank?cityid=246&notitlebar=1&ranktype=3,https://www.dianping.com/shop/4223546/photos/album,https://plat.dianping.com/app/femember-musteat-web/musteat-rank?cityid=246&notitlebar=1&ranktype=3
四川省,乐山市,市中区,芳芳跷脚牛肉·非物质文化遗产传承（总店）,四川省乐山市市中区嘉祥路13、15、17号,4.7,44,跷脚牛肉小锅,省市区及街道已获取,已获取,榜单行政区/商圈归属,6422580,https://plat.dianping.com/app/femember-musteat-web/musteat-rank?cityid=246&notitlebar=1&ranktype=3,https://www.dianping.com/shop/6422580/photos/album,https://plat.dianping.com/app/femember-musteat-web/musteat-rank?cityid=246&notitlebar=1&ranktype=3
四川省,乐山市,峨眉山市,乐山长药老地方油炸串串（峨眉四中店）,四川省乐山市峨眉山市东新路187号附9号,4.1,42,五花肉,省市区及街道已获取,已获取,同店铺ID出现在榜单县级城市入口,79053615,https://plat.dianping.com/app/femember-musteat-web/musteat-rank?cityid=246&notitlebar=1&ranktype=3,https://www.dianping.com/shop/79053615/photos/album,https://plat.dianping.com/app/femember-musteat-web/musteat-rank?cityid=1646&notitlebar=1&ranktype=3
四川省,乐山市,市中区,易老八跷脚牛肉（较场坝店）,四川省乐山市市中区海棠街道较场坝街100号3幢底(较场坝工商所),4.7,47,牛肉,省市区及街道已获取,已获取,榜单行政区/商圈归属,8852370,https://plat.dianping.com/app/femember-musteat-web/musteat-rank?cityid=246&notitlebar=1&ranktype=3,https://www.dianping.com/shop/8852370/photos/album,https://plat.dianping.com/app/femember-musteat-web/musteat-rank?cityid=246&notitlebar=1&ranktype=3
四川省,乐山市,市中区,醉肖坝生态鱼庄·豇豆鱼（乐山总店）,四川省乐山市市中区肖坝路高速公路公安局四分局四大队旁,4.7,92,豇豆鱼,省市区及街道已获取,已获取,榜单行政区/商圈归属,18330299,https://plat.dianping.com/app/femember-musteat-web/musteat-rank?cityid=246&notitlebar=1&ranktype=3,https://www.dianping.com/shop/18330299/photos/album,https://plat.dianping.com/app/femember-musteat-web/musteat-rank?cityid=246&notitlebar=1&ranktype=3
四川省,乐山市,峨眉山市,老格篼土菜馆·临江土鳝丝·川菜（峨眉山店）,四川省乐山市峨眉山市名山路南段395、397、399号,4.5,62,蒜蓉竹叶菜,省市区及街道已获取,已获取,同店铺ID出现在榜单县级城市入口,83197675,https://plat.dianping.com/app/femember-musteat-web/musteat-rank?cityid=246&notitlebar=1&ranktype=3,https://www.dianping.com/shop/83197675/photos/album,https://plat.dianping.com/app/femember-musteat-web/musteat-rank?cityid=1646&notitlebar=1&ranktype=3
四川省,乐山市,市中区,曦曦跷脚牛肉（通江总店）,四川省乐山市市中区通江街道平江东街123号(近车检中心),4.7,47,牛肉,省市区及街道已获取,已获取,榜单行政区/商圈归属,20622182,https://plat.dianping.com/app/femember-musteat-web/musteat-rank?cityid=246&notitlebar=1&ranktype=3,https://www.dianping.com/shop/20622182/photos/album,https://plat.dianping.com/app/femember-musteat-web/musteat-rank?cityid=246&notitlebar=1&ranktype=3
四川省,乐山市,峨眉山市,口福老店跷脚牛肉,四川省乐山市峨眉山市云海北路40号,4.5,66,口福嫩牛肉,省市区及街道已获取,已获取,同店铺ID出现在榜单县级城市入口,17179398,https://plat.dianping.com/app/femember-musteat-web/musteat-rank?cityid=246&notitlebar=1&ranktype=3,https://www.dianping.com/shop/17179398/photos/album,https://plat.dianping.com/app/femember-musteat-web/musteat-rank?cityid=1646&notitlebar=1&ranktype=3
四川省,乐山市,市中区,古真记钵钵鸡（总店）,四川省乐山市市中区海棠路208,4.4,45,麻辣味钵钵鸡,省市区及街道已获取,已获取,榜单行政区/商圈归属,58271465,https://plat.dianping.com/app/femember-musteat-web/musteat-rank?cityid=246&notitlebar=1&ranktype=3,https://www.dianping.com/shop/58271465/photos/album,https://plat.dianping.com/app/femember-musteat-web/musteat-rank?cityid=246&notitlebar=1&ranktype=3
四川省,乐山市,市中区,叶婆婆钵钵鸡（乐山老店）,四川省乐山市市中区东大街41号,4.4,44,红油味钵钵鸡,省市区及街道已获取,已获取,榜单行政区/商圈归属,2650306,https://plat.dianping.com/app/femember-musteat-web/musteat-rank?cityid=246&notitlebar=1&ranktype=3,https://www.dianping.com/shop/2650306/photos/album,https://plat.dianping.com/app/femember-musteat-web/musteat-rank?cityid=246&notitlebar=1&ranktype=3
四川省,乐山市,市中区,曹三马边抄手（劳务市场店）,四川省乐山市市中区绿心街道春华路南段338号(春华路南段市图书馆正对面),4.1,14,干红抄手,省市区及街道已获取,已获取,榜单行政区/商圈归属,67931774,https://plat.dianping.com/app/femember-musteat-web/musteat-rank?cityid=246&notitlebar=1&ranktype=3,https://www.dianping.com/shop/67931774/photos/album,https://plat.dianping.com/app/femember-musteat-web/musteat-rank?cityid=246&notitlebar=1&ranktype=3
四川省,乐山市,五通桥区,牛华八婆麻辣烫（起源店）,四川省乐山市五通桥区商业街167号L3,4.5,54,秘制牛肉,省市区及街道已获取,已获取,榜单行政区/商圈归属,18101164,https://plat.dianping.com/app/femember-musteat-web/musteat-rank?cityid=246&notitlebar=1&ranktype=3,https://www.dianping.com/shop/18101164/photos/album,https://plat.dianping.com/app/femember-musteat-web/musteat-rank?cityid=246&notitlebar=1&ranktype=3
四川省,乐山市,市中区,豆相识•九九豆腐脑（牛咡桥店）,四川省乐山市市中区嘉定中路492号,4.3,20,牛肉豆腐脑,省市区及街道已获取,已获取,榜单行政区/商圈归属,4132910,https://plat.dianping.com/app/femember-musteat-web/musteat-rank?cityid=246&notitlebar=1&ranktype=3,https://www.dianping.com/shop/4132910/photos/album,https://plat.dianping.com/app/femember-musteat-web/musteat-rank?cityid=246&notitlebar=1&ranktype=3
四川省,乐山市,市中区,老乐山·乐山菜（乐山店）,四川省乐山市市中区白塔街80号,4.9,70,老乐山脆皮鱼,省市区及街道已获取,已获取,榜单行政区/商圈归属,10393421,https://plat.dianping.com/app/femember-musteat-web/musteat-rank?cityid=246&notitlebar=1&ranktype=3,https://www.dianping.com/shop/10393421/photos/album,https://plat.dianping.com/app/femember-musteat-web/musteat-rank?cityid=246&notitlebar=1&ranktype=3
四川省,南充市,顺庆区,张胖子川南风味（丁香街店）,四川省南充市顺庆区丁香街6号,4.3,50,鱼香肉丝,省市区及街道已获取,已获取,榜单行政区/商圈归属,40022837,https://plat.dianping.com/app/femember-musteat-web/musteat-rank?cityid=247&notitlebar=1&ranktype=3,https://www.dianping.com/shop/40022837/photos/album,https://plat.dianping.com/app/femember-musteat-web/musteat-rank?cityid=247&notitlebar=1&ranktype=3
四川省,南充市,顺庆区,果城龙凤瓦罐煨汤馆（新豪天地店）,四川省南充市顺庆区白土坝路新豪天地第4幢第1层155号铺,4.1,68,经典蒜香排骨,省市区及街道已获取,已获取,榜单行政区/商圈归属,16392545,https://plat.dianping.com/app/femember-musteat-web/musteat-rank?cityid=247&notitlebar=1&ranktype=3,https://www.dianping.com/shop/16392545/photos/album,https://plat.dianping.com/app/femember-musteat-web/musteat-rank?cityid=247&notitlebar=1&ranktype=3
四川省,南充市,顺庆区,文兴粉馆（延安路店）,四川省南充市顺庆区延安路北城派出所西南50米,4.1,11,牛肉粉,省市区及街道已获取,已获取,榜单行政区/商圈归属,6058207,https://plat.dianping.com/app/femember-musteat-web/musteat-rank?cityid=247&notitlebar=1&ranktype=3,https://www.dianping.com/shop/6058207/photos/album,https://plat.dianping.com/app/femember-musteat-web/musteat-rank?cityid=247&notitlebar=1&ranktype=3
四川省,南充市,阆中市,李家厨房（古城北街店）,四川省南充市阆中市古城北街25号（中天楼旁）,3.8,54,芽菜碎米鸡,省市区及街道已获取,已获取,同店铺ID出现在榜单县级城市入口,18217371,https://plat.dianping.com/app/femember-musteat-web/musteat-rank?cityid=247&notitlebar=1&ranktype=3,https://www.dianping.com/shop/18217371/photos/album,https://plat.dianping.com/app/femember-musteat-web/musteat-rank?cityid=1630&notitlebar=1&ranktype=3
四川省,南充市,阆中市,春怡火锅（中华阆天城店）,四川省南充市阆中市阆水中路194号,4.8,69,千层肚,省市区及街道已获取,已获取,榜单行政区/商圈归属,6525927,https://plat.dianping.com/app/femember-musteat-web/musteat-rank?cityid=247&notitlebar=1&ranktype=3,https://www.dianping.com/shop/6525927/photos/album,https://plat.dianping.com/app/femember-musteat-web/musteat-rank?cityid=247&notitlebar=1&ranktype=3
四川省,南充市,顺庆区,赵肥肠（什字上街店）,四川省南充市顺庆区什字上街45号,4.3,52,小炒肥肠,省市区及街道已获取,已获取,榜单行政区/商圈归属,9089135,https://plat.dianping.com/app/femember-musteat-web/musteat-rank?cityid=247&notitlebar=1&ranktype=3,https://www.dianping.com/shop/9089135/photos/album,https://plat.dianping.com/app/femember-musteat-web/musteat-rank?cityid=247&notitlebar=1&ranktype=3
四川省,南充市,顺庆区,签签万万福串串,四川省南充市顺庆区大西街与青年街交叉口西北侧,4.1,38,土豆片片,省市区及街道已获取,已获取,榜单行政区/商圈归属,96530482,https://plat.dianping.com/app/femember-musteat-web/musteat-rank?cityid=247&notitlebar=1&ranktype=3,https://www.dianping.com/shop/96530482/photos/album,https://plat.dianping.com/app/femember-musteat-web/musteat-rank?cityid=247&notitlebar=1&ranktype=3
四川省,南充市,顺庆区,忘情水鱼头·鲜鱼火锅（白土坝店）,四川省南充市顺庆区白土坝路290号英伦城邦商业广场一楼,4.7,81,精品鲜鱼头,省市区及街道已获取,已获取,榜单行政区/商圈归属,1143567696,https://plat.dianping.com/app/femember-musteat-web/musteat-rank?cityid=247&notitlebar=1&ranktype=3,https://www.dianping.com/shop/1143567696/photos/album,https://plat.dianping.com/app/femember-musteat-web/musteat-rank?cityid=247&notitlebar=1&ranktype=3
四川省,南充市,阆中市,六六砂锅（北街店）,四川省南充市阆中市北街92号,4.2,34,砂锅牛肉,省市区及街道已获取,已获取,同店铺ID出现在榜单县级城市入口,9827389,https://plat.dianping.com/app/femember-musteat-web/musteat-rank?cityid=247&notitlebar=1&ranktype=3,https://www.dianping.com/shop/9827389/photos/album,https://plat.dianping.com/app/femember-musteat-web/musteat-rank?cityid=1630&notitlebar=1&ranktype=3
四川省,南充市,阆中市,伤心凉粉（铁五显街店）,四川省南充市阆中市西街66号,4,16,伤心凉粉,省市区及街道已获取,已获取,榜单行政区/商圈归属,9816250,https://plat.dianping.com/app/femember-musteat-web/musteat-rank?cityid=247&notitlebar=1&ranktype=3,https://www.dianping.com/shop/9816250/photos/album,https://plat.dianping.com/app/femember-musteat-web/musteat-rank?cityid=247&notitlebar=1&ranktype=3
四川省,眉山市,洪雅县,德元楼,四川省眉山市洪雅县柑子场止戈中学斜对面,4.4,58,藤椒钵钵鸡,省市区及街道已获取,已获取,榜单行政区/商圈归属,18671053,https://plat.dianping.com/app/femember-musteat-web/musteat-rank?cityid=248&notitlebar=1&ranktype=3,https://www.dianping.com/shop/18671053/photos/album,https://plat.dianping.com/app/femember-musteat-web/musteat-rank?cityid=248&notitlebar=1&ranktype=3
四川省,眉山市,东坡区,符记漂汤（三苏大道店）,四川省眉山市东坡区三苏大道中段156号,4,26,小锅漂汤,省市区及街道已获取,已获取,榜单行政区/商圈归属,10392142,https://plat.dianping.com/app/femember-musteat-web/musteat-rank?cityid=248&notitlebar=1&ranktype=3,https://www.dianping.com/shop/10392142/photos/album,https://plat.dianping.com/app/femember-musteat-web/musteat-rank?cityid=248&notitlebar=1&ranktype=3
四川省,眉山市,洪雅县,农夫老灶火锅（雅康·世纪广场店）,四川省眉山市洪雅县修文路四段雅康世纪广场2-1-3号（美食街）,4.7,59,农夫鲜切牛肉,省市区及街道已获取,已获取,同店铺ID出现在榜单县级城市入口,55419420,https://plat.dianping.com/app/femember-musteat-web/musteat-rank?cityid=248&notitlebar=1&ranktype=3,https://www.dianping.com/shop/55419420/photos/album,https://plat.dianping.com/app/femember-musteat-web/musteat-rank?cityid=1684&notitlebar=1&ranktype=3
四川省,眉山市,东坡区,哑巴兔（普田街老店）,四川省眉山市东坡区普田街江公丽景A区与B区之间,4.1,64,招牌哑巴兔,省市区及街道已获取,已获取,榜单行政区/商圈归属,23294834,https://plat.dianping.com/app/femember-musteat-web/musteat-rank?cityid=248&notitlebar=1&ranktype=3,https://www.dianping.com/shop/23294834/photos/album,https://plat.dianping.com/app/femember-musteat-web/musteat-rank?cityid=248&notitlebar=1&ranktype=3
四川省,眉山市,彭山区,刚子烧菜王（彭祖广场）,四川省眉山市彭山区凤鸣镇商业街37号,4.6,43,藿香鲫鱼,省市区及街道已获取,已获取,榜单行政区/商圈归属,9631411,https://plat.dianping.com/app/femember-musteat-web/musteat-rank?cityid=248&notitlebar=1&ranktype=3,https://www.dianping.com/shop/9631411/photos/album,https://plat.dianping.com/app/femember-musteat-web/musteat-rank?cityid=248&notitlebar=1&ranktype=3
四川省,眉山市,东坡区,丹棱一绝·瞿丹祖传干拌鸡（临江街店）,四川省眉山市东坡区临江街8-10号,4.6,45,招牌干拌鸡,省市区及街道已获取,已获取,榜单行政区/商圈归属,45528751,https://plat.dianping.com/app/femember-musteat-web/musteat-rank?cityid=248&notitlebar=1&ranktype=3,https://www.dianping.com/shop/45528751/photos/album,https://plat.dianping.com/app/femember-musteat-web/musteat-rank?cityid=248&notitlebar=1&ranktype=3
四川省,眉山市,东坡区,呱呱叫烧菜馆（眉山店）,四川省眉山市东坡区湖滨路南四段88号,4.6,68,泡椒美蛙,省市区及街道已获取,已获取,榜单行政区/商圈归属,10392020,https://plat.dianping.com/app/femember-musteat-web/musteat-rank?cityid=248&notitlebar=1&ranktype=3,https://www.dianping.com/shop/10392020/photos/album,https://plat.dianping.com/app/femember-musteat-web/musteat-rank?cityid=248&notitlebar=1&ranktype=3
四川省,眉山市,东坡区,眉州老坛子（味道新城店）,四川省眉山市东坡区湖滨路南三段味道新城B栋1层（靠湖边广场旁）,4.6,70,老坛子酸菜豆腐花花鲢,省市区及街道已获取,已获取,榜单行政区/商圈归属,578713497,https://plat.dianping.com/app/femember-musteat-web/musteat-rank?cityid=248&notitlebar=1&ranktype=3,https://www.dianping.com/shop/578713497/photos/album,https://plat.dianping.com/app/femember-musteat-web/musteat-rank?cityid=248&notitlebar=1&ranktype=3
四川省,眉山市,彭山区,老地方漂汤春熙馆（永达·粼江枫景3区店）,四川省眉山市彭山区渡江路25号,4,56,漂汤,省市区及街道已获取,已获取,榜单行政区/商圈归属,14707839,https://plat.dianping.com/app/femember-musteat-web/musteat-rank?cityid=248&notitlebar=1&ranktype=3,https://www.dianping.com/shop/14707839/photos/album,https://plat.dianping.com/app/femember-musteat-web/musteat-rank?cityid=248&notitlebar=1&ranktype=3
四川省,眉山市,东坡区,兵哥泡椒兔（眉一中店）,四川省眉山市东坡区文博街2号,4.6,56,泡椒兔,省市区及街道已获取,已获取,榜单行政区/商圈归属,23355377,https://plat.dianping.com/app/femember-musteat-web/musteat-rank?cityid=248&notitlebar=1&ranktype=3,https://www.dianping.com/shop/23355377/photos/album,https://plat.dianping.com/app/femember-musteat-web/musteat-rank?cityid=248&notitlebar=1&ranktype=3
四川省,眉山市,东坡区,老坛子家宴（泡菜城店）,四川省眉山市东坡区崇礼镇顺江大道北段泡菜风情街3号楼,4.7,64,玉米粑,省市区及街道已获取,已获取,榜单行政区/商圈归属,97662230,https://plat.dianping.com/app/femember-musteat-web/musteat-rank?cityid=248&notitlebar=1&ranktype=3,https://www.dianping.com/shop/97662230/photos/album,https://plat.dianping.com/app/femember-musteat-web/musteat-rank?cityid=248&notitlebar=1&ranktype=3
四川省,宜宾市,翠屏区,九里香（水东门店）,四川省宜宾市翠屏区专署街15号,3.9,75,酥肉,省市区及街道已获取,已获取,榜单行政区/商圈归属,6455185,https://plat.dianping.com/app/femember-musteat-web/musteat-rank?cityid=249&notitlebar=1&ranktype=3,https://www.dianping.com/shop/6455185/photos/album,https://plat.dianping.com/app/femember-musteat-web/musteat-rank?cityid=249&notitlebar=1&ranktype=3
四川省,宜宾市,,康大口蘑面庄（将军街店）,四川省宜宾市将军街23号,4.3,13,招牌口蘑面,区县或街道未核实,已获取,区县未核实,3587821,https://plat.dianping.com/app/femember-musteat-web/musteat-rank?cityid=249&notitlebar=1&ranktype=3,https://www.dianping.com/shop/3587821/photos/album,https://plat.dianping.com/app/femember-musteat-web/musteat-rank?cityid=249&notitlebar=1&ranktype=3
四川省,宜宾市,叙州区,刘口水,四川省宜宾市叙州区会馆路21附2号,4,56,火爆腰花,省市区及街道已获取,已获取,榜单行政区/商圈归属,5126053,https://plat.dianping.com/app/femember-musteat-web/musteat-rank?cityid=249&notitlebar=1&ranktype=3,https://www.dianping.com/shop/5126053/photos/album,https://plat.dianping.com/app/femember-musteat-web/musteat-rank?cityid=249&notitlebar=1&ranktype=3
四川省,宜宾市,翠屏区,香竹笼,四川省宜宾市翠屏区女学街商业街14号,4.1,8,银丝卷,省市区及街道已获取,已获取,榜单行政区/商圈归属,7246567,https://plat.dianping.com/app/femember-musteat-web/musteat-rank?cityid=249&notitlebar=1&ranktype=3,https://www.dianping.com/shop/7246567/photos/album,https://plat.dianping.com/app/femember-musteat-web/musteat-rank?cityid=249&notitlebar=1&ranktype=3
四川省,宜宾市,翠屏区,何三白肉第一刀,四川省宜宾市翠屏区顺河街89号,4,61,李庄白肉,省市区及街道已获取,已获取,榜单行政区/商圈归属,1274319465,https://plat.dianping.com/app/femember-musteat-web/musteat-rank?cityid=249&notitlebar=1&ranktype=3,https://www.dianping.com/shop/1274319465/photos/album,https://plat.dianping.com/app/femember-musteat-web/musteat-rank?cityid=249&notitlebar=1&ranktype=3
四川省,宜宾市,叙州区,云南建水鸡脚王烧烤（商贸路店）,四川省宜宾市叙州区南岸街道南岸商贸路与蜀南大道十字路口处(南岸2医院旁),4.6,74,建水鸡脚,省市区及街道已获取,已获取,榜单行政区/商圈归属,66802142,https://plat.dianping.com/app/femember-musteat-web/musteat-rank?cityid=249&notitlebar=1&ranktype=3,https://www.dianping.com/shop/66802142/photos/album,https://plat.dianping.com/app/femember-musteat-web/musteat-rank?cityid=249&notitlebar=1&ranktype=3
四川省,宜宾市,叙州区,中渡口面王（古叙路店）,四川省宜宾市叙州区长江大道西段23号百货公司宿舍,4,15,蘑菇汤,省市区及街道已获取,已获取,榜单行政区/商圈归属,66964979,https://plat.dianping.com/app/femember-musteat-web/musteat-rank?cityid=249&notitlebar=1&ranktype=3,https://www.dianping.com/shop/66964979/photos/album,https://plat.dianping.com/app/femember-musteat-web/musteat-rank?cityid=249&notitlebar=1&ranktype=3
四川省,宜宾市,翠屏区,咸鲜削面,四川省宜宾市翠屏区明伦堂281号,4.4,13,咸鲜削面（小碗）,省市区及街道已获取,已获取,榜单行政区/商圈归属,17525093,https://plat.dianping.com/app/femember-musteat-web/musteat-rank?cityid=249&notitlebar=1&ranktype=3,https://www.dianping.com/shop/17525093/photos/album,https://plat.dianping.com/app/femember-musteat-web/musteat-rank?cityid=249&notitlebar=1&ranktype=3
四川省,宜宾市,叙州区,林和轩乌鱼府（E·PARK宜公园店）,四川省宜宾市叙州区南丝绸路E·PARK宜公园1号楼G1L201,4.9,89,乌鱼片,省市区及街道已获取,已获取,榜单行政区/商圈归属,93563842,https://plat.dianping.com/app/femember-musteat-web/musteat-rank?cityid=249&notitlebar=1&ranktype=3,https://www.dianping.com/shop/93563842/photos/album,https://plat.dianping.com/app/femember-musteat-web/musteat-rank?cityid=249&notitlebar=1&ranktype=3
四川省,宜宾市,叙州区,四姐南瓜田鸡（202店）,四川省宜宾市叙州区戎州路西段2附9、10号,4.1,65,南瓜田鸡,省市区及街道已获取,已获取,榜单行政区/商圈归属,66119757,https://plat.dianping.com/app/femember-musteat-web/musteat-rank?cityid=249&notitlebar=1&ranktype=3,https://www.dianping.com/shop/66119757/photos/album,https://plat.dianping.com/app/femember-musteat-web/musteat-rank?cityid=249&notitlebar=1&ranktype=3
四川省,宜宾市,叙州区,老销冠小烧烤·耙鸡脚·特色烤鱼,四川省宜宾市叙州区叙府路西段一号附8号,4.5,82,销冠耙鸡脚,省市区及街道已获取,已获取,榜单行政区/商圈归属,1373217783,https://plat.dianping.com/app/femember-musteat-web/musteat-rank?cityid=249&notitlebar=1&ranktype=3,https://www.dianping.com/shop/1373217783/photos/album,https://plat.dianping.com/app/femember-musteat-web/musteat-rank?cityid=249&notitlebar=1&ranktype=3
四川省,达州市,通川区,德宏面庄（树仁街店）,四川省达州市通川区树仁街18号门市,4.1,13,红烧牛筋面,省市区及街道已获取,已获取,榜单行政区/商圈归属,40768845,https://plat.dianping.com/app/femember-musteat-web/musteat-rank?cityid=251&notitlebar=1&ranktype=3,https://www.dianping.com/shop/40768845/photos/album,https://plat.dianping.com/app/femember-musteat-web/musteat-rank?cityid=251&notitlebar=1&ranktype=3
四川省,达州市,通川区,李胖儿坝坝鸡,四川省达州市通川区朝阳东路文家梁花园内,4.3,70,酸辣鸡,省市区及街道已获取,已获取,榜单行政区/商圈归属,26948446,https://plat.dianping.com/app/femember-musteat-web/musteat-rank?cityid=251&notitlebar=1&ranktype=3,https://www.dianping.com/shop/26948446/photos/album,https://plat.dianping.com/app/femember-musteat-web/musteat-rank?cityid=251&notitlebar=1&ranktype=3
四川省,达州市,通川区,二马路张记特色酥肉砂锅米线（二马路店）,四川省达州市通川区二马路161号,4.1,14,酸辣酥肉（小锅）,省市区及街道已获取,已获取,榜单行政区/商圈归属,1403714830,https://plat.dianping.com/app/femember-musteat-web/musteat-rank?cityid=251&notitlebar=1&ranktype=3,https://www.dianping.com/shop/1403714830/photos/album,https://plat.dianping.com/app/femember-musteat-web/musteat-rank?cityid=251&notitlebar=1&ranktype=3
四川省,达州市,通川区,杨稀饭中餐馆（达人街店）,四川省达州市通川区万兴路423-425号（达人街内）,4,58,农家下饭菜,省市区及街道已获取,已获取,榜单行政区/商圈归属,66997495,https://plat.dianping.com/app/femember-musteat-web/musteat-rank?cityid=251&notitlebar=1&ranktype=3,https://www.dianping.com/shop/66997495/photos/album,https://plat.dianping.com/app/femember-musteat-web/musteat-rank?cityid=251&notitlebar=1&ranktype=3
四川省,达州市,通川区,达州市通川区娟娟烧烤店（侨兴新城店）,四川省达州市通川区西胜街侨兴新城c区滨河中路98号门市,4,51,招牌香烤鲫鱼,省市区及街道已获取,已获取,榜单行政区/商圈归属,131875129,https://plat.dianping.com/app/femember-musteat-web/musteat-rank?cityid=251&notitlebar=1&ranktype=3,https://www.dianping.com/shop/131875129/photos/album,https://plat.dianping.com/app/femember-musteat-web/musteat-rank?cityid=251&notitlebar=1&ranktype=3
四川省,达州市,通川区,象鼻子（凤凰店）,四川省达州市通川区东城街道荷叶街59号（雅戈尔对面）,4,48,手撕椒麻鸡,省市区及街道已获取,已获取,榜单行政区/商圈归属,5541161,https://plat.dianping.com/app/femember-musteat-web/musteat-rank?cityid=251&notitlebar=1&ranktype=3,https://www.dianping.com/shop/5541161/photos/album,https://plat.dianping.com/app/femember-musteat-web/musteat-rank?cityid=251&notitlebar=1&ranktype=3
四川省,达州市,通川区,酒格老火锅（总店）,"四川省达州市通川区东城街道张家湾路85号（五环花园对面,人民公园后大门梯子上）",4.2,64,卤鸡爪,省市区及街道已获取,已获取,榜单行政区/商圈归属,1654675367,https://plat.dianping.com/app/femember-musteat-web/musteat-rank?cityid=251&notitlebar=1&ranktype=3,https://www.dianping.com/shop/1654675367/photos/album,https://plat.dianping.com/app/femember-musteat-web/musteat-rank?cityid=251&notitlebar=1&ranktype=3
四川省,达州市,通川区,袁氏瘪包子（转转楼店）,四川省达州市通川区来凤路花园幼儿园旁,4.3,12,土豆泥包子半笼,省市区及街道已获取,已获取,榜单行政区/商圈归属,2954470,https://plat.dianping.com/app/femember-musteat-web/musteat-rank?cityid=251&notitlebar=1&ranktype=3,https://www.dianping.com/shop/2954470/photos/album,https://plat.dianping.com/app/femember-musteat-web/musteat-rank?cityid=251&notitlebar=1&ranktype=3
四川省,达州市,通川区,老地方酒楼（红旗路店）,四川省达州市通川区红旗路44号,4.2,91,豆花肥牛,省市区及街道已获取,已获取,榜单行政区/商圈归属,9918114,https://plat.dianping.com/app/femember-musteat-web/musteat-rank?cityid=251&notitlebar=1&ranktype=3,https://www.dianping.com/shop/9918114/photos/album,https://plat.dianping.com/app/femember-musteat-web/musteat-rank?cityid=251&notitlebar=1&ranktype=3
四川省,雅安市,雨城区,老字号怡玺·藿香雅鱼（雅安店）,四川省雅安市雨城区大南街格力电器旁,4.3,70,特色藿香鱼,省市区及街道已获取,已获取,榜单行政区/商圈归属,22226467,https://plat.dianping.com/app/femember-musteat-web/musteat-rank?cityid=252&notitlebar=1&ranktype=3,https://www.dianping.com/shop/22226467/photos/album,https://plat.dianping.com/app/femember-musteat-web/musteat-rank?cityid=252&notitlebar=1&ranktype=3
四川省,雅安市,雨城区,红樱桃雅鱼餐厅（滨江西路店）,四川省雅安市雨城区三雅园三雅路（御景雅园2号门斜对面）（滨江华庭1层18号）,4.4,54,招牌特色砂锅雅鱼,省市区及街道已获取,已获取,榜单行政区/商圈归属,68469849,https://plat.dianping.com/app/femember-musteat-web/musteat-rank?cityid=252&notitlebar=1&ranktype=3,https://www.dianping.com/shop/68469849/photos/album,https://plat.dianping.com/app/femember-musteat-web/musteat-rank?cityid=252&notitlebar=1&ranktype=3
四川省,雅安市,雨城区,又一邨（汉阙路店）,四川省雅安市雨城区汉阙路105号,4,19,炖鸡面,省市区及街道已获取,已获取,榜单行政区/商圈归属,2639467,https://plat.dianping.com/app/femember-musteat-web/musteat-rank?cityid=252&notitlebar=1&ranktype=3,https://www.dianping.com/shop/2639467/photos/album,https://plat.dianping.com/app/femember-musteat-web/musteat-rank?cityid=252&notitlebar=1&ranktype=3
四川省,雅安市,雨城区,继红顺河抄手名小吃,四川省雅安市雨城区西康路中段31号,4,19,黄糖糍粑,省市区及街道已获取,已获取,榜单行政区/商圈归属,5363778,https://plat.dianping.com/app/femember-musteat-web/musteat-rank?cityid=252&notitlebar=1&ranktype=3,https://www.dianping.com/shop/5363778/photos/album,https://plat.dianping.com/app/femember-musteat-web/musteat-rank?cityid=252&notitlebar=1&ranktype=3
四川省,雅安市,雨城区,石记一把火挞挞面,四川省雅安市雨城区南一路57号,4.1,17,牛肉面,省市区及街道已获取,已获取,榜单行政区/商圈归属,5255567,https://plat.dianping.com/app/femember-musteat-web/musteat-rank?cityid=252&notitlebar=1&ranktype=3,https://www.dianping.com/shop/5255567/photos/album,https://plat.dianping.com/app/femember-musteat-web/musteat-rank?cityid=252&notitlebar=1&ranktype=3
四川省,雅安市,雨城区,洪平血旺椒麻鸡雅鱼饭店（熊猫大道店）,四川省雅安市雨城区熊猫大道第一江岸389号附9号,4,70,椒麻鸡,省市区及街道已获取,已获取,榜单行政区/商圈归属,90984567,https://plat.dianping.com/app/femember-musteat-web/musteat-rank?cityid=252&notitlebar=1&ranktype=3,https://www.dianping.com/shop/90984567/photos/album,https://plat.dianping.com/app/femember-musteat-web/musteat-rank?cityid=252&notitlebar=1&ranktype=3
四川省,雅安市,雨城区,老荥经王记棒棒鸡（如意街店）,四川省雅安市雨城区如意街11号,4.3,55,棒棒鸡,省市区及街道已获取,已获取,榜单行政区/商圈归属,27220100,https://plat.dianping.com/app/femember-musteat-web/musteat-rank?cityid=252&notitlebar=1&ranktype=3,https://www.dianping.com/shop/27220100/photos/album,https://plat.dianping.com/app/femember-musteat-web/musteat-rank?cityid=252&notitlebar=1&ranktype=3
四川省,阿坝藏族羌族自治州,理县,川渝食府川菜馆（理县致和广场店）,四川省阿坝藏族羌族自治州理县317国道致和时代广场1楼,4.1,42,野菌炒腊肉,省市区及街道已获取,已获取,榜单行政区/商圈归属,105058798,https://plat.dianping.com/app/femember-musteat-web/musteat-rank?cityid=255&notitlebar=1&ranktype=3,https://www.dianping.com/shop/105058798/photos/album,https://plat.dianping.com/app/femember-musteat-web/musteat-rank?cityid=255&notitlebar=1&ranktype=3
四川省,阿坝藏族羌族自治州,松潘县,老敏饭店,四川省阿坝藏族羌族自治州松潘县伊斯兰风情街正对面,4.1,61,野生菌牦牛排汤锅,省市区及街道已获取,已获取,榜单行政区/商圈归属,67414497,https://plat.dianping.com/app/femember-musteat-web/musteat-rank?cityid=255&notitlebar=1&ranktype=3,https://www.dianping.com/shop/67414497/photos/album,https://plat.dianping.com/app/femember-musteat-web/musteat-rank?cityid=255&notitlebar=1&ranktype=3
四川省,阿坝藏族羌族自治州,松潘县,老字号甘肃面块（松潘店）,四川省阿坝藏族羌族自治州松潘县北街清真下寺街,3.8,18,清真老字号甘肃面块,省市区及街道已获取,已获取,榜单行政区/商圈归属,64911289,https://plat.dianping.com/app/femember-musteat-web/musteat-rank?cityid=255&notitlebar=1&ranktype=3,https://www.dianping.com/shop/64911289/photos/album,https://plat.dianping.com/app/femember-musteat-web/musteat-rank?cityid=255&notitlebar=1&ranktype=3
四川省,阿坝藏族羌族自治州,小金县,在这里·藏式牦牛排铜火锅（四姑娘山店）,四川省阿坝藏族羌族自治州小金县金子街49号（在这里酒店）（长坪村综合广场对面）,4.3,61,牦牛肉原汁原味养生汤锅,省市区及街道已获取,已获取,同店铺ID出现在榜单县级城市入口,132590643,https://plat.dianping.com/app/femember-musteat-web/musteat-rank?cityid=255&notitlebar=1&ranktype=3,https://www.dianping.com/shop/132590643/photos/album,https://plat.dianping.com/app/femember-musteat-web/musteat-rank?cityid=1701&notitlebar=1&ranktype=3
四川省,阿坝藏族羌族自治州,小金县,莲花客栈·莲花小馆,四川省阿坝藏族羌族自治州小金县金字街64号,4.2,51,砂锅肉沫豆腐,省市区及街道已获取,已获取,同店铺ID出现在榜单县级城市入口,130233002,https://plat.dianping.com/app/femember-musteat-web/musteat-rank?cityid=255&notitlebar=1&ranktype=3,https://www.dianping.com/shop/130233002/photos/album,https://plat.dianping.com/app/femember-musteat-web/musteat-rank?cityid=1701&notitlebar=1&ranktype=3
四川省,阿坝藏族羌族自治州,理县,好吃鬼高原牦牛杂火锅（古尔沟分店）,四川省阿坝藏族羌族自治州理县古尔沟镇村三组38号嘉绒城酒店旁,4.4,70,特色牛肉,省市区及街道已获取,已获取,同店铺ID出现在榜单县级城市入口,92218068,https://plat.dianping.com/app/femember-musteat-web/musteat-rank?cityid=255&notitlebar=1&ranktype=3,https://www.dianping.com/shop/92218068/photos/album,https://plat.dianping.com/app/femember-musteat-web/musteat-rank?cityid=1696&notitlebar=1&ranktype=3
四川省,阿坝藏族羌族自治州,九寨沟县,藏雅阁总店,"四川省阿坝藏族羌族自治州九寨沟县边边街68号1-1(九旅综合超市,停车场直开到尽头有通道,走出通道后靠右→步行50米到门店))",4.6,88,牦牛肉土火锅,省市区及街道已获取,已获取,同店铺ID出现在榜单县级城市入口,14882219,https://plat.dianping.com/app/femember-musteat-web/musteat-rank?cityid=255&notitlebar=1&ranktype=3,https://www.dianping.com/shop/14882219/photos/album,https://plat.dianping.com/app/femember-musteat-web/musteat-rank?cityid=1699&notitlebar=1&ranktype=3
四川省,阿坝藏族羌族自治州,九寨沟县,卡万金特色藏餐,四川省阿坝藏族羌族自治州九寨沟县彭丰村三巷59号,4.4,77,牦牛酸奶,省市区及街道已获取,已获取,同店铺ID出现在榜单县级城市入口,65331987,https://plat.dianping.com/app/femember-musteat-web/musteat-rank?cityid=255&notitlebar=1&ranktype=3,https://www.dianping.com/shop/65331987/photos/album,https://plat.dianping.com/app/femember-musteat-web/musteat-rank?cityid=1699&notitlebar=1&ranktype=3
四川省,阿坝藏族羌族自治州,松潘县,松潘古城第一牛·清真,四川省阿坝藏族羌族自治州松潘县213国道东中江村东门城墙边（停车场内）,4,72,野菌牛排汤锅,省市区及街道已获取,已获取,榜单行政区/商圈归属,79234144,https://plat.dianping.com/app/femember-musteat-web/musteat-rank?cityid=255&notitlebar=1&ranktype=3,https://www.dianping.com/shop/79234144/photos/album,https://plat.dianping.com/app/femember-musteat-web/musteat-rank?cityid=255&notitlebar=1&ranktype=3
四川省,阿坝藏族羌族自治州,九寨沟县,老兵烧烤九寨特色·烤羊排,四川省阿坝藏族羌族自治州九寨沟县544国道藏宫阁隔壁正在营业中（21年老店九寨沟仅此一家绝无分店~本店需提前YU约）,4.6,102,烤羊排,省市区及街道已获取,已获取,同店铺ID出现在榜单县级城市入口,14731381,https://plat.dianping.com/app/femember-musteat-web/musteat-rank?cityid=255&notitlebar=1&ranktype=3,https://www.dianping.com/shop/14731381/photos/album,https://plat.dianping.com/app/femember-musteat-web/musteat-rank?cityid=1699&notitlebar=1&ranktype=3
四川省,阿坝藏族羌族自治州,小金县,筒筒笋芋儿鸡,四川省阿坝藏族羌族自治州小金县金锋街日隆镇人民政府附近,4.5,83,笋子芋儿鸡,省市区及街道已获取,已获取,同店铺ID出现在榜单县级城市入口,122011323,https://plat.dianping.com/app/femember-musteat-web/musteat-rank?cityid=255&notitlebar=1&ranktype=3,https://www.dianping.com/shop/122011323/photos/album,https://plat.dianping.com/app/femember-musteat-web/musteat-rank?cityid=1701&notitlebar=1&ranktype=3
四川省,甘孜藏族自治州,康定市,口福园,四川省甘孜藏族自治州康定市炉城镇光明路212号城际酒店三楼,4.3,64,大千排骨,省市区及街道已获取,已获取,同店铺ID出现在榜单县级城市入口,1857925043,https://plat.dianping.com/app/femember-musteat-web/musteat-rank?cityid=256&notitlebar=1&ranktype=3,https://www.dianping.com/shop/1857925043/photos/album,https://plat.dianping.com/app/femember-musteat-web/musteat-rank?cityid=383&notitlebar=1&ranktype=3
四川省,甘孜藏族自治州,康定市,卓梅藏餐,四川省甘孜藏族自治州康定市新市前街17号,3.9,68,酥油茶,省市区及街道已获取,已获取,同店铺ID出现在榜单县级城市入口,1940151021,https://plat.dianping.com/app/femember-musteat-web/musteat-rank?cityid=256&notitlebar=1&ranktype=3,https://www.dianping.com/shop/1940151021/photos/album,https://plat.dianping.com/app/femember-musteat-web/musteat-rank?cityid=383&notitlebar=1&ranktype=3
四川省,甘孜藏族自治州,康定市,杂七杂八牛杂汤锅（康定店）,四川省甘孜藏族自治州康定市炉城镇情歌大道云知酒店二楼,4.3,78,牛肉,省市区及街道已获取,已获取,同店铺ID出现在榜单县级城市入口,23086755,https://plat.dianping.com/app/femember-musteat-web/musteat-rank?cityid=256&notitlebar=1&ranktype=3,https://www.dianping.com/shop/23086755/photos/album,https://plat.dianping.com/app/femember-musteat-web/musteat-rank?cityid=383&notitlebar=1&ranktype=3
四川省,甘孜藏族自治州,泸定县,红色荣坊主题文化餐厅（泸定店）,四川省甘孜藏族自治州泸定县瑞金路183号,4.3,59,醋椒贡鱼,省市区及街道已获取,已获取,同店铺ID出现在榜单县级城市入口,66361489,https://plat.dianping.com/app/femember-musteat-web/musteat-rank?cityid=256&notitlebar=1&ranktype=3,https://www.dianping.com/shop/66361489/photos/album,https://plat.dianping.com/app/femember-musteat-web/musteat-rank?cityid=1707&notitlebar=1&ranktype=3
四川省,甘孜藏族自治州,康定市,影都食府（新都桥店）,四川省甘孜藏族自治州康定市新都桥镇新二村达热下路395号,4,63,柴火鸡,省市区及街道已获取,已获取,同店铺ID出现在榜单县级城市入口,93384101,https://plat.dianping.com/app/femember-musteat-web/musteat-rank?cityid=256&notitlebar=1&ranktype=3,https://www.dianping.com/shop/93384101/photos/album,https://plat.dianping.com/app/femember-musteat-web/musteat-rank?cityid=383&notitlebar=1&ranktype=3
四川省,甘孜藏族自治州,泸定县,泸定县袁记特色豆花饭,四川省甘孜藏族自治州泸定县泸桥镇延安路380-382号,4.1,43,豆花锅,省市区及街道已获取,已获取,同店铺ID出现在榜单县级城市入口,121684840,https://plat.dianping.com/app/femember-musteat-web/musteat-rank?cityid=256&notitlebar=1&ranktype=3,https://www.dianping.com/shop/121684840/photos/album,https://plat.dianping.com/app/femember-musteat-web/musteat-rank?cityid=1707&notitlebar=1&ranktype=3
四川省,甘孜藏族自治州,稻城县,馨膳藏餐之家,四川省甘孜藏族自治州稻城县亚丁天街9栋2-4室,4.7,64,藏式炒饭,省市区及街道已获取,已获取,同店铺ID出现在榜单县级城市入口,130904023,https://plat.dianping.com/app/femember-musteat-web/musteat-rank?cityid=256&notitlebar=1&ranktype=3,https://www.dianping.com/shop/130904023/photos/album,https://plat.dianping.com/app/femember-musteat-web/musteat-rank?cityid=1722&notitlebar=1&ranktype=3
四川省,甘孜藏族自治州,稻城县,稻城县姐妹藏餐厅,四川省甘孜藏族自治州稻城县香格里拉大道23号,4.2,70,酥油茶,省市区及街道已获取,已获取,榜单行政区/商圈归属,122642136,https://plat.dianping.com/app/femember-musteat-web/musteat-rank?cityid=256&notitlebar=1&ranktype=3,https://www.dianping.com/shop/122642136/photos/album,https://plat.dianping.com/app/femember-musteat-web/musteat-rank?cityid=256&notitlebar=1&ranktype=3
四川省,甘孜藏族自治州,康定市,玛拉亚藏餐厅,四川省甘孜藏族自治州康定市沿河东路139号6楼(近水井子),4,81,牛肉盖被,省市区及街道已获取,已获取,同店铺ID出现在榜单县级城市入口,2444296,https://plat.dianping.com/app/femember-musteat-web/musteat-rank?cityid=256&notitlebar=1&ranktype=3,https://www.dianping.com/shop/2444296/photos/album,https://plat.dianping.com/app/femember-musteat-web/musteat-rank?cityid=383&notitlebar=1&ranktype=3
四川省,甘孜藏族自治州,泸定县,韩妹鱼庄·泸定老字号（泸定店）,四川省甘孜藏族自治州泸定县仿古街内,4.6,48,特色肥肠鱼,省市区及街道已获取,已获取,同店铺ID出现在榜单县级城市入口,34556068,https://plat.dianping.com/app/femember-musteat-web/musteat-rank?cityid=256&notitlebar=1&ranktype=3,https://www.dianping.com/shop/34556068/photos/album,https://plat.dianping.com/app/femember-musteat-web/musteat-rank?cityid=1707&notitlebar=1&ranktype=3
四川省,凉山彝族自治州,西昌市,凉山风彝族文化餐厅,四川省凉山彝族自治州西昌市胜利一环路佳信小区2栋2楼3号,4.1,93,坨坨肉,省市区及街道已获取,已获取,同店铺ID出现在榜单县级城市入口,4170133,https://plat.dianping.com/app/femember-musteat-web/musteat-rank?cityid=257&notitlebar=1&ranktype=3,https://www.dianping.com/shop/4170133/photos/album,https://plat.dianping.com/app/femember-musteat-web/musteat-rank?cityid=382&notitlebar=1&ranktype=3
四川省,凉山彝族自治州,西昌市,风鑫铃罗非鱼（道沟店）,四川省凉山彝族自治州西昌市北城街道道沟街33号(武装部对面),4.1,53,泡椒罗非鱼,省市区及街道已获取,已获取,同店铺ID出现在榜单县级城市入口,3028729,https://plat.dianping.com/app/femember-musteat-web/musteat-rank?cityid=257&notitlebar=1&ranktype=3,https://www.dianping.com/shop/3028729/photos/album,https://plat.dianping.com/app/femember-musteat-web/musteat-rank?cityid=382&notitlebar=1&ranktype=3
四川省,凉山彝族自治州,西昌市,胡四哥特色火盆烧烤（总店）,四川省凉山彝族自治州西昌市北部湾干警恒温游泳旁,4.2,74,牛肉,省市区及街道已获取,已获取,榜单行政区/商圈归属,19139420,https://plat.dianping.com/app/femember-musteat-web/musteat-rank?cityid=257&notitlebar=1&ranktype=3,https://www.dianping.com/shop/19139420/photos/album,https://plat.dianping.com/app/femember-musteat-web/musteat-rank?cityid=257&notitlebar=1&ranktype=3
四川省,凉山彝族自治州,西昌市,老号李小肠特色烧烤园（古城店）,四川省凉山彝族自治州西昌市上顺城街1号,4.1,78,小肠,省市区及街道已获取,已获取,同店铺ID出现在榜单县级城市入口,1501585564,https://plat.dianping.com/app/femember-musteat-web/musteat-rank?cityid=257&notitlebar=1&ranktype=3,https://www.dianping.com/shop/1501585564/photos/album,https://plat.dianping.com/app/femember-musteat-web/musteat-rank?cityid=382&notitlebar=1&ranktype=3
四川省,凉山彝族自治州,西昌市,王记清香牛羊杂粉（海河帝景店）,四川省凉山彝族自治州西昌市风情园中路213号,4.3,16,清炖牛杂粉,省市区及街道已获取,已获取,同店铺ID出现在榜单县级城市入口,57966343,https://plat.dianping.com/app/femember-musteat-web/musteat-rank?cityid=257&notitlebar=1&ranktype=3,https://www.dianping.com/shop/57966343/photos/album,https://plat.dianping.com/app/femember-musteat-web/musteat-rank?cityid=382&notitlebar=1&ranktype=3
四川省,凉山彝族自治州,西昌市,黑妹冕宁火盆烧烤（西昌店）,四川省凉山彝族自治州西昌市京昆线缸窑龙呤安置点A区8号,4.2,74,小香猪,省市区及街道已获取,已获取,同店铺ID出现在榜单县级城市入口,8886370,https://plat.dianping.com/app/femember-musteat-web/musteat-rank?cityid=257&notitlebar=1&ranktype=3,https://www.dianping.com/shop/8886370/photos/album,https://plat.dianping.com/app/femember-musteat-web/musteat-rank?cityid=382&notitlebar=1&ranktype=3
四川省,凉山彝族自治州,西昌市,老厨房（总店）,四川省凉山彝族自治州西昌市文汇路攀星花园大门8号门市,4.3,32,烧白,省市区及街道已获取,已获取,同店铺ID出现在榜单县级城市入口,18018984,https://plat.dianping.com/app/femember-musteat-web/musteat-rank?cityid=257&notitlebar=1&ranktype=3,https://www.dianping.com/shop/18018984/photos/album,https://plat.dianping.com/app/femember-musteat-web/musteat-rank?cityid=382&notitlebar=1&ranktype=3
四川省,凉山彝族自治州,西昌市,田园汤锅（春城店）,四川省凉山彝族自治州西昌市东城街道春城东路111号(越夜越美丽下行200米),4.2,57,腊排骨,省市区及街道已获取,已获取,同店铺ID出现在榜单县级城市入口,21286564,https://plat.dianping.com/app/femember-musteat-web/musteat-rank?cityid=257&notitlebar=1&ranktype=3,https://www.dianping.com/shop/21286564/photos/album,https://plat.dianping.com/app/femember-musteat-web/musteat-rank?cityid=382&notitlebar=1&ranktype=3
四川省,凉山彝族自治州,西昌市,回宴饭店,四川省凉山彝族自治州西昌市西城街道宁远桥街(老达达超市对面),4.3,64,牙签牛肉,省市区及街道已获取,已获取,同店铺ID出现在榜单县级城市入口,9583565,https://plat.dianping.com/app/femember-musteat-web/musteat-rank?cityid=257&notitlebar=1&ranktype=3,https://www.dianping.com/shop/9583565/photos/album,https://plat.dianping.com/app/femember-musteat-web/musteat-rank?cityid=382&notitlebar=1&ranktype=3
四川省,凉山彝族自治州,西昌市,燕岗饭店（马道店）,四川省凉山彝族自治州西昌市马道菜市对面,4.1,56,特色鳝丝,省市区及街道已获取,已获取,榜单行政区/商圈归属,68833262,https://plat.dianping.com/app/femember-musteat-web/musteat-rank?cityid=257&notitlebar=1&ranktype=3,https://www.dianping.com/shop/68833262/photos/album,https://plat.dianping.com/app/femember-musteat-web/musteat-rank?cityid=257&notitlebar=1&ranktype=3
四川省,凉山彝族自治州,会理市,廖记鸡火丝小吃店,四川省凉山彝族自治州会理市中巷子54号,4.8,14,饵块鸡火丝,省市区及街道已获取,已获取,同店铺ID出现在榜单县级城市入口,67150051,https://plat.dianping.com/app/femember-musteat-web/musteat-rank?cityid=257&notitlebar=1&ranktype=3,https://www.dianping.com/shop/67150051/photos/album,https://plat.dianping.com/app/femember-musteat-web/musteat-rank?cityid=1726&notitlebar=1&ranktype=3
四川省,凉山彝族自治州,西昌市,火麒麟喜德锅边炸洋芋,四川省凉山彝族自治州西昌市名店街8号楼,4.1,37,土豆,省市区及街道已获取,已获取,同店铺ID出现在榜单县级城市入口,76892790,https://plat.dianping.com/app/femember-musteat-web/musteat-rank?cityid=257&notitlebar=1&ranktype=3,https://www.dianping.com/shop/76892790/photos/album,https://plat.dianping.com/app/femember-musteat-web/musteat-rank?cityid=382&notitlebar=1&ranktype=3
四川省,凉山彝族自治州,西昌市,燃味江湖菜（水岸店）,四川省凉山彝族自治州西昌市张家屯路,4.3,70,招牌豆腐干,省市区及街道已获取,已获取,同店铺ID出现在榜单县级城市入口,108123089,https://plat.dianping.com/app/femember-musteat-web/musteat-rank?cityid=257&notitlebar=1&ranktype=3,https://www.dianping.com/shop/108123089/photos/album,https://plat.dianping.com/app/femember-musteat-web/musteat-rank?cityid=382&notitlebar=1&ranktype=3
贵州省,贵阳市,云岩区,蒋家肠旺面馆老店（合群路店）,贵州省贵阳市云岩区环城北路60号城市之光底商,4.3,18,蒋家肠旺面,省市区及街道已获取,已获取,榜单行政区/商圈归属,4512481,https://plat.dianping.com/app/femember-musteat-web/musteat-rank?cityid=258&notitlebar=1&ranktype=3,https://www.dianping.com/shop/4512481/photos/album,https://plat.dianping.com/app/femember-musteat-web/musteat-rank?cityid=258&notitlebar=1&ranktype=3
贵州省,贵阳市,南明区,毛辣果虾酸牛肉火锅（甲秀楼店）,贵州省贵阳市南明区护国路180号二层,4.6,67,虾酸牛肉肥肠,省市区及街道已获取,已获取,榜单行政区/商圈归属,18126328,https://plat.dianping.com/app/femember-musteat-web/musteat-rank?cityid=258&notitlebar=1&ranktype=3,https://www.dianping.com/shop/18126328/photos/album,https://plat.dianping.com/app/femember-musteat-web/musteat-rank?cityid=258&notitlebar=1&ranktype=3
贵州省,贵阳市,南明区,兮禾酒馆（护国路店）,贵州省贵阳市南明区护国路尚武小区内,4.7,100,脆哨鹅肝饭,省市区及街道已获取,已获取,榜单行政区/商圈归属,69564980,https://plat.dianping.com/app/femember-musteat-web/musteat-rank?cityid=258&notitlebar=1&ranktype=3,https://www.dianping.com/shop/69564980/photos/album,https://plat.dianping.com/app/femember-musteat-web/musteat-rank?cityid=258&notitlebar=1&ranktype=3
贵州省,贵阳市,云岩区,花溪牛肉粉（八鸽岩店）,贵州省贵阳市云岩区八鸽岩路242号,4.4,17,牛肉粉,省市区及街道已获取,已获取,榜单行政区/商圈归属,66818721,https://plat.dianping.com/app/femember-musteat-web/musteat-rank?cityid=258&notitlebar=1&ranktype=3,https://www.dianping.com/shop/66818721/photos/album,https://plat.dianping.com/app/femember-musteat-web/musteat-rank?cityid=258&notitlebar=1&ranktype=3
贵州省,贵阳市,观山湖区,银鹤BLACK（CCPark店）,贵州省贵阳市观山湖区林城东路贵阳城投CCPARKB馆85号外广场（commune附近）,4.7,119,鹅肝寿司,省市区及街道已获取,已获取,榜单行政区/商圈归属,777134863,https://plat.dianping.com/app/femember-musteat-web/musteat-rank?cityid=258&notitlebar=1&ranktype=3,https://www.dianping.com/shop/777134863/photos/album,https://plat.dianping.com/app/femember-musteat-web/musteat-rank?cityid=258&notitlebar=1&ranktype=3
贵州省,贵阳市,云岩区,黔上姨孃·老贵阳牛肉粉,贵州省贵阳市云岩区陕西路14A号（近喷水池地铁站H口）,4.4,16,清汤牛肉粉,省市区及街道已获取,已获取,榜单行政区/商圈归属,69848274,https://plat.dianping.com/app/femember-musteat-web/musteat-rank?cityid=258&notitlebar=1&ranktype=3,https://www.dianping.com/shop/69848274/photos/album,https://plat.dianping.com/app/femember-musteat-web/musteat-rank?cityid=258&notitlebar=1&ranktype=3
贵州省,贵阳市,南明区,大头烤鸡（国际城店）,贵州省贵阳市南明区车水路讯康诊所正对面,4.8,75,鸡皮,省市区及街道已获取,已获取,榜单行政区/商圈归属,990902271,https://plat.dianping.com/app/femember-musteat-web/musteat-rank?cityid=258&notitlebar=1&ranktype=3,https://www.dianping.com/shop/990902271/photos/album,https://plat.dianping.com/app/femember-musteat-web/musteat-rank?cityid=258&notitlebar=1&ranktype=3
贵州省,贵阳市,云岩区,一烙锅（盐务街店）,贵州省贵阳市云岩区盐务街5号,4.6,55,牛肉,省市区及街道已获取,已获取,榜单行政区/商圈归属,2779399,https://plat.dianping.com/app/femember-musteat-web/musteat-rank?cityid=258&notitlebar=1&ranktype=3,https://www.dianping.com/shop/2779399/photos/album,https://plat.dianping.com/app/femember-musteat-web/musteat-rank?cityid=258&notitlebar=1&ranktype=3
贵州省,贵阳市,观山湖区,龙门地烤（阳关小区店）,贵州省贵阳市观山湖区阳关大道55号,4.4,63,畅销必点五花肉,省市区及街道已获取,已获取,榜单行政区/商圈归属,58809999,https://plat.dianping.com/app/femember-musteat-web/musteat-rank?cityid=258&notitlebar=1&ranktype=3,https://www.dianping.com/shop/58809999/photos/album,https://plat.dianping.com/app/femember-musteat-web/musteat-rank?cityid=258&notitlebar=1&ranktype=3
贵州省,贵阳市,云岩区,唐记豆米火锅店（旭东路店）,贵州省贵阳市云岩区旭东路口宝山加油站往煤矿村方向前行50米右侧二楼,4.8,57,鲜肉丸豆米,省市区及街道已获取,已获取,榜单行政区/商圈归属,23339046,https://plat.dianping.com/app/femember-musteat-web/musteat-rank?cityid=258&notitlebar=1&ranktype=3,https://www.dianping.com/shop/23339046/photos/album,https://plat.dianping.com/app/femember-musteat-web/musteat-rank?cityid=258&notitlebar=1&ranktype=3
贵州省,贵阳市,南明区,贵厨酸汤牛肉（花果园国际中心店）,贵州省贵阳市南明区花果园大街贵阳国际中心3号A座负一层50号商铺,4.8,70,秘制酸汤锅,省市区及街道已获取,已获取,榜单行政区/商圈归属,76739292,https://plat.dianping.com/app/femember-musteat-web/musteat-rank?cityid=258&notitlebar=1&ranktype=3,https://www.dianping.com/shop/76739292/photos/album,https://plat.dianping.com/app/femember-musteat-web/musteat-rank?cityid=258&notitlebar=1&ranktype=3
贵州省,贵阳市,南明区,老贵阳全牛粉（尚义路店）,贵州省贵阳市南明区尚义路85号,4.4,17,老贵阳全牛粉,省市区及街道已获取,已获取,榜单行政区/商圈归属,132038724,https://plat.dianping.com/app/femember-musteat-web/musteat-rank?cityid=258&notitlebar=1&ranktype=3,https://www.dianping.com/shop/132038724/photos/album,https://plat.dianping.com/app/femember-musteat-web/musteat-rank?cityid=258&notitlebar=1&ranktype=3
贵州省,贵阳市,南明区,贵城烙锅（狮峰路店）,贵州省贵阳市南明区狮峰路39号,4.6,54,安顺猪小肠,省市区及街道已获取,已获取,榜单行政区/商圈归属,14714790,https://plat.dianping.com/app/femember-musteat-web/musteat-rank?cityid=258&notitlebar=1&ranktype=3,https://www.dianping.com/shop/14714790/photos/album,https://plat.dianping.com/app/femember-musteat-web/musteat-rank?cityid=258&notitlebar=1&ranktype=3
贵州省,贵阳市,观山湖区,黔大毕烙锅（金融城店）,贵州省贵阳市观山湖区财富街金融中心二期住宅项目A3组团第地下室栋负一层5号,4.6,57,脆皮五花肉,省市区及街道已获取,已获取,榜单行政区/商圈归属,125164235,https://plat.dianping.com/app/femember-musteat-web/musteat-rank?cityid=258&notitlebar=1&ranktype=3,https://www.dianping.com/shop/125164235/photos/album,https://plat.dianping.com/app/femember-musteat-web/musteat-rank?cityid=258&notitlebar=1&ranktype=3
贵州省,贵阳市,南明区,南门口肠旺面（大南门店）,贵州省贵阳市南明区护国路153号,4.3,17,招牌肠旺面,省市区及街道已获取,已获取,榜单行政区/商圈归属,2776927,https://plat.dianping.com/app/femember-musteat-web/musteat-rank?cityid=258&notitlebar=1&ranktype=3,https://www.dianping.com/shop/2776927/photos/album,https://plat.dianping.com/app/femember-musteat-web/musteat-rank?cityid=258&notitlebar=1&ranktype=3
贵州省,贵阳市,云岩区,舔口nia嘴,贵州省贵阳市云岩区龙滩街地铁一号线南娅路A口下坡方向,4.4,66,乱ben花生,省市区及街道已获取,已获取,榜单行政区/商圈归属,43784621,https://plat.dianping.com/app/femember-musteat-web/musteat-rank?cityid=258&notitlebar=1&ranktype=3,https://www.dianping.com/shop/43784621/photos/album,https://plat.dianping.com/app/femember-musteat-web/musteat-rank?cityid=258&notitlebar=1&ranktype=3
贵州省,贵阳市,云岩区,大胖刘烙锅（煤矿村全国总店）,贵州省贵阳市云岩区旭东路西霞小区大门对面120号,4.7,63,安顺小肠,省市区及街道已获取,已获取,榜单行政区/商圈归属,19327446,https://plat.dianping.com/app/femember-musteat-web/musteat-rank?cityid=258&notitlebar=1&ranktype=3,https://www.dianping.com/shop/19327446/photos/album,https://plat.dianping.com/app/femember-musteat-web/musteat-rank?cityid=258&notitlebar=1&ranktype=3
贵州省,贵阳市,云岩区,土家风味豆米火锅·干锅剔骨鸡·鹅掌翅（黔灵山公园店）,贵州省贵阳市云岩区北京路260号万科公园五号三楼(地铁3号线黔灵公园站A出口工商银行左转50米)土家风味,4.7,53,软哨豆米火锅,省市区及街道已获取,已获取,榜单行政区/商圈归属,97711668,https://plat.dianping.com/app/femember-musteat-web/musteat-rank?cityid=258&notitlebar=1&ranktype=3,https://www.dianping.com/shop/97711668/photos/album,https://plat.dianping.com/app/femember-musteat-web/musteat-rank?cityid=258&notitlebar=1&ranktype=3
贵州省,贵阳市,云岩区,新大新豆米火锅（南国花锦店）,贵州省贵阳市云岩区中华中路130号南国花锦购物中心7楼,4.4,79,糟辣软哨豆米火锅,省市区及街道已获取,已获取,榜单行政区/商圈归属,9956795,https://plat.dianping.com/app/femember-musteat-web/musteat-rank?cityid=258&notitlebar=1&ranktype=3,https://www.dianping.com/shop/9956795/photos/album,https://plat.dianping.com/app/femember-musteat-web/musteat-rank?cityid=258&notitlebar=1&ranktype=3
贵州省,贵阳市,云岩区,老五鸡丝豆花面粉（瑞金北路68号院店）,贵州省贵阳市云岩区瑞金北路94号,4.4,15,鸡丝豆花面,省市区及街道已获取,已获取,榜单行政区/商圈归属,2733874,https://plat.dianping.com/app/femember-musteat-web/musteat-rank?cityid=258&notitlebar=1&ranktype=3,https://www.dianping.com/shop/2733874/photos/album,https://plat.dianping.com/app/femember-musteat-web/musteat-rank?cityid=258&notitlebar=1&ranktype=3
贵州省,遵义市,红花岗区,家楼下夺夺粉•酸汤火锅（公园路店）,贵州省遵义市红花岗区公园路中段,4.6,42,贵州黄牛肉,省市区及街道已获取,已获取,榜单行政区/商圈归属,1545313390,https://plat.dianping.com/app/femember-musteat-web/musteat-rank?cityid=260&notitlebar=1&ranktype=3,https://www.dianping.com/shop/1545313390/photos/album,https://plat.dianping.com/app/femember-musteat-web/musteat-rank?cityid=260&notitlebar=1&ranktype=3
贵州省,遵义市,红花岗区,鲜得来聚祥福菌满楼（老城店）,贵州省遵义市红花岗区子尹路遵义口腔医院对面,4.3,67,菌香锅底汤,省市区及街道已获取,已获取,榜单行政区/商圈归属,978491076,https://plat.dianping.com/app/femember-musteat-web/musteat-rank?cityid=260&notitlebar=1&ranktype=3,https://www.dianping.com/shop/978491076/photos/album,https://plat.dianping.com/app/femember-musteat-web/musteat-rank?cityid=260&notitlebar=1&ranktype=3
贵州省,遵义市,红花岗区,姐妹辣子鸡（专业炒鸡店）,贵州省遵义市红花岗区湘山路中山办开发房B栋1号门面,4.2,46,炒辣子鸡,省市区及街道已获取,已获取,榜单行政区/商圈归属,79584331,https://plat.dianping.com/app/femember-musteat-web/musteat-rank?cityid=260&notitlebar=1&ranktype=3,https://www.dianping.com/shop/79584331/photos/album,https://plat.dianping.com/app/femember-musteat-web/musteat-rank?cityid=260&notitlebar=1&ranktype=3
贵州省,遵义市,红花岗区,老江最黔线（东欣店）,贵州省遵义市红花岗区忠庄街道东欣大道F组团F11、12栋二、三层商铺,4.4,53,糟辣椒炒肉,省市区及街道已获取,已获取,榜单行政区/商圈归属,94299656,https://plat.dianping.com/app/femember-musteat-web/musteat-rank?cityid=260&notitlebar=1&ranktype=3,https://www.dianping.com/shop/94299656/photos/album,https://plat.dianping.com/app/femember-musteat-web/musteat-rank?cityid=260&notitlebar=1&ranktype=3
贵州省,遵义市,红花岗区,刘成祜豆花面（子尹路店）,贵州省遵义市红花岗区子尹路276号,4.2,13,蘸水豆花面,省市区及街道已获取,已获取,榜单行政区/商圈归属,21682975,https://plat.dianping.com/app/femember-musteat-web/musteat-rank?cityid=260&notitlebar=1&ranktype=3,https://www.dianping.com/shop/21682975/photos/album,https://plat.dianping.com/app/femember-musteat-web/musteat-rank?cityid=260&notitlebar=1&ranktype=3
贵州省,遵义市,红花岗区,王海家常菜馆,贵州省遵义市红花岗区沙盐路育新小学对面,4.3,49,脆哨土豆泥,省市区及街道已获取,已获取,榜单行政区/商圈归属,9476404,https://plat.dianping.com/app/femember-musteat-web/musteat-rank?cityid=260&notitlebar=1&ranktype=3,https://www.dianping.com/shop/9476404/photos/album,https://plat.dianping.com/app/femember-musteat-web/musteat-rank?cityid=260&notitlebar=1&ranktype=3
贵州省,安顺市,西秀区,杨记牛杂,贵州省安顺市西秀区二环路北50米安顺花鸟市场东北侧约130米,4.6,51,先切牛肉,省市区及街道已获取,已获取,榜单行政区/商圈归属,1281607880,https://plat.dianping.com/app/femember-musteat-web/musteat-rank?cityid=261&notitlebar=1&ranktype=3,https://www.dianping.com/shop/1281607880/photos/album,https://plat.dianping.com/app/femember-musteat-web/musteat-rank?cityid=261&notitlebar=1&ranktype=3
贵州省,安顺市,西秀区,龙老太味全夺夺粉火锅（南马总店）,贵州省安顺市西秀区南马大道江山路铺面,4.4,50,酸辣锅底,省市区及街道已获取,已获取,榜单行政区/商圈归属,80614346,https://plat.dianping.com/app/femember-musteat-web/musteat-rank?cityid=261&notitlebar=1&ranktype=3,https://www.dianping.com/shop/80614346/photos/album,https://plat.dianping.com/app/femember-musteat-web/musteat-rank?cityid=261&notitlebar=1&ranktype=3
贵州省,安顺市,西秀区,六盘水烙锅（顾府街店）,贵州省安顺市西秀区顾府街青龙山5号铺面,4.3,47,洋芋粑,省市区及街道已获取,已获取,榜单行政区/商圈归属,22671364,https://plat.dianping.com/app/femember-musteat-web/musteat-rank?cityid=261&notitlebar=1&ranktype=3,https://www.dianping.com/shop/22671364/photos/album,https://plat.dianping.com/app/femember-musteat-web/musteat-rank?cityid=261&notitlebar=1&ranktype=3
贵州省,安顺市,西秀区,蒋记龍府大竹签烤肉（亿丰国际店）,贵州省安顺市西秀区黄果树大街亿丰国际汽车物流园1期8栋1层,4.8,78,五花肉,省市区及街道已获取,已获取,榜单行政区/商圈归属,82954909,https://plat.dianping.com/app/femember-musteat-web/musteat-rank?cityid=261&notitlebar=1&ranktype=3,https://www.dianping.com/shop/82954909/photos/album,https://plat.dianping.com/app/femember-musteat-web/musteat-rank?cityid=261&notitlebar=1&ranktype=3
贵州省,安顺市,西秀区,刘成刚刘老实食府（金星店）,贵州省安顺市西秀区合掌岩路与西航路交叉口西北角,4.7,60,鱼火锅,省市区及街道已获取,已获取,榜单行政区/商圈归属,9970349,https://plat.dianping.com/app/femember-musteat-web/musteat-rank?cityid=261&notitlebar=1&ranktype=3,https://www.dianping.com/shop/9970349/photos/album,https://plat.dianping.com/app/femember-musteat-web/musteat-rank?cityid=261&notitlebar=1&ranktype=3
贵州省,安顺市,西秀区,蒋记牛肉粉（新大十字总店）,贵州省安顺市西秀区南华西路20号,4,16,红烧,省市区及街道已获取,已获取,榜单行政区/商圈归属,63480094,https://plat.dianping.com/app/femember-musteat-web/musteat-rank?cityid=261&notitlebar=1&ranktype=3,https://www.dianping.com/shop/63480094/photos/album,https://plat.dianping.com/app/femember-musteat-web/musteat-rank?cityid=261&notitlebar=1&ranktype=3
贵州省,安顺市,西秀区,黔府豆米火锅野菜馆（南马店）,贵州省安顺市西秀区香榭路12号,4.8,58,清汤豆米火锅,省市区及街道已获取,已获取,榜单行政区/商圈归属,93523110,https://plat.dianping.com/app/femember-musteat-web/musteat-rank?cityid=261&notitlebar=1&ranktype=3,https://www.dianping.com/shop/93523110/photos/album,https://plat.dianping.com/app/femember-musteat-web/musteat-rank?cityid=261&notitlebar=1&ranktype=3
贵州省,安顺市,西秀区,小翔干面,贵州省安顺市西秀区中华南路南段52号,4.1,12,清炖干鸡面,省市区及街道已获取,已获取,榜单行政区/商圈归属,9550771,https://plat.dianping.com/app/femember-musteat-web/musteat-rank?cityid=261&notitlebar=1&ranktype=3,https://www.dianping.com/shop/9550771/photos/album,https://plat.dianping.com/app/femember-musteat-web/musteat-rank?cityid=261&notitlebar=1&ranktype=3
贵州省,安顺市,西秀区,黔味园豆米火锅,贵州省安顺市西秀区星光路千禧风雷C区1幢3号,4.5,55,豆米火锅,省市区及街道已获取,已获取,榜单行政区/商圈归属,92024855,https://plat.dianping.com/app/femember-musteat-web/musteat-rank?cityid=261&notitlebar=1&ranktype=3,https://www.dianping.com/shop/92024855/photos/album,https://plat.dianping.com/app/femember-musteat-web/musteat-rank?cityid=261&notitlebar=1&ranktype=3
贵州省,安顺市,西秀区,国芳屯堡烤小肠（市西路店）,贵州省安顺市西秀区市西路瑞幸咖啡斜对面,4.5,52,秘制烤小肠,省市区及街道已获取,已获取,榜单行政区/商圈归属,1457292486,https://plat.dianping.com/app/femember-musteat-web/musteat-rank?cityid=261&notitlebar=1&ranktype=3,https://www.dianping.com/shop/1457292486/photos/album,https://plat.dianping.com/app/femember-musteat-web/musteat-rank?cityid=261&notitlebar=1&ranktype=3
贵州省,黔西南布依族苗族自治州,兴义市,马锐清真馆（桔丰路店）,贵州省黔西南布依族苗族自治州兴义市桔丰路联塑管道金洲五金隔壁,4,54,干锅牛肉,省市区及街道已获取,已获取,同店铺ID出现在榜单县级城市入口,79345493,https://plat.dianping.com/app/femember-musteat-web/musteat-rank?cityid=263&notitlebar=1&ranktype=3,https://www.dianping.com/shop/79345493/photos/album,https://plat.dianping.com/app/femember-musteat-web/musteat-rank?cityid=1807&notitlebar=1&ranktype=3
贵州省,黔西南布依族苗族自治州,兴义市,革里羊庄,贵州省黔西南布依族苗族自治州兴义市惠民路12号,4.4,60,羊肉煎包,省市区及街道已获取,已获取,同店铺ID出现在榜单县级城市入口,69666495,https://plat.dianping.com/app/femember-musteat-web/musteat-rank?cityid=263&notitlebar=1&ranktype=3,https://www.dianping.com/shop/69666495/photos/album,https://plat.dianping.com/app/femember-musteat-web/musteat-rank?cityid=1807&notitlebar=1&ranktype=3
贵州省,黔西南布依族苗族自治州,兴义市,醉渔翁（下五屯店）,贵州省黔西南布依族苗族自治州兴义市兴巴公路27号,4,43,长寿鱼,省市区及街道已获取,已获取,同店铺ID出现在榜单县级城市入口,66676007,https://plat.dianping.com/app/femember-musteat-web/musteat-rank?cityid=263&notitlebar=1&ranktype=3,https://www.dianping.com/shop/66676007/photos/album,https://plat.dianping.com/app/femember-musteat-web/musteat-rank?cityid=1807&notitlebar=1&ranktype=3
贵州省,黔西南布依族苗族自治州,兴义市,贵丰牛魔王靓汤坊（金水路三街店）,贵州省黔西南布依族苗族自治州兴义市桔丰路中段,4.1,52,鲜牛肉,省市区及街道已获取,已获取,同店铺ID出现在榜单县级城市入口,17437975,https://plat.dianping.com/app/femember-musteat-web/musteat-rank?cityid=263&notitlebar=1&ranktype=3,https://www.dianping.com/shop/17437975/photos/album,https://plat.dianping.com/app/femember-musteat-web/musteat-rank?cityid=1807&notitlebar=1&ranktype=3
贵州省,黔西南布依族苗族自治州,兴义市,邹记鸡肉汤圆（富康店）,贵州省黔西南布依族苗族自治州兴义市中兴路桔山广场会展中心10号门面,4,15,速冻鸡肉汤圆,省市区及街道已获取,已获取,同店铺ID出现在榜单县级城市入口,15554835,https://plat.dianping.com/app/femember-musteat-web/musteat-rank?cityid=263&notitlebar=1&ranktype=3,https://www.dianping.com/shop/15554835/photos/album,https://plat.dianping.com/app/femember-musteat-web/musteat-rank?cityid=1807&notitlebar=1&ranktype=3
贵州省,黔西南布依族苗族自治州,兴义市,黄小川布依特色酸笋牛肉（兴义店）,贵州省黔西南布依族苗族自治州兴义市黄小川布依特色酸笋牛肉,4.3,59,酸笋牛肉锅底,省市区及街道已获取,已获取,同店铺ID出现在榜单县级城市入口,1795565235,https://plat.dianping.com/app/femember-musteat-web/musteat-rank?cityid=263&notitlebar=1&ranktype=3,https://www.dianping.com/shop/1795565235/photos/album,https://plat.dianping.com/app/femember-musteat-web/musteat-rank?cityid=1807&notitlebar=1&ranktype=3
贵州省,黔西南布依族苗族自治州,兴义市,刘记羊肉粉馆（荷花塘总店）,贵州省黔西南布依族苗族自治州兴义市铁匠街44号刘记羊肉粉馆铁匠街,4,16,羊肉粉,省市区及街道已获取,已获取,同店铺ID出现在榜单县级城市入口,3426673,https://plat.dianping.com/app/femember-musteat-web/musteat-rank?cityid=263&notitlebar=1&ranktype=3,https://www.dianping.com/shop/3426673/photos/album,https://plat.dianping.com/app/femember-musteat-web/musteat-rank?cityid=1807&notitlebar=1&ranktype=3
贵州省,黔西南布依族苗族自治州,兴义市,江氏糯香园·贞丰糯米饭（碧云路店）,贵州省黔西南布依族苗族自治州兴义市碧云路公园首府A6-3-1-10号,4,14,糯米饭,省市区及街道已获取,已获取,同店铺ID出现在榜单县级城市入口,98256962,https://plat.dianping.com/app/femember-musteat-web/musteat-rank?cityid=263&notitlebar=1&ranktype=3,https://www.dianping.com/shop/98256962/photos/album,https://plat.dianping.com/app/femember-musteat-web/musteat-rank?cityid=1807&notitlebar=1&ranktype=3
贵州省,黔西南布依族苗族自治州,兴义市,欧阳布依酸笋牛肉,贵州省黔西南布依族苗族自治州兴义市兴巴公路乡愁集市入口十米处路北,4.7,53,酸笋红酸汤,省市区及街道已获取,已获取,同店铺ID出现在榜单县级城市入口,129717575,https://plat.dianping.com/app/femember-musteat-web/musteat-rank?cityid=263&notitlebar=1&ranktype=3,https://www.dianping.com/shop/129717575/photos/album,https://plat.dianping.com/app/femember-musteat-web/musteat-rank?cityid=1807&notitlebar=1&ranktype=3
贵州省,黔西南布依族苗族自治州,兴义市,徐记家常菜,贵州省黔西南布依族苗族自治州兴义市峡谷大道翠竹苑对面,4.2,60,炒牛肝菌,省市区及街道已获取,已获取,同店铺ID出现在榜单县级城市入口,114268975,https://plat.dianping.com/app/femember-musteat-web/musteat-rank?cityid=263&notitlebar=1&ranktype=3,https://www.dianping.com/shop/114268975/photos/album,https://plat.dianping.com/app/femember-musteat-web/musteat-rank?cityid=1807&notitlebar=1&ranktype=3
贵州省,黔东南苗族侗族自治州,黎平县,醉第一楼,贵州省黔东南苗族侗族自治州黎平县肇兴侗寨义团鼓楼旁,4.3,68,醉一楼秘制豆腐,省市区及街道已获取,已获取,榜单行政区/商圈归属,104885279,https://plat.dianping.com/app/femember-musteat-web/musteat-rank?cityid=265&notitlebar=1&ranktype=3,https://www.dianping.com/shop/104885279/photos/album,https://plat.dianping.com/app/femember-musteat-web/musteat-rank?cityid=265&notitlebar=1&ranktype=3
贵州省,黔东南苗族侗族自治州,凯里市,老腾鱼酱酸（创始店）,贵州省黔东南苗族侗族自治州凯里市风情大道凯里嘉瑞禾国际度假酒店沿街商铺（上善若水隔壁）,4,68,鱼酱酸,省市区及街道已获取,已获取,同店铺ID出现在榜单县级城市入口,67632791,https://plat.dianping.com/app/femember-musteat-web/musteat-rank?cityid=265&notitlebar=1&ranktype=3,https://www.dianping.com/shop/67632791/photos/album,https://plat.dianping.com/app/femember-musteat-web/musteat-rank?cityid=1779&notitlebar=1&ranktype=3
贵州省,黔东南苗族侗族自治州,黎平县,鱼王早餐店,贵州省黔东南苗族侗族自治州黎平县肇兴侗寨肇兴上寨义团花桥路口对面,4,18,酸汤牛肉粉,省市区及街道已获取,已获取,榜单行政区/商圈归属,877078686,https://plat.dianping.com/app/femember-musteat-web/musteat-rank?cityid=265&notitlebar=1&ranktype=3,https://www.dianping.com/shop/877078686/photos/album,https://plat.dianping.com/app/femember-musteat-web/musteat-rank?cityid=265&notitlebar=1&ranktype=3
贵州省,黔东南苗族侗族自治州,凯里市,龙大头庖汤店,贵州省黔东南苗族侗族自治州凯里市308省道朝阳幼儿园旁,4.2,60,白酸锅底,省市区及街道已获取,已获取,同店铺ID出现在榜单县级城市入口,98108893,https://plat.dianping.com/app/femember-musteat-web/musteat-rank?cityid=265&notitlebar=1&ranktype=3,https://www.dianping.com/shop/98108893/photos/album,https://plat.dianping.com/app/femember-musteat-web/musteat-rank?cityid=1779&notitlebar=1&ranktype=3
贵州省,黔东南苗族侗族自治州,,侯家庄私房菜馆观景餐厅,贵州省黔东南苗族侗族自治州西江苗族博物馆东110米,4.1,70,红酸汤鱼,区县或街道未核实,已获取,区县未核实,17608816,https://plat.dianping.com/app/femember-musteat-web/musteat-rank?cityid=265&notitlebar=1&ranktype=3,https://www.dianping.com/shop/17608816/photos/album,https://plat.dianping.com/app/femember-musteat-web/musteat-rank?cityid=265&notitlebar=1&ranktype=3
贵州省,黔东南苗族侗族自治州,,和福餐馆（西江古街店）,贵州省黔东南苗族侗族自治州西江千户苗寨景区古街霸王茶姬（老巷子往里走30米）,4.2,68,糟辣鱼,区县或街道未核实,已获取,区县未核实,5860561,https://plat.dianping.com/app/femember-musteat-web/musteat-rank?cityid=265&notitlebar=1&ranktype=3,https://www.dianping.com/shop/5860561/photos/album,https://plat.dianping.com/app/femember-musteat-web/musteat-rank?cityid=265&notitlebar=1&ranktype=3
贵州省,黔东南苗族侗族自治州,凯里市,老字号第三家麻辣烫（中博店）,贵州省黔东南苗族侗族自治州凯里市北京西路14号,4.2,35,红酸汤锅,省市区及街道已获取,已获取,同店铺ID出现在榜单县级城市入口,19325946,https://plat.dianping.com/app/femember-musteat-web/musteat-rank?cityid=265&notitlebar=1&ranktype=3,https://www.dianping.com/shop/19325946/photos/album,https://plat.dianping.com/app/femember-musteat-web/musteat-rank?cityid=1779&notitlebar=1&ranktype=3
贵州省,黔东南苗族侗族自治州,,惠农酸汤粉馆,贵州省黔东南苗族侗族自治州古街东引路口,4.2,18,腊肉酸汤粉,区县或街道未核实,已获取,区县未核实,69425061,https://plat.dianping.com/app/femember-musteat-web/musteat-rank?cityid=265&notitlebar=1&ranktype=3,https://www.dianping.com/shop/69425061/photos/album,https://plat.dianping.com/app/femember-musteat-web/musteat-rank?cityid=265&notitlebar=1&ranktype=3
贵州省,黔东南苗族侗族自治州,黎平县,仁和人家,贵州省黔东南苗族侗族自治州黎平县868县道仁团鼓楼对面,4.4,58,酸汤牛肉,省市区及街道已获取,已获取,榜单行政区/商圈归属,18031217,https://plat.dianping.com/app/femember-musteat-web/musteat-rank?cityid=265&notitlebar=1&ranktype=3,https://www.dianping.com/shop/18031217/photos/album,https://plat.dianping.com/app/femember-musteat-web/musteat-rank?cityid=265&notitlebar=1&ranktype=3
贵州省,黔东南苗族侗族自治州,凯里市,牛滚荡（金竹园店）,贵州省黔东南苗族侗族自治州凯里市大十字街道友庄路12号金冠酒店(近凯里体育馆),4.3,61,白酸汤,省市区及街道已获取,已获取,同店铺ID出现在榜单县级城市入口,5531681,https://plat.dianping.com/app/femember-musteat-web/musteat-rank?cityid=265&notitlebar=1&ranktype=3,https://www.dianping.com/shop/5531681/photos/album,https://plat.dianping.com/app/femember-musteat-web/musteat-rank?cityid=1779&notitlebar=1&ranktype=3
贵州省,黔东南苗族侗族自治州,凯里市,正宗迎欣酸汤砂锅粉（北京东路店）,贵州省黔东南苗族侗族自治州凯里市北京东路25号,4.2,12,三鲜酸汤粉,省市区及街道已获取,已获取,同店铺ID出现在榜单县级城市入口,9820173,https://plat.dianping.com/app/femember-musteat-web/musteat-rank?cityid=265&notitlebar=1&ranktype=3,https://www.dianping.com/shop/9820173/photos/album,https://plat.dianping.com/app/femember-musteat-web/musteat-rank?cityid=1779&notitlebar=1&ranktype=3
贵州省,黔东南苗族侗族自治州,凯里市,榕江忠诚肖家牛瘪馆（罗汉山店）,贵州省黔东南苗族侗族自治州凯里市环城东路罗汉山大门进50米（基督教堂旁）,4.1,63,干锅牛瘪,省市区及街道已获取,已获取,同店铺ID出现在榜单县级城市入口,93620337,https://plat.dianping.com/app/femember-musteat-web/musteat-rank?cityid=265&notitlebar=1&ranktype=3,https://www.dianping.com/shop/93620337/photos/album,https://plat.dianping.com/app/femember-musteat-web/musteat-rank?cityid=1779&notitlebar=1&ranktype=3
贵州省,黔南布依族苗族自治州,荔波县,曾记留一手烤鱼,贵州省黔南布依族苗族自治州荔波县樟江北路78号（重庆火锅隔壁）,4.6,71,特色豆腐花烤鱼,省市区及街道已获取,已获取,同店铺ID出现在榜单县级城市入口,130985069,https://plat.dianping.com/app/femember-musteat-web/musteat-rank?cityid=266&notitlebar=1&ranktype=3,https://www.dianping.com/shop/130985069/photos/album,https://plat.dianping.com/app/femember-musteat-web/musteat-rank?cityid=1797&notitlebar=1&ranktype=3
贵州省,黔南布依族苗族自治州,荔波县,酸汤牛杂馆（总店）,贵州省黔南布依族苗族自治州荔波县樟江东路汽车站斜对面（建设银行隔壁、工商银行对面）,4.7,17,酸汤牛杂粉,省市区及街道已获取,已获取,同店铺ID出现在榜单县级城市入口,23965687,https://plat.dianping.com/app/femember-musteat-web/musteat-rank?cityid=266&notitlebar=1&ranktype=3,https://www.dianping.com/shop/23965687/photos/album,https://plat.dianping.com/app/femember-musteat-web/musteat-rank?cityid=1797&notitlebar=1&ranktype=3
贵州省,黔南布依族苗族自治州,荔波县,绝味烤鱼（樟江北路店）,贵州省黔南布依族苗族自治州荔波县樟江北路125号（陈家凉拌粉旁边）,4.4,71,烤江团,省市区及街道已获取,已获取,榜单行政区/商圈归属,15553262,https://plat.dianping.com/app/femember-musteat-web/musteat-rank?cityid=266&notitlebar=1&ranktype=3,https://www.dianping.com/shop/15553262/photos/album,https://plat.dianping.com/app/femember-musteat-web/musteat-rank?cityid=266&notitlebar=1&ranktype=3
贵州省,黔南布依族苗族自治州,荔波县,月亮山农家特色绝味豆花烤鱼,贵州省黔南布依族苗族自治州荔波县民生路邓恩铭广场美食街樟江夜食牌坊内20米右,4.4,59,绝味豆花烤鱼,省市区及街道已获取,已获取,同店铺ID出现在榜单县级城市入口,6104265,https://plat.dianping.com/app/femember-musteat-web/musteat-rank?cityid=266&notitlebar=1&ranktype=3,https://www.dianping.com/shop/6104265/photos/album,https://plat.dianping.com/app/femember-musteat-web/musteat-rank?cityid=1797&notitlebar=1&ranktype=3
贵州省,黔南布依族苗族自治州,都匀市,许记平安特色虾酸牛肉馆（都匀分店）,贵州省黔南布依族苗族自治州都匀市滨江路河滨小区123号门面,4,53,虾酸牛肉肥肠,省市区及街道已获取,已获取,同店铺ID出现在榜单县级城市入口,22512760,https://plat.dianping.com/app/femember-musteat-web/musteat-rank?cityid=266&notitlebar=1&ranktype=3,https://www.dianping.com/shop/22512760/photos/album,https://plat.dianping.com/app/femember-musteat-web/musteat-rank?cityid=1795&notitlebar=1&ranktype=3
贵州省,黔南布依族苗族自治州,都匀市,半坡牛杂馆,贵州省黔南布依族苗族自治州都匀市石板街321号后门面市委（半坡牛杂馆）,4.2,60,牛肉,省市区及街道已获取,已获取,榜单行政区/商圈归属,1690622831,https://plat.dianping.com/app/femember-musteat-web/musteat-rank?cityid=266&notitlebar=1&ranktype=3,https://www.dianping.com/shop/1690622831/photos/album,https://plat.dianping.com/app/femember-musteat-web/musteat-rank?cityid=266&notitlebar=1&ranktype=3
贵州省,黔南布依族苗族自治州,龙里县,聚龙堂肉饼鸡,贵州省黔南布依族苗族自治州龙里县龙山大道坝上村厦蓉高速出口,4.6,90,聚龙堂肉饼鸡,省市区及街道已获取,已获取,同店铺ID出现在榜单县级城市入口,97839269,https://plat.dianping.com/app/femember-musteat-web/musteat-rank?cityid=266&notitlebar=1&ranktype=3,https://www.dianping.com/shop/97839269/photos/album,https://plat.dianping.com/app/femember-musteat-web/musteat-rank?cityid=1804&notitlebar=1&ranktype=3
贵州省,黔南布依族苗族自治州,荔波县,砂锅莊豆米火锅,贵州省黔南布依族苗族自治州荔波县塘地路77号（中国人寿保险公司后面）,4.8,56,特色肉丸子豆米火锅（小锅）,省市区及街道已获取,已获取,同店铺ID出现在榜单县级城市入口,67621672,https://plat.dianping.com/app/femember-musteat-web/musteat-rank?cityid=266&notitlebar=1&ranktype=3,https://www.dianping.com/shop/67621672/photos/album,https://plat.dianping.com/app/femember-musteat-web/musteat-rank?cityid=1797&notitlebar=1&ranktype=3
贵州省,黔南布依族苗族自治州,都匀市,沈小弟酸汤牛肉馆,贵州省黔南布依族苗族自治州都匀市沙包堡街道渡船堡新村一层,4.4,65,特色酸汤锅底,省市区及街道已获取,已获取,同店铺ID出现在榜单县级城市入口,61053438,https://plat.dianping.com/app/femember-musteat-web/musteat-rank?cityid=266&notitlebar=1&ranktype=3,https://www.dianping.com/shop/61053438/photos/album,https://plat.dianping.com/app/femember-musteat-web/musteat-rank?cityid=1795&notitlebar=1&ranktype=3
贵州省,黔南布依族苗族自治州,荔波县,板吉大拇指牛肉粉,贵州省黔南布依族苗族自治州荔波县樟江西路53号,4.4,18,现切鲜牛肉粉,省市区及街道已获取,已获取,同店铺ID出现在榜单县级城市入口,20731887,https://plat.dianping.com/app/femember-musteat-web/musteat-rank?cityid=266&notitlebar=1&ranktype=3,https://www.dianping.com/shop/20731887/photos/album,https://plat.dianping.com/app/femember-musteat-web/musteat-rank?cityid=1797&notitlebar=1&ranktype=3
贵州省,黔南布依族苗族自治州,都匀市,三姨孃爆炒三肠（都匀店）,贵州省黔南布依族苗族自治州都匀市青云湖大道文峰南州国际御学府7栋3层1号房,4.8,53,爆炒三脆,省市区及街道已获取,已获取,榜单行政区/商圈归属,130585527,https://plat.dianping.com/app/femember-musteat-web/musteat-rank?cityid=266&notitlebar=1&ranktype=3,https://www.dianping.com/shop/130585527/photos/album,https://plat.dianping.com/app/femember-musteat-web/musteat-rank?cityid=266&notitlebar=1&ranktype=3
贵州省,黔南布依族苗族自治州,都匀市,独山老街虾酸牛肉店（石板街店）,贵州省黔南布依族苗族自治州都匀市石板街新华东巷48号（石板街七街路口走进来左边第四个门面一传十正对面）,4,46,虾酸牛肉肥肠,省市区及街道已获取,已获取,同店铺ID出现在榜单县级城市入口,44321067,https://plat.dianping.com/app/femember-musteat-web/musteat-rank?cityid=266&notitlebar=1&ranktype=3,https://www.dianping.com/shop/44321067/photos/album,https://plat.dianping.com/app/femember-musteat-web/musteat-rank?cityid=1795&notitlebar=1&ranktype=3
贵州省,黔南布依族苗族自治州,荔波县,佳荣黔牛宴,贵州省黔南布依族苗族自治州荔波县江滨路嘉和中央城10号楼1层12-14号商铺,4,69,现切鲜牛肉,省市区及街道已获取,已获取,榜单行政区/商圈归属,981613470,https://plat.dianping.com/app/femember-musteat-web/musteat-rank?cityid=266&notitlebar=1&ranktype=3,https://www.dianping.com/shop/981613470/photos/album,https://plat.dianping.com/app/femember-musteat-web/musteat-rank?cityid=266&notitlebar=1&ranktype=3
云南省,昆明市,安宁市,读书铺酸笋鸡创始店,云南省昆明市安宁市320国道中冠建材市场4区10栋,4.8,66,特色酸笋鸡,省市区及街道已获取,已获取,同店铺ID出现在榜单县级城市入口,58003568,https://plat.dianping.com/app/femember-musteat-web/musteat-rank?cityid=267&notitlebar=1&ranktype=3,https://www.dianping.com/shop/58003568/photos/album,https://plat.dianping.com/app/femember-musteat-web/musteat-rank?cityid=1815&notitlebar=1&ranktype=3
云南省,昆明市,官渡区,李记 河口老字号越南小卷粉,云南省昆明市官渡区董家湾路76号,4.4,17,香菇肉末,省市区及街道已获取,已获取,榜单行政区/商圈归属,66240292,https://plat.dianping.com/app/femember-musteat-web/musteat-rank?cityid=267&notitlebar=1&ranktype=3,https://www.dianping.com/shop/66240292/photos/album,https://plat.dianping.com/app/femember-musteat-web/musteat-rank?cityid=267&notitlebar=1&ranktype=3
云南省,昆明市,五华区,晨曦豆花米线（翠湖店）,云南省昆明市五华区白云巷33号附2号（雪儿泡菜对面）,4.7,13,豆花米线,省市区及街道已获取,已获取,榜单行政区/商圈归属,123540467,https://plat.dianping.com/app/femember-musteat-web/musteat-rank?cityid=267&notitlebar=1&ranktype=3,https://www.dianping.com/shop/123540467/photos/album,https://plat.dianping.com/app/femember-musteat-web/musteat-rank?cityid=267&notitlebar=1&ranktype=3
云南省,昆明市,盘龙区,匠食·鲲·日本料理·烧鸟·刺身·寿喜锅（同德店）,云南省昆明市盘龙区金江路157号（邮政储蓄银行侧对面）,4.7,87,火炙鹅肝寿司,省市区及街道已获取,已获取,榜单行政区/商圈归属,836412176,https://plat.dianping.com/app/femember-musteat-web/musteat-rank?cityid=267&notitlebar=1&ranktype=3,https://www.dianping.com/shop/836412176/photos/album,https://plat.dianping.com/app/femember-musteat-web/musteat-rank?cityid=267&notitlebar=1&ranktype=3
云南省,昆明市,盘龙区,旮旯食堂·现炒云南菜（白塔路店）,云南省昆明市盘龙区白塔路311号（近东风广场、近恒隆广场、近昆明饭店）,4.7,65,老昆明干巴洋芋丝,省市区及街道已获取,已获取,榜单行政区/商圈归属,921735185,https://plat.dianping.com/app/femember-musteat-web/musteat-rank?cityid=267&notitlebar=1&ranktype=3,https://www.dianping.com/shop/921735185/photos/album,https://plat.dianping.com/app/femember-musteat-web/musteat-rank?cityid=267&notitlebar=1&ranktype=3
云南省,昆明市,五华区,云平风味园（护国路店）,云南省昆明市五华区护国路35-39号,4.3,24,鲜奶米哺,省市区及街道已获取,已获取,榜单行政区/商圈归属,2057989,https://plat.dianping.com/app/femember-musteat-web/musteat-rank?cityid=267&notitlebar=1&ranktype=3,https://www.dianping.com/shop/2057989/photos/album,https://plat.dianping.com/app/femember-musteat-web/musteat-rank?cityid=267&notitlebar=1&ranktype=3
云南省,昆明市,盘龙区,从水炉·普洱生态菜馆（南强店）,云南省昆明市盘龙区金碧路富祥商场1层B3-4室,4.8,69,番茄炒水蕨菜,省市区及街道已获取,已获取,榜单行政区/商圈归属,131870574,https://plat.dianping.com/app/femember-musteat-web/musteat-rank?cityid=267&notitlebar=1&ranktype=3,https://www.dianping.com/shop/131870574/photos/album,https://plat.dianping.com/app/femember-musteat-web/musteat-rank?cityid=267&notitlebar=1&ranktype=3
云南省,昆明市,五华区,文山荷鲜居（翠湖店）,云南省昆明市五华区染布巷10号,4.4,15,鸡汤米线,省市区及街道已获取,已获取,榜单行政区/商圈归属,5198022,https://plat.dianping.com/app/femember-musteat-web/musteat-rank?cityid=267&notitlebar=1&ranktype=3,https://www.dianping.com/shop/5198022/photos/album,https://plat.dianping.com/app/femember-musteat-web/musteat-rank?cityid=267&notitlebar=1&ranktype=3
云南省,昆明市,盘龙区,泰爽·金（同德店）,云南省昆明市盘龙区北京路同德昆明商场7楼1043号（仅1-6号直梯可上楼）,4.8,112,冬阴功汤,省市区及街道已获取,已获取,榜单行政区/商圈归属,1753747606,https://plat.dianping.com/app/femember-musteat-web/musteat-rank?cityid=267&notitlebar=1&ranktype=3,https://www.dianping.com/shop/1753747606/photos/album,https://plat.dianping.com/app/femember-musteat-web/musteat-rank?cityid=267&notitlebar=1&ranktype=3
云南省,昆明市,安宁市,家宴滇食记·云南家常菜,云南省昆明市安宁市安温路饮食娱乐城内,4.8,50,宜良小麻鸭,省市区及街道已获取,已获取,同店铺ID出现在榜单县级城市入口,9154740,https://plat.dianping.com/app/femember-musteat-web/musteat-rank?cityid=267&notitlebar=1&ranktype=3,https://www.dianping.com/shop/9154740/photos/album,https://plat.dianping.com/app/femember-musteat-web/musteat-rank?cityid=1815&notitlebar=1&ranktype=3
云南省,昆明市,呈贡区,仙湖村·抚仙湖蒸汽石锅鱼火锅·野生菌火锅（呈贡洛龙公园店）,云南省昆明市呈贡区祥和街181号(洛龙公园对面)距斗南花卉3.9公里,4.7,81,铜锅洋芋饭,省市区及街道已获取,已获取,同店铺ID出现在榜单县级城市入口,69572991,https://plat.dianping.com/app/femember-musteat-web/musteat-rank?cityid=267&notitlebar=1&ranktype=3,https://www.dianping.com/shop/69572991/photos/album,https://plat.dianping.com/app/femember-musteat-web/musteat-rank?cityid=1816&notitlebar=1&ranktype=3
云南省,昆明市,官渡区,普洱小黄牛餐厅（长水机场店）,云南省昆明市官渡区机场东路柏曼酒店1楼,4.8,91,牛杂加黄牛肉,省市区及街道已获取,已获取,榜单行政区/商圈归属,96211414,https://plat.dianping.com/app/femember-musteat-web/musteat-rank?cityid=267&notitlebar=1&ranktype=3,https://www.dianping.com/shop/96211414/photos/album,https://plat.dianping.com/app/femember-musteat-web/musteat-rank?cityid=267&notitlebar=1&ranktype=3
云南省,昆明市,五华区,彩食边境小吃（翠湖店）,云南省昆明市五华区文化巷35号,4.2,26,公主芒果饭,省市区及街道已获取,已获取,榜单行政区/商圈归属,798659296,https://plat.dianping.com/app/femember-musteat-web/musteat-rank?cityid=267&notitlebar=1&ranktype=3,https://www.dianping.com/shop/798659296/photos/album,https://plat.dianping.com/app/femember-musteat-web/musteat-rank?cityid=267&notitlebar=1&ranktype=3
云南省,昆明市,西山区,一朵菌·野生菌探索家火锅（南亚店）,云南省昆明市西山区滇池路569号南亚风情第壹城A1栋5楼（小米之家、百盛超市楼上）,4.8,108,菌子火锅,省市区及街道已获取,已获取,榜单行政区/商圈归属,102135918,https://plat.dianping.com/app/femember-musteat-web/musteat-rank?cityid=267&notitlebar=1&ranktype=3,https://www.dianping.com/shop/102135918/photos/album,https://plat.dianping.com/app/femember-musteat-web/musteat-rank?cityid=267&notitlebar=1&ranktype=3
云南省,昆明市,盘龙区,四方小炒·云南菜小当家（联盟店）,云南省昆明市盘龙区旗营街万宏夜市临街2号商铺,4.8,46,爆香奶浆菌,省市区及街道已获取,已获取,榜单行政区/商圈归属,1521703001,https://plat.dianping.com/app/femember-musteat-web/musteat-rank?cityid=267&notitlebar=1&ranktype=3,https://www.dianping.com/shop/1521703001/photos/album,https://plat.dianping.com/app/femember-musteat-web/musteat-rank?cityid=267&notitlebar=1&ranktype=3
云南省,昆明市,盘龙区,翡翠鸟精品泰国菜（北辰财富中心店）,云南省昆明市盘龙区北京路1109号北辰财富中心D2幢B座1-2楼B102,4.8,113,蟹肉咖喱滑蛋饭,省市区及街道已获取,已获取,榜单行政区/商圈归属,5246105,https://plat.dianping.com/app/femember-musteat-web/musteat-rank?cityid=267&notitlebar=1&ranktype=3,https://www.dianping.com/shop/5246105/photos/album,https://plat.dianping.com/app/femember-musteat-web/musteat-rank?cityid=267&notitlebar=1&ranktype=3
云南省,昆明市,五华区,太小食堂（翠湖店）,云南省昆明市五华区节孝巷17号,4.8,58,傣味牛肉,省市区及街道已获取,已获取,榜单行政区/商圈归属,1014270725,https://plat.dianping.com/app/femember-musteat-web/musteat-rank?cityid=267&notitlebar=1&ranktype=3,https://www.dianping.com/shop/1014270725/photos/album,https://plat.dianping.com/app/femember-musteat-web/musteat-rank?cityid=267&notitlebar=1&ranktype=3
云南省,昆明市,五华区,熙楼（翠湖店）,云南省昆明市五华区翠湖北路100号（近陆军讲武堂旧址、云南大学、翠湖西门对面）,4.9,130,招牌黑松露汽锅鸡,省市区及街道已获取,已获取,榜单行政区/商圈归属,8907157,https://plat.dianping.com/app/femember-musteat-web/musteat-rank?cityid=267&notitlebar=1&ranktype=3,https://www.dianping.com/shop/8907157/photos/album,https://plat.dianping.com/app/femember-musteat-web/musteat-rank?cityid=267&notitlebar=1&ranktype=3
云南省,昆明市,官渡区,老滇山寨•云南民族菜（官渡广场店）,"云南省昆明市官渡区关平路52号（昆明市公安局交通警察支队三大队南行80米路西,近官渡广场）",4.8,74,云南汽锅菌子蒸肉饼,省市区及街道已获取,已获取,榜单行政区/商圈归属,1347805324,https://plat.dianping.com/app/femember-musteat-web/musteat-rank?cityid=267&notitlebar=1&ranktype=3,https://www.dianping.com/shop/1347805324/photos/album,https://plat.dianping.com/app/femember-musteat-web/musteat-rank?cityid=267&notitlebar=1&ranktype=3
云南省,昆明市,五华区,菌彩·非遗野生菌火锅（金鹰店）,云南省昆明市五华区威远街金鹰购物中心B座5层F501号商铺（近昆明老街、南强街巷、南屏步行街）,4.6,103,野生菌火锅,省市区及街道已获取,已获取,榜单行政区/商圈归属,1473318900,https://plat.dianping.com/app/femember-musteat-web/musteat-rank?cityid=267&notitlebar=1&ranktype=3,https://www.dianping.com/shop/1473318900/photos/album,https://plat.dianping.com/app/femember-musteat-web/musteat-rank?cityid=267&notitlebar=1&ranktype=3
云南省,玉溪市,澄江市,仙湖湾石锅鱼野生菌（大湾村店）,云南省玉溪市澄江市小湾社区澄华线大湾村25号,4.4,66,特色铜锅洋芋饭,省市区及街道已获取,已获取,同店铺ID出现在榜单县级城市入口,577203265,https://plat.dianping.com/app/femember-musteat-web/musteat-rank?cityid=269&notitlebar=1&ranktype=3,https://www.dianping.com/shop/577203265/photos/album,https://plat.dianping.com/app/femember-musteat-web/musteat-rank?cityid=1833&notitlebar=1&ranktype=3
云南省,玉溪市,红塔区,建水仁和烧烤二十年老店（玉溪店）,云南省玉溪市红塔区珊瑚路109号,4.5,51,建水小肉串,省市区及街道已获取,已获取,榜单行政区/商圈归属,98434650,https://plat.dianping.com/app/femember-musteat-web/musteat-rank?cityid=269&notitlebar=1&ranktype=3,https://www.dianping.com/shop/98434650/photos/album,https://plat.dianping.com/app/femember-musteat-web/musteat-rank?cityid=269&notitlebar=1&ranktype=3
云南省,玉溪市,红塔区,丁记田间鳝鱼（老店）,云南省玉溪市红塔区东风北路玉昆商务楼5号商铺,4.2,22,鳝鱼米线,省市区及街道已获取,已获取,榜单行政区/商圈归属,113140577,https://plat.dianping.com/app/femember-musteat-web/musteat-rank?cityid=269&notitlebar=1&ranktype=3,https://www.dianping.com/shop/113140577/photos/album,https://plat.dianping.com/app/femember-musteat-web/musteat-rank?cityid=269&notitlebar=1&ranktype=3
云南省,玉溪市,澄江市,宜品香·现炒·云南菜·扒猪脚,云南省玉溪市澄江市澄波路20号,4.2,61,特色扒猪脚,省市区及街道已获取,已获取,同店铺ID出现在榜单县级城市入口,65965462,https://plat.dianping.com/app/femember-musteat-web/musteat-rank?cityid=269&notitlebar=1&ranktype=3,https://www.dianping.com/shop/65965462/photos/album,https://plat.dianping.com/app/femember-musteat-web/musteat-rank?cityid=1833&notitlebar=1&ranktype=3
云南省,玉溪市,澄江市,湖景渔湾,云南省玉溪市澄江市右所镇澄华线大湾村五号,4.4,75,铜锅饭,省市区及街道已获取,已获取,同店铺ID出现在榜单县级城市入口,66825391,https://plat.dianping.com/app/femember-musteat-web/musteat-rank?cityid=269&notitlebar=1&ranktype=3,https://www.dianping.com/shop/66825391/photos/album,https://plat.dianping.com/app/femember-musteat-web/musteat-rank?cityid=1833&notitlebar=1&ranktype=3
云南省,玉溪市,红塔区,江川生态石锅鱼（好吃街店）,云南省玉溪市红塔区好吃街6排9号,4.3,52,铜锅洋芋焖饭,省市区及街道已获取,已获取,榜单行政区/商圈归属,40082784,https://plat.dianping.com/app/femember-musteat-web/musteat-rank?cityid=269&notitlebar=1&ranktype=3,https://www.dianping.com/shop/40082784/photos/album,https://plat.dianping.com/app/femember-musteat-web/musteat-rank?cityid=269&notitlebar=1&ranktype=3
云南省,玉溪市,澄江市,老字号澄鱼鲜生态石锅鱼,云南省玉溪市澄江市竹园路竹苑小区4幢10号（客运站往西昆明方向50米国土资源局路口）,4.1,62,蒸汽石锅鱼,省市区及街道已获取,已获取,同店铺ID出现在榜单县级城市入口,22185043,https://plat.dianping.com/app/femember-musteat-web/musteat-rank?cityid=269&notitlebar=1&ranktype=3,https://www.dianping.com/shop/22185043/photos/album,https://plat.dianping.com/app/femember-musteat-web/musteat-rank?cityid=1833&notitlebar=1&ranktype=3
云南省,玉溪市,红塔区,洪记凉米线（新兴路店）,云南省玉溪市红塔区新兴路167号,4,14,凉卷粉,省市区及街道已获取,已获取,榜单行政区/商圈归属,4282560,https://plat.dianping.com/app/femember-musteat-web/musteat-rank?cityid=269&notitlebar=1&ranktype=3,https://www.dianping.com/shop/4282560/photos/album,https://plat.dianping.com/app/femember-musteat-web/musteat-rank?cityid=269&notitlebar=1&ranktype=3
云南省,保山市,腾冲市,有芬餐馆（和顺店）,云南省保山市腾冲市和顺镇中天寺脚下,4.4,62,松茸炒鲜肉,省市区及街道已获取,已获取,同店铺ID出现在榜单县级城市入口,13721111,https://plat.dianping.com/app/femember-musteat-web/musteat-rank?cityid=270&notitlebar=1&ranktype=3,https://www.dianping.com/shop/13721111/photos/album,https://plat.dianping.com/app/femember-musteat-web/musteat-rank?cityid=1841&notitlebar=1&ranktype=3
云南省,保山市,隆阳区,段家圆子（三馆店）,云南省保山市隆阳区兰城路康浩小区三号铺面,4.4,15,段家圆子饵丝,省市区及街道已获取,已获取,榜单行政区/商圈归属,69111303,https://plat.dianping.com/app/femember-musteat-web/musteat-rank?cityid=270&notitlebar=1&ranktype=3,https://www.dianping.com/shop/69111303/photos/album,https://plat.dianping.com/app/femember-musteat-web/musteat-rank?cityid=270&notitlebar=1&ranktype=3
云南省,保山市,腾冲市,春和食馆,云南省保山市腾冲市热海路上绮罗路将台小区65号,4.4,68,小米辣牛肉,省市区及街道已获取,已获取,同店铺ID出现在榜单县级城市入口,67652028,https://plat.dianping.com/app/femember-musteat-web/musteat-rank?cityid=270&notitlebar=1&ranktype=3,https://www.dianping.com/shop/67652028/photos/album,https://plat.dianping.com/app/femember-musteat-web/musteat-rank?cityid=1841&notitlebar=1&ranktype=3
云南省,保山市,隆阳区,板桥老九饭馆（永昌美食文化城店）,云南省保山市隆阳区如意巷64号,4.1,52,火烧肉,省市区及街道已获取,已获取,榜单行政区/商圈归属,9519097,https://plat.dianping.com/app/femember-musteat-web/musteat-rank?cityid=270&notitlebar=1&ranktype=3,https://www.dianping.com/shop/9519097/photos/album,https://plat.dianping.com/app/femember-musteat-web/musteat-rank?cityid=270&notitlebar=1&ranktype=3
云南省,保山市,腾冲市,朝伟清真铜瓢牛肉馆（三十年老·店）,云南省保山市腾冲市192县道东升商场5A二楼,4.3,71,铜瓢牛肉,省市区及街道已获取,已获取,同店铺ID出现在榜单县级城市入口,1248320717,https://plat.dianping.com/app/femember-musteat-web/musteat-rank?cityid=270&notitlebar=1&ranktype=3,https://www.dianping.com/shop/1248320717/photos/album,https://plat.dianping.com/app/femember-musteat-web/musteat-rank?cityid=1841&notitlebar=1&ranktype=3
云南省,保山市,隆阳区,顺江烧肉米线（奥新体育城总店）,云南省保山市隆阳区正阳北路奥新体育城七干下餐厅隔壁,4.6,18,烧肉米线,省市区及街道已获取,已获取,榜单行政区/商圈归属,1158379571,https://plat.dianping.com/app/femember-musteat-web/musteat-rank?cityid=270&notitlebar=1&ranktype=3,https://www.dianping.com/shop/1158379571/photos/album,https://plat.dianping.com/app/femember-musteat-web/musteat-rank?cityid=270&notitlebar=1&ranktype=3
云南省,保山市,隆阳区,王记菌汤牛肉·王记十味菌汤,云南省保山市隆阳区龙泉路太保集萃易乐上苑润苑C3-4号,4.9,73,野生菌牛骨汤锅,省市区及街道已获取,已获取,榜单行政区/商圈归属,102451107,https://plat.dianping.com/app/femember-musteat-web/musteat-rank?cityid=270&notitlebar=1&ranktype=3,https://www.dianping.com/shop/102451107/photos/album,https://plat.dianping.com/app/femember-musteat-web/musteat-rank?cityid=270&notitlebar=1&ranktype=3
云南省,保山市,腾冲市,金鸡铜锅苑·铜瓢牛肉,云南省保山市腾冲市将台路上绮罗社区栗树园小区89-1号,4.4,72,牛肉清汤锅,省市区及街道已获取,已获取,同店铺ID出现在榜单县级城市入口,21061359,https://plat.dianping.com/app/femember-musteat-web/musteat-rank?cityid=270&notitlebar=1&ranktype=3,https://www.dianping.com/shop/21061359/photos/album,https://plat.dianping.com/app/femember-musteat-web/musteat-rank?cityid=1841&notitlebar=1&ranktype=3
云南省,保山市,隆阳区,永昌火瓢,云南省保山市隆阳区320国道加藤机械西南400米,4.4,74,火瓢牛肉,省市区及街道已获取,已获取,榜单行政区/商圈归属,79045503,https://plat.dianping.com/app/femember-musteat-web/musteat-rank?cityid=270&notitlebar=1&ranktype=3,https://www.dianping.com/shop/79045503/photos/album,https://plat.dianping.com/app/femember-musteat-web/musteat-rank?cityid=270&notitlebar=1&ranktype=3
云南省,保山市,腾冲市,马东清真铜瓢牛肉馆,云南省保山市腾冲市马东清真铜瓢牛肉菜馆,4.6,78,牛肉,省市区及街道已获取,已获取,同店铺ID出现在榜单县级城市入口,652391445,https://plat.dianping.com/app/femember-musteat-web/musteat-rank?cityid=270&notitlebar=1&ranktype=3,https://www.dianping.com/shop/652391445/photos/album,https://plat.dianping.com/app/femember-musteat-web/musteat-rank?cityid=1841&notitlebar=1&ranktype=3
云南省,保山市,隆阳区,腾北饭店,云南省保山市隆阳区太保北路10号（近人民医院),4.8,54,土燕窝炖鸡汤,省市区及街道已获取,已获取,榜单行政区/商圈归属,8066794,https://plat.dianping.com/app/femember-musteat-web/musteat-rank?cityid=270&notitlebar=1&ranktype=3,https://www.dianping.com/shop/8066794/photos/album,https://plat.dianping.com/app/femember-musteat-web/musteat-rank?cityid=270&notitlebar=1&ranktype=3
云南省,红河哈尼族彝族自治州,建水县,板井豆腐坊,云南省红河哈尼族彝族自治州建水县西正街26号,4,10,自助豆花,省市区及街道已获取,已获取,同店铺ID出现在榜单县级城市入口,22914530,https://plat.dianping.com/app/femember-musteat-web/musteat-rank?cityid=273&notitlebar=1&ranktype=3,https://www.dianping.com/shop/22914530/photos/album,https://plat.dianping.com/app/femember-musteat-web/musteat-rank?cityid=1915&notitlebar=1&ranktype=3
云南省,红河哈尼族彝族自治州,弥勒市,老柏芝酥肉卤鸡店,云南省红河哈尼族彝族自治州弥勒市二环南路与建设街交叉口西南50米,4.1,18,酥肉米线,省市区及街道已获取,已获取,榜单行政区/商圈归属,68744102,https://plat.dianping.com/app/femember-musteat-web/musteat-rank?cityid=273&notitlebar=1&ranktype=3,https://www.dianping.com/shop/68744102/photos/album,https://plat.dianping.com/app/femember-musteat-web/musteat-rank?cityid=273&notitlebar=1&ranktype=3
云南省,红河哈尼族彝族自治州,蒙自市,火烧房子菊花米线（兴盛路店）,云南省红河哈尼族彝族自治州蒙自市兴盛路6号,4.1,24,菊花过桥米线,省市区及街道已获取,已获取,同店铺ID出现在榜单县级城市入口,16793726,https://plat.dianping.com/app/femember-musteat-web/musteat-rank?cityid=273&notitlebar=1&ranktype=3,https://www.dianping.com/shop/16793726/photos/album,https://plat.dianping.com/app/femember-musteat-web/musteat-rank?cityid=1911&notitlebar=1&ranktype=3
云南省,红河哈尼族彝族自治州,弥勒市,嘉里饭庄,云南省红河哈尼族彝族自治州弥勒市人民路地税局对面,4.2,53,卤鸡,省市区及街道已获取,已获取,榜单行政区/商圈归属,17363854,https://plat.dianping.com/app/femember-musteat-web/musteat-rank?cityid=273&notitlebar=1&ranktype=3,https://www.dianping.com/shop/17363854/photos/album,https://plat.dianping.com/app/femember-musteat-web/musteat-rank?cityid=273&notitlebar=1&ranktype=3
云南省,红河哈尼族彝族自治州,弥勒市,个旧乍甸烧烤,云南省红河哈尼族彝族自治州弥勒市二环西路红烟路烟厂对面,4,58,小肉串,省市区及街道已获取,已获取,同店铺ID出现在榜单县级城市入口,80058555,https://plat.dianping.com/app/femember-musteat-web/musteat-rank?cityid=273&notitlebar=1&ranktype=3,https://www.dianping.com/shop/80058555/photos/album,https://plat.dianping.com/app/femember-musteat-web/musteat-rank?cityid=1917&notitlebar=1&ranktype=3
云南省,红河哈尼族彝族自治州,蒙自市,老曲江欣兴饭店（蒙自店）,云南省红河哈尼族彝族自治州蒙自市奥林国际小区9-102号,4.4,71,曲江烤麻鸭,省市区及街道已获取,已获取,同店铺ID出现在榜单县级城市入口,848489002,https://plat.dianping.com/app/femember-musteat-web/musteat-rank?cityid=273&notitlebar=1&ranktype=3,https://www.dianping.com/shop/848489002/photos/album,https://plat.dianping.com/app/femember-musteat-web/musteat-rank?cityid=1911&notitlebar=1&ranktype=3
云南省,红河哈尼族彝族自治州,建水县,永成烧烤（顺鑫综合楼店）,云南省红河哈尼族彝族自治州建水县清远路顺鑫综合楼1层1号,4.2,56,烤牛肉串,省市区及街道已获取,已获取,榜单行政区/商圈归属,1717775794,https://plat.dianping.com/app/femember-musteat-web/musteat-rank?cityid=273&notitlebar=1&ranktype=3,https://www.dianping.com/shop/1717775794/photos/album,https://plat.dianping.com/app/femember-musteat-web/musteat-rank?cityid=273&notitlebar=1&ranktype=3
云南省,红河哈尼族彝族自治州,弥勒市,传统弥勒菜,云南省红河哈尼族彝族自治州弥勒市中山路瑞祥宾馆对面（电信大楼南方20米）,4.3,62,凉卷粉,省市区及街道已获取,已获取,榜单行政区/商圈归属,69177543,https://plat.dianping.com/app/femember-musteat-web/musteat-rank?cityid=273&notitlebar=1&ranktype=3,https://www.dianping.com/shop/69177543/photos/album,https://plat.dianping.com/app/femember-musteat-web/musteat-rank?cityid=273&notitlebar=1&ranktype=3
云南省,红河哈尼族彝族自治州,建水县,建水人家（二十年店）,云南省红河哈尼族彝族自治州建水县建水翰林街69一3号,4.1,54,招牌菜汽锅鸡,省市区及街道已获取,已获取,同店铺ID出现在榜单县级城市入口,66276487,https://plat.dianping.com/app/femember-musteat-web/musteat-rank?cityid=273&notitlebar=1&ranktype=3,https://www.dianping.com/shop/66276487/photos/album,https://plat.dianping.com/app/femember-musteat-web/musteat-rank?cityid=1915&notitlebar=1&ranktype=3
云南省,红河哈尼族彝族自治州,蒙自市,几里四·哈尼民族菜·云南菜·蒸汽汽锅（兴州路店）,云南省红河哈尼族彝族自治州蒙自市兴州路御龙苑C1-1（惠民小学后门、近州移动公司、州政府）,4.3,48,鱼干巴,省市区及街道已获取,已获取,同店铺ID出现在榜单县级城市入口,67092833,https://plat.dianping.com/app/femember-musteat-web/musteat-rank?cityid=273&notitlebar=1&ranktype=3,https://www.dianping.com/shop/67092833/photos/album,https://plat.dianping.com/app/femember-musteat-web/musteat-rank?cityid=1911&notitlebar=1&ranktype=3
云南省,红河哈尼族彝族自治州,弥勒市,马氏卤鸡米线（小火车头店）,云南省红河哈尼族彝族自治州弥勒市冉翁路名人文化园,4,20,卤鸡米线,省市区及街道已获取,已获取,同店铺ID出现在榜单县级城市入口,24899725,https://plat.dianping.com/app/femember-musteat-web/musteat-rank?cityid=273&notitlebar=1&ranktype=3,https://www.dianping.com/shop/24899725/photos/album,https://plat.dianping.com/app/femember-musteat-web/musteat-rank?cityid=1917&notitlebar=1&ranktype=3
云南省,红河哈尼族彝族自治州,建水县,雷老六过桥园米线,云南省红河哈尼族彝族自治州建水县广池宫小区东门正对面巷子内,4.3,15,夹层肉米线,省市区及街道已获取,已获取,同店铺ID出现在榜单县级城市入口,131696021,https://plat.dianping.com/app/femember-musteat-web/musteat-rank?cityid=273&notitlebar=1&ranktype=3,https://www.dianping.com/shop/131696021/photos/album,https://plat.dianping.com/app/femember-musteat-web/musteat-rank?cityid=1915&notitlebar=1&ranktype=3
云南省,红河哈尼族彝族自治州,建水县,鸿记烧烤店（顺鑫综合楼店）,云南省红河哈尼族彝族自治州建水县清远路顺鑫综合楼一楼45号铺面,4.3,58,捞汁鱿鱼须,省市区及街道已获取,已获取,榜单行政区/商圈归属,1320541454,https://plat.dianping.com/app/femember-musteat-web/musteat-rank?cityid=273&notitlebar=1&ranktype=3,https://www.dianping.com/shop/1320541454/photos/album,https://plat.dianping.com/app/femember-musteat-web/musteat-rank?cityid=273&notitlebar=1&ranktype=3
云南省,红河哈尼族彝族自治州,蒙自市,吴记榴乡菊花过桥米线,云南省红河哈尼族彝族自治州蒙自市锦华路与富春路交叉口,4.2,31,菊花过桥米线,省市区及街道已获取,已获取,同店铺ID出现在榜单县级城市入口,21352623,https://plat.dianping.com/app/femember-musteat-web/musteat-rank?cityid=273&notitlebar=1&ranktype=3,https://www.dianping.com/shop/21352623/photos/album,https://plat.dianping.com/app/femember-musteat-web/musteat-rank?cityid=1911&notitlebar=1&ranktype=3
云南省,西双版纳傣族自治州,景洪市,红牙象,云南省西双版纳傣族自治州景洪市民航路星湖湾小区正对面,4.3,82,菠萝饭,省市区及街道已获取,已获取,同店铺ID出现在榜单县级城市入口,5668292,https://plat.dianping.com/app/femember-musteat-web/musteat-rank?cityid=276&notitlebar=1&ranktype=3,https://www.dianping.com/shop/5668292/photos/album,https://plat.dianping.com/app/femember-musteat-web/musteat-rank?cityid=1908&notitlebar=1&ranktype=3
云南省,西双版纳傣族自治州,景洪市,春武里,云南省西双版纳傣族自治州景洪市湄公河人家A栋一层109号,4.4,106,柠糖鸡翅,省市区及街道已获取,已获取,同店铺ID出现在榜单县级城市入口,1505962324,https://plat.dianping.com/app/femember-musteat-web/musteat-rank?cityid=276&notitlebar=1&ranktype=3,https://www.dianping.com/shop/1505962324/photos/album,https://plat.dianping.com/app/femember-musteat-web/musteat-rank?cityid=1908&notitlebar=1&ranktype=3
云南省,西双版纳傣族自治州,景洪市,mamalao老挝烤肉糯米饭,云南省西双版纳傣族自治州景洪市庄洪路12号,4.2,28,糯米饭,省市区及街道已获取,已获取,同店铺ID出现在榜单县级城市入口,1290089647,https://plat.dianping.com/app/femember-musteat-web/musteat-rank?cityid=276&notitlebar=1&ranktype=3,https://www.dianping.com/shop/1290089647/photos/album,https://plat.dianping.com/app/femember-musteat-web/musteat-rank?cityid=1908&notitlebar=1&ranktype=3
云南省,西双版纳傣族自治州,景洪市,椿楣粉档（告庄店）,云南省西双版纳傣族自治州景洪市告庄西双景夜市赶摆街3-1801A,4.6,62,泰式烤肉串,省市区及街道已获取,已获取,同店铺ID出现在榜单县级城市入口,1937414601,https://plat.dianping.com/app/femember-musteat-web/musteat-rank?cityid=276&notitlebar=1&ranktype=3,https://www.dianping.com/shop/1937414601/photos/album,https://plat.dianping.com/app/femember-musteat-web/musteat-rank?cityid=1908&notitlebar=1&ranktype=3
云南省,西双版纳傣族自治州,景洪市,伍号勐混牛撒撇米线店（泼水广场店）,云南省西双版纳傣族自治州景洪市勐海路西双十二城酒店A区4-109号商铺,4.4,22,勐混牛撒撇牛肉米线,省市区及街道已获取,已获取,同店铺ID出现在榜单县级城市入口,1816717496,https://plat.dianping.com/app/femember-musteat-web/musteat-rank?cityid=276&notitlebar=1&ranktype=3,https://www.dianping.com/shop/1816717496/photos/album,https://plat.dianping.com/app/femember-musteat-web/musteat-rank?cityid=1908&notitlebar=1&ranktype=3
云南省,西双版纳傣族自治州,景洪市,简朴寨·云南菜·手抓饭傣味餐厅,云南省西双版纳傣族自治州景洪市勐海路45号,3.9,62,傣味烤鸡,省市区及街道已获取,已获取,同店铺ID出现在榜单县级城市入口,111566026,https://plat.dianping.com/app/femember-musteat-web/musteat-rank?cityid=276&notitlebar=1&ranktype=3,https://www.dianping.com/shop/111566026/photos/album,https://plat.dianping.com/app/femember-musteat-web/musteat-rank?cityid=1908&notitlebar=1&ranktype=3
云南省,西双版纳傣族自治州,景洪市,泐南·巷子里傣味烧烤店（告庄店）,云南省西双版纳傣族自治州景洪市告庄西双景曼泐路第14号,4.3,71,香茅草烤鱼,省市区及街道已获取,已获取,同店铺ID出现在榜单县级城市入口,736039158,https://plat.dianping.com/app/femember-musteat-web/musteat-rank?cityid=276&notitlebar=1&ranktype=3,https://www.dianping.com/shop/736039158/photos/album,https://plat.dianping.com/app/femember-musteat-web/musteat-rank?cityid=1908&notitlebar=1&ranktype=3
云南省,西双版纳傣族自治州,景洪市,曼飞龙烤鸡（总店）,云南省西双版纳傣族自治州景洪市菩提大道告庄景勐寨5-101大金塔斜对面)(大金塔斜对面),4,66,烤鸡,省市区及街道已获取,已获取,同店铺ID出现在榜单县级城市入口,8666116,https://plat.dianping.com/app/femember-musteat-web/musteat-rank?cityid=276&notitlebar=1&ranktype=3,https://www.dianping.com/shop/8666116/photos/album,https://plat.dianping.com/app/femember-musteat-web/musteat-rank?cityid=1908&notitlebar=1&ranktype=3
云南省,西双版纳傣族自治州,景洪市,婉泰·特色小吃·舂鸡脚（告庄二店）,云南省西双版纳傣族自治州景洪市告庄西双景景罕寨16-116号,4.1,57,泡鲁达,省市区及街道已获取,已获取,同店铺ID出现在榜单县级城市入口,1034569198,https://plat.dianping.com/app/femember-musteat-web/musteat-rank?cityid=276&notitlebar=1&ranktype=3,https://www.dianping.com/shop/1034569198/photos/album,https://plat.dianping.com/app/femember-musteat-web/musteat-rank?cityid=1908&notitlebar=1&ranktype=3
云南省,大理白族自治州,大理市,清宏私厨·白族庭院野生菌火锅,云南省大理白族自治州大理市文献路一组（大理古城南门）,4.7,115,土鸡菌汤锅,省市区及街道已获取,已获取,同店铺ID出现在榜单县级城市入口,113863321,https://plat.dianping.com/app/femember-musteat-web/musteat-rank?cityid=277&notitlebar=1&ranktype=3,https://www.dianping.com/shop/113863321/photos/album,https://plat.dianping.com/app/femember-musteat-web/musteat-rank?cityid=3590&notitlebar=1&ranktype=3
云南省,大理白族自治州,大理市,一步之肴·精选大理白族特色餐厅（三圣岛店）,云南省大理白族自治州大理市太和街道大理下关环海西路南段平安路134号洱海生态廊道（大理网络热门打卡地心邸咖啡向南300米巷内）,4.4,92,包烧杂菌,省市区及街道已获取,已获取,同店铺ID出现在榜单县级城市入口,72070298,https://plat.dianping.com/app/femember-musteat-web/musteat-rank?cityid=277&notitlebar=1&ranktype=3,https://www.dianping.com/shop/72070298/photos/album,https://plat.dianping.com/app/femember-musteat-web/musteat-rank?cityid=3590&notitlebar=1&ranktype=3
云南省,大理白族自治州,大理市,正宗永平黄焖鸡永保饭店（永保饭店）,云南省大理白族自治州大理市下关火车站富海路云江智慧酒店左侧金牛巷进50米,4.1,56,永平黄焖鸡,省市区及街道已获取,已获取,同店铺ID出现在榜单县级城市入口,23379989,https://plat.dianping.com/app/femember-musteat-web/musteat-rank?cityid=277&notitlebar=1&ranktype=3,https://www.dianping.com/shop/23379989/photos/album,https://plat.dianping.com/app/femember-musteat-web/musteat-rank?cityid=3590&notitlebar=1&ranktype=3
云南省,大理白族自治州,巍山彝族回族自治县,清芳餐厅,云南省大理白族自治州巍山彝族回族自治县南街70号,4.6,44,糟辣肉,省市区及街道已获取,已获取,榜单行政区/商圈归属,63274285,https://plat.dianping.com/app/femember-musteat-web/musteat-rank?cityid=277&notitlebar=1&ranktype=3,https://www.dianping.com/shop/63274285/photos/album,https://plat.dianping.com/app/femember-musteat-web/musteat-rank?cityid=277&notitlebar=1&ranktype=3
云南省,大理白族自治州,巍山彝族回族自治县,老王过江饵丝,云南省大理白族自治州巍山彝族回族自治县拱辰楼和星拱楼中段160号,4.1,14,过江饵丝,省市区及街道已获取,已获取,榜单行政区/商圈归属,8921861,https://plat.dianping.com/app/femember-musteat-web/musteat-rank?cityid=277&notitlebar=1&ranktype=3,https://www.dianping.com/shop/8921861/photos/album,https://plat.dianping.com/app/femember-musteat-web/musteat-rank?cityid=277&notitlebar=1&ranktype=3
云南省,大理白族自治州,大理市,金鸡饭店·大理私房菜,云南省大理白族自治州大理市广武巷6号,4.4,87,木姜子辣子鸡,省市区及街道已获取,已获取,同店铺ID出现在榜单县级城市入口,21007905,https://plat.dianping.com/app/femember-musteat-web/musteat-rank?cityid=277&notitlebar=1&ranktype=3,https://www.dianping.com/shop/21007905/photos/album,https://plat.dianping.com/app/femember-musteat-web/musteat-rank?cityid=3590&notitlebar=1&ranktype=3
云南省,大理白族自治州,大理市,清真·马氏酸菜牛肉·野生菌·围炉烤肉（大理总部）,云南省大理白族自治州大理市经开区满江片区世纪公园ls7一2一02室,4.7,89,酸菜牛肉锅底,省市区及街道已获取,已获取,同店铺ID出现在榜单县级城市入口,520711097,https://plat.dianping.com/app/femember-musteat-web/musteat-rank?cityid=277&notitlebar=1&ranktype=3,https://www.dianping.com/shop/520711097/photos/album,https://plat.dianping.com/app/femember-musteat-web/musteat-rank?cityid=3590&notitlebar=1&ranktype=3
云南省,大理白族自治州,大理市,巅西味道•野生菌•铜瓢牛肉火锅（大理火车站店）,云南省大理白族自治州大理市金牛巷金牛小区A栋7号,4.4,76,老面粑粑,省市区及街道已获取,已获取,同店铺ID出现在榜单县级城市入口,112110416,https://plat.dianping.com/app/femember-musteat-web/musteat-rank?cityid=277&notitlebar=1&ranktype=3,https://www.dianping.com/shop/112110416/photos/album,https://plat.dianping.com/app/femember-musteat-web/musteat-rank?cityid=3590&notitlebar=1&ranktype=3
云南省,大理白族自治州,大理市,信达小吃饭店,云南省大理白族自治州大理市磻溪村环海西路磻溪平价超市东北,4.4,58,老奶洋芋,省市区及街道已获取,已获取,同店铺ID出现在榜单县级城市入口,24639529,https://plat.dianping.com/app/femember-musteat-web/musteat-rank?cityid=277&notitlebar=1&ranktype=3,https://www.dianping.com/shop/24639529/photos/album,https://plat.dianping.com/app/femember-musteat-web/musteat-rank?cityid=3590&notitlebar=1&ranktype=3
云南省,大理白族自治州,大理市,随意石板烧（大理古城店）,云南省大理白族自治州大理市大理镇叶榆路52号(第六十中医院直行50米),4,62,五花肉,省市区及街道已获取,已获取,同店铺ID出现在榜单县级城市入口,43755427,https://plat.dianping.com/app/femember-musteat-web/musteat-rank?cityid=277&notitlebar=1&ranktype=3,https://www.dianping.com/shop/43755427/photos/album,https://plat.dianping.com/app/femember-musteat-web/musteat-rank?cityid=3590&notitlebar=1&ranktype=3
云南省,大理白族自治州,大理市,阿葉农家饭店,云南省大理白族自治州大理市环海西路大宁邑中心菜场58号,4.8,62,炒牛肉,省市区及街道已获取,已获取,同店铺ID出现在榜单县级城市入口,62490932,https://plat.dianping.com/app/femember-musteat-web/musteat-rank?cityid=277&notitlebar=1&ranktype=3,https://www.dianping.com/shop/62490932/photos/album,https://plat.dianping.com/app/femember-musteat-web/musteat-rank?cityid=3590&notitlebar=1&ranktype=3
云南省,大理白族自治州,大理市,赛龙火一瓢清真牛肉火锅（古城店）,云南省大理白族自治州大理市苍洱大道山水间别墅区旁,4.7,83,生牛肉,省市区及街道已获取,已获取,同店铺ID出现在榜单县级城市入口,19321166,https://plat.dianping.com/app/femember-musteat-web/musteat-rank?cityid=277&notitlebar=1&ranktype=3,https://www.dianping.com/shop/19321166/photos/album,https://plat.dianping.com/app/femember-musteat-web/musteat-rank?cityid=3590&notitlebar=1&ranktype=3
云南省,大理白族自治州,大理市,岛七·白族人家私房菜,云南省大理白族自治州大理市中和路,4.4,69,老奶洋芋,省市区及街道已获取,已获取,同店铺ID出现在榜单县级城市入口,132882762,https://plat.dianping.com/app/femember-musteat-web/musteat-rank?cityid=277&notitlebar=1&ranktype=3,https://www.dianping.com/shop/132882762/photos/album,https://plat.dianping.com/app/femember-musteat-web/musteat-rank?cityid=3590&notitlebar=1&ranktype=3
云南省,丽江市,古城区,沈记土鸡米线（七星街品牌中心店）,"云南省丽江市古城区七星街下段84号（近丽江古城,近丽江大水车）",4.4,21,鸡汤土鸡米线,省市区及街道已获取,已获取,榜单行政区/商圈归属,18028755,https://plat.dianping.com/app/femember-musteat-web/musteat-rank?cityid=279&notitlebar=1&ranktype=3,https://www.dianping.com/shop/18028755/photos/album,https://plat.dianping.com/app/femember-musteat-web/musteat-rank?cityid=279&notitlebar=1&ranktype=3
云南省,丽江市,古城区,勇勇清真牛肉馆,云南省丽江市古城区裕安路229号,4.8,70,香辣干锅牛肉,省市区及街道已获取,已获取,榜单行政区/商圈归属,123923535,https://plat.dianping.com/app/femember-musteat-web/musteat-rank?cityid=279&notitlebar=1&ranktype=3,https://www.dianping.com/shop/123923535/photos/album,https://plat.dianping.com/app/femember-musteat-web/musteat-rank?cityid=279&notitlebar=1&ranktype=3
云南省,丽江市,古城区,云雪丽·纳西庭院·现炒云南菜（古城南门店）,"云南省丽江市古城区兴文巷108号（丽江和府洲际酒店旁,英迪格酒店隔壁,兴文巷入口第一家餐厅）",4.7,80,秘制雪山鱼,省市区及街道已获取,已获取,榜单行政区/商圈归属,14883378,https://plat.dianping.com/app/femember-musteat-web/musteat-rank?cityid=279&notitlebar=1&ranktype=3,https://www.dianping.com/shop/14883378/photos/album,https://plat.dianping.com/app/femember-musteat-web/musteat-rank?cityid=279&notitlebar=1&ranktype=3
云南省,丽江市,,雨晨石锅鱼,云南省丽江市环湖公路三家村码头南200米雨晨客栈一楼（泸沽湖）,4.8,73,石锅鱼,区县或街道未核实,已获取,区县未核实,847416252,https://plat.dianping.com/app/femember-musteat-web/musteat-rank?cityid=279&notitlebar=1&ranktype=3,https://www.dianping.com/shop/847416252/photos/album,https://plat.dianping.com/app/femember-musteat-web/musteat-rank?cityid=279&notitlebar=1&ranktype=3
云南省,丽江市,古城区,老丽江火塘人家（白龙盛世二分店）,云南省丽江市古城区祥和路白龙盛世23-78号,4.7,76,油炸丽江粑粑,省市区及街道已获取,已获取,榜单行政区/商圈归属,18093448,https://plat.dianping.com/app/femember-musteat-web/musteat-rank?cityid=279&notitlebar=1&ranktype=3,https://www.dianping.com/shop/18093448/photos/album,https://plat.dianping.com/app/femember-musteat-web/musteat-rank?cityid=279&notitlebar=1&ranktype=3
云南省,丽江市,古城区,草墩罗非鱼庄•野生菌•腊排骨（七星街上段店）,云南省丽江市古城区七星街上段130号,4.6,77,新鲜见手青,省市区及街道已获取,已获取,榜单行政区/商圈归属,582618,https://plat.dianping.com/app/femember-musteat-web/musteat-rank?cityid=279&notitlebar=1&ranktype=3,https://www.dianping.com/shop/582618/photos/album,https://plat.dianping.com/app/femember-musteat-web/musteat-rank?cityid=279&notitlebar=1&ranktype=3
云南省,丽江市,,摩梭人家菌香土鸡石锅鱼,云南省丽江市湖滨路泸沽湖大洛水村十字路口正新鸡排往里走60米晏坐湖景清奢民宿正对面,4.8,71,招牌石锅鱼,区县或街道未核实,已获取,区县未核实,14730180,https://plat.dianping.com/app/femember-musteat-web/musteat-rank?cityid=279&notitlebar=1&ranktype=3,https://www.dianping.com/shop/14730180/photos/album,https://plat.dianping.com/app/femember-musteat-web/musteat-rank?cityid=279&notitlebar=1&ranktype=3
云南省,迪庆藏族自治州,香格里拉市,阿珂顿巴餐厅,云南省迪庆藏族自治州香格里拉市独克宗古城仓房街古波廊停车场旁边香巴拉老街里面,4.8,81,牦牛肉火锅,省市区及街道已获取,已获取,同店铺ID出现在榜单县级城市入口,59102681,https://plat.dianping.com/app/femember-musteat-web/musteat-rank?cityid=281&notitlebar=1&ranktype=3,https://www.dianping.com/shop/59102681/photos/album,https://plat.dianping.com/app/femember-musteat-web/musteat-rank?cityid=1883&notitlebar=1&ranktype=3
云南省,迪庆藏族自治州,香格里拉市,宏宏无烟石板烧烤,云南省迪庆藏族自治州香格里拉市达娃路64号（军分区后门往西100米）,4.6,78,牦牛肉,省市区及街道已获取,已获取,同店铺ID出现在榜单县级城市入口,27025871,https://plat.dianping.com/app/femember-musteat-web/musteat-rank?cityid=281&notitlebar=1&ranktype=3,https://www.dianping.com/shop/27025871/photos/album,https://plat.dianping.com/app/femember-musteat-web/musteat-rank?cityid=1883&notitlebar=1&ranktype=3
云南省,迪庆藏族自治州,香格里拉市,嫫啦厨房,云南省迪庆藏族自治州香格里拉市达娃路23号独克宗古城,4.3,59,酥油茶,省市区及街道已获取,已获取,同店铺ID出现在榜单县级城市入口,113517989,https://plat.dianping.com/app/femember-musteat-web/musteat-rank?cityid=281&notitlebar=1&ranktype=3,https://www.dianping.com/shop/113517989/photos/album,https://plat.dianping.com/app/femember-musteat-web/musteat-rank?cityid=1883&notitlebar=1&ranktype=3
云南省,迪庆藏族自治州,香格里拉市,马斌高原牦牛肉饭店,云南省迪庆藏族自治州香格里拉市香巴拉大道44号,4.7,67,牦牛肉火锅,省市区及街道已获取,已获取,同店铺ID出现在榜单县级城市入口,9371848,https://plat.dianping.com/app/femember-musteat-web/musteat-rank?cityid=281&notitlebar=1&ranktype=3,https://www.dianping.com/shop/9371848/photos/album,https://plat.dianping.com/app/femember-musteat-web/musteat-rank?cityid=1883&notitlebar=1&ranktype=3
云南省,迪庆藏族自治州,香格里拉市,红心小吃,云南省迪庆藏族自治州香格里拉市建塘镇池慈卡街48号,3.9,52,清汤牛肉,省市区及街道已获取,已获取,同店铺ID出现在榜单县级城市入口,9373326,https://plat.dianping.com/app/femember-musteat-web/musteat-rank?cityid=281&notitlebar=1&ranktype=3,https://www.dianping.com/shop/9373326/photos/album,https://plat.dianping.com/app/femember-musteat-web/musteat-rank?cityid=1883&notitlebar=1&ranktype=3
云南省,迪庆藏族自治州,香格里拉市,白玛·喀拉卡尔藏餐,云南省迪庆藏族自治州香格里拉市龙潭南路安康巷4号,4.6,97,酥油煎奶渣,省市区及街道已获取,已获取,同店铺ID出现在榜单县级城市入口,9370259,https://plat.dianping.com/app/femember-musteat-web/musteat-rank?cityid=281&notitlebar=1&ranktype=3,https://www.dianping.com/shop/9370259/photos/album,https://plat.dianping.com/app/femember-musteat-web/musteat-rank?cityid=1883&notitlebar=1&ranktype=3
云南省,迪庆藏族自治州,香格里拉市,通达清真火锅园（香格里拉店）,云南省迪庆藏族自治州香格里拉市香格里格咱路19号附1,4.6,75,牦牛全席火锅,省市区及街道已获取,已获取,同店铺ID出现在榜单县级城市入口,5730003,https://plat.dianping.com/app/femember-musteat-web/musteat-rank?cityid=281&notitlebar=1&ranktype=3,https://www.dianping.com/shop/5730003/photos/album,https://plat.dianping.com/app/femember-musteat-web/musteat-rank?cityid=1883&notitlebar=1&ranktype=3
云南省,迪庆藏族自治州,香格里拉市,觉初安南藏餐（古城店）,云南省迪庆藏族自治州香格里拉市独克宗古城古波廊停车场入口处左转50米春风十里客栈向左转50米,4.4,74,水汽粑粑,省市区及街道已获取,已获取,同店铺ID出现在榜单县级城市入口,1484122206,https://plat.dianping.com/app/femember-musteat-web/musteat-rank?cityid=281&notitlebar=1&ranktype=3,https://www.dianping.com/shop/1484122206/photos/album,https://plat.dianping.com/app/femember-musteat-web/musteat-rank?cityid=1883&notitlebar=1&ranktype=3
西藏自治区,拉萨市,城关区,田村·酸汤鲜牦牛肉火锅藏餐厅（大昭寺店）,西藏自治区拉萨市城关区丹杰林路山寻阿汤楼上,4.7,88,开胃酸汤锅,省市区及街道已获取,已获取,榜单行政区/商圈归属,1798990706,https://plat.dianping.com/app/femember-musteat-web/musteat-rank?cityid=283&notitlebar=1&ranktype=3,https://www.dianping.com/shop/1798990706/photos/album,https://plat.dianping.com/app/femember-musteat-web/musteat-rank?cityid=283&notitlebar=1&ranktype=3
西藏自治区,拉萨市,城关区,吖啦嗦·八廓房子江湖菜,西藏自治区拉萨市城关区丹杰林路小巷子9号（光明岗琼甜茶馆左侧巷内30米）,4.3,98,招牌凉拌鲫鱼（明星菜）,省市区及街道已获取,已获取,榜单行政区/商圈归属,93905363,https://plat.dianping.com/app/femember-musteat-web/musteat-rank?cityid=283&notitlebar=1&ranktype=3,https://www.dianping.com/shop/93905363/photos/album,https://plat.dianping.com/app/femember-musteat-web/musteat-rank?cityid=283&notitlebar=1&ranktype=3
西藏自治区,拉萨市,城关区,同吉康桑藏餐厅（大昭寺店）,西藏自治区拉萨市城关区丹杰林巷16号（康巴大酒店旁巷子里）,4.4,83,烤蘑菇,省市区及街道已获取,已获取,榜单行政区/商圈归属,1880142813,https://plat.dianping.com/app/femember-musteat-web/musteat-rank?cityid=283&notitlebar=1&ranktype=3,https://www.dianping.com/shop/1880142813/photos/album,https://plat.dianping.com/app/femember-musteat-web/musteat-rank?cityid=283&notitlebar=1&ranktype=3
西藏自治区,拉萨市,城关区,央卿仓藏餐厅（大昭寺店）,西藏自治区拉萨市城关区北京东路八廓商城对面(日喀则珠宝巷子内)八朗学三巷9号,4.2,95,牦牛肉藏式火锅,省市区及街道已获取,已获取,榜单行政区/商圈归属,66593483,https://plat.dianping.com/app/femember-musteat-web/musteat-rank?cityid=283&notitlebar=1&ranktype=3,https://www.dianping.com/shop/66593483/photos/album,https://plat.dianping.com/app/femember-musteat-web/musteat-rank?cityid=283&notitlebar=1&ranktype=3
西藏自治区,拉萨市,城关区,伊比热包子店,西藏自治区拉萨市城关区林廓东路36号附18号,4,29,煎包子,省市区及街道已获取,已获取,榜单行政区/商圈归属,9327479,https://plat.dianping.com/app/femember-musteat-web/musteat-rank?cityid=283&notitlebar=1&ranktype=3,https://www.dianping.com/shop/9327479/photos/album,https://plat.dianping.com/app/femember-musteat-web/musteat-rank?cityid=283&notitlebar=1&ranktype=3
西藏自治区,拉萨市,城关区,安多诺增藏餐·歌舞表演（一分店）,西藏自治区拉萨市城关区八朗学五巷3号,4.4,86,安多盖饼牦牛肉,省市区及街道已获取,已获取,榜单行政区/商圈归属,69786860,https://plat.dianping.com/app/femember-musteat-web/musteat-rank?cityid=283&notitlebar=1&ranktype=3,https://www.dianping.com/shop/69786860/photos/album,https://plat.dianping.com/app/femember-musteat-web/musteat-rank?cityid=283&notitlebar=1&ranktype=3
西藏自治区,拉萨市,城关区,古院厨房·印度餐厅（大昭寺店）,西藏自治区拉萨市城关区鲁固五巷11号（赤江拉让古迹酒店一楼内）,4.2,92,黄油烤饼,省市区及街道已获取,已获取,榜单行政区/商圈归属,1830940391,https://plat.dianping.com/app/femember-musteat-web/musteat-rank?cityid=283&notitlebar=1&ranktype=3,https://www.dianping.com/shop/1830940391/photos/album,https://plat.dianping.com/app/femember-musteat-web/musteat-rank?cityid=283&notitlebar=1&ranktype=3
陕西省,宝鸡市,渭滨区,新建路古家一碗辣子火锅（新建路店）,陕西省宝鸡市渭滨区新建路西段18号,4.8,77,辣子夹馍,省市区及街道已获取,已获取,榜单行政区/商圈归属,92843236,https://plat.dianping.com/app/femember-musteat-web/musteat-rank?cityid=291&notitlebar=1&ranktype=3,https://www.dianping.com/shop/92843236/photos/album,https://plat.dianping.com/app/femember-musteat-web/musteat-rank?cityid=291&notitlebar=1&ranktype=3
陕西省,宝鸡市,金台区,老鳯府豆花泡馍（第五大道店）,陕西省宝鸡市金台区第五大道中段联盟花园北区成都柴火鸡正对面,4.2,10,老鳯府豆花泡馍,省市区及街道已获取,已获取,榜单行政区/商圈归属,40304467,https://plat.dianping.com/app/femember-musteat-web/musteat-rank?cityid=291&notitlebar=1&ranktype=3,https://www.dianping.com/shop/40304467/photos/album,https://plat.dianping.com/app/femember-musteat-web/musteat-rank?cityid=291&notitlebar=1&ranktype=3
陕西省,宝鸡市,渭滨区,令氏家外家周礼食府（桥南店）,陕西省宝鸡市渭滨区公园路1号陕建安装大厦1楼,4.6,45,臊子排骨,省市区及街道已获取,已获取,榜单行政区/商圈归属,77067466,https://plat.dianping.com/app/femember-musteat-web/musteat-rank?cityid=291&notitlebar=1&ranktype=3,https://www.dianping.com/shop/77067466/photos/album,https://plat.dianping.com/app/femember-musteat-web/musteat-rank?cityid=291&notitlebar=1&ranktype=3
陕西省,宝鸡市,金台区,壹品長安（盛世广场·食尚街店）,陕西省宝鸡市金台区盛世广场食尚街西区中段,4.8,68,睁眼白菜,省市区及街道已获取,已获取,榜单行政区/商圈归属,1641995769,https://plat.dianping.com/app/femember-musteat-web/musteat-rank?cityid=291&notitlebar=1&ranktype=3,https://www.dianping.com/shop/1641995769/photos/album,https://plat.dianping.com/app/femember-musteat-web/musteat-rank?cityid=291&notitlebar=1&ranktype=3
陕西省,宝鸡市,渭滨区,祖母厨房（高新店）,陕西省宝鸡市渭滨区高新区城市新天地广场,4.4,45,铁板传奇香嘴鱼,省市区及街道已获取,已获取,榜单行政区/商圈归属,8723211,https://plat.dianping.com/app/femember-musteat-web/musteat-rank?cityid=291&notitlebar=1&ranktype=3,https://www.dianping.com/shop/8723211/photos/album,https://plat.dianping.com/app/femember-musteat-web/musteat-rank?cityid=291&notitlebar=1&ranktype=3
陕西省,咸阳市,秦都区,六福烧烤酒馆（汇通店）,陕西省咸阳市秦都区彩虹一路汇通十字世纪金花四楼,4.3,58,六福炒鸡爪,省市区及街道已获取,已获取,榜单行政区/商圈归属,835284101,https://plat.dianping.com/app/femember-musteat-web/musteat-rank?cityid=292&notitlebar=1&ranktype=3,https://www.dianping.com/shop/835284101/photos/album,https://plat.dianping.com/app/femember-musteat-web/musteat-rank?cityid=292&notitlebar=1&ranktype=3
陕西省,咸阳市,渭城区,乐顺渔村印象（毕源路总店）,陕西省咸阳市渭城区毕塬东路华秦毕塬小区底商,4.4,66,椒痲鱼,省市区及街道已获取,已获取,榜单行政区/商圈归属,5686797,https://plat.dianping.com/app/femember-musteat-web/musteat-rank?cityid=292&notitlebar=1&ranktype=3,https://www.dianping.com/shop/5686797/photos/album,https://plat.dianping.com/app/femember-musteat-web/musteat-rank?cityid=292&notitlebar=1&ranktype=3
陕西省,咸阳市,秦都区,问稻粥底火锅（建设路店）,陕西省咸阳市秦都区建设路中段,4.4,70,手切鲜牛肉,省市区及街道已获取,已获取,榜单行政区/商圈归属,3006871,https://plat.dianping.com/app/femember-musteat-web/musteat-rank?cityid=292&notitlebar=1&ranktype=3,https://www.dianping.com/shop/3006871/photos/album,https://plat.dianping.com/app/femember-musteat-web/musteat-rank?cityid=292&notitlebar=1&ranktype=3
陕西省,咸阳市,秦都区,李家荣喜,陕西省咸阳市秦都区人民路街道胜利路与秦皇中路交叉口东(近秦皇路),4.3,15,荷叶饼夹肉,省市区及街道已获取,已获取,榜单行政区/商圈归属,3375709,https://plat.dianping.com/app/femember-musteat-web/musteat-rank?cityid=292&notitlebar=1&ranktype=3,https://www.dianping.com/shop/3375709/photos/album,https://plat.dianping.com/app/femember-musteat-web/musteat-rank?cityid=292&notitlebar=1&ranktype=3
陕西省,咸阳市,秦都区,棒棒鱼活鱼火锅（体育场店）,陕西省咸阳市秦都区秦皇中路体育场十字东北角文苑大厦一楼,4.6,63,椒香干锅,省市区及街道已获取,已获取,榜单行政区/商圈归属,69656368,https://plat.dianping.com/app/femember-musteat-web/musteat-rank?cityid=292&notitlebar=1&ranktype=3,https://www.dianping.com/shop/69656368/photos/album,https://plat.dianping.com/app/femember-musteat-web/musteat-rank?cityid=292&notitlebar=1&ranktype=3
陕西省,咸阳市,渭城区,乞丐酱驴（南阳门店）,陕西省咸阳市渭城区渭阳东路南阳门门楼西侧,4.4,62,丸子,省市区及街道已获取,已获取,榜单行政区/商圈归属,5858925,https://plat.dianping.com/app/femember-musteat-web/musteat-rank?cityid=292&notitlebar=1&ranktype=3,https://www.dianping.com/shop/5858925/photos/album,https://plat.dianping.com/app/femember-musteat-web/musteat-rank?cityid=292&notitlebar=1&ranktype=3
陕西省,咸阳市,渭城区,雷记擦面铺子（明清二十三坊店）,陕西省咸阳市渭城区北平街20号,4.4,19,全套擦面,省市区及街道已获取,已获取,榜单行政区/商圈归属,68322266,https://plat.dianping.com/app/femember-musteat-web/musteat-rank?cityid=292&notitlebar=1&ranktype=3,https://www.dianping.com/shop/68322266/photos/album,https://plat.dianping.com/app/femember-musteat-web/musteat-rank?cityid=292&notitlebar=1&ranktype=3
陕西省,渭南市,华阴市,关中道陕味艺术餐厅（西岳庙店）,陕西省渭南市华阴市岳庙步行街西口北排2号楼（西岳庙),4.2,44,葫芦鸡,省市区及街道已获取,已获取,榜单行政区/商圈归属,19264599,https://plat.dianping.com/app/femember-musteat-web/musteat-rank?cityid=293&notitlebar=1&ranktype=3,https://www.dianping.com/shop/19264599/photos/album,https://plat.dianping.com/app/femember-musteat-web/musteat-rank?cityid=293&notitlebar=1&ranktype=3
陕西省,渭南市,临渭区,盈盈水盆（西一路店）,陕西省渭南市临渭区西岳路北段清华园小区1层,4.4,30,纯瘦肉水盆羊肉,省市区及街道已获取,已获取,榜单行政区/商圈归属,65354281,https://plat.dianping.com/app/femember-musteat-web/musteat-rank?cityid=293&notitlebar=1&ranktype=3,https://www.dianping.com/shop/65354281/photos/album,https://plat.dianping.com/app/femember-musteat-web/musteat-rank?cityid=293&notitlebar=1&ranktype=3
陕西省,渭南市,临渭区,马回斋（东风路店）,陕西省渭南市临渭区东风大街东段92号,4.4,29,牛肉小盘肉,省市区及街道已获取,已获取,榜单行政区/商圈归属,4737422,https://plat.dianping.com/app/femember-musteat-web/musteat-rank?cityid=293&notitlebar=1&ranktype=3,https://www.dianping.com/shop/4737422/photos/album,https://plat.dianping.com/app/femember-musteat-web/musteat-rank?cityid=293&notitlebar=1&ranktype=3
陕西省,渭南市,临渭区,故市王红水盆羊肉,陕西省渭南市临渭区201省道与316县道交叉口南行50米路东,4.5,40,水盆羊肉泡馍,省市区及街道已获取,已获取,榜单行政区/商圈归属,69374187,https://plat.dianping.com/app/femember-musteat-web/musteat-rank?cityid=293&notitlebar=1&ranktype=3,https://www.dianping.com/shop/69374187/photos/album,https://plat.dianping.com/app/femember-musteat-web/musteat-rank?cityid=293&notitlebar=1&ranktype=3
陕西省,渭南市,华阴市,文英羊肉泡馍（华阴总店）,"陕西省渭南市华阴市华岳大道海友酒店南行100米（备注:文英泡馍一个小店,别走错门）",4.8,33,特优羊肉泡馍,省市区及街道已获取,已获取,榜单行政区/商圈归属,19380667,https://plat.dianping.com/app/femember-musteat-web/musteat-rank?cityid=293&notitlebar=1&ranktype=3,https://www.dianping.com/shop/19380667/photos/album,https://plat.dianping.com/app/femember-musteat-web/musteat-rank?cityid=293&notitlebar=1&ranktype=3
陕西省,渭南市,华阴市,咱家院子食府（华岳大道店）,陕西省渭南市华阴市华岳路北段计生指导站对面,4.2,45,玉米茬茬,省市区及街道已获取,已获取,榜单行政区/商圈归属,44087113,https://plat.dianping.com/app/femember-musteat-web/musteat-rank?cityid=293&notitlebar=1&ranktype=3,https://www.dianping.com/shop/44087113/photos/album,https://plat.dianping.com/app/femember-musteat-web/musteat-rank?cityid=293&notitlebar=1&ranktype=3
陕西省,渭南市,临渭区,百合蒸饺（西四路店）,"陕西省渭南市临渭区西四路南段安和园商铺,建设银行南门正对",4.7,21,地软韭菜蒸饺,省市区及街道已获取,已获取,榜单行政区/商圈归属,23877601,https://plat.dianping.com/app/femember-musteat-web/musteat-rank?cityid=293&notitlebar=1&ranktype=3,https://www.dianping.com/shop/23877601/photos/album,https://plat.dianping.com/app/femember-musteat-web/musteat-rank?cityid=293&notitlebar=1&ranktype=3
陕西省,延安市,宝塔区,丁虎子烤肉（国道二店）,陕西省延安市宝塔区延河北路融信园小区底商,4.8,61,精品烤五花,省市区及街道已获取,已获取,榜单行政区/商圈归属,98182040,https://plat.dianping.com/app/femember-musteat-web/musteat-rank?cityid=294&notitlebar=1&ranktype=3,https://www.dianping.com/shop/98182040/photos/album,https://plat.dianping.com/app/femember-musteat-web/musteat-rank?cityid=294&notitlebar=1&ranktype=3
陕西省,延安市,宝塔区,四季有盐有味葫芦鸡（中心街店）,陕西省延安市宝塔区凤凰大街18号慧源大酒店4楼,4.4,55,葫芦鸡,省市区及街道已获取,已获取,榜单行政区/商圈归属,27522129,https://plat.dianping.com/app/femember-musteat-web/musteat-rank?cityid=294&notitlebar=1&ranktype=3,https://www.dianping.com/shop/27522129/photos/album,https://plat.dianping.com/app/femember-musteat-web/musteat-rank?cityid=294&notitlebar=1&ranktype=3
陕西省,延安市,宝塔区,老杨大烩菜烙饼一绝（城投·玉佛苑店）,陕西省延安市宝塔区石佛沟安置小区4号楼209门面,4.7,33,烙饼一绝,省市区及街道已获取,已获取,榜单行政区/商圈归属,22300088,https://plat.dianping.com/app/femember-musteat-web/musteat-rank?cityid=294&notitlebar=1&ranktype=3,https://www.dianping.com/shop/22300088/photos/album,https://plat.dianping.com/app/femember-musteat-web/musteat-rank?cityid=294&notitlebar=1&ranktype=3
陕西省,延安市,宝塔区,老延安·延安菜·小米加步枪（宝塔山店）,陕西省延安市宝塔区宝塔山,4.7,71,小米加步枪,省市区及街道已获取,已获取,榜单行政区/商圈归属,1460991806,https://plat.dianping.com/app/femember-musteat-web/musteat-rank?cityid=294&notitlebar=1&ranktype=3,https://www.dianping.com/shop/1460991806/photos/album,https://plat.dianping.com/app/femember-musteat-web/musteat-rank?cityid=294&notitlebar=1&ranktype=3
陕西省,延安市,宝塔区,红化眼镜家沾沾（新城店）,陕西省延安市宝塔区轩辕大道上城2号2号楼1层2-2-101号,4.7,51,手工面皮,省市区及街道已获取,已获取,榜单行政区/商圈归属,1506630383,https://plat.dianping.com/app/femember-musteat-web/musteat-rank?cityid=294&notitlebar=1&ranktype=3,https://www.dianping.com/shop/1506630383/photos/album,https://plat.dianping.com/app/femember-musteat-web/musteat-rank?cityid=294&notitlebar=1&ranktype=3
陕西省,延安市,宝塔区,金昆阁·铜锅涮肉（百米大道店）,陕西省延安市宝塔区尹家沟路锦绣时光2楼01-02号商铺,4.8,79,私房上脑肥牛,省市区及街道已获取,已获取,榜单行政区/商圈归属,57211866,https://plat.dianping.com/app/femember-musteat-web/musteat-rank?cityid=294&notitlebar=1&ranktype=3,https://www.dianping.com/shop/57211866/photos/album,https://plat.dianping.com/app/femember-musteat-web/musteat-rank?cityid=294&notitlebar=1&ranktype=3
陕西省,延安市,宝塔区,老村长铁锅炖羊肉（枣园公园店）,陕西省延安市宝塔区枣园路干部学院旁公园停车场内,4.7,75,铁锅炖羊肉,省市区及街道已获取,已获取,榜单行政区/商圈归属,17616920,https://plat.dianping.com/app/femember-musteat-web/musteat-rank?cityid=294&notitlebar=1&ranktype=3,https://www.dianping.com/shop/17616920/photos/album,https://plat.dianping.com/app/femember-musteat-web/musteat-rank?cityid=294&notitlebar=1&ranktype=3
陕西省,延安市,宝塔区,延丽小沾沾（延安二道街店）,陕西省延安市宝塔区二道街大东门生产资料公司院内成长幼儿园一楼,4.3,44,微辣锅,省市区及街道已获取,已获取,榜单行政区/商圈归属,1521880799,https://plat.dianping.com/app/femember-musteat-web/musteat-rank?cityid=294&notitlebar=1&ranktype=3,https://www.dianping.com/shop/1521880799/photos/album,https://plat.dianping.com/app/femember-musteat-web/musteat-rank?cityid=294&notitlebar=1&ranktype=3
陕西省,延安市,宝塔区,钰怡面皮（中心街店）,陕西省延安市宝塔区钟鼓楼B顺阳北巷1号铺109号,4.1,10,面皮,省市区及街道已获取,已获取,榜单行政区/商圈归属,8870841,https://plat.dianping.com/app/femember-musteat-web/musteat-rank?cityid=294&notitlebar=1&ranktype=3,https://www.dianping.com/shop/8870841/photos/album,https://plat.dianping.com/app/femember-musteat-web/musteat-rank?cityid=294&notitlebar=1&ranktype=3
陕西省,汉中市,汉台区,润福祥中餐厅（风景路店）,陕西省汉中市汉台区南一环路人民检察院西邻对面,4.2,50,紫阳蒸盆子,省市区及街道已获取,已获取,榜单行政区/商圈归属,1851968710,https://plat.dianping.com/app/femember-musteat-web/musteat-rank?cityid=295&notitlebar=1&ranktype=3,https://www.dianping.com/shop/1851968710/photos/album,https://plat.dianping.com/app/femember-musteat-web/musteat-rank?cityid=295&notitlebar=1&ranktype=3
陕西省,汉中市,南郑区,正红木桶鱼（南郑大道店）,陕西省汉中市南郑区南郑大道与圣水路交叉口西北角(水晶时尚酒店对面),4,65,木桶鱼,省市区及街道已获取,已获取,同店铺ID出现在榜单县级城市入口,19568865,https://plat.dianping.com/app/femember-musteat-web/musteat-rank?cityid=295&notitlebar=1&ranktype=3,https://www.dianping.com/shop/19568865/photos/album,https://plat.dianping.com/app/femember-musteat-web/musteat-rank?cityid=2051&notitlebar=1&ranktype=3
陕西省,汉中市,汉台区,镇巴烧烤聚土菜馆（汉水名城店）,陕西省汉中市汉台区北关街道虎头桥路汉水名城好吃街北区底商（近北门）,3.9,58,炒洋胡豆,省市区及街道已获取,已获取,榜单行政区/商圈归属,67784837,https://plat.dianping.com/app/femember-musteat-web/musteat-rank?cityid=295&notitlebar=1&ranktype=3,https://www.dianping.com/shop/67784837/photos/album,https://plat.dianping.com/app/femember-musteat-web/musteat-rank?cityid=295&notitlebar=1&ranktype=3
陕西省,汉中市,汉台区,来御来三汁焖锅（万邦店）,陕西省汉中市汉台区太白路万邦时代广场麦当劳向西50米2楼,4.2,59,焖鱿鱼,省市区及街道已获取,已获取,榜单行政区/商圈归属,17807034,https://plat.dianping.com/app/femember-musteat-web/musteat-rank?cityid=295&notitlebar=1&ranktype=3,https://www.dianping.com/shop/17807034/photos/album,https://plat.dianping.com/app/femember-musteat-web/musteat-rank?cityid=295&notitlebar=1&ranktype=3
陕西省,汉中市,汉台区,蒋家槟豆面皮（友爱路店）,陕西省汉中市汉台区友爱路翔龙大酒店50米,4,9,热面皮,省市区及街道已获取,已获取,榜单行政区/商圈归属,8758602,https://plat.dianping.com/app/femember-musteat-web/musteat-rank?cityid=295&notitlebar=1&ranktype=3,https://www.dianping.com/shop/8758602/photos/album,https://plat.dianping.com/app/femember-musteat-web/musteat-rank?cityid=295&notitlebar=1&ranktype=3
陕西省,汉中市,南郑区,陈三娃泡姜鸡,陕西省汉中市南郑区十字汉上名居底商,4.3,74,泡姜肚子小锅,省市区及街道已获取,已获取,同店铺ID出现在榜单县级城市入口,4296329,https://plat.dianping.com/app/femember-musteat-web/musteat-rank?cityid=295&notitlebar=1&ranktype=3,https://www.dianping.com/shop/4296329/photos/album,https://plat.dianping.com/app/femember-musteat-web/musteat-rank?cityid=2051&notitlebar=1&ranktype=3
陕西省,汉中市,南郑区,巴蜀功夫排骨（大河坎总店）,陕西省汉中市南郑区大河坎镇江古路味王府大酒店斜对面,4.2,48,功夫腊排骨,省市区及街道已获取,已获取,同店铺ID出现在榜单县级城市入口,19802054,https://plat.dianping.com/app/femember-musteat-web/musteat-rank?cityid=295&notitlebar=1&ranktype=3,https://www.dianping.com/shop/19802054/photos/album,https://plat.dianping.com/app/femember-musteat-web/musteat-rank?cityid=2051&notitlebar=1&ranktype=3
陕西省,汉中市,南郑区,愉大姐聚源春渔荘,"陕西省汉中市南郑区江南西路银钩家园西门,大华房产西门南侧",4.2,92,麻辣锅黄辣丁,省市区及街道已获取,已获取,同店铺ID出现在榜单县级城市入口,67520066,https://plat.dianping.com/app/femember-musteat-web/musteat-rank?cityid=295&notitlebar=1&ranktype=3,https://www.dianping.com/shop/67520066/photos/album,https://plat.dianping.com/app/femember-musteat-web/musteat-rank?cityid=2051&notitlebar=1&ranktype=3
陕西省,榆林市,榆阳区,白氏兄弟烧烤（富康路总店）,陕西省榆林市榆阳区富康路127号,4.7,73,烤鸡翅,省市区及街道已获取,已获取,榜单行政区/商圈归属,130295014,https://plat.dianping.com/app/femember-musteat-web/musteat-rank?cityid=296&notitlebar=1&ranktype=3,https://www.dianping.com/shop/130295014/photos/album,https://plat.dianping.com/app/femember-musteat-web/musteat-rank?cityid=296&notitlebar=1&ranktype=3
陕西省,榆林市,榆阳区,二楼餐厅,陕西省榆林市榆阳区南大街59号,3.7,51,拼三鲜,省市区及街道已获取,已获取,榜单行政区/商圈归属,2652109,https://plat.dianping.com/app/femember-musteat-web/musteat-rank?cityid=296&notitlebar=1&ranktype=3,https://www.dianping.com/shop/2652109/photos/album,https://plat.dianping.com/app/femember-musteat-web/musteat-rank?cityid=296&notitlebar=1&ranktype=3
陕西省,榆林市,榆阳区,汪茂元羊肉面·非遗老字号（曼哈顿总店）,陕西省榆林市榆阳区长兴路怀远·曼哈顿特区东门D04商铺,4.7,35,招牌羊肉面,省市区及街道已获取,已获取,榜单行政区/商圈归属,57179733,https://plat.dianping.com/app/femember-musteat-web/musteat-rank?cityid=296&notitlebar=1&ranktype=3,https://www.dianping.com/shop/57179733/photos/album,https://plat.dianping.com/app/femember-musteat-web/musteat-rank?cityid=296&notitlebar=1&ranktype=3
陕西省,榆林市,榆阳区,老田家羊肉面（总店）,陕西省榆林市榆阳区保宁西路阳光假日酒店一楼63号（京都商务酒店对面）,4.6,37,羊肉揪面片,省市区及街道已获取,已获取,榜单行政区/商圈归属,27467361,https://plat.dianping.com/app/femember-musteat-web/musteat-rank?cityid=296&notitlebar=1&ranktype=3,https://www.dianping.com/shop/27467361/photos/album,https://plat.dianping.com/app/femember-musteat-web/musteat-rank?cityid=296&notitlebar=1&ranktype=3
陕西省,榆林市,榆阳区,横山双城铁锅炖羊肉（创始店）,"陕西省榆林市榆阳区榆林大道522号,林校路口北西铁家园南西沙安置小区门面房。",4.4,110,铁锅现炖羊肉,省市区及街道已获取,已获取,榜单行政区/商圈归属,79356704,https://plat.dianping.com/app/femember-musteat-web/musteat-rank?cityid=296&notitlebar=1&ranktype=3,https://www.dianping.com/shop/79356704/photos/album,https://plat.dianping.com/app/femember-musteat-web/musteat-rank?cityid=296&notitlebar=1&ranktype=3
陕西省,榆林市,榆阳区,许记兄弟羊杂碎（总店）,陕西省榆林市榆阳区福田路东100米,4.5,18,羊杂碎,省市区及街道已获取,已获取,榜单行政区/商圈归属,101391852,https://plat.dianping.com/app/femember-musteat-web/musteat-rank?cityid=296&notitlebar=1&ranktype=3,https://www.dianping.com/shop/101391852/photos/album,https://plat.dianping.com/app/femember-musteat-web/musteat-rank?cityid=296&notitlebar=1&ranktype=3
陕西省,榆林市,榆阳区,馬彩霞绥德薛家畔风味羊杂碎（怀德路店）,陕西省榆林市榆阳区怀德路10号顶呱呱幼儿园对面,4.1,18,羊杂碎,省市区及街道已获取,已获取,榜单行政区/商圈归属,1343844821,https://plat.dianping.com/app/femember-musteat-web/musteat-rank?cityid=296&notitlebar=1&ranktype=3,https://www.dianping.com/shop/1343844821/photos/album,https://plat.dianping.com/app/femember-musteat-web/musteat-rank?cityid=296&notitlebar=1&ranktype=3
陕西省,榆林市,榆阳区,老村长大锅炖羊肉（榆林大道店）,陕西省榆林市榆阳区富康西路与榆林大道交汇处,4.2,78,羊肉,省市区及街道已获取,已获取,榜单行政区/商圈归属,15791915,https://plat.dianping.com/app/femember-musteat-web/musteat-rank?cityid=296&notitlebar=1&ranktype=3,https://www.dianping.com/shop/15791915/photos/album,https://plat.dianping.com/app/femember-musteat-web/musteat-rank?cityid=296&notitlebar=1&ranktype=3
陕西省,商洛市,商州区,商州大烩菜,陕西省商洛市商州区兴商街中段188号,4.2,27,烩菜王,省市区及街道已获取,已获取,榜单行政区/商圈归属,1630660593,https://plat.dianping.com/app/femember-musteat-web/musteat-rank?cityid=298&notitlebar=1&ranktype=3,https://www.dianping.com/shop/1630660593/photos/album,https://plat.dianping.com/app/femember-musteat-web/musteat-rank?cityid=298&notitlebar=1&ranktype=3
陕西省,商洛市,商州区,叶家擀面皮（州城路店）,陕西省商洛市商州区州城街与民政路交叉口东140米,4,12,叶家擀面皮,省市区及街道已获取,已获取,榜单行政区/商圈归属,1260717564,https://plat.dianping.com/app/femember-musteat-web/musteat-rank?cityid=298&notitlebar=1&ranktype=3,https://www.dianping.com/shop/1260717564/photos/album,https://plat.dianping.com/app/femember-musteat-web/musteat-rank?cityid=298&notitlebar=1&ranktype=3
陕西省,商洛市,商州区,八里香烧肠,陕西省商洛市商州区银泉路4号,4.3,33,烧肠带馍,省市区及街道已获取,已获取,榜单行政区/商圈归属,21297030,https://plat.dianping.com/app/femember-musteat-web/musteat-rank?cityid=298&notitlebar=1&ranktype=3,https://www.dianping.com/shop/21297030/photos/album,https://plat.dianping.com/app/femember-musteat-web/musteat-rank?cityid=298&notitlebar=1&ranktype=3
陕西省,商洛市,商州区,詹家牛肉馆（群贤居店）,陕西省商洛市商州区民乐路与民居路交叉口南50米路西,4.8,32,炒牛肉,省市区及街道已获取,已获取,榜单行政区/商圈归属,67871208,https://plat.dianping.com/app/femember-musteat-web/musteat-rank?cityid=298&notitlebar=1&ranktype=3,https://www.dianping.com/shop/67871208/photos/album,https://plat.dianping.com/app/femember-musteat-web/musteat-rank?cityid=298&notitlebar=1&ranktype=3
陕西省,商洛市,商州区,商山名厨,陕西省商洛市商州区商州西路江南世纪城十字路口西北角,4.3,59,商洛大烩菜,省市区及街道已获取,已获取,榜单行政区/商圈归属,97947699,https://plat.dianping.com/app/femember-musteat-web/musteat-rank?cityid=298&notitlebar=1&ranktype=3,https://www.dianping.com/shop/97947699/photos/album,https://plat.dianping.com/app/femember-musteat-web/musteat-rank?cityid=298&notitlebar=1&ranktype=3
甘肃省,兰州市,城关区,清真·磨沟沿老字号牛肉面（农民巷店）,甘肃省兰州市城关区农民巷486号,4.4,20,牛肉面,省市区及街道已获取,已获取,榜单行政区/商圈归属,131187458,https://plat.dianping.com/app/femember-musteat-web/musteat-rank?cityid=299&notitlebar=1&ranktype=3,https://www.dianping.com/shop/131187458/photos/album,https://plat.dianping.com/app/femember-musteat-web/musteat-rank?cityid=299&notitlebar=1&ranktype=3
甘肃省,兰州市,七里河区,清真·尕周羊杂碎,甘肃省兰州市七里河区下西园路378号下西园派出所隔壁,4.8,27,干拌羊杂碎,省市区及街道已获取,已获取,榜单行政区/商圈归属,128410424,https://plat.dianping.com/app/femember-musteat-web/musteat-rank?cityid=299&notitlebar=1&ranktype=3,https://www.dianping.com/shop/128410424/photos/album,https://plat.dianping.com/app/femember-musteat-web/musteat-rank?cityid=299&notitlebar=1&ranktype=3
甘肃省,兰州市,城关区,大漠烤肉（盘旋路店）,甘肃省兰州市城关区东岗西路451号,4.4,57,烤羊肉,省市区及街道已获取,已获取,榜单行政区/商圈归属,2891725,https://plat.dianping.com/app/femember-musteat-web/musteat-rank?cityid=299&notitlebar=1&ranktype=3,https://www.dianping.com/shop/2891725/photos/album,https://plat.dianping.com/app/femember-musteat-web/musteat-rank?cityid=299&notitlebar=1&ranktype=3
甘肃省,兰州市,城关区,余哎有不羊杂碎店,甘肃省兰州市城关区金塔巷56附2,4.6,29,大碗羊杂,省市区及街道已获取,已获取,榜单行政区/商圈归属,130582931,https://plat.dianping.com/app/femember-musteat-web/musteat-rank?cityid=299&notitlebar=1&ranktype=3,https://www.dianping.com/shop/130582931/photos/album,https://plat.dianping.com/app/femember-musteat-web/musteat-rank?cityid=299&notitlebar=1&ranktype=3
甘肃省,兰州市,城关区,金强牛肉面（五泉广场店）,甘肃省兰州市城关区火车站西路732号（五泉下广场对面）,4.4,20,招牌牛肉,省市区及街道已获取,已获取,榜单行政区/商圈归属,6037375,https://plat.dianping.com/app/femember-musteat-web/musteat-rank?cityid=299&notitlebar=1&ranktype=3,https://www.dianping.com/shop/6037375/photos/album,https://plat.dianping.com/app/femember-musteat-web/musteat-rank?cityid=299&notitlebar=1&ranktype=3
甘肃省,兰州市,城关区,清真·胡家包子（西关店）,甘肃省兰州市城关区临夏路77-81号,4.4,20,牛肉胡萝卜,省市区及街道已获取,已获取,榜单行政区/商圈归属,132981674,https://plat.dianping.com/app/femember-musteat-web/musteat-rank?cityid=299&notitlebar=1&ranktype=3,https://www.dianping.com/shop/132981674/photos/album,https://plat.dianping.com/app/femember-musteat-web/musteat-rank?cityid=299&notitlebar=1&ranktype=3
甘肃省,兰州市,七里河区,隐园铜锅涮羊肉,甘肃省兰州市七里河区体育街82号,4.4,102,隐园秘制八宝茶,省市区及街道已获取,已获取,榜单行政区/商圈归属,130859070,https://plat.dianping.com/app/femember-musteat-web/musteat-rank?cityid=299&notitlebar=1&ranktype=3,https://www.dianping.com/shop/130859070/photos/album,https://plat.dianping.com/app/femember-musteat-web/musteat-rank?cityid=299&notitlebar=1&ranktype=3
甘肃省,兰州市,城关区,杜记甜食（大众巷店）,甘肃省兰州市城关区大众巷72号,4.1,15,无糖灰豆,省市区及街道已获取,已获取,榜单行政区/商圈归属,2026180,https://plat.dianping.com/app/femember-musteat-web/musteat-rank?cityid=299&notitlebar=1&ranktype=3,https://www.dianping.com/shop/2026180/photos/album,https://plat.dianping.com/app/femember-musteat-web/musteat-rank?cityid=299&notitlebar=1&ranktype=3
甘肃省,兰州市,城关区,甘南一品涮（兰州店）,甘肃省兰州市城关区南滨河东路新港城北门C区14栋4号商铺,4.8,68,鲜切羊肉,省市区及街道已获取,已获取,榜单行政区/商圈归属,131581256,https://plat.dianping.com/app/femember-musteat-web/musteat-rank?cityid=299&notitlebar=1&ranktype=3,https://www.dianping.com/shop/131581256/photos/album,https://plat.dianping.com/app/femember-musteat-web/musteat-rank?cityid=299&notitlebar=1&ranktype=3
甘肃省,兰州市,城关区,马安军辣子牛肉面·清真（武都路店）,甘肃省兰州市城关区新武都路74号,4.3,20,牛肉,省市区及街道已获取,已获取,榜单行政区/商圈归属,67825174,https://plat.dianping.com/app/femember-musteat-web/musteat-rank?cityid=299&notitlebar=1&ranktype=3,https://www.dianping.com/shop/67825174/photos/album,https://plat.dianping.com/app/femember-musteat-web/musteat-rank?cityid=299&notitlebar=1&ranktype=3
甘肃省,兰州市,城关区,有奴思烤肉·清真（正宁路店）,甘肃省兰州市城关区正宁路231-243号,4.3,68,羊肉串,省市区及街道已获取,已获取,榜单行政区/商圈归属,6112002,https://plat.dianping.com/app/femember-musteat-web/musteat-rank?cityid=299&notitlebar=1&ranktype=3,https://www.dianping.com/shop/6112002/photos/album,https://plat.dianping.com/app/femember-musteat-web/musteat-rank?cityid=299&notitlebar=1&ranktype=3
甘肃省,兰州市,城关区,清真·馨雅斋老马烤肉（农民巷店）,甘肃省兰州市城关区农民巷西部花市对面,4.4,63,羊肉串,省市区及街道已获取,已获取,榜单行政区/商圈归属,50542916,https://plat.dianping.com/app/femember-musteat-web/musteat-rank?cityid=299&notitlebar=1&ranktype=3,https://www.dianping.com/shop/50542916/photos/album,https://plat.dianping.com/app/femember-musteat-web/musteat-rank?cityid=299&notitlebar=1&ranktype=3
甘肃省,兰州市,城关区,德元纯汤牛肉面（兰州总店）,甘肃省兰州市城关区嘉峪关西路6、8号01层003室,4.4,21,宽的牛肉面,省市区及街道已获取,已获取,榜单行政区/商圈归属,5378696,https://plat.dianping.com/app/femember-musteat-web/musteat-rank?cityid=299&notitlebar=1&ranktype=3,https://www.dianping.com/shop/5378696/photos/album,https://plat.dianping.com/app/femember-musteat-web/musteat-rank?cityid=299&notitlebar=1&ranktype=3
甘肃省,兰州市,城关区,陇上浆水源（东方红广场店）,甘肃省兰州市城关区广场南路底巷子7号（近东方红广场南侧、皋兰路）,4.4,52,浆水面,省市区及街道已获取,已获取,榜单行政区/商圈归属,108351525,https://plat.dianping.com/app/femember-musteat-web/musteat-rank?cityid=299&notitlebar=1&ranktype=3,https://www.dianping.com/shop/108351525/photos/album,https://plat.dianping.com/app/femember-musteat-web/musteat-rank?cityid=299&notitlebar=1&ranktype=3
甘肃省,兰州市,七里河区,清真·存海羊杂碎羊肉泡馍,甘肃省兰州市七里河区龚家坪西路名门之秀旁,4.7,37,爆炒羊杂,省市区及街道已获取,已获取,榜单行政区/商圈归属,114098225,https://plat.dianping.com/app/femember-musteat-web/musteat-rank?cityid=299&notitlebar=1&ranktype=3,https://www.dianping.com/shop/114098225/photos/album,https://plat.dianping.com/app/femember-musteat-web/musteat-rank?cityid=299&notitlebar=1&ranktype=3
甘肃省,兰州市,七里河区,清真·好羊来手抓（总店）,甘肃省兰州市七里河区柏树巷258号（小西湖地铁站C口步行240米）,4.7,51,手抓羊肉一斤半,省市区及街道已获取,已获取,榜单行政区/商圈归属,1749540998,https://plat.dianping.com/app/femember-musteat-web/musteat-rank?cityid=299&notitlebar=1&ranktype=3,https://www.dianping.com/shop/1749540998/photos/album,https://plat.dianping.com/app/femember-musteat-web/musteat-rank?cityid=299&notitlebar=1&ranktype=3
甘肃省,兰州市,城关区,金郡·大自然烤肉（民主西路店）,甘肃省兰州市城关区民主西路与金昌南路交叉口东行60米路南（公交站台对面）,4.7,56,烤羊肉,省市区及街道已获取,已获取,榜单行政区/商圈归属,69565212,https://plat.dianping.com/app/femember-musteat-web/musteat-rank?cityid=299&notitlebar=1&ranktype=3,https://www.dianping.com/shop/69565212/photos/album,https://plat.dianping.com/app/femember-musteat-web/musteat-rank?cityid=299&notitlebar=1&ranktype=3
甘肃省,兰州市,七里河区,清真·国义凉面牛肉面烤肉（火星街旗舰店）,甘肃省兰州市七里河区火星街1289号,4.3,19,牛肉,省市区及街道已获取,已获取,榜单行政区/商圈归属,91941216,https://plat.dianping.com/app/femember-musteat-web/musteat-rank?cityid=299&notitlebar=1&ranktype=3,https://www.dianping.com/shop/91941216/photos/album,https://plat.dianping.com/app/femember-musteat-web/musteat-rank?cityid=299&notitlebar=1&ranktype=3
甘肃省,兰州市,城关区,阿西娅·西北妈妈拿手菜·清真（西关店）,甘肃省兰州市城关区中山路萃英门2号3楼4楼,4.4,92,手抓羊肉,省市区及街道已获取,已获取,榜单行政区/商圈归属,110662387,https://plat.dianping.com/app/femember-musteat-web/musteat-rank?cityid=299&notitlebar=1&ranktype=3,https://www.dianping.com/shop/110662387/photos/album,https://plat.dianping.com/app/femember-musteat-web/musteat-rank?cityid=299&notitlebar=1&ranktype=3
甘肃省,兰州市,城关区,清真·伊利来干锅,甘肃省兰州市城关区中山路134号,4.7,63,香辣鱿鱼虾,省市区及街道已获取,已获取,榜单行政区/商圈归属,72346462,https://plat.dianping.com/app/femember-musteat-web/musteat-rank?cityid=299&notitlebar=1&ranktype=3,https://www.dianping.com/shop/72346462/photos/album,https://plat.dianping.com/app/femember-musteat-web/musteat-rank?cityid=299&notitlebar=1&ranktype=3
甘肃省,天水市,秦州区,秦州大酒店,甘肃省天水市秦州区自由路34号（中心广场北侧）,4.1,71,天水杂烩,省市区及街道已获取,已获取,榜单行政区/商圈归属,5743243,https://plat.dianping.com/app/femember-musteat-web/musteat-rank?cityid=303&notitlebar=1&ranktype=3,https://www.dianping.com/shop/5743243/photos/album,https://plat.dianping.com/app/femember-musteat-web/musteat-rank?cityid=303&notitlebar=1&ranktype=3
甘肃省,天水市,秦州区,老字号姐妹麻辣店（八建家园店）,甘肃省天水市秦州区合作南路1号,4,20,麻辣粉,省市区及街道已获取,已获取,榜单行政区/商圈归属,21958091,https://plat.dianping.com/app/femember-musteat-web/musteat-rank?cityid=303&notitlebar=1&ranktype=3,https://www.dianping.com/shop/21958091/photos/album,https://plat.dianping.com/app/femember-musteat-web/musteat-rank?cityid=303&notitlebar=1&ranktype=3
甘肃省,天水市,秦州区,羲里羊西域烤羊腿（双桥店）,甘肃省天水市秦州区藉河北路双桥宠物交易市场隔壁,4.6,88,羲里羊特色烤羊排,省市区及街道已获取,已获取,榜单行政区/商圈归属,1818123090,https://plat.dianping.com/app/femember-musteat-web/musteat-rank?cityid=303&notitlebar=1&ranktype=3,https://www.dianping.com/shop/1818123090/photos/album,https://plat.dianping.com/app/femember-musteat-web/musteat-rank?cityid=303&notitlebar=1&ranktype=3
甘肃省,天水市,秦州区,吴大师呱呱面皮（育生巷店）,甘肃省天水市秦州区育生巷14号门店,4,10,呱呱掺黄面皮,省市区及街道已获取,已获取,榜单行政区/商圈归属,77747443,https://plat.dianping.com/app/femember-musteat-web/musteat-rank?cityid=303&notitlebar=1&ranktype=3,https://www.dianping.com/shop/77747443/photos/album,https://plat.dianping.com/app/femember-musteat-web/musteat-rank?cityid=303&notitlebar=1&ranktype=3
甘肃省,天水市,秦州区,常记呱呱（总店）,甘肃省天水市秦州区青年南路东步行街112号,4,12,瓜瓜,省市区及街道已获取,已获取,榜单行政区/商圈归属,2648353,https://plat.dianping.com/app/femember-musteat-web/musteat-rank?cityid=303&notitlebar=1&ranktype=3,https://www.dianping.com/shop/2648353/photos/album,https://plat.dianping.com/app/femember-musteat-web/musteat-rank?cityid=303&notitlebar=1&ranktype=3
甘肃省,天水市,秦州区,伊鼎楼手抓王清真店（新华路店）,甘肃省天水市秦州区新华路936号,4,76,手抓羊肉,省市区及街道已获取,已获取,榜单行政区/商圈归属,67427769,https://plat.dianping.com/app/femember-musteat-web/musteat-rank?cityid=303&notitlebar=1&ranktype=3,https://www.dianping.com/shop/67427769/photos/album,https://plat.dianping.com/app/femember-musteat-web/musteat-rank?cityid=303&notitlebar=1&ranktype=3
甘肃省,天水市,麦积区,百兴酒店·天水八大碗,甘肃省天水市麦积区中心卫生院西侧二楼,4.6,50,天水杂烩,省市区及街道已获取,已获取,榜单行政区/商圈归属,97852717,https://plat.dianping.com/app/femember-musteat-web/musteat-rank?cityid=303&notitlebar=1&ranktype=3,https://www.dianping.com/shop/97852717/photos/album,https://plat.dianping.com/app/femember-musteat-web/musteat-rank?cityid=303&notitlebar=1&ranktype=3
甘肃省,天水市,麦积区,老字号·三十一号面皮（商埠路步行街店）,甘肃省天水市麦积区埠北路渭滨新城渭滨市场,4.1,9,酿皮,省市区及街道已获取,已获取,榜单行政区/商圈归属,6449280,https://plat.dianping.com/app/femember-musteat-web/musteat-rank?cityid=303&notitlebar=1&ranktype=3,https://www.dianping.com/shop/6449280/photos/album,https://plat.dianping.com/app/femember-musteat-web/musteat-rank?cityid=303&notitlebar=1&ranktype=3
甘肃省,天水市,秦州区,荷琴麻辣粉店,甘肃省天水市秦州区共和巷39号,4.1,22,麻辣烫,省市区及街道已获取,已获取,榜单行政区/商圈归属,9378174,https://plat.dianping.com/app/femember-musteat-web/musteat-rank?cityid=303&notitlebar=1&ranktype=3,https://www.dianping.com/shop/9378174/photos/album,https://plat.dianping.com/app/femember-musteat-web/musteat-rank?cityid=303&notitlebar=1&ranktype=3
甘肃省,天水市,麦积区,靖远牛记羊羔肉餐厅（丰源小区店）,甘肃省天水市麦积区羲黄大道东路丰源小区附近（马跑泉镇政府西南250米）,4.4,57,炒羊肉片,省市区及街道已获取,已获取,榜单行政区/商圈归属,92818569,https://plat.dianping.com/app/femember-musteat-web/musteat-rank?cityid=303&notitlebar=1&ranktype=3,https://www.dianping.com/shop/92818569/photos/album,https://plat.dianping.com/app/femember-musteat-web/musteat-rank?cityid=303&notitlebar=1&ranktype=3
甘肃省,张掖市,甘州区,西北兄弟大盘鸡卷子鸡,甘肃省张掖市甘州区临泽北路青松嘉苑A区对面（金硕悦华酒店楼下）,4.7,44,卷子鸡,省市区及街道已获取,已获取,榜单行政区/商圈归属,122231909,https://plat.dianping.com/app/femember-musteat-web/musteat-rank?cityid=305&notitlebar=1&ranktype=3,https://www.dianping.com/shop/122231909/photos/album,https://plat.dianping.com/app/femember-musteat-web/musteat-rank?cityid=305&notitlebar=1&ranktype=3
甘肃省,张掖市,甘州区,酸辣嫂酒店,甘肃省张掖市甘州区县府南街103号(近新闻大厦),4.2,77,辣嫂蒸肉,省市区及街道已获取,已获取,榜单行政区/商圈归属,6336138,https://plat.dianping.com/app/femember-musteat-web/musteat-rank?cityid=305&notitlebar=1&ranktype=3,https://www.dianping.com/shop/6336138/photos/album,https://plat.dianping.com/app/femember-musteat-web/musteat-rank?cityid=305&notitlebar=1&ranktype=3
甘肃省,张掖市,甘州区,摆府经典面片·西北特色（张掖店）,甘肃省张掖市甘州区新墩镇滨河新区临泽南路425-429号,4.2,38,摆府经典面片,省市区及街道已获取,已获取,榜单行政区/商圈归属,1907341165,https://plat.dianping.com/app/femember-musteat-web/musteat-rank?cityid=305&notitlebar=1&ranktype=3,https://www.dianping.com/shop/1907341165/photos/album,https://plat.dianping.com/app/femember-musteat-web/musteat-rank?cityid=305&notitlebar=1&ranktype=3
甘肃省,张掖市,甘州区,和顺源· 臊面包子（西关店）,甘肃省张掖市甘州区西环路315号（农机公司综合楼下）,4.1,13,臊面,省市区及街道已获取,已获取,榜单行政区/商圈归属,1361110617,https://plat.dianping.com/app/femember-musteat-web/musteat-rank?cityid=305&notitlebar=1&ranktype=3,https://www.dianping.com/shop/1361110617/photos/album,https://plat.dianping.com/app/femember-musteat-web/musteat-rank?cityid=305&notitlebar=1&ranktype=3
甘肃省,张掖市,甘州区,刘馨记卷子馆（总店）,甘肃省张掖市甘州区玉关路81号,4.4,48,鸡肉垫卷子,省市区及街道已获取,已获取,榜单行政区/商圈归属,68963942,https://plat.dianping.com/app/femember-musteat-web/musteat-rank?cityid=305&notitlebar=1&ranktype=3,https://www.dianping.com/shop/68963942/photos/album,https://plat.dianping.com/app/femember-musteat-web/musteat-rank?cityid=305&notitlebar=1&ranktype=3
甘肃省,张掖市,甘州区,清真东乡手抓城（祁连路店）,甘肃省张掖市甘州区南街街道清真寺斜对面（回民街西）,4.7,64,东乡手抓羊,省市区及街道已获取,已获取,榜单行政区/商圈归属,98343823,https://plat.dianping.com/app/femember-musteat-web/musteat-rank?cityid=305&notitlebar=1&ranktype=3,https://www.dianping.com/shop/98343823/photos/album,https://plat.dianping.com/app/femember-musteat-web/musteat-rank?cityid=305&notitlebar=1&ranktype=3
甘肃省,张掖市,甘州区,罗胖子面馆（西关店）,甘肃省张掖市甘州区西大街与西城巷交叉口（西城巷南口）,4.3,19,卤肉炒炮,省市区及街道已获取,已获取,榜单行政区/商圈归属,4298613,https://plat.dianping.com/app/femember-musteat-web/musteat-rank?cityid=305&notitlebar=1&ranktype=3,https://www.dianping.com/shop/4298613/photos/album,https://plat.dianping.com/app/femember-musteat-web/musteat-rank?cityid=305&notitlebar=1&ranktype=3
甘肃省,张掖市,甘州区,祁连羊肉馆（玉水街店）,甘肃省张掖市甘州区玉水街112号（滨河新区碧桂园门口）,4.5,82,手抓羊肉,省市区及街道已获取,已获取,榜单行政区/商圈归属,67465694,https://plat.dianping.com/app/femember-musteat-web/musteat-rank?cityid=305&notitlebar=1&ranktype=3,https://www.dianping.com/shop/67465694/photos/album,https://plat.dianping.com/app/femember-musteat-web/musteat-rank?cityid=305&notitlebar=1&ranktype=3
甘肃省,张掖市,甘州区,老张记山丹炒拨拉,甘肃省张掖市甘州区杏林南街154号（新乐小区西门）,4.3,51,炒拨拉,省市区及街道已获取,已获取,榜单行政区/商圈归属,96383791,https://plat.dianping.com/app/femember-musteat-web/musteat-rank?cityid=305&notitlebar=1&ranktype=3,https://www.dianping.com/shop/96383791/photos/album,https://plat.dianping.com/app/femember-musteat-web/musteat-rank?cityid=305&notitlebar=1&ranktype=3
甘肃省,酒泉市,敦煌市,米记·30年老字号羊肉粉汤（敦煌店）,甘肃省酒泉市敦煌市佛光西路292号1栋104,4.4,24,羊肉粉汤,省市区及街道已获取,已获取,同店铺ID出现在榜单县级城市入口,124996600,https://plat.dianping.com/app/femember-musteat-web/musteat-rank?cityid=307&notitlebar=1&ranktype=3,https://www.dianping.com/shop/124996600/photos/album,https://plat.dianping.com/app/femember-musteat-web/musteat-rank?cityid=2103&notitlebar=1&ranktype=3
甘肃省,酒泉市,肃州区,玉门羊拔拉（香庄花园店）,甘肃省酒泉市肃州区肃州路香庄花园15-1-2,4.8,49,羊拨拉混合,省市区及街道已获取,已获取,榜单行政区/商圈归属,39780133,https://plat.dianping.com/app/femember-musteat-web/musteat-rank?cityid=307&notitlebar=1&ranktype=3,https://www.dianping.com/shop/39780133/photos/album,https://plat.dianping.com/app/femember-musteat-web/musteat-rank?cityid=307&notitlebar=1&ranktype=3
甘肃省,酒泉市,肃州区,老杨家涮羊肉【清真】,甘肃省酒泉市肃州区老杨家清真餐厅,4.5,93,手切鲜羊肉,省市区及街道已获取,已获取,榜单行政区/商圈归属,69622664,https://plat.dianping.com/app/femember-musteat-web/musteat-rank?cityid=307&notitlebar=1&ranktype=3,https://www.dianping.com/shop/69622664/photos/album,https://plat.dianping.com/app/femember-musteat-web/musteat-rank?cityid=307&notitlebar=1&ranktype=3
甘肃省,酒泉市,敦煌市,星月烤羊排（第二集贸市场店）,甘肃省酒泉市敦煌市昆仑西路第二集贸市场中段13号,4.8,66,炕锅羊排,省市区及街道已获取,已获取,榜单行政区/商圈归属,112482404,https://plat.dianping.com/app/femember-musteat-web/musteat-rank?cityid=307&notitlebar=1&ranktype=3,https://www.dianping.com/shop/112482404/photos/album,https://plat.dianping.com/app/femember-musteat-web/musteat-rank?cityid=307&notitlebar=1&ranktype=3
甘肃省,酒泉市,敦煌市,老钟家烤羊排·敦伊阁清真餐厅胡羊焖饼,甘肃省酒泉市敦煌市月牙泉镇瑞月路三七综合楼104铺,4.6,63,羊排炕锅肉,省市区及街道已获取,已获取,同店铺ID出现在榜单县级城市入口,563783,https://plat.dianping.com/app/femember-musteat-web/musteat-rank?cityid=307&notitlebar=1&ranktype=3,https://www.dianping.com/shop/563783/photos/album,https://plat.dianping.com/app/femember-musteat-web/musteat-rank?cityid=2103&notitlebar=1&ranktype=3
甘肃省,酒泉市,敦煌市,陈记羊肉馆（敦煌小镇店）,甘肃省酒泉市敦煌市龙勒路敦煌小镇104号商铺,4.6,65,沙葱炒鸡蛋,省市区及街道已获取,已获取,同店铺ID出现在榜单县级城市入口,1093909263,https://plat.dianping.com/app/femember-musteat-web/musteat-rank?cityid=307&notitlebar=1&ranktype=3,https://www.dianping.com/shop/1093909263/photos/album,https://plat.dianping.com/app/femember-musteat-web/musteat-rank?cityid=2103&notitlebar=1&ranktype=3
甘肃省,酒泉市,敦煌市,西域秘烤·烧烤·全羊宴（敦煌店）,甘肃省酒泉市敦煌市敦煌小镇西门右侧30米,4.1,69,辣皮子拌面,省市区及街道已获取,已获取,同店铺ID出现在榜单县级城市入口,1534662008,https://plat.dianping.com/app/femember-musteat-web/musteat-rank?cityid=307&notitlebar=1&ranktype=3,https://www.dianping.com/shop/1534662008/photos/album,https://plat.dianping.com/app/femember-musteat-web/musteat-rank?cityid=2103&notitlebar=1&ranktype=3
甘肃省,酒泉市,敦煌市,范记靖远羊羔肉（博物馆店）,甘肃省酒泉市敦煌市月映路阳关福地1栋1层102号底商,4.7,75,手抓羊肉,省市区及街道已获取,已获取,同店铺ID出现在榜单县级城市入口,10360417,https://plat.dianping.com/app/femember-musteat-web/musteat-rank?cityid=307&notitlebar=1&ranktype=3,https://www.dianping.com/shop/10360417/photos/album,https://plat.dianping.com/app/femember-musteat-web/musteat-rank?cityid=2103&notitlebar=1&ranktype=3
甘肃省,酒泉市,敦煌市,靖远尕六美味羊羔肉,甘肃省酒泉市敦煌市北台巷沙州乐园东门口隔壁,4.8,79,胡羊燜餅,省市区及街道已获取,已获取,同店铺ID出现在榜单县级城市入口,4501893,https://plat.dianping.com/app/femember-musteat-web/musteat-rank?cityid=307&notitlebar=1&ranktype=3,https://www.dianping.com/shop/4501893/photos/album,https://plat.dianping.com/app/femember-musteat-web/musteat-rank?cityid=2103&notitlebar=1&ranktype=3
甘肃省,酒泉市,敦煌市,夏家合汁（天润花园小区店）,甘肃省酒泉市敦煌市西域路天润花园3号楼6号门店（近达记驴肉黄面）,4.2,24,羊肉合汁,省市区及街道已获取,已获取,同店铺ID出现在榜单县级城市入口,10335116,https://plat.dianping.com/app/femember-musteat-web/musteat-rank?cityid=307&notitlebar=1&ranktype=3,https://www.dianping.com/shop/10335116/photos/album,https://plat.dianping.com/app/femember-musteat-web/musteat-rank?cityid=2103&notitlebar=1&ranktype=3
青海省,西宁市,城西区,青海名吃尕张娃非遗烤肉（海湖总店）,青海省西宁市城西区西川南路彭家寨村小区新村综合办公楼1楼,4.4,90,炕锅羊肉,省市区及街道已获取,已获取,榜单行政区/商圈归属,69683604,https://plat.dianping.com/app/femember-musteat-web/musteat-rank?cityid=313&notitlebar=1&ranktype=3,https://www.dianping.com/shop/69683604/photos/album,https://plat.dianping.com/app/femember-musteat-web/musteat-rank?cityid=313&notitlebar=1&ranktype=3
青海省,西宁市,城西区,马尔沙牛杂（海一大厦店）,青海省西宁市城西区西关大街久康药店东南20米（近海一大厦）,4.4,27,牛杂汤,省市区及街道已获取,已获取,榜单行政区/商圈归属,3688807,https://plat.dianping.com/app/femember-musteat-web/musteat-rank?cityid=313&notitlebar=1&ranktype=3,https://www.dianping.com/shop/3688807/photos/album,https://plat.dianping.com/app/femember-musteat-web/musteat-rank?cityid=313&notitlebar=1&ranktype=3
青海省,西宁市,城西区,老马家吃肉退骨牛肉面（能源小区店）,青海省西宁市城西区兴海路能源小区30号,4.4,29,退骨牛肉,省市区及街道已获取,已获取,榜单行政区/商圈归属,10376161,https://plat.dianping.com/app/femember-musteat-web/musteat-rank?cityid=313&notitlebar=1&ranktype=3,https://www.dianping.com/shop/10376161/photos/album,https://plat.dianping.com/app/femember-musteat-web/musteat-rank?cityid=313&notitlebar=1&ranktype=3
青海省,西宁市,城东区,宋迪克手工非遗面片（兴海路总店）,青海省西宁市城东区黄河路与兴海路交叉路口向北50米,4.3,26,宋迪克特色手工面片,省市区及街道已获取,已获取,榜单行政区/商圈归属,50353574,https://plat.dianping.com/app/femember-musteat-web/musteat-rank?cityid=313&notitlebar=1&ranktype=3,https://www.dianping.com/shop/50353574/photos/album,https://plat.dianping.com/app/femember-musteat-web/musteat-rank?cityid=313&notitlebar=1&ranktype=3
青海省,西宁市,城东区,尕胖炕锅羊头王老店（城东吾悦广场店）,青海省西宁市城东区八一路200号在水一方小区17号楼二单元200-92号商铺（城东吾悦广场一号门斜对面）,4.3,70,炕锅羊肉,省市区及街道已获取,已获取,榜单行政区/商圈归属,18125120,https://plat.dianping.com/app/femember-musteat-web/musteat-rank?cityid=313&notitlebar=1&ranktype=3,https://www.dianping.com/shop/18125120/photos/album,https://plat.dianping.com/app/femember-musteat-web/musteat-rank?cityid=313&notitlebar=1&ranktype=3
青海省,西宁市,城东区,清真·聚茗乡青海地方特色美食（城东店）,青海省西宁市城东区大众街3号杨家巷清真大寺斜对面,4.8,65,农家土火锅,省市区及街道已获取,已获取,榜单行政区/商圈归属,67083302,https://plat.dianping.com/app/femember-musteat-web/musteat-rank?cityid=313&notitlebar=1&ranktype=3,https://www.dianping.com/shop/67083302/photos/album,https://plat.dianping.com/app/femember-musteat-web/musteat-rank?cityid=313&notitlebar=1&ranktype=3
青海省,西宁市,城东区,东乡老春台手抓,青海省西宁市城东区七一东路18号5-1号18-62（七一东路与勤奋巷交叉口向北100米）,4.4,53,手抓羊肉,省市区及街道已获取,已获取,榜单行政区/商圈归属,104931229,https://plat.dianping.com/app/femember-musteat-web/musteat-rank?cityid=313&notitlebar=1&ranktype=3,https://www.dianping.com/shop/104931229/photos/album,https://plat.dianping.com/app/femember-musteat-web/musteat-rank?cityid=313&notitlebar=1&ranktype=3
青海省,西宁市,城东区,清真·伊然轩青海特色美食,青海省西宁市城东区大众街与杨家一巷交叉口东行150米路南,4.9,81,手抓羊肉,省市区及街道已获取,已获取,榜单行政区/商圈归属,79618353,https://plat.dianping.com/app/femember-musteat-web/musteat-rank?cityid=313&notitlebar=1&ranktype=3,https://www.dianping.com/shop/79618353/photos/album,https://plat.dianping.com/app/femember-musteat-web/musteat-rank?cityid=313&notitlebar=1&ranktype=3
青海省,西宁市,城西区,雅君羊羔肉·老字号（海湖店）,青海省西宁市城西区彭家寨镇西关大街128号华祥大厦一楼(文汇路大润发海湖店斜对面),4.4,112,手抓羊肉,省市区及街道已获取,已获取,榜单行政区/商圈归属,114800797,https://plat.dianping.com/app/femember-musteat-web/musteat-rank?cityid=313&notitlebar=1&ranktype=3,https://www.dianping.com/shop/114800797/photos/album,https://plat.dianping.com/app/femember-musteat-web/musteat-rank?cityid=313&notitlebar=1&ranktype=3
青海省,西宁市,城东区,妥穆洒东乡手抓（共和路店）,青海省西宁市城东区共和路111号1号楼111-08室,4.6,58,精品肋条,省市区及街道已获取,已获取,榜单行政区/商圈归属,80058624,https://plat.dianping.com/app/femember-musteat-web/musteat-rank?cityid=313&notitlebar=1&ranktype=3,https://www.dianping.com/shop/80058624/photos/album,https://plat.dianping.com/app/femember-musteat-web/musteat-rank?cityid=313&notitlebar=1&ranktype=3
青海省,西宁市,城西区,清真军邺·金富苑肥牛火锅（力盟店）,青海省西宁市城西区五四大街37号智易方大厦二层,4.8,82,极品鲜毛肚,省市区及街道已获取,已获取,榜单行政区/商圈归属,870117404,https://plat.dianping.com/app/femember-musteat-web/musteat-rank?cityid=313&notitlebar=1&ranktype=3,https://www.dianping.com/shop/870117404/photos/album,https://plat.dianping.com/app/femember-musteat-web/musteat-rank?cityid=313&notitlebar=1&ranktype=3
宁夏回族自治区,银川市,兴庆区,小叶手抓·非遗·清真食品（解放东街店）,宁夏回族自治区银川市兴庆区银古路街道解放东街与丽景街交叉口(东安小区对面),4.6,88,羊肉手抓,省市区及街道已获取,已获取,榜单行政区/商圈归属,23496109,https://plat.dianping.com/app/femember-musteat-web/musteat-rank?cityid=321&notitlebar=1&ranktype=3,https://www.dianping.com/shop/23496109/photos/album,https://plat.dianping.com/app/femember-musteat-web/musteat-rank?cityid=321&notitlebar=1&ranktype=3
宁夏回族自治区,银川市,金凤区,百草滩羊·清水涮羊肉（长城路店）,宁夏回族自治区银川市金凤区长城路与庆祥街交叉口良田大卖场向西200米,4.8,93,百草八宝涮肉锅,省市区及街道已获取,已获取,榜单行政区/商圈归属,77282900,https://plat.dianping.com/app/femember-musteat-web/musteat-rank?cityid=321&notitlebar=1&ranktype=3,https://www.dianping.com/shop/77282900/photos/album,https://plat.dianping.com/app/femember-musteat-web/musteat-rank?cityid=321&notitlebar=1&ranktype=3
宁夏回族自治区,银川市,金凤区,红粿粿辣糊糊（银川旗舰店）,宁夏回族自治区银川市金凤区南薰西路612号,4.2,61,辣糊糊锅底,省市区及街道已获取,已获取,榜单行政区/商圈归属,110877941,https://plat.dianping.com/app/femember-musteat-web/musteat-rank?cityid=321&notitlebar=1&ranktype=3,https://www.dianping.com/shop/110877941/photos/album,https://plat.dianping.com/app/femember-musteat-web/musteat-rank?cityid=321&notitlebar=1&ranktype=3
宁夏回族自治区,银川市,金凤区,老马家羊杂碎店,宁夏回族自治区银川市金凤区尹家渠北街银新清真大寺19号营业房,4.3,33,带面肺羊杂,省市区及街道已获取,已获取,榜单行政区/商圈归属,50391514,https://plat.dianping.com/app/femember-musteat-web/musteat-rank?cityid=321&notitlebar=1&ranktype=3,https://www.dianping.com/shop/50391514/photos/album,https://plat.dianping.com/app/femember-musteat-web/musteat-rank?cityid=321&notitlebar=1&ranktype=3
宁夏回族自治区,银川市,西夏区,老木瓜（同心路店）,宁夏回族自治区银川市西夏区怀远西路与同心北街交叉口西,4.2,43,羊肉搓面,省市区及街道已获取,已获取,榜单行政区/商圈归属,22669647,https://plat.dianping.com/app/femember-musteat-web/musteat-rank?cityid=321&notitlebar=1&ranktype=3,https://www.dianping.com/shop/22669647/photos/album,https://plat.dianping.com/app/femember-musteat-web/musteat-rank?cityid=321&notitlebar=1&ranktype=3
宁夏回族自治区,银川市,金凤区,奥斯曼辣糊糊（银川总店）,宁夏回族自治区银川市金凤区宜居巷13号,4.1,58,辣糊糊,省市区及街道已获取,已获取,榜单行政区/商圈归属,59163174,https://plat.dianping.com/app/femember-musteat-web/musteat-rank?cityid=321&notitlebar=1&ranktype=3,https://www.dianping.com/shop/59163174/photos/album,https://plat.dianping.com/app/femember-musteat-web/musteat-rank?cityid=321&notitlebar=1&ranktype=3
宁夏回族自治区,银川市,兴庆区,蔺家老字号羊杂碎馆,宁夏回族自治区银川市兴庆区文化街街道文化东街66号(银川市供销社对面),4.4,30,羊杂碎,省市区及街道已获取,已获取,榜单行政区/商圈归属,5733790,https://plat.dianping.com/app/femember-musteat-web/musteat-rank?cityid=321&notitlebar=1&ranktype=3,https://www.dianping.com/shop/5733790/photos/album,https://plat.dianping.com/app/femember-musteat-web/musteat-rank?cityid=321&notitlebar=1&ranktype=3
宁夏回族自治区,银川市,金凤区,步云天烤全羊（文化城店）,宁夏回族自治区银川市金凤区上海西路文化城1区1栋（文化城内）,4.4,114,烤全羊,省市区及街道已获取,已获取,榜单行政区/商圈归属,65705680,https://plat.dianping.com/app/femember-musteat-web/musteat-rank?cityid=321&notitlebar=1&ranktype=3,https://www.dianping.com/shop/65705680/photos/album,https://plat.dianping.com/app/femember-musteat-web/musteat-rank?cityid=321&notitlebar=1&ranktype=3
宁夏回族自治区,银川市,金凤区,老纳家羊肉馆（总店）,宁夏回族自治区银川市金凤区通达南街6号,4.4,55,手抓羊肉,省市区及街道已获取,已获取,榜单行政区/商圈归属,10635258,https://plat.dianping.com/app/femember-musteat-web/musteat-rank?cityid=321&notitlebar=1&ranktype=3,https://www.dianping.com/shop/10635258/photos/album,https://plat.dianping.com/app/femember-musteat-web/musteat-rank?cityid=321&notitlebar=1&ranktype=3
宁夏回族自治区,银川市,兴庆区,同心春餐饮（富宁街店）,宁夏回族自治区银川市兴庆区富宁南街296号,4.6,67,手抓羊肉,省市区及街道已获取,已获取,榜单行政区/商圈归属,4280439,https://plat.dianping.com/app/femember-musteat-web/musteat-rank?cityid=321&notitlebar=1&ranktype=3,https://www.dianping.com/shop/4280439/photos/album,https://plat.dianping.com/app/femember-musteat-web/musteat-rank?cityid=321&notitlebar=1&ranktype=3
宁夏回族自治区,银川市,金凤区,伊盛手抓（雪绒巷店）,宁夏回族自治区银川市金凤区雪绒巷10号,4.3,80,伊盛手抓羊肉优质,省市区及街道已获取,已获取,榜单行政区/商圈归属,5564457,https://plat.dianping.com/app/femember-musteat-web/musteat-rank?cityid=321&notitlebar=1&ranktype=3,https://www.dianping.com/shop/5564457/photos/album,https://plat.dianping.com/app/femember-musteat-web/musteat-rank?cityid=321&notitlebar=1&ranktype=3
宁夏回族自治区,银川市,西夏区,国强手抓（西夏区店）,宁夏回族自治区银川市西夏区北京西路237号,4.3,86,手抓羊肉,省市区及街道已获取,已获取,榜单行政区/商圈归属,5490139,https://plat.dianping.com/app/femember-musteat-web/musteat-rank?cityid=321&notitlebar=1&ranktype=3,https://www.dianping.com/shop/5490139/photos/album,https://plat.dianping.com/app/femember-musteat-web/musteat-rank?cityid=321&notitlebar=1&ranktype=3
新疆维吾尔自治区,乌鲁木齐市,新市区,海记品鸽.新疆菜（铁路局黑金冠店）,新疆维吾尔自治区乌鲁木齐市新市区江苏东路515号,4.7,69,海记鸽捞面,省市区及街道已获取,已获取,榜单行政区/商圈归属,5942785,https://plat.dianping.com/app/femember-musteat-web/musteat-rank?cityid=325&notitlebar=1&ranktype=3,https://www.dianping.com/shop/5942785/photos/album,https://plat.dianping.com/app/femember-musteat-web/musteat-rank?cityid=325&notitlebar=1&ranktype=3
新疆维吾尔自治区,乌鲁木齐市,水磨沟区,吕记小鲜（红山路店）,新疆维吾尔自治区乌鲁木齐市水磨沟区新民路街道红山路北二巷16号(财通酒店1F、2F),4.7,74,吕记全家福,省市区及街道已获取,已获取,榜单行政区/商圈归属,18361389,https://plat.dianping.com/app/femember-musteat-web/musteat-rank?cityid=325&notitlebar=1&ranktype=3,https://www.dianping.com/shop/18361389/photos/album,https://plat.dianping.com/app/femember-musteat-web/musteat-rank?cityid=325&notitlebar=1&ranktype=3
新疆维吾尔自治区,乌鲁木齐市,天山区,黎弯德咖啡厅（新华南路店）,新疆维吾尔自治区乌鲁木齐市天山区新华南路754号,4.5,90,意大利面,省市区及街道已获取,已获取,榜单行政区/商圈归属,1752568119,https://plat.dianping.com/app/femember-musteat-web/musteat-rank?cityid=325&notitlebar=1&ranktype=3,https://www.dianping.com/shop/1752568119/photos/album,https://plat.dianping.com/app/femember-musteat-web/musteat-rank?cityid=325&notitlebar=1&ranktype=3
新疆维吾尔自治区,乌鲁木齐市,天山区,海尔巴格餐饮美都·二楼美食,新疆维吾尔自治区乌鲁木齐市天山区延安路2、4号,4.4,88,新鲜薄荷茶,省市区及街道已获取,已获取,榜单行政区/商圈归属,8691660,https://plat.dianping.com/app/femember-musteat-web/musteat-rank?cityid=325&notitlebar=1&ranktype=3,https://www.dianping.com/shop/8691660/photos/album,https://plat.dianping.com/app/femember-musteat-web/musteat-rank?cityid=325&notitlebar=1&ranktype=3
新疆维吾尔自治区,乌鲁木齐市,新市区,烤包子王,新疆维吾尔自治区乌鲁木齐市新市区迎宾路497号,4.4,23,老牌子烤包,省市区及街道已获取,已获取,榜单行政区/商圈归属,113858154,https://plat.dianping.com/app/femember-musteat-web/musteat-rank?cityid=325&notitlebar=1&ranktype=3,https://www.dianping.com/shop/113858154/photos/album,https://plat.dianping.com/app/femember-musteat-web/musteat-rank?cityid=325&notitlebar=1&ranktype=3
新疆维吾尔自治区,乌鲁木齐市,新市区,歹歹的加个面过油肉拌面（贵州路店）,新疆维吾尔自治区乌鲁木齐市新市区贵州路103号,4.5,38,精品过油肉拌面,省市区及街道已获取,已获取,榜单行政区/商圈归属,130900854,https://plat.dianping.com/app/femember-musteat-web/musteat-rank?cityid=325&notitlebar=1&ranktype=3,https://www.dianping.com/shop/130900854/photos/album,https://plat.dianping.com/app/femember-musteat-web/musteat-rank?cityid=325&notitlebar=1&ranktype=3
新疆维吾尔自治区,乌鲁木齐市,头屯河区,浇滋黄面烤肉（经开万达店）,新疆维吾尔自治区乌鲁木齐市头屯河区云台山街万达华府3期7-107号商铺,4.4,35,招牌烤肉筋,省市区及街道已获取,已获取,榜单行政区/商圈归属,622028622,https://plat.dianping.com/app/femember-musteat-web/musteat-rank?cityid=325&notitlebar=1&ranktype=3,https://www.dianping.com/shop/622028622/photos/album,https://plat.dianping.com/app/femember-musteat-web/musteat-rank?cityid=325&notitlebar=1&ranktype=3
新疆维吾尔自治区,乌鲁木齐市,天山区,丝路有约·优雅新疆菜（万宴城店）,新疆维吾尔自治区乌鲁木齐市天山区中山路与解放北路交叉口东北角万宴城2楼,4.6,92,只用咸盐烤的羊肉串,省市区及街道已获取,已获取,榜单行政区/商圈归属,110092832,https://plat.dianping.com/app/femember-musteat-web/musteat-rank?cityid=325&notitlebar=1&ranktype=3,https://www.dianping.com/shop/110092832/photos/album,https://plat.dianping.com/app/femember-musteat-web/musteat-rank?cityid=325&notitlebar=1&ranktype=3
新疆维吾尔自治区,乌鲁木齐市,天山区,回宴楼养生涮羊肉,新疆维吾尔自治区乌鲁木齐市天山区新华北路126号（OL星辰汇斜对面）,4.9,148,鲜切黄瓜条,省市区及街道已获取,已获取,榜单行政区/商圈归属,1176198882,https://plat.dianping.com/app/femember-musteat-web/musteat-rank?cityid=325&notitlebar=1&ranktype=3,https://www.dianping.com/shop/1176198882/photos/album,https://plat.dianping.com/app/femember-musteat-web/musteat-rank?cityid=325&notitlebar=1&ranktype=3
新疆维吾尔自治区,乌鲁木齐市,新市区,胖老汉（北京路店）,新疆维吾尔自治区乌鲁木齐市新市区北京南路金坤大厦一楼底商,4.4,75,招牌椒麻鸡,省市区及街道已获取,已获取,榜单行政区/商圈归属,10661622,https://plat.dianping.com/app/femember-musteat-web/musteat-rank?cityid=325&notitlebar=1&ranktype=3,https://www.dianping.com/shop/10661622/photos/album,https://plat.dianping.com/app/femember-musteat-web/musteat-rank?cityid=325&notitlebar=1&ranktype=3
新疆维吾尔自治区,乌鲁木齐市,沙依巴克区,沈派回家宴（友好店）,新疆维吾尔自治区乌鲁木齐市沙依巴克区友好北路225号宏运大厦2-3层,4.4,87,九碗三行宴,省市区及街道已获取,已获取,榜单行政区/商圈归属,69622463,https://plat.dianping.com/app/femember-musteat-web/musteat-rank?cityid=325&notitlebar=1&ranktype=3,https://www.dianping.com/shop/69622463/photos/album,https://plat.dianping.com/app/femember-musteat-web/musteat-rank?cityid=325&notitlebar=1&ranktype=3
新疆维吾尔自治区,乌鲁木齐市,水磨沟区,来甫歌舞宴（腾飞大厦店）,新疆维吾尔自治区乌鲁木齐市水磨沟区西虹东路456号腾飞大厦4楼,4.4,75,和田架子肉,省市区及街道已获取,已获取,榜单行政区/商圈归属,97170335,https://plat.dianping.com/app/femember-musteat-web/musteat-rank?cityid=325&notitlebar=1&ranktype=3,https://www.dianping.com/shop/97170335/photos/album,https://plat.dianping.com/app/femember-musteat-web/musteat-rank?cityid=325&notitlebar=1&ranktype=3
新疆维吾尔自治区,乌鲁木齐市,水磨沟区,恺撒烤包子,新疆维吾尔自治区乌鲁木齐市水磨沟区北五巷46号（中国工商银行斜对面）,4.2,26,招牌烤包子,省市区及街道已获取,已获取,榜单行政区/商圈归属,93524307,https://plat.dianping.com/app/femember-musteat-web/musteat-rank?cityid=325&notitlebar=1&ranktype=3,https://www.dianping.com/shop/93524307/photos/album,https://plat.dianping.com/app/femember-musteat-web/musteat-rank?cityid=325&notitlebar=1&ranktype=3
新疆维吾尔自治区,乌鲁木齐市,天山区,魏家羊羔肉（天山区店）,新疆维吾尔自治区乌鲁木齐市天山区解放南路街道新市路210号(东坊大寺对面),4.4,70,羊羔肉,省市区及街道已获取,已获取,榜单行政区/商圈归属,2145703,https://plat.dianping.com/app/femember-musteat-web/musteat-rank?cityid=325&notitlebar=1&ranktype=3,https://www.dianping.com/shop/2145703/photos/album,https://plat.dianping.com/app/femember-musteat-web/musteat-rank?cityid=325&notitlebar=1&ranktype=3
新疆维吾尔自治区,乌鲁木齐市,水磨沟区,库大叔过油肉拌面（南湖店）,新疆维吾尔自治区乌鲁木齐市水磨沟区南湖南路东四巷302号,4.4,37,招牌过油肉拌面,省市区及街道已获取,已获取,榜单行政区/商圈归属,627766905,https://plat.dianping.com/app/femember-musteat-web/musteat-rank?cityid=325&notitlebar=1&ranktype=3,https://www.dianping.com/shop/627766905/photos/album,https://plat.dianping.com/app/femember-musteat-web/musteat-rank?cityid=325&notitlebar=1&ranktype=3
新疆维吾尔自治区,乌鲁木齐市,水磨沟区,楼兰秘烤（七道湾店）,新疆维吾尔自治区乌鲁木齐市水磨沟区七道湾南路1247号南湖创造园区院内出口处,4.4,84,楼兰小烤肉,省市区及街道已获取,已获取,榜单行政区/商圈归属,108297715,https://plat.dianping.com/app/femember-musteat-web/musteat-rank?cityid=325&notitlebar=1&ranktype=3,https://www.dianping.com/shop/108297715/photos/album,https://plat.dianping.com/app/femember-musteat-web/musteat-rank?cityid=325&notitlebar=1&ranktype=3
新疆维吾尔自治区,乌鲁木齐市,沙依巴克区,疆麦儿现拉黄面烧烤（明园旗舰店）,新疆维吾尔自治区乌鲁木齐市沙依巴克区明园西路40号,4.7,32,疆麦儿现拉黄面,省市区及街道已获取,已获取,榜单行政区/商圈归属,95986969,https://plat.dianping.com/app/femember-musteat-web/musteat-rank?cityid=325&notitlebar=1&ranktype=3,https://www.dianping.com/shop/95986969/photos/album,https://plat.dianping.com/app/femember-musteat-web/musteat-rank?cityid=325&notitlebar=1&ranktype=3
新疆维吾尔自治区,乌鲁木齐市,沙依巴克区,纳瓦新疆菜（银都店）,新疆维吾尔自治区乌鲁木齐市沙依巴克区西虹西路新疆尊茂银都酒店内,4.3,83,纳瓦手工酸奶,省市区及街道已获取,已获取,榜单行政区/商圈归属,57485728,https://plat.dianping.com/app/femember-musteat-web/musteat-rank?cityid=325&notitlebar=1&ranktype=3,https://www.dianping.com/shop/57485728/photos/album,https://plat.dianping.com/app/femember-musteat-web/musteat-rank?cityid=325&notitlebar=1&ranktype=3
新疆维吾尔自治区,乌鲁木齐市,沙依巴克区,相约·羊村小馆非遗手抓肉（博物馆店）,新疆维吾尔自治区乌鲁木齐市沙依巴克区南昌路德锦永盛2楼,4.8,70,手抓羊肉,省市区及街道已获取,已获取,榜单行政区/商圈归属,1161959867,https://plat.dianping.com/app/femember-musteat-web/musteat-rank?cityid=325&notitlebar=1&ranktype=3,https://www.dianping.com/shop/1161959867/photos/album,https://plat.dianping.com/app/femember-musteat-web/musteat-rank?cityid=325&notitlebar=1&ranktype=3
新疆维吾尔自治区,乌鲁木齐市,头屯河区,小河公主秘制烤羊腿（小绿谷店）,新疆维吾尔自治区乌鲁木齐市头屯河区万寿山街688号坤和园商铺商住小区12栋1至2层商业3号房,4.4,76,非遗秘制馕坑烤羊腿,省市区及街道已获取,已获取,榜单行政区/商圈归属,98369267,https://plat.dianping.com/app/femember-musteat-web/musteat-rank?cityid=325&notitlebar=1&ranktype=3,https://www.dianping.com/shop/98369267/photos/album,https://plat.dianping.com/app/femember-musteat-web/musteat-rank?cityid=325&notitlebar=1&ranktype=3
新疆维吾尔自治区,喀什地区,喀什市,喀什阿尔茶抓饭店,新疆维吾尔自治区喀什地区喀什市塔吾古孜村塔吾古孜路巴格恰B50-51号,4.9,35,阿尔茶抓饭,省市区及街道已获取,已获取,同店铺ID出现在榜单县级城市入口,80096819,https://plat.dianping.com/app/femember-musteat-web/musteat-rank?cityid=334&notitlebar=1&ranktype=3,https://www.dianping.com/shop/80096819/photos/album,https://plat.dianping.com/app/femember-musteat-web/musteat-rank?cityid=2201&notitlebar=1&ranktype=3
新疆维吾尔自治区,喀什地区,喀什市,艾尼江特色烤肉店,新疆维吾尔自治区喀什地区喀什市阿热买里路体育运动学校,4.3,45,羊肉串,省市区及街道已获取,已获取,榜单行政区/商圈归属,1459581827,https://plat.dianping.com/app/femember-musteat-web/musteat-rank?cityid=334&notitlebar=1&ranktype=3,https://www.dianping.com/shop/1459581827/photos/album,https://plat.dianping.com/app/femember-musteat-web/musteat-rank?cityid=334&notitlebar=1&ranktype=3
新疆维吾尔自治区,喀什地区,喀什市,新蓝天鸽子汤店,新疆维吾尔自治区喀什地区喀什市吐曼路托尔亚瓦格社区吐曼路4组5号商住楼5幢1层5号商铺,4.1,38,清炖乳鸽,省市区及街道已获取,已获取,同店铺ID出现在榜单县级城市入口,77175465,https://plat.dianping.com/app/femember-musteat-web/musteat-rank?cityid=334&notitlebar=1&ranktype=3,https://www.dianping.com/shop/77175465/photos/album,https://plat.dianping.com/app/femember-musteat-web/musteat-rank?cityid=2201&notitlebar=1&ranktype=3
新疆维吾尔自治区,喀什地区,喀什市,纺织厂古城烤包子店,新疆维吾尔自治区喀什地区喀什市多来巴格社区青年南路地质队新建面107号,4.1,35,大烤包子,省市区及街道已获取,已获取,榜单行政区/商圈归属,841512563,https://plat.dianping.com/app/femember-musteat-web/musteat-rank?cityid=334&notitlebar=1&ranktype=3,https://www.dianping.com/shop/841512563/photos/album,https://plat.dianping.com/app/femember-musteat-web/musteat-rank?cityid=334&notitlebar=1&ranktype=3
新疆维吾尔自治区,喀什地区,喀什市,美满烤鸽子恰玛古拉面馆,新疆维吾尔自治区喀什地区喀什市机场路299号,4.3,44,烤鸽子串,省市区及街道已获取,已获取,榜单行政区/商圈归属,867508131,https://plat.dianping.com/app/femember-musteat-web/musteat-rank?cityid=334&notitlebar=1&ranktype=3,https://www.dianping.com/shop/867508131/photos/album,https://plat.dianping.com/app/femember-musteat-web/musteat-rank?cityid=334&notitlebar=1&ranktype=3
新疆维吾尔自治区,喀什地区,喀什市,亚瓦格古老凉粉凉皮店,新疆维吾尔自治区喀什地区喀什市市色满路5号7号商铺,4.3,10,凉皮黄面对半,省市区及街道已获取,已获取,同店铺ID出现在榜单县级城市入口,95955719,https://plat.dianping.com/app/femember-musteat-web/musteat-rank?cityid=334&notitlebar=1&ranktype=3,https://www.dianping.com/shop/95955719/photos/album,https://plat.dianping.com/app/femember-musteat-web/musteat-rank?cityid=2201&notitlebar=1&ranktype=3
新疆维吾尔自治区,喀什地区,喀什市,艾尼师傅烤肉店,新疆维吾尔自治区喀什地区喀什市诺尔贝希路184号,4,52,羊肉串,省市区及街道已获取,已获取,榜单行政区/商圈归属,114610503,https://plat.dianping.com/app/femember-musteat-web/musteat-rank?cityid=334&notitlebar=1&ranktype=3,https://www.dianping.com/shop/114610503/photos/album,https://plat.dianping.com/app/femember-musteat-web/musteat-rank?cityid=334&notitlebar=1&ranktype=3
新疆维吾尔自治区,喀什地区,喀什市,太白松饭庄（太白松小吃店）,新疆维吾尔自治区喀什地区喀什市人民西路94号,4.3,21,核桃糖糊糊,省市区及街道已获取,已获取,榜单行政区/商圈归属,9795868,https://plat.dianping.com/app/femember-musteat-web/musteat-rank?cityid=334&notitlebar=1&ranktype=3,https://www.dianping.com/shop/9795868/photos/album,https://plat.dianping.com/app/femember-musteat-web/musteat-rank?cityid=334&notitlebar=1&ranktype=3
新疆维吾尔自治区,喀什地区,喀什市,艾力扎提抓饭馆,新疆维吾尔自治区喀什地区喀什市塔吾古孜路17号,4.3,34,抓饭,省市区及街道已获取,已获取,同店铺ID出现在榜单县级城市入口,67773831,https://plat.dianping.com/app/femember-musteat-web/musteat-rank?cityid=334&notitlebar=1&ranktype=3,https://www.dianping.com/shop/67773831/photos/album,https://plat.dianping.com/app/femember-musteat-web/musteat-rank?cityid=2201&notitlebar=1&ranktype=3
新疆维吾尔自治区,伊犁哈萨克自治州,奎屯市,伊犁羊杂馆,新疆维吾尔自治区伊犁哈萨克自治州奎屯市喀什东路9-11号,4.7,58,羊杂汤,省市区及街道已获取,已获取,榜单行政区/商圈归属,43779792,https://plat.dianping.com/app/femember-musteat-web/musteat-rank?cityid=336&notitlebar=1&ranktype=3,https://www.dianping.com/shop/43779792/photos/album,https://plat.dianping.com/app/femember-musteat-web/musteat-rank?cityid=336&notitlebar=1&ranktype=3
新疆维吾尔自治区,伊犁哈萨克自治州,伊宁市,品丰抓饭（伊宁市总店）,新疆维吾尔自治区伊犁哈萨克自治州伊宁市北京北路446号,4.7,37,羊排抓饭,省市区及街道已获取,已获取,同店铺ID出现在榜单县级城市入口,1625848955,https://plat.dianping.com/app/femember-musteat-web/musteat-rank?cityid=336&notitlebar=1&ranktype=3,https://www.dianping.com/shop/1625848955/photos/album,https://plat.dianping.com/app/femember-musteat-web/musteat-rank?cityid=2259&notitlebar=1&ranktype=3
新疆维吾尔自治区,伊犁哈萨克自治州,伊宁市,库尔班江老牌子拌面烤肉,新疆维吾尔自治区伊犁哈萨克自治州伊宁市红旗路48号,4.6,35,碎肉面,省市区及街道已获取,已获取,榜单行政区/商圈归属,80325401,https://plat.dianping.com/app/femember-musteat-web/musteat-rank?cityid=336&notitlebar=1&ranktype=3,https://www.dianping.com/shop/80325401/photos/album,https://plat.dianping.com/app/femember-musteat-web/musteat-rank?cityid=336&notitlebar=1&ranktype=3
新疆维吾尔自治区,伊犁哈萨克自治州,奎屯市,俭寨牧场边边·新疆歌舞鲜牛肉火锅,"新疆维吾尔自治区伊犁哈萨克自治州奎屯市富中汇金广场（近驿马巷,全季酒店,丽呈酒店）",4.8,76,鲜切雪花牛,省市区及街道已获取,已获取,榜单行政区/商圈归属,1229090060,https://plat.dianping.com/app/femember-musteat-web/musteat-rank?cityid=336&notitlebar=1&ranktype=3,https://www.dianping.com/shop/1229090060/photos/album,https://plat.dianping.com/app/femember-musteat-web/musteat-rank?cityid=336&notitlebar=1&ranktype=3
新疆维吾尔自治区,伊犁哈萨克自治州,霍尔果斯市,墩来顺餐厅（亚欧国际店）,新疆维吾尔自治区伊犁哈萨克自治州霍尔果斯市兰新路亚欧国际3号楼101室,4.4,51,烤羊肉串,省市区及街道已获取,已获取,同店铺ID出现在榜单县级城市入口,13662039,https://plat.dianping.com/app/femember-musteat-web/musteat-rank?cityid=336&notitlebar=1&ranktype=3,https://www.dianping.com/shop/13662039/photos/album,https://plat.dianping.com/app/femember-musteat-web/musteat-rank?cityid=4473&notitlebar=1&ranktype=3
新疆维吾尔自治区,伊犁哈萨克自治州,伊宁市,老太太秘制椒麻鸡总店（六星街店）,新疆维吾尔自治区伊犁哈萨克自治州伊宁市解放西路229号仁和宜居沁心苑105号（州客运站对面巷内20米）,4.4,55,椒麻鸡,省市区及街道已获取,已获取,同店铺ID出现在榜单县级城市入口,22891243,https://plat.dianping.com/app/femember-musteat-web/musteat-rank?cityid=336&notitlebar=1&ranktype=3,https://www.dianping.com/shop/22891243/photos/album,https://plat.dianping.com/app/femember-musteat-web/musteat-rank?cityid=2259&notitlebar=1&ranktype=3
新疆维吾尔自治区,伊犁哈萨克自治州,奎屯市,王飞大盘鸡·新疆菜·烧烤（奎屯店）,"新疆维吾尔自治区伊犁哈萨克自治州奎屯市乌苏街实验幼儿园斜对面（近全季酒店,丽程酒店,季枫酒店,美豪酒店）",4.7,68,烤羊肉串,省市区及街道已获取,已获取,榜单行政区/商圈归属,9328140,https://plat.dianping.com/app/femember-musteat-web/musteat-rank?cityid=336&notitlebar=1&ranktype=3,https://www.dianping.com/shop/9328140/photos/album,https://plat.dianping.com/app/femember-musteat-web/musteat-rank?cityid=336&notitlebar=1&ranktype=3
新疆维吾尔自治区,阿勒泰地区,富蕴县,吾苏曼江饭馆,新疆维吾尔自治区阿勒泰地区富蕴县可可托海镇团结西路67号,4.4,60,牛肉馅饼,省市区及街道已获取,已获取,榜单行政区/商圈归属,92682188,https://plat.dianping.com/app/femember-musteat-web/musteat-rank?cityid=338&notitlebar=1&ranktype=3,https://www.dianping.com/shop/92682188/photos/album,https://plat.dianping.com/app/femember-musteat-web/musteat-rank?cityid=338&notitlebar=1&ranktype=3
新疆维吾尔自治区,阿勒泰地区,富蕴县,二毛馕坑肉饭店（富蕴店）,新疆维吾尔自治区阿勒泰地区富蕴县晨光花园小区1号楼10-13室,4.5,65,馕坑肉,省市区及街道已获取,已获取,榜单行政区/商圈归属,68505795,https://plat.dianping.com/app/femember-musteat-web/musteat-rank?cityid=338&notitlebar=1&ranktype=3,https://www.dianping.com/shop/68505795/photos/album,https://plat.dianping.com/app/femember-musteat-web/musteat-rank?cityid=338&notitlebar=1&ranktype=3
新疆维吾尔自治区,阿勒泰地区,阿勒泰市,乐乐馕坑肉店,新疆维吾尔自治区阿勒泰地区阿勒泰市金山路与八道巷交叉口,4,86,馕坑肉,省市区及街道已获取,已获取,同店铺ID出现在榜单县级城市入口,24261262,https://plat.dianping.com/app/femember-musteat-web/musteat-rank?cityid=338&notitlebar=1&ranktype=3,https://www.dianping.com/shop/24261262/photos/album,https://plat.dianping.com/app/femember-musteat-web/musteat-rank?cityid=2275&notitlebar=1&ranktype=3
新疆维吾尔自治区,阿勒泰地区,富蕴县,强王快餐,新疆维吾尔自治区阿勒泰地区富蕴县迎宾路,4.2,51,特色抓饭,省市区及街道已获取,已获取,同店铺ID出现在榜单县级城市入口,6444425,https://plat.dianping.com/app/femember-musteat-web/musteat-rank?cityid=338&notitlebar=1&ranktype=3,https://www.dianping.com/shop/6444425/photos/album,https://plat.dianping.com/app/femember-musteat-web/musteat-rank?cityid=2277&notitlebar=1&ranktype=3
新疆维吾尔自治区,阿勒泰地区,阿勒泰市,黑蘑菇快餐,新疆维吾尔自治区阿勒泰地区阿勒泰市团结路街道制毡厂路蓝湾美食城M2-44,4,37,黑蘑菇拌面,省市区及街道已获取,已获取,榜单行政区/商圈归属,113089882,https://plat.dianping.com/app/femember-musteat-web/musteat-rank?cityid=338&notitlebar=1&ranktype=3,https://www.dianping.com/shop/113089882/photos/album,https://plat.dianping.com/app/femember-musteat-web/musteat-rank?cityid=338&notitlebar=1&ranktype=3
新疆维吾尔自治区,阿勒泰地区,布尔津县,泰加餐厅,新疆维吾尔自治区阿勒泰地区布尔津县喀纳斯老村50号,4.7,96,牛骨花卷,省市区及街道已获取,已获取,同店铺ID出现在榜单县级城市入口,918093408,https://plat.dianping.com/app/femember-musteat-web/musteat-rank?cityid=338&notitlebar=1&ranktype=3,https://www.dianping.com/shop/918093408/photos/album,https://plat.dianping.com/app/femember-musteat-web/musteat-rank?cityid=2276&notitlebar=1&ranktype=3
新疆维吾尔自治区,阿勒泰地区,布尔津县,米泉大盘鸡烧烤冷水鱼庄,新疆维吾尔自治区阿勒泰地区布尔津县友谊峰路四季美食街中段,4.7,65,狗鱼一鱼两吃,省市区及街道已获取,已获取,同店铺ID出现在榜单县级城市入口,32400220,https://plat.dianping.com/app/femember-musteat-web/musteat-rank?cityid=338&notitlebar=1&ranktype=3,https://www.dianping.com/shop/32400220/photos/album,https://plat.dianping.com/app/femember-musteat-web/musteat-rank?cityid=2276&notitlebar=1&ranktype=3
新疆维吾尔自治区,阿勒泰地区,阿勒泰市,泰华蘑菇馆（金山名居店）,新疆维吾尔自治区阿勒泰地区阿勒泰市前进巷金山名居,4.3,95,蘑菇炖牛排,省市区及街道已获取,已获取,同店铺ID出现在榜单县级城市入口,1496903758,https://plat.dianping.com/app/femember-musteat-web/musteat-rank?cityid=338&notitlebar=1&ranktype=3,https://www.dianping.com/shop/1496903758/photos/album,https://plat.dianping.com/app/femember-musteat-web/musteat-rank?cityid=2275&notitlebar=1&ranktype=3
新疆维吾尔自治区,阿勒泰地区,阿勒泰市,马合木提抓饭快餐·拌面烤肉,新疆维吾尔自治区阿勒泰地区阿勒泰市团结路8区泰云9栋地下一层8号,4.3,36,手抓饭,省市区及街道已获取,已获取,榜单行政区/商圈归属,104641317,https://plat.dianping.com/app/femember-musteat-web/musteat-rank?cityid=338&notitlebar=1&ranktype=3,https://www.dianping.com/shop/104641317/photos/album,https://plat.dianping.com/app/femember-musteat-web/musteat-rank?cityid=338&notitlebar=1&ranktype=3
香港特别行政区,香港,,田记鱼蛋牛腩专门店（碧街店）,香港特别行政区香港油麻地碧街45C1地下,4.7,54,金牌牛腩河粉,区县或街道未核实,已获取,区县未核实,73566894,https://plat.dianping.com/app/femember-musteat-web/musteat-rank?cityid=341&notitlebar=1&ranktype=3,https://www.dianping.com/shop/73566894/photos/album,https://plat.dianping.com/app/femember-musteat-web/musteat-rank?cityid=341&notitlebar=1&ranktype=3
香港特别行政区,香港,,伦敦大酒楼（好望角大厦店）,香港特别行政区香港弥敦道612-618号,4.4,127,原只椰子燕窝炖奶,区县或街道未核实,已获取,区县未核实,4218959,https://plat.dianping.com/app/femember-musteat-web/musteat-rank?cityid=341&notitlebar=1&ranktype=3,https://www.dianping.com/shop/4218959/photos/album,https://plat.dianping.com/app/femember-musteat-web/musteat-rank?cityid=341&notitlebar=1&ranktype=3
香港特别行政区,香港,,麦文记面家（佐敦店）,香港特别行政区香港佐敦白加士街51号,4.6,42,全虾云吞,区县或街道未核实,已获取,区县未核实,2048077,https://plat.dianping.com/app/femember-musteat-web/musteat-rank?cityid=341&notitlebar=1&ranktype=3,https://www.dianping.com/shop/2048077/photos/album,https://plat.dianping.com/app/femember-musteat-web/musteat-rank?cityid=341&notitlebar=1&ranktype=3
香港特别行政区,香港,,凤城酒家（渣华道）,香港特别行政区香港北角渣华道62-68号高发大厦地下及1楼,4.4,145,虾饺,区县或街道未核实,已获取,区县未核实,1939537,https://plat.dianping.com/app/femember-musteat-web/musteat-rank?cityid=341&notitlebar=1&ranktype=3,https://www.dianping.com/shop/1939537/photos/album,https://plat.dianping.com/app/femember-musteat-web/musteat-rank?cityid=341&notitlebar=1&ranktype=3
香港特别行政区,香港,,两合海鲜火锅饭店,香港特别行政区香港大环红磡市政大厦2楼,4.7,223,胡椒炒螃蟹,区县或街道未核实,已获取,区县未核实,74604163,https://plat.dianping.com/app/femember-musteat-web/musteat-rank?cityid=341&notitlebar=1&ranktype=3,https://www.dianping.com/shop/74604163/photos/album,https://plat.dianping.com/app/femember-musteat-web/musteat-rank?cityid=341&notitlebar=1&ranktype=3
香港特别行政区,香港,,添好运点心专门店（深水埗店）,香港特别行政区香港深水埗福荣街9-11号地铺,4.8,61,酥皮焗叉烧包,区县或街道未核实,已获取,区县未核实,4121492,https://plat.dianping.com/app/femember-musteat-web/musteat-rank?cityid=341&notitlebar=1&ranktype=3,https://www.dianping.com/shop/4121492/photos/album,https://plat.dianping.com/app/femember-musteat-web/musteat-rank?cityid=341&notitlebar=1&ranktype=3
香港特别行政区,香港,,美心皇宮（中環大會堂店）,香港特别行政区香港中环爱丁堡广场5-7号大会堂低座2楼,4.5,207,虾饺,区县或街道未核实,已获取,区县未核实,557934,https://plat.dianping.com/app/femember-musteat-web/musteat-rank?cityid=341&notitlebar=1&ranktype=3,https://www.dianping.com/shop/557934/photos/album,https://plat.dianping.com/app/femember-musteat-web/musteat-rank?cityid=341&notitlebar=1&ranktype=3
香港特别行政区,香港,,楼下火锅饭店（铜锣湾店）,香港特别行政区香港铜锣湾谢斐道441号地下及地库,4.4,438,黄金花胶鸡汤,区县或街道未核实,已获取,区县未核实,132851391,https://plat.dianping.com/app/femember-musteat-web/musteat-rank?cityid=341&notitlebar=1&ranktype=3,https://www.dianping.com/shop/132851391/photos/album,https://plat.dianping.com/app/femember-musteat-web/musteat-rank?cityid=341&notitlebar=1&ranktype=3
香港特别行政区,香港,,Pica Pica,"香港特别行政区香港G/F, Kai Tak Commercial Building, Shop G & H, 317 - 321 Des Voeux Rd Central, Sheung Wan",4.6,362,加利西亚风味章鱼饭,区县或街道未核实,已获取,区县未核实,127101589,https://plat.dianping.com/app/femember-musteat-web/musteat-rank?cityid=341&notitlebar=1&ranktype=3,https://www.dianping.com/shop/127101589/photos/album,https://plat.dianping.com/app/femember-musteat-web/musteat-rank?cityid=341&notitlebar=1&ranktype=3
香港特别行政区,香港,,Fiata Pizza,香港特别行政区香港中环士丹顿街2号地铺,4.8,205,margherita,区县或街道未核实,已获取,区县未核实,1089211399,https://plat.dianping.com/app/femember-musteat-web/musteat-rank?cityid=341&notitlebar=1&ranktype=3,https://www.dianping.com/shop/1089211399/photos/album,https://plat.dianping.com/app/femember-musteat-web/musteat-rank?cityid=341&notitlebar=1&ranktype=3
香港特别行政区,香港,,荣园面家,香港特别行政区香港旺角通菜街69号地下,4.8,50,牛腩面,区县或街道未核实,已获取,区县未核实,3394129,https://plat.dianping.com/app/femember-musteat-web/musteat-rank?cityid=341&notitlebar=1&ranktype=3,https://www.dianping.com/shop/3394129/photos/album,https://plat.dianping.com/app/femember-musteat-web/musteat-rank?cityid=341&notitlebar=1&ranktype=3
香港特别行政区,香港,,英记面家,香港特别行政区香港西营盘高街28-32号,4.7,58,牛腩面,区县或街道未核实,已获取,区县未核实,21354310,https://plat.dianping.com/app/femember-musteat-web/musteat-rank?cityid=341&notitlebar=1&ranktype=3,https://www.dianping.com/shop/21354310/photos/album,https://plat.dianping.com/app/femember-musteat-web/musteat-rank?cityid=341&notitlebar=1&ranktype=3
香港特别行政区,香港,,新明記肥牛豬骨煲（嘉豐店）,香港特别行政区香港佐敦炮台街2-8號,4.8,348,手切本地肥牛,区县或街道未核实,已获取,区县未核实,82805683,https://plat.dianping.com/app/femember-musteat-web/musteat-rank?cityid=341&notitlebar=1&ranktype=3,https://www.dianping.com/shop/82805683/photos/album,https://plat.dianping.com/app/femember-musteat-web/musteat-rank?cityid=341&notitlebar=1&ranktype=3
香港特别行政区,香港,,竺扶大班烧味（灣仔）,香港特别行政区香港湾仔三角街2-3号华欣阁地下3号铺,4.7,82,全港首創黯然銷魂鴛鴦飯,区县或街道未核实,已获取,区县未核实,1220096457,https://plat.dianping.com/app/femember-musteat-web/musteat-rank?cityid=341&notitlebar=1&ranktype=3,https://www.dianping.com/shop/1220096457/photos/album,https://plat.dianping.com/app/femember-musteat-web/musteat-rank?cityid=341&notitlebar=1&ranktype=3
香港特别行政区,香港,,生记饭店,香港特别行政区香港湾仔骆克道353号三湘大厦3楼（港铁铜锣湾站C出口 步行約11分鐘）,4.6,255,生记招牌古法盐焗鸡,区县或街道未核实,已获取,区县未核实,67021875,https://plat.dianping.com/app/femember-musteat-web/musteat-rank?cityid=341&notitlebar=1&ranktype=3,https://www.dianping.com/shop/67021875/photos/album,https://plat.dianping.com/app/femember-musteat-web/musteat-rank?cityid=341&notitlebar=1&ranktype=3
香港特别行政区,香港,,沾仔记（庙街店）,香港特别行政区香港佐敦廟街300號（近佐敦地铁站C2口）,4.7,49,鲜虾云吞面,区县或街道未核实,已获取,区县未核实,1929967,https://plat.dianping.com/app/femember-musteat-web/musteat-rank?cityid=341&notitlebar=1&ranktype=3,https://www.dianping.com/shop/1929967/photos/album,https://plat.dianping.com/app/femember-musteat-web/musteat-rank?cityid=341&notitlebar=1&ranktype=3
香港特别行政区,香港,,池记（尖沙咀店）,香港特别行政区香港尖沙咀乐道52号地面,4.4,73,鲜虾云吞面,区县或街道未核实,已获取,区县未核实,4178369,https://plat.dianping.com/app/femember-musteat-web/musteat-rank?cityid=341&notitlebar=1&ranktype=3,https://www.dianping.com/shop/4178369/photos/album,https://plat.dianping.com/app/femember-musteat-web/musteat-rank?cityid=341&notitlebar=1&ranktype=3
香港特别行政区,香港,,沙嗲王（黄金广场店）,香港特别行政区香港铜锣湾轩尼诗道502号 黄金广场5楼（铜锣湾站F1出口）,4.6,102,白咖喱香茅猪扒饭,区县或街道未核实,已获取,区县未核实,92776883,https://plat.dianping.com/app/femember-musteat-web/musteat-rank?cityid=341&notitlebar=1&ranktype=3,https://www.dianping.com/shop/92776883/photos/album,https://plat.dianping.com/app/femember-musteat-web/musteat-rank?cityid=341&notitlebar=1&ranktype=3
香港特别行政区,香港,,新赞记点心皇,香港特别行政区香港旺角深圳街8號,4.6,75,赞记虾饺皇,区县或街道未核实,已获取,区县未核实,90260058,https://plat.dianping.com/app/femember-musteat-web/musteat-rank?cityid=341&notitlebar=1&ranktype=3,https://www.dianping.com/shop/90260058/photos/album,https://plat.dianping.com/app/femember-musteat-web/musteat-rank?cityid=341&notitlebar=1&ranktype=3
香港特别行政区,香港,,华姐清汤腩,香港特别行政区香港電氣道13号,4.7,77,清汤牛腩,区县或街道未核实,已获取,区县未核实,2527723,https://plat.dianping.com/app/femember-musteat-web/musteat-rank?cityid=341&notitlebar=1&ranktype=3,https://www.dianping.com/shop/2527723/photos/album,https://plat.dianping.com/app/femember-musteat-web/musteat-rank?cityid=341&notitlebar=1&ranktype=3
澳门特别行政区,澳门,,粵匠·名爐,澳门特别行政区澳门黑沙环高利亚海军上将大马路86-144号保利达中心地下 F座（建华大厦旁）,4.9,75,澳门胡椒筒骨煲,区县或街道未核实,已获取,区县未核实,1388482680,https://plat.dianping.com/app/femember-musteat-web/musteat-rank?cityid=342&notitlebar=1&ranktype=3,https://www.dianping.com/shop/1388482680/photos/album,https://plat.dianping.com/app/femember-musteat-web/musteat-rank?cityid=342&notitlebar=1&ranktype=3
澳门特别行政区,澳门,,安德鲁饼店（总店）,澳门特别行政区澳门路环市中心挞沙街1号地下,4.8,28,葡挞,区县或街道未核实,已获取,区县未核实,558770,https://plat.dianping.com/app/femember-musteat-web/musteat-rank?cityid=342&notitlebar=1&ranktype=3,https://www.dianping.com/shop/558770/photos/album,https://plat.dianping.com/app/femember-musteat-web/musteat-rank?cityid=342&notitlebar=1&ranktype=3
澳门特别行政区,澳门,,永勝美食,澳门特别行政区澳门新口岸贾罗布大马路120号,4.8,95,干炒牛河,区县或街道未核实,已获取,区县未核实,2525131,https://plat.dianping.com/app/femember-musteat-web/musteat-rank?cityid=342&notitlebar=1&ranktype=3,https://www.dianping.com/shop/2525131/photos/album,https://plat.dianping.com/app/femember-musteat-web/musteat-rank?cityid=342&notitlebar=1&ranktype=3
澳门特别行政区,澳门,,扒皇烧,"澳门特别行政区澳门凼仔地堡街41-47号泉福新村第2期第四座伟展阁W-X铺地下（大豐銀行旁, 氹仔地堡街泉福新村第二期41-47號）",4.7,170,扒皇烧杂扒,区县或街道未核实,已获取,区县未核实,2392969,https://plat.dianping.com/app/femember-musteat-web/musteat-rank?cityid=342&notitlebar=1&ranktype=3,https://www.dianping.com/shop/2392969/photos/album,https://plat.dianping.com/app/femember-musteat-web/musteat-rank?cityid=342&notitlebar=1&ranktype=3
澳门特别行政区,澳门,,华峰食馆（氹仔店）,澳门特别行政区澳门凼仔孙逸仙博士大马路444号华峰阁地下及阁仔F铺,4.5,69,蒸排骨,区县或街道未核实,已获取,区县未核实,3003619,https://plat.dianping.com/app/femember-musteat-web/musteat-rank?cityid=342&notitlebar=1&ranktype=3,https://www.dianping.com/shop/3003619/photos/album,https://plat.dianping.com/app/femember-musteat-web/musteat-rank?cityid=342&notitlebar=1&ranktype=3
澳门特别行政区,澳门,,亚利咖喱屋,澳门特别行政区澳门澳門西灣民國大馬路4號K地下（濠璟酒店南）,4.5,131,海鲜饭,区县或街道未核实,已获取,区县未核实,582933,https://plat.dianping.com/app/femember-musteat-web/musteat-rank?cityid=342&notitlebar=1&ranktype=3,https://www.dianping.com/shop/582933/photos/album,https://plat.dianping.com/app/femember-musteat-web/musteat-rank?cityid=342&notitlebar=1&ranktype=3
澳门特别行政区,澳门,,德丰咖啡美食,澳门特别行政区澳门沙梨头快艇头街13号镜兴大厦地下,4.9,44,菠蘿豬排包,区县或街道未核实,已获取,区县未核实,76841820,https://plat.dianping.com/app/femember-musteat-web/musteat-rank?cityid=342&notitlebar=1&ranktype=3,https://www.dianping.com/shop/76841820/photos/album,https://plat.dianping.com/app/femember-musteat-web/musteat-rank?cityid=342&notitlebar=1&ranktype=3
澳门特别行政区,澳门,,美丽华餐厅,澳门特别行政区澳门黑沙海滩黑沙马路（威斯汀酒店侧）,4.6,281,厨师炒蚬,区县或街道未核实,已获取,区县未核实,22661160,https://plat.dianping.com/app/femember-musteat-web/musteat-rank?cityid=342&notitlebar=1&ranktype=3,https://www.dianping.com/shop/22661160/photos/album,https://plat.dianping.com/app/femember-musteat-web/musteat-rank?cityid=342&notitlebar=1&ranktype=3
澳门特别行政区,澳门,,泰皇宫美食,澳门特别行政区澳门新马路十月初五日街195号淳和阁地铺,4.8,140,烧猪颈肉,区县或街道未核实,已获取,区县未核实,2358943,https://plat.dianping.com/app/femember-musteat-web/musteat-rank?cityid=342&notitlebar=1&ranktype=3,https://www.dianping.com/shop/2358943/photos/album,https://plat.dianping.com/app/femember-musteat-web/musteat-rank?cityid=342&notitlebar=1&ranktype=3
澳门特别行政区,澳门,,金城二食店,澳门特别行政区澳门哪吒廟斜巷18號,4.8,42,咖喱鸡米,区县或街道未核实,已获取,区县未核实,122602343,https://plat.dianping.com/app/femember-musteat-web/musteat-rank?cityid=342&notitlebar=1&ranktype=3,https://www.dianping.com/shop/122602343/photos/album,https://plat.dianping.com/app/femember-musteat-web/musteat-rank?cityid=342&notitlebar=1&ranktype=3
澳门特别行政区,澳门,,百乐门粉面店（万寿楼店）,澳门特别行政区澳门佑汉新村第一街16号,4.6,44,牛腩牛筋捞油面,区县或街道未核实,已获取,区县未核实,3307138,https://plat.dianping.com/app/femember-musteat-web/musteat-rank?cityid=342&notitlebar=1&ranktype=3,https://www.dianping.com/shop/3307138/photos/album,https://plat.dianping.com/app/femember-musteat-web/musteat-rank?cityid=342&notitlebar=1&ranktype=3
澳门特别行政区,澳门,,顺轩海鲜火锅酒家,澳门特别行政区澳门宋玉生广场(皇朝)柏嘉街336-364号雅诗阁酒店1楼（美高梅大屏幕侧）,4.9,171,順德陳村粉蒸魚三味,区县或街道未核实,已获取,区县未核实,37945753,https://plat.dianping.com/app/femember-musteat-web/musteat-rank?cityid=342&notitlebar=1&ranktype=3,https://www.dianping.com/shop/37945753/photos/album,https://plat.dianping.com/app/femember-musteat-web/musteat-rank?cityid=342&notitlebar=1&ranktype=3
澳门特别行政区,澳门,,杨枝金捞甜品（沙梨头总店）,澳门特别行政区澳门爹美刁施拿地大马路乐斯大厦31号B,4.7,52,至尊杨枝金捞（大捞）,区县或街道未核实,已获取,区县未核实,92398991,https://plat.dianping.com/app/femember-musteat-web/musteat-rank?cityid=342&notitlebar=1&ranktype=3,https://www.dianping.com/shop/92398991/photos/album,https://plat.dianping.com/app/femember-musteat-web/musteat-rank?cityid=342&notitlebar=1&ranktype=3
澳门特别行政区,澳门,,雅馨缅甸餐厅（三盏灯店）,澳门特别行政区澳门飞能便度街27号F地下（三盏灯，俾利喇街，高士德大马路）,4.7,42,椰汁雞麵,区县或街道未核实,已获取,区县未核实,558631,https://plat.dianping.com/app/femember-musteat-web/musteat-rank?cityid=342&notitlebar=1&ranktype=3,https://www.dianping.com/shop/558631/photos/album,https://plat.dianping.com/app/femember-musteat-web/musteat-rank?cityid=342&notitlebar=1&ranktype=3
澳门特别行政区,澳门,,保叔美食,澳门特别行政区澳门手肘围德隆新街广业大厦6A地铺,4.8,60,鱼翅捞饭,区县或街道未核实,已获取,区县未核实,764559973,https://plat.dianping.com/app/femember-musteat-web/musteat-rank?cityid=342&notitlebar=1&ranktype=3,https://www.dianping.com/shop/764559973/photos/album,https://plat.dianping.com/app/femember-musteat-web/musteat-rank?cityid=342&notitlebar=1&ranktype=3
澳门特别行政区,澳门,,牛记咖喱美食（氹仔店）,澳门特别行政区澳门布拉干萨街美景花园第一座37B号地铺（基马拉斯大马路63号）,4.6,67,咖喱牛腩面,区县或街道未核实,已获取,区县未核实,48678235,https://plat.dianping.com/app/femember-musteat-web/musteat-rank?cityid=342&notitlebar=1&ranktype=3,https://www.dianping.com/shop/48678235/photos/album,https://plat.dianping.com/app/femember-musteat-web/musteat-rank?cityid=342&notitlebar=1&ranktype=3
澳门特别行政区,澳门,,财神爷海鲜炖品饭店,澳门特别行政区澳门亚美打利庇卢大马路117号号地下,4.8,229,浓汤鸡煲鲍翅,区县或街道未核实,已获取,区县未核实,1885594,https://plat.dianping.com/app/femember-musteat-web/musteat-rank?cityid=342&notitlebar=1&ranktype=3,https://www.dianping.com/shop/1885594/photos/album,https://plat.dianping.com/app/femember-musteat-web/musteat-rank?cityid=342&notitlebar=1&ranktype=3
澳门特别行政区,澳门,,联邦大酒楼,澳门特别行政区澳门山边街16-28号新口岸5楼,4.7,95,联邦虾饺,区县或街道未核实,已获取,区县未核实,583051,https://plat.dianping.com/app/femember-musteat-web/musteat-rank?cityid=342&notitlebar=1&ranktype=3,https://www.dianping.com/shop/583051/photos/album,https://plat.dianping.com/app/femember-musteat-web/musteat-rank?cityid=342&notitlebar=1&ranktype=3
澳门特别行政区,澳门,,路环码头面馆,澳门特别行政区澳门路環船人街 116-120號地下A、B座,4.8,71,魚翅麵,区县或街道未核实,已获取,区县未核实,93337417,https://plat.dianping.com/app/femember-musteat-web/musteat-rank?cityid=342&notitlebar=1&ranktype=3,https://www.dianping.com/shop/93337417/photos/album,https://plat.dianping.com/app/femember-musteat-web/musteat-rank?cityid=342&notitlebar=1&ranktype=3
澳门特别行政区,澳门,,金悦轩海鲜荟（大中华店）,澳门特别行政区澳门氹仔孙逸仙博士大马路520号大中华广场一楼,4.9,191,虾饺,区县或街道未核实,已获取,区县未核实,132132933,https://plat.dianping.com/app/femember-musteat-web/musteat-rank?cityid=342&notitlebar=1&ranktype=3,https://www.dianping.com/shop/132132933/photos/album,https://plat.dianping.com/app/femember-musteat-web/musteat-rank?cityid=342&notitlebar=1&ranktype=3
湖南省,长沙市,芙蓉区,串小白烧烤（长沙沁园店）,湖南省长沙市芙蓉区古汉城社区沁园小区C2栋二单元一楼103号,4.7,99,蒜香排骨,省市区及街道已获取,已获取,榜单行政区/商圈归属,1401265636,https://plat.dianping.com/app/femember-musteat-web/musteat-rank?cityid=344&notitlebar=1&ranktype=3,https://www.dianping.com/shop/1401265636/photos/album,https://plat.dianping.com/app/femember-musteat-web/musteat-rank?cityid=344&notitlebar=1&ranktype=3
湖南省,长沙市,开福区,鲁哥饭店（北正街店）,湖南省长沙市开福区黄兴北路253号,4.6,60,茄子咸蛋黄,省市区及街道已获取,已获取,榜单行政区/商圈归属,75094889,https://plat.dianping.com/app/femember-musteat-web/musteat-rank?cityid=344&notitlebar=1&ranktype=3,https://www.dianping.com/shop/75094889/photos/album,https://plat.dianping.com/app/femember-musteat-web/musteat-rank?cityid=344&notitlebar=1&ranktype=3
湖南省,长沙市,雨花区,靓虾二哥·龙虾馆（大塘总店）,湖南省长沙市雨花区香莲路大塘村长塘安置小区A11栋1楼02号,4.8,124,二哥口味虾,省市区及街道已获取,已获取,榜单行政区/商圈归属,91019876,https://plat.dianping.com/app/femember-musteat-web/musteat-rank?cityid=344&notitlebar=1&ranktype=3,https://www.dianping.com/shop/91019876/photos/album,https://plat.dianping.com/app/femember-musteat-web/musteat-rank?cityid=344&notitlebar=1&ranktype=3
湖南省,长沙市,开福区,陸幺陸家菜馆,湖南省长沙市开福区洪西小区10栋一单元门面,4.7,78,韭菜炒豆芽,省市区及街道已获取,已获取,榜单行政区/商圈归属,1765239269,https://plat.dianping.com/app/femember-musteat-web/musteat-rank?cityid=344&notitlebar=1&ranktype=3,https://www.dianping.com/shop/1765239269/photos/album,https://plat.dianping.com/app/femember-musteat-web/musteat-rank?cityid=344&notitlebar=1&ranktype=3
湖南省,长沙市,长沙县,衡厨·衡阳土菜（中南店）,湖南省长沙市长沙县广元路中南汽车世界-R区16栋1层123-124号,4.8,53,秘制鲫鱼,省市区及街道已获取,已获取,同店铺ID出现在榜单县级城市入口,44133462,https://plat.dianping.com/app/femember-musteat-web/musteat-rank?cityid=344&notitlebar=1&ranktype=3,https://www.dianping.com/shop/44133462/photos/album,https://plat.dianping.com/app/femember-musteat-web/musteat-rank?cityid=1377&notitlebar=1&ranktype=3
湖南省,长沙市,天心区,冇味湘潭菜（竹塘西路创始店）,湖南省长沙市天心区竹塘西路滑油塘610号（乔顿世家家居旁）,4.6,71,辣白菜牛肉,省市区及街道已获取,已获取,榜单行政区/商圈归属,65321351,https://plat.dianping.com/app/femember-musteat-web/musteat-rank?cityid=344&notitlebar=1&ranktype=3,https://www.dianping.com/shop/65321351/photos/album,https://plat.dianping.com/app/femember-musteat-web/musteat-rank?cityid=344&notitlebar=1&ranktype=3
湖南省,长沙市,雨花区,聚味瞿记·龙虾堂（大塘总店）,湖南省长沙市雨花区香莲路大塘村长塘安置小区11A栋1楼13-14号,4.7,130,招牌卤虾,省市区及街道已获取,已获取,榜单行政区/商圈归属,45405097,https://plat.dianping.com/app/femember-musteat-web/musteat-rank?cityid=344&notitlebar=1&ranktype=3,https://www.dianping.com/shop/45405097/photos/album,https://plat.dianping.com/app/femember-musteat-web/musteat-rank?cityid=344&notitlebar=1&ranktype=3
湖南省,长沙市,开福区,湘在光脑壳家常菜馆面粉,湖南省长沙市开福区春风街与轩辕殿巷交叉口东北50米,4.6,68,酸萝卜牛百叶,省市区及街道已获取,已获取,榜单行政区/商圈归属,63464977,https://plat.dianping.com/app/femember-musteat-web/musteat-rank?cityid=344&notitlebar=1&ranktype=3,https://www.dianping.com/shop/63464977/photos/album,https://plat.dianping.com/app/femember-musteat-web/musteat-rank?cityid=344&notitlebar=1&ranktype=3
湖南省,长沙市,雨花区,公交新村粉店（赤岗冲店）,湖南省长沙市雨花区曙光中路477号,4.3,18,牛肉雪里蕻粉,省市区及街道已获取,已获取,榜单行政区/商圈归属,19115385,https://plat.dianping.com/app/femember-musteat-web/musteat-rank?cityid=344&notitlebar=1&ranktype=3,https://www.dianping.com/shop/19115385/photos/album,https://plat.dianping.com/app/femember-musteat-web/musteat-rank?cityid=344&notitlebar=1&ranktype=3
湖南省,长沙市,芙蓉区,胖东瓜·浏阳菜馆（火车站店）,湖南省长沙市芙蓉区车站路239号,4.6,44,胖冬瓜,省市区及街道已获取,已获取,榜单行政区/商圈归属,704226368,https://plat.dianping.com/app/femember-musteat-web/musteat-rank?cityid=344&notitlebar=1&ranktype=3,https://www.dianping.com/shop/704226368/photos/album,https://plat.dianping.com/app/femember-musteat-web/musteat-rank?cityid=344&notitlebar=1&ranktype=3
湖南省,长沙市,开福区,聚鑫朋酸菜肥肠（四方坪总店）,湖南省长沙市开福区四方坪街道四方坪社区先福安置A7栋2号门面,4.8,64,聚鑫朋酸菜肥肠,省市区及街道已获取,已获取,榜单行政区/商圈归属,17173013,https://plat.dianping.com/app/femember-musteat-web/musteat-rank?cityid=344&notitlebar=1&ranktype=3,https://www.dianping.com/shop/17173013/photos/album,https://plat.dianping.com/app/femember-musteat-web/musteat-rank?cityid=344&notitlebar=1&ranktype=3
湖南省,长沙市,天心区,七号湘（南湖路店）,湖南省长沙市天心区书院南路799号南湖东怡大厦4楼,4.7,72,七号东安鸡,省市区及街道已获取,已获取,榜单行政区/商圈归属,18225819,https://plat.dianping.com/app/femember-musteat-web/musteat-rank?cityid=344&notitlebar=1&ranktype=3,https://www.dianping.com/shop/18225819/photos/album,https://plat.dianping.com/app/femember-musteat-web/musteat-rank?cityid=344&notitlebar=1&ranktype=3
湖南省,长沙市,岳麓区,韩满园· 甄选韩式烤肉,湖南省长沙市岳麓区潇湘北路启迪协信中心商业广场3号楼2楼2148-2155,4.7,126,极佳级牛肋条,省市区及街道已获取,已获取,榜单行政区/商圈归属,876502362,https://plat.dianping.com/app/femember-musteat-web/musteat-rank?cityid=344&notitlebar=1&ranktype=3,https://www.dianping.com/shop/876502362/photos/album,https://plat.dianping.com/app/femember-musteat-web/musteat-rank?cityid=344&notitlebar=1&ranktype=3
湖南省,长沙市,雨花区,胡伙记虾友味·鲜虾大排档·源自2009（圭塘总店）,湖南省长沙市雨花区体院路与香樟东路交汇处圭塘二小区B10栋（中南院斜对面）,4.8,92,胡伙记口味虾,省市区及街道已获取,已获取,榜单行政区/商圈归属,22050676,https://plat.dianping.com/app/femember-musteat-web/musteat-rank?cityid=344&notitlebar=1&ranktype=3,https://www.dianping.com/shop/22050676/photos/album,https://plat.dianping.com/app/femember-musteat-web/musteat-rank?cityid=344&notitlebar=1&ranktype=3
湖南省,长沙市,雨花区,张氏父子常德肠子馆（红星总店）,湖南省长沙市雨花区中意一路336号地震局南门,4.8,65,特色干锅拆骨肉肥肠,省市区及街道已获取,已获取,榜单行政区/商圈归属,58319235,https://plat.dianping.com/app/femember-musteat-web/musteat-rank?cityid=344&notitlebar=1&ranktype=3,https://www.dianping.com/shop/58319235/photos/album,https://plat.dianping.com/app/femember-musteat-web/musteat-rank?cityid=344&notitlebar=1&ranktype=3
湖南省,长沙市,芙蓉区,德天顺盖码饭（人民西路店）,湖南省长沙市芙蓉区人民西路173号,4.4,34,孜然牛肉,省市区及街道已获取,已获取,榜单行政区/商圈归属,5517160,https://plat.dianping.com/app/femember-musteat-web/musteat-rank?cityid=344&notitlebar=1&ranktype=3,https://www.dianping.com/shop/5517160/photos/album,https://plat.dianping.com/app/femember-musteat-web/musteat-rank?cityid=344&notitlebar=1&ranktype=3
湖南省,长沙市,天心区,北二楼长沙地标大排档（解放西店）,湖南省长沙市天心区解放西路231号,4.4,106,招牌罗氏虾,省市区及街道已获取,已获取,榜单行政区/商圈归属,590965819,https://plat.dianping.com/app/femember-musteat-web/musteat-rank?cityid=344&notitlebar=1&ranktype=3,https://www.dianping.com/shop/590965819/photos/album,https://plat.dianping.com/app/femember-musteat-web/musteat-rank?cityid=344&notitlebar=1&ranktype=3
湖南省,长沙市,天心区,天宝兄弟（汇景城店）,湖南省长沙市天心区坡子街街道白沙路汇景城B(m栋3楼3017-3018号,4.8,175,天宝罗氏虾,省市区及街道已获取,已获取,榜单行政区/商圈归属,66659844,https://plat.dianping.com/app/femember-musteat-web/musteat-rank?cityid=344&notitlebar=1&ranktype=3,https://www.dianping.com/shop/66659844/photos/album,https://plat.dianping.com/app/femember-musteat-web/musteat-rank?cityid=344&notitlebar=1&ranktype=3
湖南省,长沙市,雨花区,大斌府火锅（创始店）,湖南省长沙市雨花区砂子塘街道韶山中路489号万博汇名邸三期C栋1层102号（雅戈尔隔壁）,4.7,109,冷锅鸭血,省市区及街道已获取,已获取,榜单行政区/商圈归属,1330155763,https://plat.dianping.com/app/femember-musteat-web/musteat-rank?cityid=344&notitlebar=1&ranktype=3,https://www.dianping.com/shop/1330155763/photos/album,https://plat.dianping.com/app/femember-musteat-web/musteat-rank?cityid=344&notitlebar=1&ranktype=3
湖南省,长沙市,开福区,幸福家菜馆,湖南省长沙市开福区广铁路万科城36栋102号门面一楼,4.6,70,醋炒蛋,省市区及街道已获取,已获取,榜单行政区/商圈归属,1151362500,https://plat.dianping.com/app/femember-musteat-web/musteat-rank?cityid=344&notitlebar=1&ranktype=3,https://www.dianping.com/shop/1151362500/photos/album,https://plat.dianping.com/app/femember-musteat-web/musteat-rank?cityid=344&notitlebar=1&ranktype=3
海南省,三亚市,海棠区,小鲜味私厨•海鲜老字号（海棠店）,海南省三亚市海棠区林旺北路与风塘路交叉口东南角,4.8,148,清蒸深海龙胆斑,省市区及街道已获取,已获取,榜单行政区/商圈归属,114779238,https://plat.dianping.com/app/femember-musteat-web/musteat-rank?cityid=345&notitlebar=1&ranktype=3,https://www.dianping.com/shop/114779238/photos/album,https://plat.dianping.com/app/femember-musteat-web/musteat-rank?cityid=345&notitlebar=1&ranktype=3
海南省,三亚市,吉阳区,茶与海南鸡饭·美学餐厅（亚龙湾总店）,海南省三亚市吉阳区亚龙湾博后村小康广场1号茶与海南鸡饭,4.4,104,白切文昌鸡,省市区及街道已获取,已获取,榜单行政区/商圈归属,131850083,https://plat.dianping.com/app/femember-musteat-web/musteat-rank?cityid=345&notitlebar=1&ranktype=3,https://www.dianping.com/shop/131850083/photos/album,https://plat.dianping.com/app/femember-musteat-web/musteat-rank?cityid=345&notitlebar=1&ranktype=3
海南省,三亚市,吉阳区,小公主包鸡烤鸡·疍家烧烤（迎宾路店）,海南省三亚市吉阳区迎宾路72号,4.6,84,蜜汁烤鸡,省市区及街道已获取,已获取,榜单行政区/商圈归属,1917689952,https://plat.dianping.com/app/femember-musteat-web/musteat-rank?cityid=345&notitlebar=1&ranktype=3,https://www.dianping.com/shop/1917689952/photos/album,https://plat.dianping.com/app/femember-musteat-web/musteat-rank?cityid=345&notitlebar=1&ranktype=3
海南省,三亚市,海棠区,泰越轩·泰式咖喱餐厅（海棠68环球美食街店）,海南省三亚市海棠区海棠北路海棠68环球美食街2楼,4.4,125,招牌泰式冬阴功海鲜汤,省市区及街道已获取,已获取,榜单行政区/商圈归属,94272402,https://plat.dianping.com/app/femember-musteat-web/musteat-rank?cityid=345&notitlebar=1&ranktype=3,https://www.dianping.com/shop/94272402/photos/album,https://plat.dianping.com/app/femember-musteat-web/musteat-rank?cityid=345&notitlebar=1&ranktype=3
海南省,三亚市,海棠区,创味民间海南菜·非遗藤桥排骨·老字号餐厅（藤桥店）,海南省三亚市海棠区新民路与西河西路交叉口西北角,4.8,93,藤桥排骨,省市区及街道已获取,已获取,榜单行政区/商圈归属,6132137,https://plat.dianping.com/app/femember-musteat-web/musteat-rank?cityid=345&notitlebar=1&ranktype=3,https://www.dianping.com/shop/6132137/photos/album,https://plat.dianping.com/app/femember-musteat-web/musteat-rank?cityid=345&notitlebar=1&ranktype=3
海南省,三亚市,吉阳区,生记潮汕牛肉火锅（海螺店）,海南省三亚市吉阳区海螺一路二巷7组7040号,4.7,112,吊龙,省市区及街道已获取,已获取,榜单行政区/商圈归属,108142770,https://plat.dianping.com/app/femember-musteat-web/musteat-rank?cityid=345&notitlebar=1&ranktype=3,https://www.dianping.com/shop/108142770/photos/album,https://plat.dianping.com/app/femember-musteat-web/musteat-rank?cityid=345&notitlebar=1&ranktype=3
海南省,三亚市,天涯区,三亚老渔民海鲜店（三亚湾店）,海南省三亚市天涯区长顺五巷9号,4.8,137,白灼基围虾,省市区及街道已获取,已获取,榜单行政区/商圈归属,5380446,https://plat.dianping.com/app/femember-musteat-web/musteat-rank?cityid=345&notitlebar=1&ranktype=3,https://www.dianping.com/shop/5380446/photos/album,https://plat.dianping.com/app/femember-musteat-web/musteat-rank?cityid=345&notitlebar=1&ranktype=3
海南省,三亚市,海棠区,亚喜小吃店,海南省三亚市海棠区渔村西巷海棠湾镇藤海小学北侧约90米,4.1,68,干煎码头鱼,省市区及街道已获取,已获取,榜单行政区/商圈归属,1562527509,https://plat.dianping.com/app/femember-musteat-web/musteat-rank?cityid=345&notitlebar=1&ranktype=3,https://www.dianping.com/shop/1562527509/photos/album,https://plat.dianping.com/app/femember-musteat-web/musteat-rank?cityid=345&notitlebar=1&ranktype=3
海南省,三亚市,天涯区,巛仨·辣小馆·川菜（华庭天下店）,海南省三亚市天涯区河东路延伸路段华庭天下小区沿街商铺（皇后广场对面）,4.2,42,钵钵鸡,省市区及街道已获取,已获取,榜单行政区/商圈归属,98623206,https://plat.dianping.com/app/femember-musteat-web/musteat-rank?cityid=345&notitlebar=1&ranktype=3,https://www.dianping.com/shop/98623206/photos/album,https://plat.dianping.com/app/femember-musteat-web/musteat-rank?cityid=345&notitlebar=1&ranktype=3
海南省,三亚市,海棠区,阿龙海鲜农家乐·三亚老字号（海棠湾店）,海南省三亚市海棠区海棠林旺路37号（龙海风情小镇对面、近海棠湾高速1公里）,4.9,151,椒盐皮皮虾,省市区及街道已获取,已获取,榜单行政区/商圈归属,12593903,https://plat.dianping.com/app/femember-musteat-web/musteat-rank?cityid=345&notitlebar=1&ranktype=3,https://www.dianping.com/shop/12593903/photos/album,https://plat.dianping.com/app/femember-musteat-web/musteat-rank?cityid=345&notitlebar=1&ranktype=3
海南省,三亚市,天涯区,椰小鸡·椰子鸡（椰梦长廊店）,海南省三亚市天涯区迎宾路青春里广场3楼,4.7,101,原味椰子鸡,省市区及街道已获取,已获取,榜单行政区/商圈归属,1110450907,https://plat.dianping.com/app/femember-musteat-web/musteat-rank?cityid=345&notitlebar=1&ranktype=3,https://www.dianping.com/shop/1110450907/photos/album,https://plat.dianping.com/app/femember-musteat-web/musteat-rank?cityid=345&notitlebar=1&ranktype=3
海南省,三亚市,吉阳区,宫满西廷（大东海店）,海南省三亚市吉阳区榆亚路99-8号（Dolphin海豚美式西餐厅旁）,4.6,102,极品牛仔粒,省市区及街道已获取,已获取,榜单行政区/商圈归属,8711016,https://plat.dianping.com/app/femember-musteat-web/musteat-rank?cityid=345&notitlebar=1&ranktype=3,https://www.dianping.com/shop/8711016/photos/album,https://plat.dianping.com/app/femember-musteat-web/musteat-rank?cityid=345&notitlebar=1&ranktype=3
海南省,三亚市,天涯区,文昌小老弟糟粕醋·海南椰子鸡椰奶鸡（三亚湾外贸路店）,海南省三亚市天涯区外贸路13号,4.8,107,糟粕醋火锅,省市区及街道已获取,已获取,榜单行政区/商圈归属,946306263,https://plat.dianping.com/app/femember-musteat-web/musteat-rank?cityid=345&notitlebar=1&ranktype=3,https://www.dianping.com/shop/946306263/photos/album,https://plat.dianping.com/app/femember-musteat-web/musteat-rank?cityid=345&notitlebar=1&ranktype=3
海南省,三亚市,吉阳区,麦锦记牛肉后安粉,海南省三亚市吉阳区吉阳博后村新坡二组20一1号麦锦记牛肉后安粉,4.2,41,海南牛肉海鲜后安粉,省市区及街道已获取,已获取,榜单行政区/商圈归属,532452991,https://plat.dianping.com/app/femember-musteat-web/musteat-rank?cityid=345&notitlebar=1&ranktype=3,https://www.dianping.com/shop/532452991/photos/album,https://plat.dianping.com/app/femember-musteat-web/musteat-rank?cityid=345&notitlebar=1&ranktype=3
海南省,三亚市,吉阳区,海南椰子鸡饭店（大东海店）,海南省三亚市吉阳区海韵路金茂海景花园1层11-4号铺面,4.8,86,椰子鸡,省市区及街道已获取,已获取,榜单行政区/商圈归属,1887455327,https://plat.dianping.com/app/femember-musteat-web/musteat-rank?cityid=345&notitlebar=1&ranktype=3,https://www.dianping.com/shop/1887455327/photos/album,https://plat.dianping.com/app/femember-musteat-web/musteat-rank?cityid=345&notitlebar=1&ranktype=3
海南省,三亚市,海棠区,动静美式汉堡,海南省三亚市海棠区藤海街动静音乐酒吧内,4.6,66,台风牛肉堡,省市区及街道已获取,已获取,榜单行政区/商圈归属,1088388517,https://plat.dianping.com/app/femember-musteat-web/musteat-rank?cityid=345&notitlebar=1&ranktype=3,https://www.dianping.com/shop/1088388517/photos/album,https://plat.dianping.com/app/femember-musteat-web/musteat-rank?cityid=345&notitlebar=1&ranktype=3
海南省,三亚市,吉阳区,黎家荔枝木烤鸡（亚龙湾店）,海南省三亚市吉阳区博后北路红光村二队33号-8铺面,4.4,92,荔枝木烤鸡,省市区及街道已获取,已获取,榜单行政区/商圈归属,1955465050,https://plat.dianping.com/app/femember-musteat-web/musteat-rank?cityid=345&notitlebar=1&ranktype=3,https://www.dianping.com/shop/1955465050/photos/album,https://plat.dianping.com/app/femember-musteat-web/musteat-rank?cityid=345&notitlebar=1&ranktype=3
广西壮族自治区,崇左市,大新县,硕龍镇美食,广西壮族自治区崇左市大新县硕龙镇硕龙街152号,4.4,66,百香果排骨,省市区及街道已获取,已获取,榜单行政区/商圈归属,1491366401,https://plat.dianping.com/app/femember-musteat-web/musteat-rank?cityid=394&notitlebar=1&ranktype=3,https://www.dianping.com/shop/1491366401/photos/album,https://plat.dianping.com/app/femember-musteat-web/musteat-rank?cityid=394&notitlebar=1&ranktype=3
广西壮族自治区,崇左市,大新县,大新县明仕稻香餐馆,广西壮族自治区崇左市大新县532县道,4,69,龙须菜,省市区及街道已获取,已获取,同店铺ID出现在榜单县级城市入口,57843702,https://plat.dianping.com/app/femember-musteat-web/musteat-rank?cityid=394&notitlebar=1&ranktype=3,https://www.dianping.com/shop/57843702/photos/album,https://plat.dianping.com/app/femember-musteat-web/musteat-rank?cityid=1571&notitlebar=1&ranktype=3
广西壮族自治区,崇左市,大新县,93号 小厨房,广西壮族自治区崇左市大新县硕龙镇硕龙街44号,4.3,75,越南百香果排骨,省市区及街道已获取,已获取,榜单行政区/商圈归属,96222691,https://plat.dianping.com/app/femember-musteat-web/musteat-rank?cityid=394&notitlebar=1&ranktype=3,https://www.dianping.com/shop/96222691/photos/album,https://plat.dianping.com/app/femember-musteat-web/musteat-rank?cityid=394&notitlebar=1&ranktype=3
广西壮族自治区,崇左市,江州区,老崇左特色风味食馆,广西壮族自治区崇左市江州区友谊大道65号,4,76,百香果排骨,省市区及街道已获取,已获取,榜单行政区/商圈归属,93545713,https://plat.dianping.com/app/femember-musteat-web/musteat-rank?cityid=394&notitlebar=1&ranktype=3,https://www.dianping.com/shop/93545713/photos/album,https://plat.dianping.com/app/femember-musteat-web/musteat-rank?cityid=394&notitlebar=1&ranktype=3
广西壮族自治区,崇左市,江州区,江北烧鸭粉店（太平路店）,广西壮族自治区崇左市江州区镇北街中国移动对面,4.2,11,汤水烧鸭粉,省市区及街道已获取,已获取,榜单行政区/商圈归属,57196969,https://plat.dianping.com/app/femember-musteat-web/musteat-rank?cityid=394&notitlebar=1&ranktype=3,https://www.dianping.com/shop/57196969/photos/album,https://plat.dianping.com/app/femember-musteat-web/musteat-rank?cityid=394&notitlebar=1&ranktype=3
广西壮族自治区,崇左市,大新县,老街土菜馆,广西壮族自治区崇左市大新县硕龙街188号,4,64,百香果排骨,省市区及街道已获取,已获取,榜单行政区/商圈归属,23600103,https://plat.dianping.com/app/femember-musteat-web/musteat-rank?cityid=394&notitlebar=1&ranktype=3,https://www.dianping.com/shop/23600103/photos/album,https://plat.dianping.com/app/femember-musteat-web/musteat-rank?cityid=394&notitlebar=1&ranktype=3
广西壮族自治区,崇左市,江州区,阿威粉店（嘉苑店）,广西壮族自治区崇左市江州区石景林街道花山路嘉苑小区N-04号(新城旅馆旁),4.3,15,老友牛肉粉,省市区及街道已获取,已获取,榜单行政区/商圈归属,48087519,https://plat.dianping.com/app/femember-musteat-web/musteat-rank?cityid=394&notitlebar=1&ranktype=3,https://www.dianping.com/shop/48087519/photos/album,https://plat.dianping.com/app/femember-musteat-web/musteat-rank?cityid=394&notitlebar=1&ranktype=3
广西壮族自治区,崇左市,江州区,中英越美食馆,广西壮族自治区崇左市江州区远嘉电脑城联想专卖店(新华南街西),4.7,64,牛肉柠檬,省市区及街道已获取,已获取,榜单行政区/商圈归属,57001471,https://plat.dianping.com/app/femember-musteat-web/musteat-rank?cityid=394&notitlebar=1&ranktype=3,https://www.dianping.com/shop/57001471/photos/album,https://plat.dianping.com/app/femember-musteat-web/musteat-rank?cityid=394&notitlebar=1&ranktype=3
海南省,陵水黎族自治县,陵水黎族自治县,黄氏椰子鸡,海南省陵水黎族自治县清水湾大道大坡村,4.5,98,原味椰子鸡火锅小份,省市区及街道已获取,已获取,省直辖县级目的地，无更下一级区县,96103888,https://plat.dianping.com/app/femember-musteat-web/musteat-rank?cityid=401&notitlebar=1&ranktype=3,https://www.dianping.com/shop/96103888/photos/album,https://plat.dianping.com/app/femember-musteat-web/musteat-rank?cityid=401&notitlebar=1&ranktype=3
海南省,陵水黎族自治县,陵水黎族自治县,海韵壹号渔鲜楼,海南省陵水黎族自治县英州镇赤岭小学附近,4.8,108,白灼基围虾,省市区及街道已获取,已获取,省直辖县级目的地，无更下一级区县,17664076,https://plat.dianping.com/app/femember-musteat-web/musteat-rank?cityid=401&notitlebar=1&ranktype=3,https://www.dianping.com/shop/17664076/photos/album,https://plat.dianping.com/app/femember-musteat-web/musteat-rank?cityid=401&notitlebar=1&ranktype=3
海南省,陵水黎族自治县,陵水黎族自治县,阿浪早餐店,海南省陵水黎族自治县-陵水港坡三棵树专卖店,4,23,海鲜粉,省市区及街道已获取,已获取,省直辖县级目的地，无更下一级区县,1063460598,https://plat.dianping.com/app/femember-musteat-web/musteat-rank?cityid=401&notitlebar=1&ranktype=3,https://www.dianping.com/shop/1063460598/photos/album,https://plat.dianping.com/app/femember-musteat-web/musteat-rank?cityid=401&notitlebar=1&ranktype=3
海南省,陵水黎族自治县,陵水黎族自治县,陵水三才亚毛酸粉,海南省陵水黎族自治县三才大道310号,4.8,17,陵水酸粉,省市区及街道已获取,已获取,省直辖县级目的地，无更下一级区县,1261836923,https://plat.dianping.com/app/femember-musteat-web/musteat-rank?cityid=401&notitlebar=1&ranktype=3,https://www.dianping.com/shop/1261836923/photos/album,https://plat.dianping.com/app/femember-musteat-web/musteat-rank?cityid=401&notitlebar=1&ranktype=3
海南省,陵水黎族自治县,陵水黎族自治县,海南东方烤乳猪·疍家海鲜·海南菜（土福湾店）,海南省陵水黎族自治县英州镇土福湾三正海棠南洋小镇109号,4.4,105,百年传承糟粕醋,省市区及街道已获取,已获取,省直辖县级目的地，无更下一级区县,1880084340,https://plat.dianping.com/app/femember-musteat-web/musteat-rank?cityid=401&notitlebar=1&ranktype=3,https://www.dianping.com/shop/1880084340/photos/album,https://plat.dianping.com/app/femember-musteat-web/musteat-rank?cityid=401&notitlebar=1&ranktype=3
海南省,陵水黎族自治县,陵水黎族自治县,椰春渔家海鲜（嘉佩乐万丽店）,海南省陵水黎族自治县土福湾互通与海南环岛高速路左侧200米（近嘉佩乐、 万丽度假酒店）,4.6,159,蒜蓉龙虾,省市区及街道已获取,已获取,省直辖县级目的地，无更下一级区县,6294173,https://plat.dianping.com/app/femember-musteat-web/musteat-rank?cityid=401&notitlebar=1&ranktype=3,https://www.dianping.com/shop/6294173/photos/album,https://plat.dianping.com/app/femember-musteat-web/musteat-rank?cityid=401&notitlebar=1&ranktype=3
海南省,陵水黎族自治县,陵水黎族自治县,蓝湾碧波·老字号·疍家非遗海上餐厅,海南省陵水黎族自治县新村镇望海大道1号（近南湾猴岛生态景区售票处）,4.2,145,气鼓鱼粥,省市区及街道已获取,已获取,省直辖县级目的地，无更下一级区县,57787156,https://plat.dianping.com/app/femember-musteat-web/musteat-rank?cityid=401&notitlebar=1&ranktype=3,https://www.dianping.com/shop/57787156/photos/album,https://plat.dianping.com/app/femember-musteat-web/musteat-rank?cityid=401&notitlebar=1&ranktype=3
海南省,万宁市,万宁市,枫木香草鸭餐厅（万宁兴隆店）,"海南省万宁市兴隆农场温泉大道42号,枫木香草鸭餐厅",3.9,65,干煸香草鸭,省市区及街道已获取,已获取,省直辖县级目的地，无更下一级区县,17225234,https://plat.dianping.com/app/femember-musteat-web/musteat-rank?cityid=407&notitlebar=1&ranktype=3,https://www.dianping.com/shop/17225234/photos/album,https://plat.dianping.com/app/femember-musteat-web/musteat-rank?cityid=407&notitlebar=1&ranktype=3
海南省,万宁市,万宁市,荣鑫海鲜桑拿菜馆（侨乡路店）,海南省万宁市侨乡路雨林海小区斜对面,4.3,132,桑拿蒜蓉开边基围虾,省市区及街道已获取,已获取,省直辖县级目的地，无更下一级区县,57458941,https://plat.dianping.com/app/femember-musteat-web/musteat-rank?cityid=407&notitlebar=1&ranktype=3,https://www.dianping.com/shop/57458941/photos/album,https://plat.dianping.com/app/femember-musteat-web/musteat-rank?cityid=407&notitlebar=1&ranktype=3
海南省,万宁市,万宁市,琼南新海酸粉店,海南省万宁市万海路120-122号,4.1,19,招牌酸粉,省市区及街道已获取,已获取,省直辖县级目的地，无更下一级区县,9333075,https://plat.dianping.com/app/femember-musteat-web/musteat-rank?cityid=407&notitlebar=1&ranktype=3,https://www.dianping.com/shop/9333075/photos/album,https://plat.dianping.com/app/femember-musteat-web/musteat-rank?cityid=407&notitlebar=1&ranktype=3
海南省,万宁市,万宁市,金成海鲜加工,海南省万宁市市场内街16号,4.8,76,香辣蟹,省市区及街道已获取,已获取,省直辖县级目的地，无更下一级区县,653057549,https://plat.dianping.com/app/femember-musteat-web/musteat-rank?cityid=407&notitlebar=1&ranktype=3,https://www.dianping.com/shop/653057549/photos/album,https://plat.dianping.com/app/femember-musteat-web/musteat-rank?cityid=407&notitlebar=1&ranktype=3
海南省,万宁市,万宁市,鱼品鲜草帽蒸汽石锅鱼,海南省万宁市光明北路9号,4.4,63,白骨鱼,省市区及街道已获取,已获取,省直辖县级目的地，无更下一级区县,614424533,https://plat.dianping.com/app/femember-musteat-web/musteat-rank?cityid=407&notitlebar=1&ranktype=3,https://www.dianping.com/shop/614424533/photos/album,https://plat.dianping.com/app/femember-musteat-web/musteat-rank?cityid=407&notitlebar=1&ranktype=3
海南省,文昌市,文昌市,龙泉乡园·海南菜,海南省文昌市海文高速大致坡出口东路方向500米处龙泉乡园前台大厅一楼,4.3,77,龙泉白切鸡,省市区及街道已获取,已获取,省直辖县级目的地，无更下一级区县,1619496829,https://plat.dianping.com/app/femember-musteat-web/musteat-rank?cityid=408&notitlebar=1&ranktype=3,https://www.dianping.com/shop/1619496829/photos/album,https://plat.dianping.com/app/femember-musteat-web/musteat-rank?cityid=408&notitlebar=1&ranktype=3
海南省,文昌市,文昌市,恒味椰奶鸡,海南省文昌市东郊镇建华山椰林湾路18号,4.8,73,椰奶锅底,省市区及街道已获取,已获取,省直辖县级目的地，无更下一级区县,130699718,https://plat.dianping.com/app/femember-musteat-web/musteat-rank?cityid=408&notitlebar=1&ranktype=3,https://www.dianping.com/shop/130699718/photos/album,https://plat.dianping.com/app/femember-musteat-web/musteat-rank?cityid=408&notitlebar=1&ranktype=3
海南省,文昌市,文昌市,清爽清补凉,海南省文昌市新兴路106号,4.2,11,椰奶清扑凉,省市区及街道已获取,已获取,省直辖县级目的地，无更下一级区县,66169569,https://plat.dianping.com/app/femember-musteat-web/musteat-rank?cityid=408&notitlebar=1&ranktype=3,https://www.dianping.com/shop/66169569/photos/album,https://plat.dianping.com/app/femember-musteat-web/musteat-rank?cityid=408&notitlebar=1&ranktype=3
海南省,文昌市,文昌市,阿唛文昌鸡·本地羊肉馆,海南省文昌市龙楼镇文铜路107号（金福隆商务酒店对面）,4,68,正宗文昌鸡,省市区及街道已获取,已获取,省直辖县级目的地，无更下一级区县,96704366,https://plat.dianping.com/app/femember-musteat-web/musteat-rank?cityid=408&notitlebar=1&ranktype=3,https://www.dianping.com/shop/96704366/photos/album,https://plat.dianping.com/app/femember-musteat-web/musteat-rank?cityid=408&notitlebar=1&ranktype=3
海南省,文昌市,文昌市,瑞丰椰子鸡,海南省文昌市椰林湾路百莱玛度假村东北门,4.8,74,椰子鸡,省市区及街道已获取,已获取,省直辖县级目的地，无更下一级区县,68201576,https://plat.dianping.com/app/femember-musteat-web/musteat-rank?cityid=408&notitlebar=1&ranktype=3,https://www.dianping.com/shop/68201576/photos/album,https://plat.dianping.com/app/femember-musteat-web/musteat-rank?cityid=408&notitlebar=1&ranktype=3
海南省,文昌市,文昌市,面包车鸡饭店（第一分店）,海南省文昌市文建东里东湖小区附近,4.3,60,文昌鸡,省市区及街道已获取,已获取,省直辖县级目的地，无更下一级区县,10644653,https://plat.dianping.com/app/femember-musteat-web/musteat-rank?cityid=408&notitlebar=1&ranktype=3,https://www.dianping.com/shop/10644653/photos/album,https://plat.dianping.com/app/femember-musteat-web/musteat-rank?cityid=408&notitlebar=1&ranktype=3
海南省,文昌市,文昌市,老班长美味苑,海南省文昌市旅游大道高隆湾综合疏导点二期1号,4.2,99,炒螃蟹,省市区及街道已获取,已获取,省直辖县级目的地，无更下一级区县,13804003,https://plat.dianping.com/app/femember-musteat-web/musteat-rank?cityid=408&notitlebar=1&ranktype=3,https://www.dianping.com/shop/13804003/photos/album,https://plat.dianping.com/app/femember-musteat-web/musteat-rank?cityid=408&notitlebar=1&ranktype=3
海南省,文昌市,文昌市,东郊海龙海鲜店,海南省文昌市椰林湾路东郊椰林风景区,4.8,84,文昌椰奶鸡,省市区及街道已获取,已获取,省直辖县级目的地，无更下一级区县,79209686,https://plat.dianping.com/app/femember-musteat-web/musteat-rank?cityid=408&notitlebar=1&ranktype=3,https://www.dianping.com/shop/79209686/photos/album,https://plat.dianping.com/app/femember-musteat-web/musteat-rank?cityid=408&notitlebar=1&ranktype=3
海南省,文昌市,文昌市,周氏正宗抱罗饭店,海南省文昌市沿江西路147号,4.3,13,半汤半腌抱罗粉牛肉,省市区及街道已获取,已获取,省直辖县级目的地，无更下一级区县,5628648,https://plat.dianping.com/app/femember-musteat-web/musteat-rank?cityid=408&notitlebar=1&ranktype=3,https://www.dianping.com/shop/5628648/photos/album,https://plat.dianping.com/app/femember-musteat-web/musteat-rank?cityid=408&notitlebar=1&ranktype=3
台湾省,台北市,,圆环边蚵仔煎,台湾省台北市宁夏路46号,4.6,30,鸡蛋蚵仔煎,区县或街道未核实,已获取,区县未核实,5390711,https://plat.dianping.com/app/femember-musteat-web/musteat-rank?cityid=2335&notitlebar=1&ranktype=3,https://www.dianping.com/shop/5390711/photos/album,https://plat.dianping.com/app/femember-musteat-web/musteat-rank?cityid=2335&notitlebar=1&ranktype=3
台湾省,台北市,,阿宗面线（西门町店）,台湾省台北市峨眉街8-1号,4.6,15,阿宗面线,区县或街道未核实,已获取,区县未核实,582525,https://plat.dianping.com/app/femember-musteat-web/musteat-rank?cityid=2335&notitlebar=1&ranktype=3,https://www.dianping.com/shop/582525/photos/album,https://plat.dianping.com/app/femember-musteat-web/musteat-rank?cityid=2335&notitlebar=1&ranktype=3
台湾省,台北市,,双月食品社（青岛店）,台湾省台北市青岛东路6之2号（善导寺2号出口，约走3分钟）,4.8,98,蛤蜊燉雞湯,区县或街道未核实,已获取,区县未核实,8776630,https://plat.dianping.com/app/femember-musteat-web/musteat-rank?cityid=2335&notitlebar=1&ranktype=3,https://www.dianping.com/shop/8776630/photos/album,https://plat.dianping.com/app/femember-musteat-web/musteat-rank?cityid=2335&notitlebar=1&ranktype=3
台湾省,台北市,,天下三绝面食馆,台湾省台北市仁爱路四段27巷3号,4.8,113,三绝牛肉面,区县或街道未核实,已获取,区县未核实,12599379,https://plat.dianping.com/app/femember-musteat-web/musteat-rank?cityid=2335&notitlebar=1&ranktype=3,https://www.dianping.com/shop/12599379/photos/album,https://plat.dianping.com/app/femember-musteat-web/musteat-rank?cityid=2335&notitlebar=1&ranktype=3
台湾省,台北市,,永康牛肉面,台湾省台北市金山南路二段31巷17号,4.6,62,红烧半筋半肉面,区县或街道未核实,已获取,区县未核实,3051148,https://plat.dianping.com/app/femember-musteat-web/musteat-rank?cityid=2335&notitlebar=1&ranktype=3,https://www.dianping.com/shop/3051148/photos/album,https://plat.dianping.com/app/femember-musteat-web/musteat-rank?cityid=2335&notitlebar=1&ranktype=3
台湾省,台北市,,茂园餐厅,台湾省台北市长安东路二段185号,4.7,156,白斩鸡,区县或街道未核实,已获取,区县未核实,2742211,https://plat.dianping.com/app/femember-musteat-web/musteat-rank?cityid=2335&notitlebar=1&ranktype=3,https://www.dianping.com/shop/2742211/photos/album,https://plat.dianping.com/app/femember-musteat-web/musteat-rank?cityid=2335&notitlebar=1&ranktype=3
台湾省,台北市,,富霸王猪脚,台湾省台北市南京东路二段115巷20号（近捷运松江南京站）,4.8,50,豬腳,区县或街道未核实,已获取,区县未核实,5158083,https://plat.dianping.com/app/femember-musteat-web/musteat-rank?cityid=2335&notitlebar=1&ranktype=3,https://www.dianping.com/shop/5158083/photos/album,https://plat.dianping.com/app/femember-musteat-web/musteat-rank?cityid=2335&notitlebar=1&ranktype=3
台湾省,台北市,,小王煮瓜,台湾省台北市华西街17之4号（华西街夜市内第153号摊位）,4.7,51,鲁肉饭,区县或街道未核实,已获取,区县未核实,8769769,https://plat.dianping.com/app/femember-musteat-web/musteat-rank?cityid=2335&notitlebar=1&ranktype=3,https://www.dianping.com/shop/8769769/photos/album,https://plat.dianping.com/app/femember-musteat-web/musteat-rank?cityid=2335&notitlebar=1&ranktype=3
台湾省,台北市,,无老锅（西門町店）,台湾省台北市中华路一段55号2F,4.8,209,冰淇淋豆腐锅,区县或街道未核实,已获取,区县未核实,129079339,https://plat.dianping.com/app/femember-musteat-web/musteat-rank?cityid=2335&notitlebar=1&ranktype=3,https://www.dianping.com/shop/129079339/photos/album,https://plat.dianping.com/app/femember-musteat-web/musteat-rank?cityid=2335&notitlebar=1&ranktype=3
台湾省,台北市,,林东芳牛肉面,台湾省台北市八德路二段322号,4.8,54,半筋半肉面,区县或街道未核实,已获取,区县未核实,2670406,https://plat.dianping.com/app/femember-musteat-web/musteat-rank?cityid=2335&notitlebar=1&ranktype=3,https://www.dianping.com/shop/2670406/photos/album,https://plat.dianping.com/app/femember-musteat-web/musteat-rank?cityid=2335&notitlebar=1&ranktype=3
台湾省,台北市,,欣叶台式料理（忠孝店）,台湾省台北市忠孝东路四段112号 2楼,4.8,169,香煎猪肝,区县或街道未核实,已获取,区县未核实,2706208,https://plat.dianping.com/app/femember-musteat-web/musteat-rank?cityid=2335&notitlebar=1&ranktype=3,https://www.dianping.com/shop/2706208/photos/album,https://plat.dianping.com/app/femember-musteat-web/musteat-rank?cityid=2335&notitlebar=1&ranktype=3
台湾省,台北市,,鸡家庄本店,台湾省台北市长春路55号,4.7,179,三样鸡,区县或街道未核实,已获取,区县未核实,5430065,https://plat.dianping.com/app/femember-musteat-web/musteat-rank?cityid=2335&notitlebar=1&ranktype=3,https://www.dianping.com/shop/5430065/photos/album,https://plat.dianping.com/app/femember-musteat-web/musteat-rank?cityid=2335&notitlebar=1&ranktype=3
台湾省,台北市,,阿城鹅肉（吉林店）,台湾省台北市吉林路105号,4.8,109,鹅肉,区县或街道未核实,已获取,区县未核实,8736831,https://plat.dianping.com/app/femember-musteat-web/musteat-rank?cityid=2335&notitlebar=1&ranktype=3,https://www.dianping.com/shop/8736831/photos/album,https://plat.dianping.com/app/femember-musteat-web/musteat-rank?cityid=2335&notitlebar=1&ranktype=3
台湾省,台北市,,老山东牛肉面（万祥号面庄店）,台湾省台北市西门里西宁南路70号B1之15室,4.5,48,半筋半肉面,区县或街道未核实,已获取,区县未核实,5142792,https://plat.dianping.com/app/femember-musteat-web/musteat-rank?cityid=2335&notitlebar=1&ranktype=3,https://www.dianping.com/shop/5142792/photos/album,https://plat.dianping.com/app/femember-musteat-web/musteat-rank?cityid=2335&notitlebar=1&ranktype=3
台湾省,台北市,,东区粉圆冰店,台湾省台北市忠孝东路四段216巷38号,4.8,16,芋圆,区县或街道未核实,已获取,区县未核实,5433027,https://plat.dianping.com/app/femember-musteat-web/musteat-rank?cityid=2335&notitlebar=1&ranktype=3,https://www.dianping.com/shop/5433027/photos/album,https://plat.dianping.com/app/femember-musteat-web/musteat-rank?cityid=2335&notitlebar=1&ranktype=3
