景点名称,省份,市区,详细地点,景点门票价格,评分
北京环球度假区,北京,北京,环球影城度假区及周边,388.0,4.6
恭王府,北京,北京,后海/南锣鼓巷地区,40.0,4.8
中国国家博物馆,北京,北京,天安门/王府井地区,免费,暂无评分
八达岭长城,北京,北京,八达岭长城/野生动物园地区,35.0,4.7
天坛公园,北京,北京,前门/天坛公园/崇文门,免费,4.7
故宫博物院,北京,北京,天安门/王府井地区,70.0,4.9
颐和园,北京,北京,中关村/五道口,免费,4.7
慕田峪长城,北京,北京,慕田峪长城/响水湖长城地区,45.0,4.8
泡泡玛特城市乐园,北京,北京,燕莎/朝阳公园商业区,98.0,4.5
朝阳公园,北京,北京,燕莎/朝阳公园商业区,免费,4.7
什刹海风景区,北京,北京,后海/南锣鼓巷地区,免费,4.7
天安门广场,北京,北京,天安门/王府井地区,免费,暂无评分
雍和宫,北京,北京,三里屯/工体/东直门地区,免费,4.7
北京野生动物园,北京,北京,大兴北京新机场地区,145.0,4.7
圆明园,北京,北京,中关村/五道口,10.0,暂无评分
国家自然博物馆,北京,北京,前门/天坛公园/崇文门,免费,4.7
景山公园,北京,北京,天安门/王府井地区,免费,4.7
北京动物园,北京,北京,西直门/北京展览馆地区,15.0,4.5
北京欢乐谷,北京,北京,欢乐谷游乐区,139.0,4.7
中国科学技术馆,北京,北京,鸟巢/奥体中心地区,30.0,4.5
明十三陵,北京,北京,昌平城区/十三陵度假区,30.0,4.6
前门大街,北京,北京,前门/天坛公园/崇文门,免费,4.6
奥林匹克公园,北京,北京,鸟巢/奥体中心地区,免费,暂无评分
北海公园,北京,北京,天安门/王府井地区,10.0,4.8
古北水镇,北京,北京,古北水镇/司马台长城,114.0,4.7
鸟巢(国家体育场),北京,北京,鸟巢/奥体中心地区,100.0,4.6
中国人民革命军事博物馆,北京,北京,华熙Live五棵松/首钢园,免费,暂无评分
南锣鼓巷,北京,北京,后海/南锣鼓巷地区,免费,4.6
慕田峪长城索道滑道,北京,北京,慕田峪长城/响水湖长城地区,138.0,4.5
北京海洋馆,北京,北京,西直门/北京展览馆地区,175.0,4.4
北京大观园,北京,北京,永定门/南站/大红门/南苑地区,40.0,4.5
八大处公园,北京,北京,香山/八大处风景区,10.0,4.9
三里屯,北京,北京,三里屯/工体/东直门地区,免费,4.7
水立方(国家游泳中心),北京,北京,鸟巢/奥体中心地区,30.0,4.2
北京天文馆,北京,北京,西直门/北京展览馆地区,10.0,4.5
首都博物馆,北京,北京,西单/金融街地区,128.0,4.8
中国地质博物馆,北京,北京,西单/金融街地区,15.0,4.8
世界公园,北京,北京,总部基地/丰台体育中心/南宫地区,88.0,4.3
居庸关长城,北京,北京,昌平城区/十三陵度假区,40.0,4.8
大栅栏,北京,北京,前门/天坛公园/崇文门,免费,4.7
王府井,北京,北京,天安门/王府井地区,免费,4.7
龙庆峡,北京,北京,龙庆峡/永宁古城地区,40.0,4.5
八达岭北线缆车,北京,北京,八达岭长城/野生动物园地区,135.0,4.6
天安门城楼,北京,北京,天安门/王府井地区,免费,暂无评分
北京汽车博物馆,北京,北京,总部基地/丰台体育中心/南宫地区,30.0,4.7
天安门广场-国旗,北京,北京,天安门/王府井地区,免费,4.9
钟鼓楼,北京,北京,后海/南锣鼓巷地区,10.0,4.7
南山滑雪场,北京,北京,鼓楼西大街/南山滑雪场,260.0,4.7
中央广播电视塔,北京,北京,华熙Live五棵松/首钢园,79.0,4.5
牛街,北京,北京,北京西站/丽泽商务区,免费,4.6
潭柘寺,北京,北京,门头沟/潭柘寺/妙峰山风景区,50.0,4.8
798艺术区,北京,北京,望京/酒仙桥/798地区,免费,4.5
人民大会堂,北京,北京,天安门/王府井地区,免费,4.7
故宫珍宝馆,北京,北京,天安门/王府井地区,免费,4.9
毛主席纪念堂,北京,北京,天安门/王府井地区,免费,暂无评分
德云社(前门三庆园店),北京,北京,北京,150.0,4.8
地坛公园,北京,北京,国展中心地区,2.0,4.8
司马台长城,北京,北京,古北水镇/司马台长城,39.0,4.7
陶然亭公园,北京,北京,永定门/南站/大红门/南苑地区,2.0,4.7
香山公园,北京,北京,香山/八大处风景区,10.0,4.7
国家植物园(原北京植物园),北京,北京,香山/八大处风景区,5.0,4.7
鼓楼,北京,北京,后海/南锣鼓巷地区,20.0,4.7
未来水世界,北京,北京,环球影城度假区及周边,免费,4.8
北京五棵松 MELAND CLUB,北京,北京,华熙Live五棵松/首钢园,428.0,4.3
老舍茶馆,北京,北京,前门/天坛公园/崇文门,100.0,4.4
八达岭野生动物世界,北京,北京,八达岭长城/野生动物园地区,85.0,4.1
中国美术馆,北京,北京,天安门/王府井地区,免费,4.8
孔庙和国子监博物馆,北京,北京,三里屯/工体/东直门地区,免费,4.8
红螺寺,北京,北京,雁栖湖/红螺寺地区,54.0,4.8
卢沟桥,北京,北京,总部基地/丰台体育中心/南宫地区,20.0,暂无评分
黄花城水长城,北京,北京,黄花城水长城地区,58.0,4.7
雁栖湖,北京,北京,雁栖湖/红螺寺地区,45.0,4.4
北京军都山滑雪场,北京,北京,昌平城区/十三陵度假区,180.0,4.6
中国电影博物馆,北京,北京,首都机场/新国展地区,免费,4.4
北京古代建筑博物馆,北京,北京,前门/天坛公园/崇文门,免费,4.7
陆地游轮西山温泉,北京,北京,上地产业园/西三旗,299.0,4.7
北京宋庆龄故居,北京,北京,后海/南锣鼓巷地区,20.0,暂无评分
太平洋海底世界,北京,北京,华熙Live五棵松/首钢园,59.0,4.2
中国考古博物馆,北京,北京,鸟巢/奥体中心地区,免费,4.8
八达岭长城-好汉坡,北京,北京,八达岭长城/野生动物园地区,免费,4.8
八达岭索道,北京,北京,八达岭长城/野生动物园地区,免费,4.4
北京欢乐水魔方,北京,北京,总部基地/丰台体育中心/南宫地区,129.0,4.3
北京西山国家森林公园,北京,北京,香山/八大处风景区,10.0,4.7
国子监,北京,北京,三里屯/工体/东直门地区,30.0,4.8
玉渊潭公园,北京,北京,华熙Live五棵松/首钢园,2.0,4.7
中国工艺美术馆,北京,北京,鸟巢/奥体中心地区,免费,4.7
中山公园,北京,北京,天安门/王府井地区,免费,4.6
华熙Live·五棵松,北京,北京,华熙Live五棵松/首钢园,免费,4.7
定陵,北京,北京,昌平城区/十三陵度假区,60.0,4.6
北京玛雅海滩水公园,北京,北京,欢乐谷游乐区,299.0,4.6
首钢一高炉·SoReal科幻乐园,北京,北京,华熙Live五棵松/首钢园,99.0,4.5
清华大学艺术博物馆,北京,北京,中关村/五道口,免费,4.4
世界花卉大观园,北京,北京,永定门/南站/大红门/南苑地区,50.0,4.5
北京喇叭沟原始森林公园,北京,北京,喇叭沟原始森林公园地区,40.0,4.5
中华民族博物院,北京,北京,鸟巢/奥体中心地区,39.9,4.4
九号温泉生活馆,北京,北京,国贸CBD/朝阳大悦城,459.0,3.9
富国海底世界,北京,北京,三里屯/工体/东直门地区,130.0,4.1
白云观,北京,北京,西单/金融街地区,免费,4.7
崇文工人文化宫,北京,北京,前门/天坛公园/崇文门,免费,暂无评分
正阳门,北京,北京,天安门/王府井地区,免费,4.8
北京刘老根大舞台,北京,北京,前门/天坛公园/崇文门,406.0,4.4
北京石景山游乐园,北京,北京,华熙Live五棵松/首钢园,39.9,4.2
哈利波特的魔法世界,北京,北京,环球影城度假区及周边,免费,4.8
长安街,北京,北京,天安门/王府井地区,免费,4.8
午门,北京,北京,天安门/王府井地区,免费,4.9
国家高山滑雪中心,北京,北京,北京,免费,4.3
观复博物馆,北京,北京,首都机场/新国展地区,88.0,4.8
清华园,北京,北京,中关村/五道口,免费,4.9
太庙,北京,北京,天安门/王府井地区,免费,4.8
南宫五洲植物乐园,北京,北京,总部基地/丰台体育中心/南宫地区,49.0,4.6
奥林匹克森林公园,北京,北京,鸟巢/奥体中心地区,免费,4.7
太和殿,北京,北京,天安门/王府井地区,免费,4.9
南宫旅游休闲度假区,北京,北京,总部基地/丰台体育中心/南宫地区,免费,4.5
水立方嬉水乐园,北京,北京,鸟巢/奥体中心地区,200.0,4.4
紫竹院公园,北京,北京,西直门/北京展览馆地区,免费,4.7
白塔寺,北京,北京,西单/金融街地区,20.0,4.8
北京市劳动人民文化宫,北京,北京,天安门/王府井地区,免费,4.9
国家图书馆,北京,北京,西直门/北京展览馆地区,免费,4.6
北京金海湖碧波岛度假区,北京,北京,金海湖地区,328.0,4.5
坡峰岭,北京,北京,房山风景区,50.0,4.6
北京大运河博物馆,北京,北京,环球影城度假区及周边,免费,4.6
梵高星空艺术馆(北京旗舰店),北京,北京,前门/天坛公园/崇文门,39.9,4.2
纪晓岚故居,北京,北京,前门/天坛公园/崇文门,10.0,4.6
祈年殿,北京,北京,前门/天坛公园/崇文门,免费,4.9
青龙峡风景区,北京,北京,青龙峡/神堂峪,54.0,4.6
皇家御河(紫御湾码头),北京,北京,西直门/北京展览馆地区,免费,4.3
北京《三体游戏：文明碎片》沉浸式VR探索体验,北京,北京,燕莎/朝阳公园商业区,238.0,5.0
玉渡山景区,北京,北京,北京,60.0,4.6
亮马河国际风情水岸,北京,北京,燕莎/朝阳公园商业区,免费,4.5
静之湖滑雪场,北京,北京,昌平城区/十三陵度假区,39.0,4.4
五道营胡同,北京,北京,三里屯/工体/东直门地区,免费,4.7
天乐园大戏楼,北京,北京,前门/天坛公园/崇文门,180.0,4.7
御仙都·皇家菜博物馆,北京,北京,华熙Live五棵松/首钢园,398.0,4.7
首钢园-北区,北京,北京,华熙Live五棵松/首钢园,免费,4.5
八达岭古长城(残长城),北京,北京,八达岭长城/野生动物园地区,54.0,4.7
北京乐高探索中心,北京,北京,传媒大学/管庄地区,150.0,4.4
中国紫檀博物馆,北京,北京,国贸CBD/朝阳大悦城,50.0,4.8
长陵,北京,北京,昌平城区/十三陵度假区,45.0,4.6
龙熙温泉水世界,北京,北京,大兴北京新机场地区,99.0,4.6
烟袋斜街特色商业街,北京,北京,后海/南锣鼓巷地区,免费,4.6
陶然亭公园冰雪嘉年华,北京,北京,永定门/南站/大红门/南苑地区,免费,4.3
巧克巧蔻·巧克力博物馆(北京馆),北京,北京,前门/天坛公园/崇文门,29.9,4.5
昆明湖,北京,北京,中关村/五道口,免费,4.8
法源寺,北京,北京,前门/天坛公园/崇文门,免费,4.8
北京城市图书馆,北京,北京,环球影城度假区及周边,免费,4.9
日坛公园,北京,北京,三里屯/工体/东直门地区,免费,4.7
杨梅竹斜街,北京,北京,前门/天坛公园/崇文门,免费,4.9
周口店北京人遗址博物馆,北京,北京,房山风景区,30.0,4.5
中国工美馆 中国非遗馆,北京,北京,鸟巢/奥体中心地区,免费,4.9
回音壁,北京,北京,前门/天坛公园/崇文门,免费,4.6
红砖美术馆,北京,北京,首都机场/新国展地区,免费,4.3
东交民巷,北京,北京,天安门/王府井地区,免费,4.7
八达岭地面缆车,北京,北京,八达岭长城/野生动物园地区,免费,4.6
爨底下村,北京,北京,门头沟/潭柘寺/妙峰山风景区,免费,4.4
爨柏景区,北京,北京,门头沟/潭柘寺/妙峰山风景区,免费,4.2
中央礼品文物管理中心,北京,北京,前门/天坛公园/崇文门,免费,4.8
北京平谷金海湖,北京,北京,金海湖地区,38.0,4.3
中国航天博物馆,北京,北京,亦庄经济开发区,免费,4.8
人民英雄纪念碑,北京,北京,天安门/王府井地区,免费,暂无评分
龙潭公园,北京,北京,前门/天坛公园/崇文门,2.0,4.7
国家会议中心,北京,北京,鸟巢/奥体中心地区,免费,暂无评分
百里山水画廊,北京,北京,百里山水画廊/四季花海地区,免费,4.4
星光·燕赵号,北京,北京,北京站,免费,4.7
银山塔林,北京,北京,昌平城区/十三陵度假区,20.0,4.7
八达岭滑雪场,北京,北京,八达岭长城/野生动物园地区,169.0,3.6
国家典籍博物馆,北京,北京,西直门/北京展览馆地区,免费,4.6
中国铁道博物馆东郊馆,北京,北京,首都机场/新国展地区,免费,4.6
首钢园,北京,北京,华熙Live五棵松/首钢园,免费,4.6
蟒山国家森林公园,北京,北京,昌平城区/十三陵度假区,30.0,4.5
北京园博园,北京,北京,总部基地/丰台体育中心/南宫地区,免费,4.6
北京大学-未名湖,北京,北京,中关村/五道口,免费,4.8
野鸭湖国家湿地公园,北京,北京,国家高山滑雪中心/世园国际旅游度假区,50.0,4.6
团结湖公园,北京,北京,燕莎/朝阳公园商业区,免费,4.8
咔搭盲盒游,北京,北京,回龙观/天通苑地区,免费,暂无评分
十七孔桥,北京,北京,中关村/五道口,免费,4.7
北京野生动物园自驾游览区,北京,北京,大兴北京新机场地区,免费,4.6
新央视大楼,北京,北京,国贸CBD/朝阳大悦城,免费,4.8
春晖园温泉会,北京,北京,顺义温泉休闲区,128.0,4.5
护国寺,北京,北京,后海/南锣鼓巷地区,免费,4.7
清凉谷风景区,北京,北京,云蒙山/黑龙潭地区,50.0,4.2
人民大会堂-展示中心,北京,北京,天安门/王府井地区,免费,5.0
戒台寺,北京,北京,门头沟/潭柘寺/妙峰山风景区,45.0,4.8
罗红摄影艺术馆,北京,北京,首都机场/新国展地区,免费,4.8
三里河公园,北京,北京,前门/天坛公园/崇文门,免费,4.8
光年城中央公园,北京,北京,北京,免费,5.0
颐和园-西堤,北京,北京,中关村/五道口,免费,4.9
SOLANA蓝色港湾,北京,北京,燕莎/朝阳公园商业区,免费,4.8
东方绿洲露营庄园,北京,北京,鼓楼西大街/南山滑雪场,免费,5.0
紫禁城角楼,北京,北京,天安门/王府井地区,免费,4.9
颐和园-长廊,北京,北京,中关村/五道口,免费,4.9
北京延庆奥林匹克园区,北京,北京,国家高山滑雪中心/世园国际旅游度假区,免费,4.8
神话秀《金面王朝》,北京,北京,欢乐谷游乐区,免费,4.6
地坛公园银杏大道,北京,北京,国展中心地区,免费,4.9
首都图书馆,北京,北京,劲松/潘家园地区,免费,4.8
中国园林博物馆,北京,北京,总部基地/丰台体育中心/南宫地区,免费,4.8
北京市朝阳区档案馆,北京,北京,劲松/潘家园地区,免费,4.8
北京杜莎夫人蜡像馆,北京,北京,前门/天坛公园/崇文门,200.0,4.6
北京世园妫河国际旅游度假区-中国馆,北京,北京,国家高山滑雪中心/世园国际旅游度假区,免费,4.8
北京二锅头酒博物馆,北京,北京,雁栖湖/红螺寺地区,48.0,4.9
谐趣园,北京,北京,中关村/五道口,免费,4.9
北海公园-琼岛春阴,北京,北京,天安门/王府井地区,免费,5.0
民族文化宫,北京,北京,西单/金融街地区,免费,4.8
史家胡同博物馆,北京,北京,天安门/王府井地区,免费,4.8
大运河森林公园,北京,北京,通州运河商务区,免费,4.7
融科资讯中心,北京,北京,中关村/五道口,免费,4.9
丫髻山,北京,北京,京东大峡谷/石林峡地区,50.0,4.7
佛香阁,北京,北京,中关村/五道口,免费,4.8
北京世园国际旅游度假区,北京,北京,国家高山滑雪中心/世园国际旅游度假区,60.0,4.6
元大都城垣遗址公园-海棠花溪,北京,北京,马甸/安贞地区,免费,4.8
御大汤池,北京,北京,古北水镇/司马台长城,66.0,4.9
云居寺,北京,北京,房山风景区,40.0,4.7
钓鱼台银杏林,北京,北京,华熙Live五棵松/首钢园,免费,4.8
北京市汤河口湿地公园,北京,北京,雁栖湖/红螺寺地区,免费,5.0
慢时光·境休闲农场,北京,北京,环球影城度假区及周边,免费,5.0
莲花河城市休闲公园,北京,北京,北京西站/丽泽商务区,免费,4.8
万寿山,北京,北京,中关村/五道口,免费,4.8
北京城东南角楼,北京,北京,北京站,免费,4.9
北京国际鲜花港,北京,北京,顺义温泉休闲区,44.9,4.4
乾清宫,北京,北京,天安门/王府井地区,免费,4.8
北京颐和园石舫,北京,北京,中关村/五道口,免费,4.8
张裕爱斐堡酒庄,北京,北京,鼓楼西大街/南山滑雪场,免费,4.8
神武门,北京,北京,天安门/王府井地区,免费,4.8
什刹海冰场(前海),北京,北京,后海/南锣鼓巷地区,免费,4.6
宣武艺园,北京,北京,西单/金融街地区,免费,4.8
北京凤凰岭景区,北京,北京,昌平城区/十三陵度假区,25.0,4.6
护城河休闲公园,北京,北京,前门/天坛公园/崇文门,免费,4.9
北滨河公园,北京,北京,马甸/安贞地区,免费,4.8
农展馆-后湖,北京,北京,燕莎/朝阳公园商业区,免费,4.9
北京工人体育场,北京,北京,三里屯/工体/东直门地区,免费,4.7
故宫钟表馆,北京,北京,天安门/王府井地区,免费,4.8
中国长城博物馆,北京,北京,八达岭长城/野生动物园地区,免费,4.8
历代帝王庙,北京,北京,西单/金融街地区,免费,4.8
窦店清真寺,北京,北京,房山风景区,免费,4.7
北坞公园,北京,北京,中关村/五道口,免费,4.8
德和园,北京,北京,中关村/五道口,免费,4.9
念坛公园,北京,北京,大兴北京新机场地区,免费,4.5
石花洞,北京,北京,房山风景区,70.0,4.6
仰山公园,北京,北京,鸟巢/奥体中心地区,免费,4.9
北京奥林匹克塔,北京,北京,鸟巢/奥体中心地区,128.0,4.6
京东大溶洞景区,北京,北京,京东大峡谷/石林峡地区,80.0,4.7
北宫国家森林公园,北京,北京,总部基地/丰台体育中心/南宫地区,免费,4.5
中国妇女儿童博物馆,北京,北京,北京站,免费,4.8
东四胡同博物馆,北京,北京,天安门/王府井地区,免费,4.8
阜成路银杏大道,北京,北京,华熙Live五棵松/首钢园,免费,4.8
北京茶叶博物馆,北京,北京,北京西站/丽泽商务区,免费,4.9
国家速滑馆,北京,北京,鸟巢/奥体中心地区,40.0,4.8
史家胡同,北京,北京,天安门/王府井地区,免费,4.8
莲花池公园,北京,北京,北京西站/丽泽商务区,免费,4.9
长阳公园,北京,北京,良乡大学城,免费,4.7
北海公园-五龙亭,北京,北京,天安门/王府井地区,免费,5.0
景山公园-万春亭,北京,北京,天安门/王府井地区,免费,4.8
八达岭国家森林公园-红叶岭,北京,北京,八达岭长城/野生动物园地区,免费,4.8
后海公园,北京,北京,后海/南锣鼓巷地区,免费,4.7
永宁阁,北京,北京,国家高山滑雪中心/世园国际旅游度假区,免费,4.9
首钢园.群明湖,北京,北京,华熙Live五棵松/首钢园,免费,4.8
星谷营地,北京,北京,昌平城区/十三陵度假区,2280.0,5.0
国家植物园南园,北京,北京,香山/八大处风景区,10.0,4.9
仁和公园,北京,北京,顺义温泉休闲区,免费,4.8
保利艺术博物馆,北京,北京,三里屯/工体/东直门地区,免费,4.8
莲花山滑雪场,北京,北京,顺义温泉休闲区,免费,4.2
华熙生物·润百颜ECM中心,北京,北京,华熙Live五棵松/首钢园,免费,4.8
北京王府井天主教堂,北京,北京,天安门/王府井地区,免费,4.8
颐和园-玉带桥,北京,北京,中关村/五道口,免费,4.9
红领巾公园-植物观赏区,北京,北京,燕莎/朝阳公园商业区,免费,4.9
八一湖,北京,北京,华熙Live五棵松/首钢园,免费,4.8
云居滑雪场,北京,北京,房山风景区,280.0,4.5
排云殿,北京,北京,中关村/五道口,免费,4.8
尚隐泉都市生活馆,北京,北京,总部基地/丰台体育中心/南宫地区,45.0,4.7
南宫民族温泉养生园,北京,北京,总部基地/丰台体育中心/南宫地区,69.0,4.6
中国华侨历史博物馆,北京,北京,三里屯/工体/东直门地区,免费,暂无评分
大望京公园,北京,北京,望京/酒仙桥/798地区,免费,4.8
中国宋庆龄青少年科技文化交流中心,北京,北京,华熙Live五棵松/首钢园,98.0,暂无评分
明城墙遗址公园,北京,北京,北京站,10.0,4.8
元大都城垣遗址公园,北京,北京,马甸/安贞地区,免费,4.7
九州景区,北京,北京,中关村/五道口,免费,暂无评分
北京孔庙,北京,北京,三里屯/工体/东直门地区,免费,4.8
北海公园-静心斋,北京,北京,天安门/王府井地区,免费,5.0
龙湖·长楹天街,北京,北京,传媒大学/管庄地区,免费,4.8
石经山,北京,北京,房山风景区,15.0,4.5
鸟巢空中走廊,北京,北京,鸟巢/奥体中心地区,免费,4.7
飞览天下·飞越中国馆,北京,北京,华熙Live五棵松/首钢园,180.0,4.7
丛林飞车-太阳神车,北京,北京,欢乐谷游乐区,免费,5.0
中国农业博物馆,北京,北京,燕莎/朝阳公园商业区,免费,4.9
国家植物园北园-樱桃沟,北京,北京,香山/八大处风景区,免费,4.8
国际馆,北京,北京,国家高山滑雪中心/世园国际旅游度假区,免费,4.7
灵光寺,北京,北京,香山/八大处风景区,免费,4.8
外金水桥,北京,北京,天安门/王府井地区,免费,4.3
青年湖公园,北京,北京,马甸/安贞地区,免费,4.6
康庄公园,北京,北京,大兴北京新机场地区,免费,4.8
周口店北京人遗址公园,北京,北京,房山风景区,30.0,4.6
紫谷伊甸园,北京,北京,总部基地/丰台体育中心/南宫地区,免费,4.6
天坛公园-斋宫,北京,北京,前门/天坛公园/崇文门,免费,4.9
莲花池公园-露天舞场,北京,北京,北京西站/丽泽商务区,免费,4.8
红领巾公园,北京,北京,燕莎/朝阳公园商业区,免费,4.8
北京鲁迅博物馆,北京,北京,西单/金融街地区,免费,暂无评分
城上温泉馆,北京,北京,古北水镇/司马台长城,298.0,4.9
元大都遗址公园,北京,北京,中关村/五道口,免费,4.7
玲珑公园,北京,北京,华熙Live五棵松/首钢园,免费,4.7
时传祥纪念馆,北京,北京,前门/天坛公园/崇文门,免费,暂无评分
陶然亭慈悲庵,北京,北京,永定门/南站/大红门/南苑地区,免费,4.8
人定湖公园,北京,北京,马甸/安贞地区,免费,4.7
中国国际贸易中心,北京,北京,国贸CBD/朝阳大悦城,免费,4.7
百子湾园,北京,北京,国贸CBD/朝阳大悦城,免费,4.8
老舍纪念馆,北京,北京,天安门/王府井地区,免费,4.8
乾清门,北京,北京,天安门/王府井地区,免费,4.5
绿源公园,北京,北京,总部基地/丰台体育中心/南宫地区,免费,4.7
金隅八达岭温泉度假村,北京,北京,国家高山滑雪中心/世园国际旅游度假区,免费,4.3
什刹海西海湿地公园,北京,北京,后海/南锣鼓巷地区,免费,4.7
北京市方志馆,北京,北京,劲松/潘家园地区,免费,4.9
庆丰公园,北京,北京,国贸CBD/朝阳大悦城,免费,4.8
圣弥额尔天主堂,北京,北京,天安门/王府井地区,免费,4.8
柳荫公园,北京,北京,马甸/安贞地区,免费,4.7
箭扣长城,北京,北京,慕田峪长城/响水湖长城地区,免费,4.7
两山公园,北京,北京,中关村/五道口,免费,4.9
北京凤凰中心,北京,北京,燕莎/朝阳公园商业区,免费,4.6
北京图书大厦,北京,北京,西单/金融街地区,免费,4.8
中国地质大学(北京)博物馆,北京,北京,中关村/五道口,免费,4.8
南池子大街,北京,北京,天安门/王府井地区,免费,4.9
云台,北京,北京,昌平城区/十三陵度假区,免费,4.9
海淀公园,北京,北京,中关村/五道口,免费,4.7
中国人民抗日战争纪念馆,北京,北京,总部基地/丰台体育中心/南宫地区,免费,暂无评分
北京教区宣武门天主堂,北京,北京,西单/金融街地区,免费,4.8
望京SOHO,北京,北京,望京/酒仙桥/798地区,免费,4.6
古观象台,北京,北京,北京站,20.0,4.8
通州运河公园,北京,北京,通州运河商务区,免费,4.7
帝王树,北京,北京,门头沟/潭柘寺/妙峰山风景区,免费,5.0
永定门,北京,北京,永定门/南站/大红门/南苑地区,免费,4.7
西洋楼遗址景区,北京,北京,中关村/五道口,免费,暂无评分
中国景泰蓝艺术博物馆,北京,北京,永定门/南站/大红门/南苑地区,免费,4.7
昌平公园,北京,北京,昌平城区/十三陵度假区,免费,4.8
长安大戏院,北京,北京,北京站,免费,4.9
博大公园,北京,北京,亦庄经济开发区,免费,4.8
太和门,北京,北京,天安门/王府井地区,免费,4.7
永定河公园,北京,北京,门头沟/潭柘寺/妙峰山风景区,免费,4.8
万寿山-仁寿殿,北京,北京,中关村/五道口,免费,4.8
南石洋大峡谷景区,北京,北京,北京,38.0,4.6
永定门公园,北京,北京,前门/天坛公园/崇文门,免费,4.9
海德温泉(朝阳大悦城店),北京,北京,国贸CBD/朝阳大悦城,免费,4.8
勅建弘慈广济寺,北京,北京,西单/金融街地区,免费,4.8
震远镖局,北京,北京,古北水镇/司马台长城,免费,4.7
国家植物园北园-卧佛寺,北京,北京,香山/八大处风景区,免费,4.7
圆明园遗址公园长春园景区-狮子林,北京,北京,中关村/五道口,免费,暂无评分
北京滨河公园,北京,北京,北京西站/丽泽商务区,免费,4.7
智化寺,北京,北京,三里屯/工体/东直门地区,免费,4.7
西藏文化博物馆,北京,北京,鸟巢/奥体中心地区,免费,4.7
西洋楼遗址景区-大水法,北京,北京,中关村/五道口,免费,暂无评分
石林峡,北京,北京,京东大峡谷/石林峡地区,68.0,4.6
壹壹冰尚溜冰场(崇文门店),北京,北京,前门/天坛公园/崇文门,69.0,5.0
安德城市森林公园,北京,北京,马甸/安贞地区,免费,5.0
帽儿胡同,北京,北京,后海/南锣鼓巷地区,免费,4.7
泰达航母主题公园,天津,天津,中新生态城/国家海博馆,220.0,4.6
海河游船,天津,天津,天津之眼商圈,80.0,4.8
天津欢乐谷,天津,天津,东丽湖/欢乐谷度假区,158.0,4.7
张园,天津,天津,滨江道/小白楼/五大道度假区,30.0,4.7
海合安天津极地海洋公园,天津,天津,塘沽商业中心区,119.0,4.5
国家海洋博物馆,天津,天津,中新生态城/国家海博馆,免费,4.5
天津之眼摩天轮,天津,天津,天津之眼商圈,90.0,4.6
瓷房子,天津,天津,滨江道/小白楼/五大道度假区,50.0,4.3
五大道,天津,天津,滨江道/小白楼/五大道度假区,免费,4.7
张学良故居,天津,天津,滨江道/小白楼/五大道度假区,75.0,4.6
静园,天津,天津,滨江道/小白楼/五大道度假区,19.0,4.7
海河,天津,天津,滨江道/小白楼/五大道度假区,免费,4.8
天津方特欢乐世界,天津,天津,中新生态城/国家海博馆,99.0,4.9
天津古文化街旅游区,天津,天津,天津站/古文化街/意大利风情区,免费,4.7
杨柳青古镇,天津,天津,杨柳青商圈,免费,4.5
意大利风情区,天津,天津,天津站/古文化街/意大利风情区,免费,4.7
天津博物馆,天津,天津,奥体中心/水上公园,免费,4.6
天津动物园,天津,天津,奥体中心/水上公园,30.0,4.7
天津之心·津塔观光厅,天津,天津,天津站/古文化街/意大利风情区,89.0,5.0
庆王府,天津,天津,滨江道/小白楼/五大道度假区,24.0,4.5
独乐寺,天津,天津,蓟州城区/鼓楼广场,31.5,4.8
盘山,天津,天津,盘山风景区及周边,75.0,4.6
津湾广场,天津,天津,天津站/古文化街/意大利风情区,免费,4.7
黄崖关长城,天津,天津,梨木台/九山顶度假区,75.0,4.7
西开教堂,天津,天津,滨江道/小白楼/五大道度假区,免费,4.7
东疆亲海公园,天津,天津,东疆湾度假区,免费,4.3
中华石园,天津,天津,新国家会展中心/津南大学城,20.0,4.3
津湾云顶高空观景台,天津,天津,天津站/古文化街/意大利风情区,168.0,4.8
滨江道商业街,天津,天津,滨江道/小白楼/五大道度假区,免费,4.8
天津鼓楼,天津,天津,天津西站商圈,免费,4.4
东疆理想海岸沙滩景区,天津,天津,东疆湾度假区,39.0,3.9
石家大院,天津,天津,杨柳青商圈,25.0,4.7
世纪钟广场,天津,天津,天津站/古文化街/意大利风情区,免费,4.7
德云社(建国道分社),天津,天津,天津站/古文化街/意大利风情区,免费,4.6
梨木台,天津,天津,梨木台/九山顶度假区,65.0,4.5
双层敞篷观光巴士,天津,天津,天津之眼商圈,29.9,3.9
小白楼,天津,天津,滨江道/小白楼/五大道度假区,免费,4.6
五大道历史博物馆,天津,天津,滨江道/小白楼/五大道度假区,25.0,4.3
蓟州溶洞,天津,天津,盘山风景区及周边,95.0,4.5
解放桥,天津,天津,天津站/古文化街/意大利风情区,免费,4.7
周恩来邓颖超纪念馆,天津,天津,奥体中心/水上公园,免费,暂无评分
天津玛雅海滩水公园,天津,天津,东丽湖/欢乐谷度假区,200.0,4.8
民园广场,天津,天津,滨江道/小白楼/五大道度假区,免费,4.7
大悲禅院,天津,天津,天津之眼商圈,免费,4.6
天津野生动物园,天津,天津,中新生态城/国家海博馆,免费,3.9
天津文化中心海底世界,天津,天津,奥体中心/水上公园,59.9,4.5
嚒嚒兽梦幻森林,天津,天津,天津,108.0,4.9
天津自然博物馆,天津,天津,奥体中心/水上公园,免费,4.8
蓝色家园活体展厅,天津,天津,中新生态城/国家海博馆,免费,4.2
蓟洲国际滑雪场,天津,天津,盘山风景区及周边,30.0,4.6
天津临港海岸线公园,天津,天津,天津,免费,4.3
大沽口炮台遗址,天津,天津,天津,25.0,暂无评分
津旅时光号,天津,天津,天津之眼商圈,67.5,5.0
天津水上公园,天津,天津,奥体中心/水上公园,免费,4.7
吉姆冒险世界,天津,天津,梨木台/九山顶度假区,99.0,4.7
天津广播电视塔（天塔）,天津,天津,奥体中心/水上公园,免费,4.5
天塔湖风景区,天津,天津,奥体中心/水上公园,免费,4.5
蓟州车神架风景区,天津,天津,梨木台/九山顶度假区,80.0,4.5
天津方特水上乐园,天津,天津,中新生态城/国家海博馆,120.0,4.8
袁氏宅邸,天津,天津,天津站/古文化街/意大利风情区,50.0,4.3
车神架蓟州大峡谷漂流,天津,天津,梨木台/九山顶度假区,148.0,5.0
东疆海贝乐园,天津,天津,东疆湾度假区,19.0,2.3
名流茶馆(古文化街店),天津,天津,天津站/古文化街/意大利风情区,免费,4.5
天津观湖城堡温泉,天津,天津,东丽湖/欢乐谷度假区,98.0,4.3
奥林匹克中心,天津,天津,奥体中心/水上公园,免费,4.8
天津奥林匹克中心-体育场,天津,天津,奥体中心/水上公园,免费,暂无评分
北塘古镇,天津,天津,中新生态城/国家海博馆,免费,4.1
蓟州白塔,天津,天津,蓟州城区/鼓楼广场,免费,4.6
平津战役纪念馆,天津,天津,天津西站商圈,免费,暂无评分
老码头,天津,天津,塘沽商业中心区,免费,5.0
天津奥林匹克中心体育馆,天津,天津,奥体中心/水上公园,免费,4.5
蓟洲国际·龙栖水寨,天津,天津,盘山风景区及周边,120.0,4.7
津门故里,天津,天津,天津站/古文化街/意大利风情区,免费,4.6
张爱玲旧居,天津,天津,滨江道/小白楼/五大道度假区,免费,4.3
李叔同故居纪念馆,天津,天津,天津站/古文化街/意大利风情区,免费,4.7
天津梁启超纪念馆,天津,天津,天津站/古文化街/意大利风情区,免费,暂无评分
西夫拉姆酒堡,天津,天津,新国家会展中心/津南大学城,59.9,4.2
狮子林桥,天津,天津,天津之眼商圈,免费,4.8
疙瘩楼,天津,天津,滨江道/小白楼/五大道度假区,免费,4.5
西井峪村,天津,天津,盘山风景区及周边,免费,4.4
渤海湾,天津,天津,中新生态城/国家海博馆,免费,暂无评分
滨海妈祖文化园,天津,天津,中新生态城/国家海博馆,免费,4.5
环山湖风景区,天津,天津,梨木台/九山顶度假区,60.0,4.2
利顺德博物馆,天津,天津,滨江道/小白楼/五大道度假区,50.0,4.6
国家会展中心(天津店),天津,天津,新国家会展中心/津南大学城,免费,4.8
北宁公园,天津,天津,天津之眼商圈,免费,4.9
盘山滑雪场,天津,天津,盘山风景区及周边,88.0,4.5
天津极地海洋公园-海底隧道,天津,天津,塘沽商业中心区,免费,暂无评分
南市食品街,天津,天津,天津站/古文化街/意大利风情区,免费,4.3
解放北路风情区,天津,天津,天津站/古文化街/意大利风情区,免费,4.6
盘山风景名胜区-山门,天津,天津,盘山风景区及周边,免费,4.2
郭家沟景区,天津,天津,梨木台/九山顶度假区,49.0,3.3
吉姆国际冒险世界(北辰店),天津,天津,天津,99.0,4.6
极地海洋公园魔法海洋科技馆,天津,天津,塘沽商业中心区,79.0,4.7
马可波罗广场,天津,天津,天津站/古文化街/意大利风情区,免费,4.7
孟家大院,天津,天津,天津站/古文化街/意大利风情区,免费,3.6
李吉甫旧宅,天津,天津,滨江道/小白楼/五大道度假区,68.0,4.5
杨柳青民俗文化馆,天津,天津,杨柳青商圈,28.0,4.7
天津潮玩谷,天津,天津,盘山风景区及周边,69.0,4.6
九号温泉生活馆,天津,天津,滨江道/小白楼/五大道度假区,免费,5.0
津游一号仿古铛铛车,天津,天津,天津站/古文化街/意大利风情区,40.0,4.2
天津邮政博物馆,天津,天津,天津站/古文化街/意大利风情区,免费,4.6
瓷艺园,天津,天津,天津大学/南开大学,39.0,4.9
天津劝业场,天津,天津,滨江道/小白楼/五大道度假区,免费,4.6
北安桥,天津,天津,天津站/古文化街/意大利风情区,免费,4.6
九山顶自然风景区,天津,天津,梨木台/九山顶度假区,40.0,4.2
中国国家地理探索中心·天津,天津,天津,滨江道/小白楼/五大道度假区,169.0,4.4
天津科学技术馆,天津,天津,奥体中心/水上公园,免费,4.8
光合谷旅游度假区,天津,天津,团泊度假区,98.0,4.3
天津格格府典藏博物馆,天津,天津,天津西站商圈,10.0,4.7
天津泰达航母主题公园-潜艇,天津,天津,中新生态城/国家海博馆,免费,4.1
水西公园,天津,天津,天津大学/南开大学,免费,4.5
九龙山国家森林公园,天津,天津,梨木台/九山顶度假区,45.0,4.6
天津北疆博物院,天津,天津,滨江道/小白楼/五大道度假区,免费,4.9
东堤公园,天津,天津,中新生态城/国家海博馆,免费,4.6
观澜角公园,天津,天津,中新生态城/国家海博馆,免费,3.3
天津滨海大道沙滩公园,天津,天津,东疆湾度假区,免费,5.0
滨海科技馆,天津,天津,塘沽商业中心区,60.0,4.6
原东方汇理银行旧址,天津,天津,天津站/古文化街/意大利风情区,免费,4.6
小站练兵园,天津,天津,天津,45.0,4.3
滨海新区图书馆(中心馆区),天津,天津,塘沽商业中心区,免费,暂无评分
天津美术馆,天津,天津,奥体中心/水上公园,免费,4.5
天津音乐厅,天津,天津,滨江道/小白楼/五大道度假区,免费,4.9
勅建天后宮,天津,天津,天津站/古文化街/意大利风情区,免费,4.7
北京环球度假区,天津,北京,北京,388.0,4.6
精武门·中华武林园,天津,天津,西青大学城,26.8,4.1
故宫博物院,天津,北京,北京 · 天安门/王府井地区,70.0,4.9
八达岭长城,天津,北京,北京 · 八达岭长城/野生动物园地区,35.0,4.7
顾维钧旧居,天津,天津,滨江道/小白楼/五大道度假区,免费,暂无评分
海河游船(天津站码头),天津,天津,天津站/古文化街/意大利风情区,免费,暂无评分
天津文化中心,天津,天津,奥体中心/水上公园,免费,4.6
大光明桥,天津,天津,滨江道/小白楼/五大道度假区,免费,4.8
天津泰达航母主题公园航母编队基辅号航母三甲展区-作战指挥中心,天津,天津,中新生态城/国家海博馆,免费,1.0
天津广东会馆,天津,天津,天津站/古文化街/意大利风情区,免费,4.8
中国国家博物馆,天津,北京,北京 · 天安门/王府井地区,免费,暂无评分
塘沽外滩公园,天津,天津,塘沽商业中心区,免费,5.0
天津梅江会展中心,天津,天津,梅江会展中心商圈,免费,5.0
渔阳古街(渔阳北路),天津,天津,蓟州城区/鼓楼广场,免费,4.2
天津光合谷温泉中心,天津,天津,团泊度假区,108.0,4.7
金街,天津,天津,滨江道/小白楼/五大道度假区,免费,4.8
天山海世界米立方,天津,天津,天津,188.0,4.1
小白楼1902欧式风情街,天津,天津,滨江道/小白楼/五大道度假区,免费,4.7
安里甘艺术中心,天津,天津,滨江道/小白楼/五大道度假区,免费,4.6
玉龙滑雪场,天津,天津,盘山风景区及周边,40.0,3.6
八仙山自然保护区,天津,天津,梨木台/九山顶度假区,免费,4.4
安家大院,天津,天津,杨柳青商圈,18.0,3.7
天后宫,天津,天津,天津,免费,4.5
金钢桥,天津,天津,天津站/古文化街/意大利风情区,免费,4.8
天津滨海文化中心,天津,天津,塘沽商业中心区,免费,4.9
五大道公园,天津,天津,滨江道/小白楼/五大道度假区,免费,5.0
清真南大寺(欢庆西胡同),天津,天津,天津西站商圈,免费,4.7
睦南公园,天津,天津,滨江道/小白楼/五大道度假区,免费,4.7
蓟州文庙,天津,天津,蓟州城区/鼓楼广场,免费,4.3
石龙峡风景名胜区,天津,天津,梨木台/九山顶度假区,50.0,4.1
曹禺故居纪念馆,天津,天津,天津站/古文化街/意大利风情区,免费,暂无评分
津门,天津,天津,滨江道/小白楼/五大道度假区,免费,3.0
天津海昌极地海洋世界-鲨口脱险,天津,天津,塘沽商业中心区,免费,暂无评分
天津眼镜博物馆,天津,天津,滨江道/小白楼/五大道度假区,20.0,5.0
大沽口炮台遗址博物馆,天津,天津,天津,免费,1.0
恭王府,天津,北京,北京 · 后海/南锣鼓巷地区,40.0,4.8
泰安道英式风情区,天津,天津,滨江道/小白楼/五大道度假区,免费,5.0
天津滨海国家海洋公园,天津,天津,中新生态城/国家海博馆,免费,暂无评分
天津巧克力博物馆,天津,天津,滨江道/小白楼/五大道度假区,免费,暂无评分
三岔河口,天津,天津,天津之眼商圈,免费,4.5
东疆港海滩,天津,天津,东疆湾度假区,免费,4.0
海河东岸全景观光巴士,天津,天津,天津站/古文化街/意大利风情区,免费,4.0
泥人张美术馆,天津,天津,天津站/古文化街/意大利风情区,免费,4.9
南翠屏滑雪场,天津,天津,奥体中心/水上公园,免费,4.2
霍元甲纪念馆,天津,天津,西青大学城,免费,2.3
蓟州青龙脊高山漂流,天津,天津,盘山风景区及周边,免费,4.8
海河风景线,天津,天津,天津站/古文化街/意大利风情区,免费,5.0
天坛公园,天津,北京,北京 · 前门/天坛公园/崇文门,免费,4.7
南开大学-博物馆,天津,天津,天津大学/南开大学,免费,4.7
趵突泉景区,天津,济南,济南 · 大明湖/泉城广场,40.0,4.6
南翠屏公园,天津,天津,奥体中心/水上公园,免费,4.7
颐和园,天津,北京,北京 · 中关村/五道口,免费,4.7
桥园公园,天津,天津,滨海国际机场商圈,免费,4.6
吉姆都市冒险世界,天津,天津,滨海国际机场商圈,89.0,4.7
赤峰道,天津,天津,滨江道/小白楼/五大道度假区,免费,4.5
团泊湖温泉,天津,天津,团泊度假区,79.0,4.5
未来海洋展厅(国家海洋博物馆店),天津,天津,中新生态城/国家海博馆,免费,暂无评分
天津南湖绿博园风景区,天津,天津,天津,50.0,4.4
于桥水库,天津,天津,盘山风景区及周边,免费,4.2
南湾公园,天津,天津,中新生态城/国家海博馆,免费,4.3
慕田峪长城,天津,北京,北京 · 慕田峪长城/响水湖长城地区,45.0,4.8
仁爱团泊湖·国际休闲博览园,天津,天津,团泊度假区,免费,4.8
大理道,天津,天津,滨江道/小白楼/五大道度假区,免费,4.8
望海楼教堂,天津,天津,天津之眼商圈,免费,4.7
萨马兰奇纪念馆,天津,天津,团泊度假区,57.0,5.0
五大道地标钟,天津,天津,滨江道/小白楼/五大道度假区,免费,4.0
外滩码头游船,天津,天津,塘沽商业中心区,免费,暂无评分
中国银行博物馆(天津分馆),天津,天津,天津站/古文化街/意大利风情区,免费,4.0
天津运河不夜城,天津,天津,天津,68.0,3.2
解放北路历史文化街区,天津,天津,滨江道/小白楼/五大道度假区,免费,暂无评分
大明湖景区,天津,济南,济南 · 大明湖/泉城广场,免费,4.6
桃花堤公园,天津,天津,天津之眼商圈,免费,4.6
泡泡玛特城市乐园,天津,北京,北京 · 燕莎/朝阳公园商业区,98.0,4.5
蓟县鼓楼,天津,天津,蓟州城区/鼓楼广场,免费,4.4
青州古城,天津,青州,青州 · 青州古城/云门山,4.5,4.5
天津站-北广场,天津,天津,天津站/古文化街/意大利风情区,免费,4.2
朝阳公园,天津,北京,北京 · 燕莎/朝阳公园商业区,免费,4.7
马场道,天津,天津,奥体中心/水上公园,免费,4.9
什刹海风景区,天津,北京,北京 · 后海/南锣鼓巷地区,免费,4.7
北京野生动物园,天津,北京,北京,145.0,4.7
避暑山庄,天津,承德,承德 · 避暑山庄/二仙居商业街,130.0,4.6
天安门广场,天津,北京,北京 · 天安门/王府井地区,免费,暂无评分
天下第一泉风景区,天津,济南,济南 · 大明湖/泉城广场,免费,4.6
先农大院,天津,天津,滨江道/小白楼/五大道度假区,免费,4.4
只有红楼梦戏剧幻城,天津,廊坊,廊坊,153.0,4.8
鲁班庙,天津,天津,蓟州城区/鼓楼广场,免费,4.0
雍和宫,天津,北京,北京 · 三里屯/工体/东直门地区,免费,4.7
熊出没光头强之家,天津,天津,中新生态城/国家海博馆,免费,5.0
海河风景线-海河公园,天津,天津,天津站/古文化街/意大利风情区,免费,4.8
河头老街,天津,唐山,唐山,95.0,4.7
津沽旧事沉浸式剧情体验(赤峰道店),天津,天津,滨江道/小白楼/五大道度假区,55.0,5.0
天津极地海洋公园欧洲大马戏,天津,天津,塘沽商业中心区,免费,5.0
meland club(天津天河城店),天津,天津,滨江道/小白楼/五大道度假区,免费,4.9
阿那亚·秦皇岛,天津,昌黎,昌黎 · 阿那亚黄金海岸社区,免费,4.4
天津乐园冰雪大世界,天津,天津,奥体中心/水上公园,免费,暂无评分
名流茶馆(古文化街二店),天津,天津,天津站/古文化街/意大利风情区,49.9,4.3
龙顺庄园源璟度假区,天津,天津,天津,免费,4.1
佳沃世界,天津,天津,天津,150.0,4.8
山海关,天津,秦皇岛,秦皇岛 · 山海关站商圈,55.0,4.5
但丁广场,天津,天津,天津站/古文化街/意大利风情区,免费,4.7
俄罗斯风情街,天津,天津,中新生态城/国家海博馆,免费,暂无评分
金汤桥会师公园,天津,天津,天津站/古文化街/意大利风情区,免费,4.8
滨海鲤鱼门,天津,天津,中新生态城/国家海博馆,免费,4.3
西沽公园,天津,天津,天津之眼商圈,免费,4.7
泰达足球场,天津,天津,东疆湾度假区,免费,5.0
正定古城,天津,正定,正定 · 正定古城/隆兴寺,免费,4.7
海光寺,天津,天津,天津大学/南开大学,免费,4.7
五大道铜马车,天津,天津,滨江道/小白楼/五大道度假区,免费,5.0
山东博物馆,天津,济南,济南 · 奥体中心/万象城,免费,4.9
津北森林公园,天津,天津,天津,免费,4.6
国家自然博物馆,天津,北京,北京 · 前门/天坛公园/崇文门,免费,4.7
圆明园,天津,北京,北京 · 中关村/五道口,10.0,暂无评分
致远塔,天津,天津,天津之眼商圈,免费,5.0
eden春山里生态教育国际生活示范区,天津,天津,盘山风景区及周边,免费,4.8
银河地下商业广场,天津,天津,奥体中心/水上公园,免费,4.7
滨海广场,天津,天津,东疆湾度假区,免费,4.9
元明清天妃宫遗址博物馆,天津,天津,滨江道/小白楼/五大道度假区,免费,4.8
盛世澜湾酒店温泉,天津,天津,静海城区,73.0,4.3
南门外大街,天津,天津,天津大学/南开大学,免费,4.9
长虹生态园,天津,天津,天津大学/南开大学,免费,4.8
天津人民公园,天津,天津,滨江道/小白楼/五大道度假区,免费,4.8
泰丰公园,天津,天津,东疆湾度假区,免费,4.9
民国物语,天津,天津,天津南站商圈,59.0,4.7
吉鸿昌旧居,天津,天津,滨江道/小白楼/五大道度假区,36.0,暂无评分
五大道小洋楼,天津,天津,滨江道/小白楼/五大道度假区,免费,4.8
海河文化广场,天津,天津,天津站/古文化街/意大利风情区,免费,4.7
如意园,天津,天津,天津站/古文化街/意大利风情区,免费,4.8
睦南道,天津,天津,滨江道/小白楼/五大道度假区,免费,4.8
河东公园,天津,天津,天津站/古文化街/意大利风情区,免费,4.8
唐口公园,天津,天津,天津站/古文化街/意大利风情区,免费,4.9
王串场体育公园,天津,天津,天津站/古文化街/意大利风情区,免费,4.8
河滨公园,天津,天津,塘沽商业中心区,免费,4.8
天津数字艺术博物馆,天津,天津,天津站/古文化街/意大利风情区,免费,4.9
东丽广场,天津,天津,滨海国际机场商圈,免费,4.5
莲宗寺,天津,天津,滨江道/小白楼/五大道度假区,免费,4.7
阳光星期八,天津,天津,天津站/古文化街/意大利风情区,免费,4.8
光华桥,天津,天津,滨江道/小白楼/五大道度假区,免费,4.8
吕祖堂,天津,天津,天津西站商圈,免费,4.7
天津市第二工人文化宫,天津,天津,滨江道/小白楼/五大道度假区,免费,5.0
张作相旧居,天津,天津,滨江道/小白楼/五大道度假区,免费,4.7
童梦园-童童梦梦历险记(鹏欣水游城店),天津,天津,天津西站商圈,免费,4.9
荐福观音寺,天津,天津,滨江道/小白楼/五大道度假区,免费,4.8
中华曲苑,天津,天津,天津站/古文化街/意大利风情区,免费,4.6
今夕东丽湖景区,天津,天津,天津,200.0,4.8
金钢公园,天津,天津,天津之眼商圈,免费,4.8
梅江公园,天津,天津,梅江会展中心商圈,免费,4.7
天津欢乐水魔方,天津,天津,中新生态城/国家海博馆,免费,4.5
李叔同书法碑林,天津,天津,天津之眼商圈,免费,4.8
塘沽森林公园,天津,天津,塘沽商业中心区,免费,4.7
南开公园,天津,天津,天津大学/南开大学,免费,4.6
引滦入津工程纪念碑,天津,天津,天津之眼商圈,免费,暂无评分
大沽桥,天津,天津,天津站/古文化街/意大利风情区,免费,4.5
中心公园,天津,天津,滨江道/小白楼/五大道度假区,免费,4.7
V1汽车世界,天津,天津,佛罗伦萨小镇度假区,免费,4.9
杨柳青庄园,天津,天津,杨柳青商圈,免费,4.3
绿岛公园,天津,天津,塘沽商业中心区,免费,5.0
西南楼公园,天津,天津,奥体中心/水上公园,免费,4.6
天津杨柳青木版年画博物馆,天津,天津,奥体中心/水上公园,免费,4.6
老城博物馆,天津,天津,天津站/古文化街/意大利风情区,免费,4.7
富民公园,天津,天津,滨江道/小白楼/五大道度假区,免费,4.8
海门大桥,天津,天津,塘沽商业中心区,免费,4.9
庄王府,天津,天津,天津大学/南开大学,免费,4.7
南苑公园,天津,天津,奥体中心/水上公园,免费,4.6
海河桥,天津,天津,天津,免费,4.5
西岸艺术馆art station,天津,天津,滨江道/小白楼/五大道度假区,免费,4.8
华夏未来儿童公园,天津,天津,奥体中心/水上公园,免费,4.9
敦煌数字艺术馆,天津,天津,西青大学城,68.0,4.9
盘山风景名胜区-挂月峰,天津,天津,盘山风景区及周边,免费,4.8
法国公议局旧址-余门,天津,天津,天津站/古文化街/意大利风情区,免费,4.7
塘沽北塘渔村,天津,天津,塘沽商业中心区,免费,4.8
中山门公园,天津,天津,滨江道/小白楼/五大道度假区,免费,4.6
天妃码头,天津,天津,滨江道/小白楼/五大道度假区,免费,4.8
张自忠路海河带状公园,天津,天津,天津站/古文化街/意大利风情区,免费,4.5
天津大学(卫津路校区)-校史博物馆,天津,天津,天津大学/南开大学,免费,4.6
天津大学(卫津路校区青年湖),天津,天津,天津大学/南开大学,免费,4.9
耳闸公园,天津,天津,天津之眼商圈,免费,4.6
泰达CC Park,天津,天津,东疆湾度假区,免费,4.9
盐坨公园,天津,天津,天津之眼商圈,免费,4.8
北辰公园,天津,天津,刘园商圈,免费,4.8
张勋宅,天津,天津,滨江道/小白楼/五大道度假区,免费,4.8
杨柳青广场,天津,天津,杨柳青商圈,免费,4.9
紫云水岸香草园,天津,天津,梨木台/九山顶度假区,免费,4.3
于家堡村,天津,天津,东疆湾度假区,免费,4.8
天津湾公园,天津,天津,滨江道/小白楼/五大道度假区,免费,4.9
天津清真大寺,天津,天津,天津西站商圈,免费,4.4
大港公园,天津,天津,大港,免费,4.6
解放北园,天津,天津,滨江道/小白楼/五大道度假区,免费,4.9
亿利精灵乐园,天津,天津,中新生态城/国家海博馆,160.0,4.3
复兴公园,天津,天津,滨江道/小白楼/五大道度假区,免费,4.6
空港景观湖,天津,天津,滨海国际机场商圈,免费,4.8
天子津渡遗址公园,天津,天津,天津,免费,4.6
官银号(东马路),天津,天津,天津站/古文化街/意大利风情区,免费,5.0
鼓楼商业街,天津,天津,天津站/古文化街/意大利风情区,免费,4.4
解放路街,天津,天津,塘沽商业中心区,免费,4.9
汉沽国际版画藏书票收藏馆,天津,天津,中新生态城/国家海博馆,免费,5.0
原开滦矿务局大楼,天津,天津,滨江道/小白楼/五大道度假区,免费,4.7
东丽公园,天津,天津,滨海国际机场商圈,免费,4.6
李烛尘旧居,天津,天津,滨江道/小白楼/五大道度假区,免费,暂无评分
幸福公园,天津,天津,天津站/古文化街/意大利风情区,免费,4.8
天津觉悟社纪念馆,天津,天津,天津之眼商圈,免费,4.8
海河故道公园,天津,天津,新国家会展中心/津南大学城,免费,4.6
风湖公园,天津,天津,天津大学/南开大学,免费,4.9
佟楼文化公园,天津,天津,奥体中心/水上公园,免费,4.8
紫云公园,天津,天津,塘沽商业中心区,免费,4.7
周恩来总理像(卫津路),天津,天津,天津大学/南开大学,免费,暂无评分
王仲山故居,天津,天津,滨江道/小白楼/五大道度假区,免费,5.0
土山公园,天津,天津,滨江道/小白楼/五大道度假区,免费,4.5
潮音寺,天津,天津,塘沽商业中心区,免费,4.6
动物科学王国,天津,天津,团泊度假区,98.0,4.8
李纯祠堂,天津,天津,天津大学/南开大学,免费,4.9
天津战役烈士纪念碑,天津,天津,天津西站商圈,免费,暂无评分
惠民公园,天津,天津,滨海国际机场商圈,免费,5.0
曹家花园旧址,天津,天津,天津之眼商圈,免费,4.8
集贤体育公园,天津,天津,天津,免费,4.9
天津文庙博物馆,天津,天津,天津站/古文化街/意大利风情区,25.0,4.3
绿水园,天津,天津,天津大学/南开大学,免费,4.8
方舟公园,天津,天津,宁河城区,免费,4.8
翔宇公园,天津,天津,天津大学/南开大学,免费,4.8
王占元旧宅,天津,天津,滨江道/小白楼/五大道度假区,免费,4.9
二宫公园,天津,天津,滨江道/小白楼/五大道度假区,免费,4.9
基督教冈纬路堂,天津,天津,天津之眼商圈,免费,4.7
文化公园,天津,天津,佛罗伦萨小镇度假区,免费,3.5
天津市基督教会塘沽堂,天津,天津,塘沽商业中心区,免费,4.5
河西公园,天津,天津,中新生态城/国家海博馆,免费,4.3
利华大楼,天津,天津,滨江道/小白楼/五大道度假区,免费,4.8
冯国璋旧居,天津,天津,天津站/古文化街/意大利风情区,免费,4.9
衡水湖旅游景区,河北,衡水,衡水 · 衡水湖/园博园,免费,4.4
正定古城,河北,正定,正定 · 正定古城/隆兴寺,免费,4.7
河北博物院,河北,石家庄,石家庄 · 省博物馆/省政府,免费,4.8
易水湖景区,河北,易县,易县,135.0,4.5
避暑山庄,河北,承德,承德 · 避暑山庄/二仙居商业街,130.0,4.6
阿那亚·秦皇岛,河北,昌黎,昌黎 · 阿那亚黄金海岸社区,免费,4.4
广府古城,河北,邯郸,邯郸,免费,4.3
山海关,河北,秦皇岛,秦皇岛 · 山海关站商圈,55.0,4.5
河头老街,河北,唐山,唐山 · 河头老街,98.0,4.7
太舞滑雪小镇,河北,张家口,张家口 · 太舞小镇/万龙雪场,免费,4.8
老龙头,河北,秦皇岛,秦皇岛 · 山海关老龙头度假区,55.0,4.6
南戴河仙螺岛,河北,秦皇岛,秦皇岛 · 南戴河仙螺岛度假区,143.0,4.0
南戴河,河北,秦皇岛,秦皇岛 · 南戴河仙螺岛度假区,免费,4.5
鸽子窝公园,河北,秦皇岛,秦皇岛 · 鸽子窝/奥林匹克公园,35.0,4.5
渔田七里海度假区,河北,昌黎,昌黎 · 渔田七里海度假区/如是海度假村,129.0,4.7
只有红楼梦戏剧幻城,河北,廊坊,廊坊 · 会展中心/经济开发区,158.0,4.8
隆兴寺,河北,正定,正定 · 正定古城/隆兴寺,50.0,4.8
北戴河,河北,秦皇岛,秦皇岛 · 东海滩/碧螺塔公园,免费,4.6
新澳海底世界,河北,秦皇岛,秦皇岛 · 大学城周边/金梦海湾商圈,123.0,4.8
娲皇宫,河北,涉县,涉县,68.0,4.6
野三坡,河北,涞水,涞水,免费,4.6
普陀宗乘之庙,河北,承德,承德 · 避暑山庄/二仙居商业街,免费,4.7
响堂山石窟-北响堂山石窟,河北,邯郸,邯郸,80.0,4.5
正定荣国府,河北,正定,正定 · 正定古城/隆兴寺,40.0,4.4
乐岛海洋王国,河北,秦皇岛,秦皇岛 · 山海关欢乐海洋公园度假区,49.0,4.6
龙泉古镇·戏剧幻城,河北,石家庄,石家庄 · 西部长青/龙泉古镇,98.0,4.4
天下第一关,河北,秦皇岛,秦皇岛 · 山海关站商圈,60.0,4.5
金山岭长城,河北,滦平,滦平,62.0,4.7
东太行景区,河北,武安,武安,120.0,4.7
直隶总督署,河北,保定,保定 · 保定火车站/华创广场/总督署,35.0,4.6
百里天路,河北,丰宁,丰宁,115.0,4.9
秦皇岛野生动物园,河北,秦皇岛,秦皇岛,115.0,4.5
赵州桥,河北,赵县,赵县,29.8,4.1
万龙滑雪场,河北,张家口,张家口 · 太舞小镇/万龙雪场,350.0,4.7
万龙度假天堂,河北,张家口,张家口 · 太舞小镇/万龙雪场,免费,4.6
普宁寺,河北,承德,承德 · 避暑山庄/二仙居商业街,60.0,4.8
清东陵,河北,遵化,遵化,60.0,4.6
渔岛海洋度假区,河北,昌黎,昌黎 · 渔田七里海度假区/如是海度假村,65.0,4.7
中国马镇旅游度假区,河北,丰宁,丰宁 · 丰宁坝上草原/中国马镇旅游度假区,280.0,4.9
京娘湖,河北,武安,武安,62.0,4.6
白石山世界地质公园,河北,涞源,涞源,49.9,4.7
木兰围场,河北,围场,围场 · 塞罕坝度假区,免费,4.7
御道口草原森林风景区,河北,围场,围场,80.0,4.5
邯郸市博物馆,河北,邯郸,邯郸 · 美乐城/市博物馆,免费,4.6
吴桥杂技大世界,河北,吴桥,吴桥,120.0,4.5
丰宁坝上草原,河北,丰宁,丰宁 · 丰宁坝上草原/中国马镇旅游度假区,免费,4.7
唐山南湖开滦旅游景区,河北,唐山,唐山 · 唐山宴/南湖度假区,免费,4.6
云中草原,河北,丰宁,丰宁,98.0,5.0
秦皇岛港口工业旅游区,河北,秦皇岛,秦皇岛 · 秦皇岛西港花园,免费,4.6
丛台公园,河北,邯郸,邯郸 · 邯郸道/新世纪中心,免费,4.7
塞罕坝国家森林公园,河北,围场,围场 · 塞罕坝度假区,免费,4.7
雄安印象,河北,容城,容城,20.0,4.0
角山长城,河北,秦皇岛,秦皇岛,40.0,4.7
石家庄市动物园,河北,石家庄,石家庄 · 抱犊寨/动物园,30.0,4.7
山海关古城景区,河北,秦皇岛,秦皇岛 · 山海关站商圈,免费,4.6
多玛乐园,河北,唐山,唐山,159.0,4.6
抱犊寨,河北,石家庄,石家庄 · 抱犊寨/动物园,57.0,4.4
大境门景区,河北,张家口,张家口 · 长途汽车站/环城高速区,13.0,4.4
金梦海湾浴场,河北,秦皇岛,秦皇岛 · 大学城周边/金梦海湾商圈,免费,4.3
太行五指山景区,河北,涉县,涉县,68.0,4.3
密苑云顶乐园,河北,张家口,张家口 · 太舞小镇/万龙雪场,410.0,4.5
苍岩山风景区,河北,井陉,井陉,65.0,4.5
邯郸方特国色春秋,河北,临漳,临漳,99.0,4.6
富龙滑雪场,河北,张家口,张家口 · 崇礼城区,免费,4.5
神仙谷七彩森林国际旅游度假区,河北,丰宁,丰宁 · 丰宁坝上草原/中国马镇旅游度假区,120.0,4.7
漫山花溪谷,河北,灵寿,灵寿,80.0,4.5
草原天路,河北,张北,张北,免费,4.7
邢台大峡谷,河北,邢台,邢台,48.0,4.3
百里峡,河北,涞水,涞水,98.0,4.7
七步沟风景区,河北,武安,武安,80.0,4.5
张北坝上草原,河北,张北,张北,免费,4.6
滦州古城,河北,滦州,滦州,免费,4.3
天河山,河北,邢台,邢台,67.0,4.5
大洼村,河北,涉县,涉县,免费,4.1
沧州铁狮与旧城遗址公园,河北,沧县,沧县,20.0,4.5
磬锤峰国家森林公园,河北,承德,承德,25.0,4.7
淮军公所,河北,保定,保定 · 保定火车站/华创广场/总督署,25.0,4.6
清西陵,河北,易县,易县,108.0,4.7
公主号拜海船,河北,秦皇岛,秦皇岛 · 秦皇岛西港花园,168.0,4.2
白洋淀景区,河北,雄县,雄县,185.0,暂无评分
鸡鸣驿古城,河北,怀来,怀来,35.0,4.0
莲池书院博物馆(古莲花池),河北,保定,保定 · 保定火车站/华创广场/总督署,免费,4.5
石家庄市毗卢寺博物院,河北,石家庄,石家庄 · 河北经贸大学/河北政法职业学院,20.0,4.6
暖泉古镇,河北,蔚县,蔚县,免费,4.3
库伦淖尔旅游度假区,河北,沽源,沽源,50.0,4.3
檀邑溪谷景区,河北,张家口,张家口,39.9,5.0
中国大运河非物质文化遗产展示馆,河北,沧州,沧州,免费,4.8
祖山风景区,河北,秦皇岛,秦皇岛,110.0,4.9
阿那亚礼堂,河北,昌黎,昌黎 · 阿那亚黄金海岸社区,免费,4.5
西柏坡景区,河北,平山,平山,免费,暂无评分
翠云山银河滑雪场,河北,张家口,张家口 · 崇礼城区,350.0,4.3
白鹿温泉,河北,平山,平山,159.0,4.8
仙螺岛跨海索道,河北,秦皇岛,秦皇岛 · 南戴河仙螺岛度假区,免费,2.2
石家庄海洋公园(海悦天地购物广场店),河北,石家庄,石家庄 · 新百广场/万象城,70.0,4.5
南戴河国际娱乐中心,河北,秦皇岛,秦皇岛,69.0,4.4
赵云庙,河北,正定,正定 · 正定古城/隆兴寺,20.0,4.3
滦河神韵,河北,沽源,沽源,58.8,4.5
蔚蓝海岸度假区,河北,秦皇岛,秦皇岛 · 蔚蓝海岸度假区,免费,4.7
嶂石岩,河北,赞皇,赞皇,64.7,4.6
狼牙山,河北,易县,易县,69.8,暂无评分
圣蓝海洋公园,河北,昌黎,昌黎 · 阿那亚黄金海岸社区,58.6,4.1
北朝考古博物馆,河北,磁县,磁县,免费,4.6
老虎石海上公园,河北,秦皇岛,秦皇岛 · 中海滩/老虎石公园,免费,4.4
开元寺塔,河北,定州,定州,30.0,4.4
黄金海岸风景区,河北,昌黎,昌黎,免费,4.5
阿那亚·雾灵山,河北,兴隆,兴隆,免费,3.7
须弥福寿之庙,河北,承德,承德 · 避暑山庄/二仙居商业街,免费,4.7
孤独图书馆,河北,昌黎,昌黎 · 阿那亚黄金海岸社区,免费,4.2
英谈古寨,河北,邢台,邢台,免费,4.7
羊肠河湿地,河北,丰宁,丰宁,78.0,5.0
胜芳古镇,河北,霸州,霸州,免费,3.9
如是海度假村,河北,昌黎,昌黎 · 渔田七里海度假区/如是海度假村,免费,4.2
富龙四季小镇,河北,张家口,张家口 · 崇礼城区,免费,4.5
唐山饮食文化博物馆,河北,唐山,唐山 · 唐山宴/南湖度假区,免费,4.4
沧州园博园,河北,沧州,沧州,免费,4.4
兴隆山景区,河北,兴隆,兴隆,200.0,4.5
古武当山,河北,武安,武安,45.88,4.4
天梯山景区,河北,邢台,邢台,26.0,3.8
北戴河集发梦想王国,河北,秦皇岛,秦皇岛 · 海滨公园/热带植物园,57.8,4.3
邯郸道历史文化街区-南区,河北,邯郸,邯郸 · 邯郸道/新世纪中心,免费,4.9
佛照山,河北,沙河,沙河,免费,5.0
大名古城,河北,大名,大名,免费,4.8
赤水湾古镇,河北,涉县,涉县,49.0,4.3
秦皇求仙入海处,河北,秦皇岛,秦皇岛 · 秦皇岛西港花园,免费,3.8
响堂山石窟-南响堂山石窟,河北,邯郸,邯郸,19.0,4.7
翠云山旅游度假区,河北,张家口,张家口,免费,4.6
阿那亚·金山岭,河北,滦平,滦平,免费,3.5
联峰山,河北,秦皇岛,秦皇岛,23.0,4.7
黑龙洞,河北,邯郸,邯郸,免费,4.8
中国古动物馆(保定自然博物馆),河北,保定,保定 · 保定东站/河大新区/保定学院,免费,4.7
开滦国家矿山公园,河北,唐山,唐山 · 万达商圈,免费,4.5
御源醴泉,河北,遵化,遵化,139.0,4.9
崆山白云洞,河北,临城,临城,60.0,4.4
大明幻境第一城,河北,香河,香河,49.9,4.1
南川老街,河北,沧州,沧州 · 南川老街/清风楼,免费,4.7
邺城考古博物馆,河北,临漳,临漳,免费,4.9
冉庄地道战纪念馆,河北,保定,保定,免费,4.5
承德博物馆,河北,承德,承德 · 避暑山庄/二仙居商业街,免费,4.6
麻田岭,河北,蔚县,蔚县,免费,4.7
天生桥风景区,河北,阜平,阜平,64.8,4.6
燕塞湖鸟语林,河北,秦皇岛,秦皇岛,54.0,4.0
磁州水墨园,河北,磁县,磁县,19.9,4.6
闪电湖京北湿地草原,河北,沽源,沽源,29.9,4.1
邯郸市成语博物馆,河北,邯郸,邯郸 · 邯郸道/新世纪中心,20.0,4.7
蔚州古城景区,河北,蔚县,蔚县,免费,4.4
满城汉墓,河北,保定,保定,8.0,4.4
吴桥杂技幻乐城,河北,吴桥,吴桥,80.0,2.8
昌黎国际滑沙中心,河北,昌黎,昌黎 · 阿那亚黄金海岸社区,39.9,4.1
普乐寺,河北,承德,承德 · 避暑山庄/二仙居商业街,30.0,4.9
秦皇之眼摩天轮,河北,秦皇岛,秦皇岛 · 大学城周边/金梦海湾商圈,57.8,4.8
雾灵山生态旅游区,河北,兴隆,兴隆 · 雾灵西峰/云岫谷,108.0,4.6
雄安辛玛森林动物乐园,河北,容城,容城,127.9,4.6
月岛,河北,乐亭,乐亭,88.0,4.3
唐山旅游岛,河北,乐亭,乐亭,免费,3.1
恋乡太行水镇,河北,易县,易县,免费,4.7
揽月湾景区,河北,唐山,唐山,免费,3.7
双塔山,河北,承德,承德,50.0,4.7
雪如意滑雪场,河北,张家口,张家口 · 太舞小镇/万龙雪场,免费,3.4
正定古城-开元寺,河北,正定,正定 · 正定古城/隆兴寺,免费,4.7
云梦山风景区,河北,邢台,邢台,39.9,4.0
河头老街-游船,河北,唐山,唐山 · 河头老街,免费,4.5
定州博物馆,河北,定州,定州,免费,4.7
驼梁风景区,河北,平山,平山,65.0,4.6
邯郸鲲乐湾国际旅游度假区,河北,临漳,临漳,58.0,4.9
学步桥,河北,邯郸,邯郸 · 邯郸道/新世纪中心,免费,4.5
小五台金河景区,河北,蔚县,蔚县,68.0,4.6
追梦坝上草原,河北,围场,围场 · 御道口草原森林风景区,513.0,2.8
菲奢尔海景温泉,河北,昌黎,昌黎 · 渔田七里海度假区/如是海度假村,128.0,4.4
幻境空间·超级元宇宙(石家庄店),河北,石家庄,石家庄 · 河北外国语学院/师大汇华学院/西美花街,免费,5.0
定州贡院,河北,定州,定州,50.0,4.6
孟姜女庙,河北,秦皇岛,秦皇岛,25.0,4.1
秦皇岛市玻璃博物馆,河北,秦皇岛,秦皇岛 · 秦皇岛西港花园,免费,4.6
石家庄极地海洋世界,河北,石家庄,石家庄 · 抱犊寨/动物园,108.0,4.6
唐山地震遗址纪念公园,河北,唐山,唐山 · 唐山宴/南湖度假区,免费,暂无评分
金梦海湾帆船,河北,秦皇岛,秦皇岛 · 大学城周边/金梦海湾商圈,免费,4.2
冰塘峪,河北,秦皇岛,秦皇岛,68.0,4.5
沕沕水生态风景区,河北,平山,平山,60.0,4.3
皮影主题乐园,河北,唐山,唐山 · 唐山宴/南湖度假区,39.9,4.5
秦皇岛浅水湾浴场,河北,秦皇岛,秦皇岛 · 森林湿地公园,免费,4.3
千松坝国家森林公园,河北,丰宁,丰宁 · 丰宁坝上草原/中国马镇旅游度假区,120.0,4.6
UCCA沙丘美术馆,河北,昌黎,昌黎 · 阿那亚黄金海岸社区,免费,4.3
中国磁州窑博物馆,河北,磁县,磁县,免费,4.5
西大街,河北,保定,保定,免费,5.0
贝壳王国,河北,秦皇岛,秦皇岛 · 南戴河仙螺岛度假区,65.0,4.6
海坨山谷国际旅游度假区,河北,赤城,赤城 · 国家高山滑雪中心/世园国际旅游度假区,55.0,3.7
西部长青–德明古镇,河北,石家庄,石家庄 · 西部长青/龙泉古镇,免费,4.6
坝上草原大汗行宫旅游景区,河北,丰宁,丰宁 · 丰宁坝上草原/中国马镇旅游度假区,58.0,4.1
国家一号风景大道(御道口起点),河北,围场,围场 · 塞罕坝度假区,免费,4.0
唐山博物馆,河北,唐山,唐山 · 万达商圈,免费,4.6
天门山景区,河北,宽城,宽城,80.0,3.7
西部长青温泉谷,河北,石家庄,石家庄 · 西部长青/龙泉古镇,188.0,4.7
邢台博物馆,河北,邢台,邢台 · 邢台火车站/新世纪广场/人民医院,免费,4.7
段家楼沉浸乐园,河北,石家庄,石家庄,58.0,5.0
石家庄植物园,河北,石家庄,石家庄 · 抱犊寨/动物园,5.0,4.6
石家庄1947,河北,石家庄,石家庄 · 新百广场/万象城,98.0,4.8
衡水湖·冀州古城遗址,河北,衡水,衡水 · 衡水湖/园博园,16.0,4.5
文庙,河北,定州,定州,30.0,4.5
中国唐山地震博物馆,河北,唐山,唐山 · 唐山宴/南湖度假区,免费,暂无评分
黄骅港金沙滩,河北,海兴,海兴,免费,3.7
水瀑沟风景区,河北,易县,易县,29.9,4.5
阿那亚·崇礼,河北,张家口,张家口 · 崇礼城区,免费,5.0
桑干河大峡谷旅游区,河北,张家口,张家口,50.0,4.4
石家庄解放纪念馆,河北,石家庄,石家庄 · 新百广场/万象城,免费,4.8
正定热雪奇迹,河北,正定,正定,248.0,4.9
衡水野生动物园,河北,武邑,武邑,29.0,4.4
天桂山风景区,河北,平山,平山,19.9,4.7
岐山湖风景区,河北,临城,临城,35.6,4.4
邢州古城,河北,邢台,邢台 · 邢台火车站/新世纪广场/人民医院,免费,5.0
大慈阁,河北,保定,保定 · 保定火车站/华创广场/总督署,免费,4.5
宣化古城,河北,张家口,张家口 · 宣化旅游度假区,免费,4.7
邯郸朱山乐园,河北,邯郸,邯郸,29.8,4.5
须弥福寿之庙-外八庙景区,河北,承德,承德 · 避暑山庄/二仙居商业街,免费,4.8
野三坡清泉山风景区,河北,涞水,涞水,免费,4.0
圣托里尼·蓝顶海景温泉,河北,秦皇岛,秦皇岛 · 秦皇岛西港花园,128.0,4.5
秦皇岛博物馆,河北,秦皇岛,秦皇岛 · 大学城周边/金梦海湾商圈,免费,4.2
赵王城遗址公园,河北,邯郸,邯郸,免费,4.5
山叶口景区,河北,迁安,迁安,49.9,4.6
鸡鸣山旅游风景区,河北,怀来,怀来,50.0,4.6
丝绸之路国际艺术交流中心,河北,廊坊,廊坊 · 会展中心/经济开发区,免费,4.3
张家口堡景区,河北,张家口,张家口 · 文化广场/火车北站区,免费,4.7
碧螺塔,河北,秦皇岛,秦皇岛 · 东海滩/碧螺塔公园,免费,4.3
北戴河不同艺术小镇,河北,秦皇岛,秦皇岛 · 怪楼奇缘,140.0,4.2
河间府署,河北,河间,河间,40.0,4.5
秦皇喵号主题游船,河北,秦皇岛,秦皇岛 · 山海关老龙头度假区,98.0,4.9
武家大院,河北,邯郸,邯郸,29.9,4.5
山海关中国长城博物馆,河北,秦皇岛,秦皇岛,免费,4.4
九龙潭自然风景区,河北,兴隆,兴隆,55.0,4.3
于家石头村,河北,井陉,井陉,50.0,4.1
红崖谷景区,河北,平山,平山,29.9,3.4
隆福寺,河北,廊坊,廊坊,免费,4.9
山海关景区·老龙头-澄海楼,河北,秦皇岛,秦皇岛 · 山海关老龙头度假区,免费,4.5
玉皇阁,河北,蔚县,蔚县,免费,4.6
回车巷遗址,河北,邯郸,邯郸 · 邯郸道/新世纪中心,免费,4.1
西柏坡纪念馆,河北,平山,平山,免费,暂无评分
秦皇古驿道风景区,河北,井陉,井陉,19.9,4.6
怪楼奇园,河北,秦皇岛,秦皇岛 · 怪楼奇缘,免费,4.0
菩提岛,河北,乐亭,乐亭,免费,4.3
唐山抗震纪念馆,河北,唐山,唐山 · 万达商圈,免费,暂无评分
沧州博物馆,河北,沧州,沧州 · 沧州西站/会展中心,免费,4.4
西部长青,河北,石家庄,石家庄 · 西部长青/龙泉古镇,免费,4.3
唐山海洋馆,河北,唐山,唐山,88.0,4.5
北戴河欢乐湾,河北,秦皇岛,秦皇岛 · 东海滩/碧螺塔公园,免费,4.9
抱香谷,河北,邢台,邢台,47.0,3.6
清风峡生态旅游区,河北,平山,平山,49.9,3.6
大青山国际旅游度假区,河北,尚义,尚义,198.0,4.2
邢台大开元寺,河北,邢台,邢台 · 邢台火车站/新世纪广场/人民医院,免费,4.4
碣石山景区,河北,昌黎,昌黎,34.0,4.5
定州古城,河北,定州,定州,免费,4.6
西游记乐园,河北,石家庄,石家庄 · 新百广场/万象城,48.0,4.9
唐山动物园,河北,唐山,唐山,免费,4.5
山海关王家大院,河北,秦皇岛,秦皇岛 · 山海关站商圈,30.0,3.9
野三坡百草畔景区,河北,涞水,涞水,60.0,4.6
弘济桥,河北,邯郸,邯郸,免费,4.1
阿那亚艺术中心(黄金海岸店),河北,昌黎,昌黎 · 阿那亚黄金海岸社区,免费,5.0
朝阳沟景区,河北,武安,武安,59.9,3.9
承德避暑山庄-烟雨楼,河北,承德,承德 · 避暑山庄/二仙居商业街,免费,4.5
中国马镇舞马世界主题乐园,河北,丰宁,丰宁 · 丰宁坝上草原/中国马镇旅游度假区,280.0,4.6
安远庙,河北,承德,承德 · 避暑山庄/二仙居商业街,10.0,4.5
黄粱梦吕仙祠,河北,邯郸,邯郸,免费,4.2
阿尔卡迪亚海滩,河北,昌黎,昌黎 · 阿那亚黄金海岸社区,免费,3.7
秦皇岛市海港区,河北,秦皇岛,秦皇岛 · 人民广场区,免费,5.0
娲皇宫广场,河北,涉县,涉县,免费,4.8
浪淘沙号游船,河北,秦皇岛,秦皇岛 · 东海滩/碧螺塔公园,108.0,4.9
大运河游船,河北,沧州,沧州,50.0,3.4
阁院寺,河北,涞源,涞源 · 涞源城区,免费,4.7
鱼谷洞泉自然风景区,河北,涞水,涞水,65.0,4.3
大梁江古村落,河北,井陉,井陉,免费,4.5
正定博物馆,河北,正定,正定 · 正定古城/隆兴寺,免费,4.7
全胜峡景区,河北,唐县,唐县,29.9,4.2
长寿山,河北,秦皇岛,秦皇岛,30.0,4.4
广惠寺-华塔,河北,正定,正定 · 正定古城/隆兴寺,免费,4.7
邢台峡谷漂流,河北,邢台,邢台,158.0,4.0
北戴河浅水湾帆船基地,河北,秦皇岛,秦皇岛 · 鸽子窝/奥林匹克公园,96.0,4.0
锦绣大明川(树桥公园),河北,灵寿,灵寿,68.0,4.4
闪电河国家湿地公园,河北,沽源,沽源,免费,暂无评分
保定市动物园,河北,保定,保定 · 保定火车站/华创广场/总督署,15.0,4.7
阿那亚崇礼拾雪川滑雪场,河北,张家口,张家口 · 崇礼城区,免费,4.6
京东第一温泉度假村,河北,大厂,大厂,91.0,4.8
金山岭银河滑雪场,河北,滦平,滦平,260.0,4.5
黑龙洞群泉公园,河北,邯郸,邯郸,免费,5.0
柏林禅寺,河北,赵县,赵县,免费,4.8
求仙6号游船,河北,秦皇岛,秦皇岛 · 山海关老龙头度假区,免费,5.0
天女小镇,河北,秦皇岛,秦皇岛,免费,5.0
寻仙1号游船,河北,秦皇岛,秦皇岛 · 秦皇岛西港花园,免费,4.9
左右山谷,河北,卢龙,卢龙,54.0,4.9
金士通国际葡萄酒庄,河北,昌黎,昌黎,免费,5.0
黄金寨原生态旅游区,河北,平山,平山,9.9,4.8
宣化人民公园,河北,张家口,张家口 · 宣化旅游度假区,免费,4.9
南湖公园,河北,保定,保定 · 地质大学长城学院/科技学院,免费,5.0
圣坡水倒流儿童拓展乐园,河北,迁安,迁安,30.0,5.0
迪山云顶风景区,河北,灵寿,灵寿,60.0,5.0
王母山,河北,平山,平山,30.0,4.9
万柳公园,河北,张家口,张家口 · 宣化旅游度假区,免费,4.9
清河源综合旅游度假区,河北,宽城,宽城,免费,4.8
保定市林草生态园,河北,保定,保定,免费,4.9
河北省地质博物馆,河北,石家庄,石家庄 · 西王客运站/白求恩和平医院,免费,4.9
阿尔卡迪亚滨海度假酒店荣和心苑温泉,河北,昌黎,昌黎 · 阿那亚黄金海岸社区,128.0,4.5
承德市避暑山庄博物馆,河北,承德,承德 · 避暑山庄/二仙居商业街,免费,4.8
河北线装书博物馆,河北,吴桥,吴桥,19.9,5.0
水上公园,河北,石家庄,石家庄 · 石家庄北站/省二院/水上公园,免费,4.8
李大钊纪念馆,河北,乐亭,乐亭,免费,暂无评分
雨花谷薰衣草庄园,河北,迁西,迁西,免费,4.8
萌宠奇缘,河北,石家庄,石家庄 · 石家庄北站/省二院/水上公园,59.0,4.6
乐行自行车运动乐园,河北,固安,固安 · 大兴北京新机场地区,免费,4.7
元宝山风景区,河北,邯郸,邯郸,免费,4.9
鼎峰汗蒸世界,河北,石家庄,石家庄 · 西王客运站/白求恩和平医院,免费,4.4
长安公园,河北,石家庄,石家庄 · 北国商城/勒泰中心,免费,4.8
兴芮水世界,河北,保定,保定,免费,4.5
中山国王陵陈列馆,河北,平山,平山,50.0,4.9
民族风情园,河北,平山,平山,9.9,4.8
自然公园,河北,廊坊,廊坊,免费,4.7
兴芮温泉汇馆,河北,保定,保定,30.0,4.5
金融街古泉小镇•星空水世界,河北,遵化,遵化,88.0,4.8
工业文化主题公园,河北,张家口,张家口 · 文化广场/火车北站区,免费,4.9
河北省园博园,河北,正定,正定 · 国际会展中心/奥体中心,免费,4.7
九天休闲谷,河北,廊坊,廊坊 · 廊坊万达广场/新朝阳购物中心,免费,4.8
海山公园,河北,石家庄,石家庄 · 抱犊寨/动物园,免费,4.9
龙井关长城漂流景区,河北,迁西,迁西,160.0,4.7
保定植物园,河北,保定,保定 · 植物园/金融学院,免费,4.8
缥缈间温泉,河北,平山,平山,154.0,4.6
保府大院,河北,保定,保定,80.0,4.6
世纪公园,河北,石家庄,石家庄 · 怀特广场/万达广场,免费,4.8
长城岭银河滑雪场,河北,张家口,张家口,免费,4.8
辛玛王国游乐园,河北,石家庄,石家庄 · 抱犊寨/动物园,免费,4.4
天元谷度假区,河北,迁安,迁安,免费,4.6
瑞阁温泉酒店温泉中心,河北,固安,固安,138.0,4.4
国御温泉,河北,石家庄,石家庄,168.0,4.6
西柏坡中共中央旧址,河北,平山,平山,免费,暂无评分
恋乡农场(玉米冒险村),河北,易县,易县,39.0,4.7
铭钏湾温泉水上乐园,河北,雄县,雄县,免费,4.6
锦泰温泉度假村,河北,安新,安新,89.0,4.2
玉龙湾滑雪场,河北,玉田,玉田,68.0,4.5
正定城墙,河北,正定,正定 · 正定古城/隆兴寺,免费,4.7
美泉世界温泉,河北,雄县,雄县,免费,4.6
龙湖公园,河北,邯郸,邯郸 · 美乐城/市博物馆,免费,4.6
勒泰欧悦真冰场(勒泰中心店),河北,石家庄,石家庄 · 北国商城/勒泰中心,免费,4.9
景忠山,河北,迁西,迁西,60.0,4.7
秦皇岛森林体育公园,河北,秦皇岛,秦皇岛 · 大学城周边/金梦海湾商圈,免费,4.6
狼牙山滑雪场,河北,易县,易县,免费,4.1
河北地质大学地球科学博物馆,河北,石家庄,石家庄 · 空中花园/河北地质大学,免费,4.7
梦东方未来世界,河北,三河,三河,129.0,4.4
新世纪公园,河北,秦皇岛,秦皇岛 · 人民广场区,免费,4.7
北岳庙,河北,曲阳,曲阳,40.0,4.5
武强年画博物馆,河北,武强,武强,免费,4.7
多乐美地滑雪场,河北,张家口,张家口,免费,4.0
东环公园,河北,石家庄,石家庄 · 空中花园/河北地质大学,免费,4.9
青山关,河北,迁西,迁西,45.0,4.8
东北大学(秦皇岛分校),河北,秦皇岛,秦皇岛 · 大学城周边/金梦海湾商圈,免费,4.8
狼牙山龙门湖沙滩欢乐世界,河北,易县,易县,免费,4.4
正定府大菩萨,河北,正定,正定 · 正定古城/隆兴寺,免费,4.6
山西王家大院,山西,灵石,灵石 · 王家大院,免费,4.7
平遥古城,山西,平遥县,平遥县 · 平遥古城内,121.0,4.6
乔家大院文化园区,山西,祁县,祁县 · 乔家大院,115.0,4.7
晋祠博物馆,山西,太原,太原 · 太原古县城/晋祠,78.0,4.8
山西黄河壶口瀑布旅游区,山西,吉县,吉县 · 黄河壶口风景区,75.0,4.7
云冈石窟,山西,大同,大同,120.0,4.8
应县木塔景区,山西,应县,应县,48.0,4.8
悬空寺,山西,浑源,浑源,免费,4.7
华严寺,山西,大同,大同 · 大同古城/华严寺,50.0,4.8
小西天,山西,隰县,隰县,35.0,4.8
山西博物院,山西,太原,太原 · 山西博物院/太原新城吾悦广场,免费,4.8
忻州古城,山西,忻州,忻州 · 忻州古城,免费,4.7
雁门关景区,山西,代县,代县,85.0,4.7
大同古城,山西,大同,大同 · 大同古城/华严寺,免费,4.7
太行山大峡谷八泉峡景区,山西,壶关,壶关,100.0,4.6
五台山,山西,五台县,五台县 · 殊像寺,135.0,4.6
太原植物园,山西,太原,太原 · 太原古县城/晋祠,50.0,4.7
太原古县城景区,山西,太原,太原 · 太原古县城/晋祠,免费,4.0
鹳雀楼,山西,永济,永济,54.0,4.5
善化寺,山西,大同,大同 · 大同古城/华严寺,40.0,4.8
恒山,山西,浑源,浑源,45.0,4.5
东湖醋园,山西,太原,太原 · 太原火车站,7.0,4.9
广胜寺,山西,洪洞,洪洞,68.0,4.8
双林寺,山西,平遥县,平遥县 · 平遥古城外,33.0,4.8
代王府·大明百戏园,山西,大同,大同 · 大同古城/华严寺,98.0,4.5
净土寺,山西,应县,应县,15.0,4.7
皇城相府,山西,阳城,阳城 · 皇城相府景区,120.0,4.6
九龙壁,山西,大同,大同 · 大同古城/华严寺,10.0,4.5
蒙山大佛,山西,太原,太原,50.0,4.6
永乐宫,山西,芮城,芮城,60.0,4.7
大同古城墙,山西,大同,大同 · 大同古城/华严寺,免费,4.3
大同市博物馆,山西,大同,大同 · 大同市博物馆/大同市体育中心,免费,4.5
晋商博物院,山西,太原,太原 · 柳巷/钟楼街,38.0,4.8
洪洞大槐树寻根祭祖园,山西,洪洞,洪洞,75.0,4.5
太原北齐壁画博物馆,山西,太原,太原 · 太原火车站,35.0,4.8
司徒小镇,山西,晋城,晋城,免费,4.4
运城关公故里文化旅游景区,山西,运城,运城,60.0,4.8
镇国寺,山西,平遥县,平遥县,23.0,4.8
中国煤炭博物馆,山西,太原,太原 · 山西博物院/太原新城吾悦广场,60.0,4.4
绵山风景区,山西,介休,介休 · 绵山风景区,160.0,4.6
晋华宫国家矿山公园,山西,大同,大同,免费,4.5
通天峡风景区,山西,平顺,平顺,80.0,4.4
黄崖洞文化旅游区,山西,黎城,黎城,90.0,4.8
永安寺,山西,浑源,浑源,免费,4.8
碛口古镇,山西,临县,临县 · 碛口国家级风景名胜区/李家山村,免费,4.2
钟楼街,山西,太原,太原 · 柳巷/钟楼街,免费,4.6
普救寺·西厢记,山西,永济,永济,60.0,4.4
芦芽山旅游度假区,山西,宁武,宁武,70.0,4.2
张壁古堡,山西,介休,介休,75.0,4.6
大同方特欢乐世界,山西,大同,大同 · 大同方特欢乐世界/大同平城万达广场,159.0,4.7
太原动物园,山西,太原,太原 · 太原动物园/太原森林公园,10.0,4.3
太行山大峡谷,山西,壶关,壶关,100.0,4.6
朔州崇福寺景区,山西,朔州,朔州,30.0,4.8
太原方特东方神画,山西,阳曲,阳曲,159.0,4.6
晋阳古城遗址,山西,太原,太原 · 太原古县城/晋祠,免费,4.4
云丘山景区,山西,乡宁,乡宁,89.99,4.5
寺头关帝庙,山西,平陆,平陆,免费,4.5
李家大院,山西,万荣,万荣,54.0,4.7
万荣县飞云楼景区,山西,万荣,万荣,10.0,4.9
晋祠天龙山景区,山西,太原,太原,50.0,4.8
万年冰洞,山西,宁武,宁武,120.0,4.3
晋祠胜境,山西,太原,太原 · 太原古县城/晋祠,免费,4.8
高平铁佛寺,山西,高平,高平,免费,4.6
尧庙,山西,临汾,临汾,35.0,4.4
黄河大梯子崖,山西,河津,河津,58.0,4.7
王莽岭风景区,山西,陵川,陵川,90.0,4.4
广仁王庙,山西,芮城,芮城,15.0,4.3
平遥古城墙,山西,平遥县,平遥县 · 平遥古城内,121.0,4.5
蒙山景区,山西,太原,太原,50.0,4.6
柳巷,山西,太原,太原 · 柳巷/钟楼街,免费,4.6
天龙山石窟,山西,太原,太原,50.0,4.6
大同火山群国家地质公园,山西,大同,大同,免费,4.4
双塔寺,山西,太原,太原 · 太原火车站,免费,4.6
双塔公园,山西,太原,太原 · 太原火车站,免费,4.5
运城盐湖,山西,运城,运城,39.9,4.3
榆次老城,山西,晋中,晋中 · 榆次老城商圈,免费,4.4
娘子关景区,山西,平定,平定,137.0,4.4
大同土林,山西,大同,大同,50.0,4.3
悬空村,山西,宁武,宁武,70.0,4.3
佛光寺,山西,五台县,五台县,免费,4.9
后土祠,山西,万荣,万荣,20.0,4.8
《又见五台山》情境体验剧,山西,五台县,五台县 · 景区南门/又见剧场,223.0,4.5
湘峪古堡,山西,沁水,沁水,65.0,4.5
太行赤壁悬流景区,山西,平顺,平顺,80.0,4.3
浑源古城,山西,浑源,浑源,免费,4.7
东岳庙,山西,蒲县,蒲县,35.0,4.7
圆觉寺,山西,浑源,浑源,免费,4.6
常家庄园,山西,晋中,晋中,80.0,4.6
北武当山,山西,方山,方山,71.9,4.1
偏关老牛湾景区,山西,偏关,偏关,64.0,4.1
汾城古城景区,山西,襄汾,襄汾,免费,4.2
五一广场,山西,太原,太原 · 柳巷/钟楼街,免费,4.7
盂县藏山旅游风景名胜区,山西,盂县,盂县,80.0,4.5
碛口国家级风景名胜区,山西,临县,临县,免费,4.5
华门,山西,临汾,临汾,35.0,4.3
关帝圣像,山西,运城,运城,38.0,4.4
福胜寺,山西,新绛,新绛,18.0,4.9
满江红影视基地,山西,太原,太原 · 太原古县城/晋祠,60.0,4.2
山西青铜博物馆,山西,太原,太原 · 万象城/博物馆,免费,4.7
督军府旧址,山西,太原,太原 · 柳巷/钟楼街,免费,4.9
殊像寺,山西,五台县,五台县 · 殊像寺,免费,4.7
日升昌票号,山西,平遥县,平遥县 · 平遥古城内,免费,4.6
龙兴寺,山西,新绛,新绛,9.9,4.7
大同法华寺,山西,大同,大同 · 大同古城/华严寺,免费,4.6
纯阳宫,山西,太原,太原 · 柳巷/钟楼街,免费,4.6
太行锡崖沟旅游度假区,山西,陵川,陵川,免费,4.6
黑毛沟大峡谷,山西,陵川,陵川,免费,4.8
晋祠博物馆-圣母殿,山西,太原,太原 · 太原古县城/晋祠,免费,4.9
大同煤炭博物馆,山西,大同,大同,30.0,4.4
七彩盐湖,山西,运城,运城,免费,4.4
大汖古村,山西,盂县,盂县,免费,3.9
解州关帝祖庙,山西,运城,运城,免费,4.7
郭峪古城,山西,阳城,阳城 · 皇城相府景区,60.0,4.0
云丘山冰洞群,山西,乡宁,乡宁,120.0,4.6
玉皇庙彩塑壁画博物馆,山西,泽州,泽州,免费,4.8
禹王洞,山西,忻州,忻州,75.9,4.2
李家山村,山西,临县,临县,免费,4.5
忻州古城唐风晋韵打铁花,山西,忻州,忻州 · 忻州古城,免费,5.0
乌龙峡,山西,大同,大同,38.0,4.6
临汾哪吒传奇,山西,临汾,临汾,50.0,3.8
红崖峡谷,山西,灵石,灵石,80.0,3.6
大同古城-纯阳宫,山西,大同,大同 · 大同古城/华严寺,免费,4.6
运城博物馆,山西,运城,运城 · 南风广场,免费,4.6
后土庙,山西,介休,介休,免费,4.5
临汾市博物馆,山西,临汾,临汾,免费,4.6
南禅寺,山西,五台县,五台县,免费,4.5
天龙山景区,山西,太原,太原,50.0,4.5
虹霓村,山西,平顺,平顺,免费,4.4
苏三监狱,山西,洪洞,洪洞,36.0,4.1
金灯寺,山西,平顺,平顺,免费,4.9
珏山青莲寺景区-青莲寺,山西,泽州,泽州,免费,4.0
大云寺,山西,临汾,临汾,免费,4.5
池神庙,山西,运城,运城 · 南风广场,免费,4.4
晋国博物馆,山西,曲沃,曲沃,35.0,4.7
万荣稷王庙,山西,万荣,万荣,19.8,4.4
黛螺顶,山西,五台县,五台县 · 殊像寺,免费,4.8
崇庆寺,山西,长子,长子,免费,3.8
小西天-大雄宝殿,山西,隰县,隰县,免费,5.0
平遥古县衙,山西,平遥县,平遥县 · 平遥古城内,免费,4.6
砥洎城,山西,阳城,阳城,45.0,3.8
大阳古镇,山西,泽州,泽州,57.4,4.4
广胜寺-飞虹塔,山西,洪洞,洪洞,免费,4.7
五老峰,山西,永济,永济,69.9,4.4
河边民俗博物馆,山西,定襄,定襄,50.0,4.3
太和岩牌楼,山西,介休,介休,免费,4.7
稷山稷王庙,山西,稷山,稷山,免费,4.6
马村砖雕墓,山西,稷山,稷山,免费,5.0
《遇见秀容·沉浸式情境体验剧》,山西,忻州,忻州 · 忻州古城,118.0,4.5
迎泽公园,山西,太原,太原 · 迎泽公园/中正天街,免费,4.6
观音堂,山西,长治,长治,免费,4.7
因为大同·北魏城中城,山西,大同,大同 · 大同古城/华严寺,79.0,4.1
青龙峡(太行山大峡谷),山西,壶关,壶关,100.0,4.2
边靖楼,山西,代县,代县,免费,4.5
武家湾景区,山西,陵川,陵川,免费,4.5
红豆峡,山西,壶关,壶关,100.0,4.6
太原市博物馆,山西,太原,太原 · 万象城/博物馆,免费,4.6
龙门寺,山西,平顺,平顺,免费,4.9
五台山风景名胜区-菩萨顶,山西,五台县,五台县 · 殊像寺,免费,4.8
新绛县绛州署景区,山西,新绛,新绛,38.0,4.6
开化寺,山西,高平,高平,免费,4.8
五凤楼,山西,长治,长治,免费,4.7
运城关公故里文化旅游景区(解州关帝庙春秋楼),山西,运城,运城,免费,4.5
黄河大铁牛,山西,永济,永济,免费,5.0
万龙白登山滑雪场,山西,大同,大同,免费,4.4
祆神楼,山西,介休,介休,免费,4.6
牛魔王逍遥谷,山西,永济,永济,80.0,4.0
代州古城-阿育王塔,山西,代县,代县,免费,4.7
马仑草原,山西,宁武,宁武,免费,4.5
朔州老城,山西,朔州,朔州,免费,4.8
晋阳湖公园,山西,太原,太原 · 红灯笼体育场/晋阳湖,免费,4.6
海会书院,山西,阳城,阳城 · 皇城相府景区,40.0,4.8
蒲津渡与蒲州故城遗址博物馆,山西,永济,永济,30.0,4.3
翠云山法兴寺景区,山西,长子,长子,免费,4.1
窦大夫祠,山西,太原,太原,免费,4.5
太符观,山西,汾阳,汾阳,免费,4.6
三多堂博物馆,山西,晋中,晋中,58.0,4.1
霍州署,山西,霍州,霍州,免费,4.6
秀容书院,山西,忻州,忻州 · 忻州古城,免费,4.8
陶寺遗址博物馆,山西,襄汾,襄汾,免费,4.0
上党门,山西,长治,长治 · 英雄中路,免费,4.5
盐湖欢乐世界,山西,运城,运城,118.0,3.6
太原双塔寺-双塔博物馆,山西,太原,太原 · 太原火车站,免费,5.0
潞安府城隍庙,山西,长治,长治 · 英雄中路,免费,4.3
欢乐太行谷,山西,壶关,壶关,90.0,3.6
代州文庙,山西,代县,代县,免费,4.7
广武明长城,山西,山阴,山阴,免费,4.8
洪福寺,山西,定襄,定襄,免费,4.7
宝源老醋坊,山西,清徐,清徐,49.0,4.2
双林寺彩塑艺术馆,山西,平遥县,平遥县 · 平遥古城外,免费,4.9
大同古城-鼓楼,山西,大同,大同 · 大同古城/华严寺,免费,4.7
太行1号旅游公路,山西,陵川,陵川,免费,5.0
应县木塔景区-佛宫寺,山西,应县,应县,免费,4.6
千年铁魂,山西,晋城,晋城,120.0,4.9
代州古城,山西,代县,代县,免费,4.6
浑源州署,山西,浑源,浑源,30.0,3.9
望仙大峡谷,山西,垣曲,垣曲,55.0,4.6
青龙寺,山西,稷山,稷山,免费,3.9
崇善寺,山西,太原,太原 · 柳巷/钟楼街,免费,4.6
城隍庙,山西,芮城,芮城,免费,4.8
晋城博物馆,山西,晋城,晋城 · 人民广场/国贸广场,免费,4.8
小南村二仙庙,山西,泽州,泽州,免费,5.0
大寨景区,山西,昔阳,昔阳,免费,4.6
平遥古城-城隍庙,山西,平遥县,平遥县 · 平遥古城内,免费,4.3
万佛洞(第十五窟),山西,大同,大同,免费,4.6
风陵渡镇,山西,芮城,芮城,免费,4.7
蟒河生态旅游区,山西,阳城,阳城,72.0,4.5
东南邑历史文化街区,山西,大同,大同 · 大同古城/华严寺,免费,5.0
显通寺,山西,五台县,五台县 · 殊像寺,免费,4.7
天台庵,山西,平顺,平顺,免费,4.7
大同煤矿万人坑遗址纪念馆,山西,大同,大同,免费,暂无评分
永和黄河乾坤湾景区,山西,永和,永和,40.0,4.5
大粮山景区-定林寺,山西,高平,高平,免费,4.8
师家大院,山西,汾西,汾西,19.9,4.8
《票号情》实景金融体验剧,山西,平遥县,平遥县 · 平遥古城内,88.0,4.6
恒山索道,山西,浑源,浑源,免费,4.2
太原汾河景区,山西,太原,太原,免费,4.8
鱼沼飞梁,山西,太原,太原 · 太原古县城/晋祠,免费,4.9
打铁花(司徒小镇店),山西,晋城,晋城,免费,4.9
舜帝陵,山西,运城,运城,20.0,4.6
晋祠庙,山西,灵石,灵石 · 王家大院,免费,4.9
白台寺,山西,新绛,新绛,18.0,4.6
红豆杉大峡谷-小壶口瀑布,山西,陵川,陵川,免费,暂无评分
晋华宫矿井下游景区,山西,大同,大同,免费,4.5
堆云洞,山西,夏县,夏县,29.9,4.4
汾河二库国家水利风景区,山西,太原,太原,46.0,4.3
龙山景区,山西,太原,太原,20.0,4.6
人祖山景区,山西,吉县,吉县,38.8,4.3
中国死海运城盐湖-七彩盐湖景区,山西,运城,运城,免费,1.0
壶山温泉,山西,黎城,黎城,88.0,4.9
炎帝陵,山西,高平,高平,28.0,4.3
汾酒文化景区,山西,汾阳,汾阳,50.0,4.4
秋风楼,山西,万荣,万荣,免费,5.0
朔州古城遗址,山西,朔州,朔州,免费,4.7
杀虎口风景名胜区,山西,右玉,右玉,免费,4.6
马家大院(平遥古城),山西,平遥县,平遥县 · 平遥古城内,免费,4.5
昭馀古城茶商文化旅游区,山西,祁县,祁县,免费,4.7
塔院寺,山西,五台县,五台县 · 殊像寺,免费,4.9
焦作市云台山风景名胜区-小寨沟景区,山西,陵川,陵川,免费,4.5
昆仑山,山西,稷山,稷山,免费,5.0
汾阳杏花村,山西,汾阳,汾阳,免费,4.6
九女仙湖,山西,阳城,阳城,30.0,4.2
公主寺,山西,繁峙,繁峙,免费,5.0
大河漂流,山西,壶关,壶关,免费,4.0
青龙古镇,山西,阳曲,阳曲,免费,4.2
神龙湾挂壁公路观景台,山西,平顺,平顺,免费,4.3
碑亭,山西,洪洞,洪洞,免费,4.4
天脊山自然风景区,山西,平顺,平顺,39.9,4.5
司马光祠景区,山西,夏县,夏县,29.9,4.1
汾河公园,山西,古交,古交,免费,4.7
东羊后土庙,山西,临汾,临汾,免费,5.0
隰县鼓楼,山西,隰县,隰县,免费,4.9
仙堂山,山西,襄垣,襄垣,80.0,4.3
大云院,山西,平顺,平顺,免费,4.9
奇村温泉,山西,忻州,忻州,免费,暂无评分
漳泽湖国家城市湿地公园,山西,长治,长治,免费,4.6
大佛寺,山西,稷山,稷山,免费,5.0
西溪二仙庙,山西,陵川,陵川,免费,4.9
原起禅寺,山西,长治,长治,免费,5.0
后沟古村,山西,晋中,晋中,57.5,4.1
高平崇明寺,山西,高平,高平,免费,4.8
七里峪风景区,山西,霍州,霍州,免费,2.1
难老泉亭,山西,太原,太原 · 太原古县城/晋祠,免费,4.7
再回相府,山西,阳城,阳城 · 皇城相府景区,198.0,4.6
北魏明堂遗址博物馆,山西,大同,大同 · 东信广场商圈,免费,4.7
姑射山,山西,临汾,临汾,免费,4.4
黄河龙门风景区,山西,河津,河津,免费,4.3
太行溶洞景区,山西,武乡,武乡,108.0,4.3
代县长城雁门关段,山西,代县,代县,免费,4.3
天下黄河第一湾,山西,石楼,石楼,免费,4.8
山西考古博物馆-文庙,山西,太原,太原 · 柳巷/钟楼街,免费,4.5
云中河温泉旅游度假区,山西,忻州,忻州,免费,4.3
塔尔坡古村落,山西,乡宁,乡宁,免费,4.4
红豆杉大峡谷,山西,陵川,陵川,免费,1.0
梁思成纪念馆,山西,大同,大同 · 大同古城/华严寺,免费,4.5
北魏代王府,山西,大同,大同 · 大同方特欢乐世界/大同平城万达广场,免费,4.4
龙山石窟,山西,太原,太原,免费,4.5
府城关帝庙,山西,泽州,泽州,免费,4.9
固关长城,山西,平定,平定,19.8,4.3
常平关帝家庙,山西,运城,运城,免费,4.7
王家大院-文庙(中心路),山西,灵石,灵石 · 王家大院,免费,4.7
漱心·峡谷艺术温泉,山西,大同,大同,免费,4.9
太谷古城,山西,晋中,晋中,免费,4.5
昆山挂壁公路,山西,陵川,陵川,免费,5.0
长治市博物馆(新馆),山西,长治,长治,免费,5.0
白佛爷洞(第二十窟),山西,大同,大同,免费,4.9
太山景区,山西,太原,太原,50.0,4.7
山西孝河国家湿地公园,山西,孝义,孝义,免费,4.9
崇宁堡温泉,山西,灵石,灵石 · 王家大院,128.0,4.9
五台山风景名胜区-南山寺,山西,五台县,五台县 · 殊像寺,免费,4.9
太山龙泉寺,山西,太原,太原,50.0,4.7
VR联盟·应县木塔佛牙舍利VR 3D体验馆,山西,应县,应县,15.0,4.9
龙潭公园,山西,太原,太原 · 柳巷/钟楼街,免费,4.6
八路军太行纪念馆,山西,武乡,武乡,免费,暂无评分
魏都水世界,山西,大同,大同,98.0,4.7
昙曜五窟,山西,大同,大同,免费,5.0
阿閦佛洞(第九窟),山西,大同,大同,免费,4.7
八路军文化园,山西,武乡,武乡,免费,暂无评分
大西天数智体验中心,山西,隰县,隰县,48.0,5.0
罗睺寺,山西,五台县,五台县 · 殊像寺,免费,4.9
东台顶,山西,五台县,五台县 · 北线光明寺,免费,4.7
塔院寺-大白塔,山西,五台县,五台县 · 殊像寺,免费,4.9
古城奇幻宫,山西,平遥县,平遥县 · 平遥古城内,95.0,4.8
大魏梦华,山西,大同,大同 · 大同古城/华严寺,免费,5.0
龙泉寺,山西,五台县,五台县 · 西线龙泉寺,免费,4.9
泽州公园,山西,晋城,晋城 · 人民广场/国贸广场,免费,5.0
五台山风景名胜区-普化禅寺,山西,五台县,五台县 · 殊像寺,免费,4.8
平遥文庙,山西,平遥县,平遥县 · 平遥古城内,免费,4.6
漪汾公园,山西,太原,太原 · 山西博物院/太原新城吾悦广场,免费,4.6
文瀛湖生态公园,山西,大同,大同 · 大同市博物馆/大同市体育中心,免费,4.8
华辰农耕园,山西,太原,太原 · 潇河新城,免费,4.6
太原和平公园,山西,太原,太原 · 万象城/博物馆,免费,5.0
梅苑南山滑雪场,山西,晋中,晋中,免费,4.7
汾河景区水上观光游乐园,山西,太原,太原,免费,4.8
汾酒博物馆,山西,汾阳,汾阳,免费,4.8
明清一条街,山西,平遥县,平遥县 · 平遥古城内,免费,4.6
石膏山,山西,灵石,灵石,免费,4.4
北岳恒山-九天宫,山西,浑源,浑源,免费,4.8
如梦晋阳,山西,太原,太原 · 红灯笼体育场/晋阳湖,免费,4.6
南山公园,山西,右玉,右玉,免费,4.8
悦隆庄温泉,山西,晋中,晋中 · 开发区商圈,免费,4.0
珏山,山西,泽州,泽州,100.0,4.4
跻汾桥,山西,太原,太原,免费,4.8
太原理工大学(明向校区),山西,晋中,晋中 · 山西大学城商圈,免费,5.0
迎泽大街,山西,太原,太原 · 迎泽公园/中正天街,免费,4.8
李宁乌金山国际滑雪场,山西,晋中,晋中,200.0,4.3
南风广场,山西,运城,运城 · 南风广场,免费,4.4
太原市文瀛公园,山西,太原,太原 · 柳巷/钟楼街,免费,4.8
学府公园,山西,太原,太原 · 茂业天地/北美新天地时尚中心,免费,4.2
大同古城-关帝庙,山西,大同,大同 · 大同古城/华严寺,免费,4.9
河曲县临隩公园,山西,河曲,河曲,免费,4.9
玉门河公园,山西,太原,太原 · 山西博物院/太原新城吾悦广场,免费,4.6
悦洋水世界,山西,阳泉,阳泉,免费,3.0
霖多温泉,山西,盂县,盂县,238.0,4.1
万柏林生态园,山西,太原,太原,免费,4.8
天涯山风景区-石鼓祠,山西,原平,原平,免费,4.3
新修晋祠碑铭并序碑(复制碑),山西,太原,太原 · 太原古县城/晋祠,免费,5.0
古城公园,山西,临汾,临汾,免费,4.3
山西自然博物馆,山西,太原,太原 · 山西博物院/太原新城吾悦广场,免费,4.8
太原美术馆,山西,太原,太原 · 万象城/博物馆,免费,4.8
明堂公园,山西,大同,大同 · 东信广场商圈,免费,4.7
太原森林公园,山西,太原,太原 · 太原动物园/太原森林公园,免费,4.5
五台山风景名胜区-广化寺,山西,五台县,五台县 · 殊像寺,免费,4.9
平遥古城墙-迎薰门,山西,平遥县,平遥县 · 平遥古城内,免费,4.6
老车文化博物馆,山西,太原,太原 · 小店综改区,60.0,4.6
平遥牛肉博物馆,山西,平遥县,平遥县 · 平遥古城内,免费,4.6
天涯山风景区,山西,原平,原平,免费,4.9
西花园,山西,晋中,晋中 · 榆次老城商圈,免费,4.7
榆次老城-榆次县衙,山西,晋中,晋中 · 榆次老城商圈,免费,4.5
晋祠博物馆-周柏,山西,太原,太原 · 太原古县城/晋祠,免费,4.9
晋祠博物馆-献殿,山西,太原,太原 · 太原古县城/晋祠,免费,4.7
阿尔山国家森林公园,内蒙古,阿尔山,阿尔山 · 阿尔山国家森林公园,178.0,4.3
额济纳胡杨林旅游区,内蒙古,额济纳旗,额济纳旗,免费,4.4
成吉思汗陵,内蒙古,伊金霍洛旗,伊金霍洛旗 · 成吉思汗陵旅游区,90.0,4.3
哈达门国家森林公园,内蒙古,武川,武川,40.0,4.4
居延海,内蒙古,额济纳旗,额济纳旗,免费,4.5
大召寺,内蒙古,呼和浩特,呼和浩特 · 大召寺/塞上老街,35.0,4.7
响沙湾,内蒙古,达拉特旗,达拉特旗 · 响沙湾旅游区,120.0,4.4
乌兰布统旅游区,内蒙古,克什克腾旗,克什克腾旗,113.0,4.5
黄花沟草原旅游度假区,内蒙古,察右中旗,察右中旗 · 辉腾锡勒草原,90.0,4.3
乌兰哈达火山地质公园,内蒙古,察右后旗,察右后旗 · 乌兰哈达火山地质公园,58.0,4.2
呼伦贝尔大草原,内蒙古,陈巴尔虎旗,陈巴尔虎旗,免费,4.7
满洲里国门景区,内蒙古,满洲里,满洲里,57.0,4.5
满洲里市中俄边境旅游区,内蒙古,满洲里,满洲里,免费,4.5
莫尔道嘎国家森林公园,内蒙古,额尔古纳,额尔古纳,95.0,4.5
额尔古纳国家湿地公园,内蒙古,额尔古纳,额尔古纳,60.0,4.3
莫尔格勒河景区,内蒙古,陈巴尔虎旗,陈巴尔虎旗,免费,4.6
千古马颂,内蒙古,呼和浩特,呼和浩特,199.0,4.4
席力图召,内蒙古,呼和浩特,呼和浩特 · 大召寺/塞上老街,25.0,4.7
辉腾锡勒草原,内蒙古,察右中旗,察右中旗 · 辉腾锡勒草原,免费,4.3
额尔古纳湿地,内蒙古,额尔古纳,额尔古纳 · 额尔古纳湿地,65.0,4.2
186彩带河,内蒙古,陈巴尔虎旗,陈巴尔虎旗,32.0,4.3
额尔古纳河·乌兰山景区,内蒙古,额尔古纳,额尔古纳,60.0,4.5
玉龙沙湖,内蒙古,翁牛特旗,翁牛特旗,73.0,4.3
鄂尔多斯草原旅游区,内蒙古,杭锦旗,杭锦旗,278.0,4.4
乌海湖休闲度假旅游区,内蒙古,乌海,乌海 · 万达广场,免费,4.4
敕勒川草原,内蒙古,呼和浩特,呼和浩特,免费,4.2
成吉思汗陵旅游区,内蒙古,伊金霍洛旗,伊金霍洛旗 · 成吉思汗陵旅游区,免费,4.3
乌兰布统草原,内蒙古,克什克腾旗,克什克腾旗,免费,4.6
老牛湾黄河大峡谷旅游区,内蒙古,清水河,清水河,40.0,4.3
红石崖国家生态公园,内蒙古,卓资,卓资,58.0,4.5
腾格里沙漠,内蒙古,阿拉善左旗,阿拉善左旗,免费,4.8
内蒙古博物院(新馆),内蒙古,呼和浩特,呼和浩特 · 白塔机场/呼和浩特火车东站,免费,暂无评分
五当召,内蒙古,包头,包头,55.0,4.5
满洲里套娃景区,内蒙古,满洲里,满洲里 · 满洲里套娃景区/万达广场,142.0,4.5
伊利健康谷旅游景区,内蒙古,土默特左旗,土默特左旗,38.0,4.6
阿斯哈图石林景区,内蒙古,克什克腾旗,克什克腾旗,160.0,4.5
敖鲁古雅使鹿部落景区,内蒙古,根河,根河,105.0,4.1
黑城弱水胡杨风景区,内蒙古,额济纳旗,额济纳旗,207.0,4.6
呼伦湖,内蒙古,呼伦贝尔,呼伦贝尔,40.0,3.7
桦木沟国家森林公园,内蒙古,克什克腾旗,克什克腾旗,38.0,4.1
白桦林景区,内蒙古,额尔古纳,额尔古纳,48.0,4.4
乌拉盖草原九曲湾景区,内蒙古,东乌旗,东乌旗,47.0,4.6
黑山头哈撒尔马场,内蒙古,额尔古纳,额尔古纳 · 黑山头镇,免费,4.8
康巴什自然探索中心,内蒙古,鄂尔多斯,鄂尔多斯,免费,5.0
东风航天城,内蒙古,额济纳旗,额济纳旗,198.0,4.6
海拉尔国家森林公园,内蒙古,呼伦贝尔,呼伦贝尔,28.0,3.8
库伦旗银沙湾旅游景区,内蒙古,库伦旗,库伦旗,40.0,4.3
呼伦贝尔大草原巴尔虎蒙古部落民俗旅游度假景区,内蒙古,新巴尔虎左旗,新巴尔虎左旗,免费,4.5
北方兵器城,内蒙古,包头,包头 · 青山王府井/九星,15.0,4.4
乌梁素海景区,内蒙古,乌拉特前旗,乌拉特前旗,24.0,4.2
二连浩特国门景区,内蒙古,二连浩特,二连浩特,50.0,4.5
春坤山,内蒙古,固阳,固阳,免费,4.5
西部梦幻峡谷,内蒙古,阿拉善左旗,阿拉善左旗,58.0,4.4
室韦奥洛契庄园界河风景区,内蒙古,额尔古纳,额尔古纳,25.0,4.2
红山文化博物馆,内蒙古,赤峰,赤峰 · 赤峰植物园,免费,4.7
草原在这里旅游景区,内蒙古,额尔古纳,额尔古纳 · 黑山头镇,40.0,4.1
室韦,内蒙古,额尔古纳,额尔古纳 · 室韦城区,免费,4.4
塞上老街,内蒙古,呼和浩特,呼和浩特 · 大召寺/塞上老街,免费,4.5
奥伦布坎景区,内蒙古,阿尔山,阿尔山,120.0,4.3
鄂尔多斯野生动物园,内蒙古,鄂尔多斯,鄂尔多斯 · 动物园/万家惠水世界,130.0,4.3
阿尔山口岸景区,内蒙古,阿尔山,阿尔山,68.0,4.3
根河源国家湿地公园,内蒙古,根河,根河,75.0,4.1
孝庄园文化旅游区,内蒙古,科左中旗,科左中旗,47.5,4.0
通湖草原,内蒙古,阿拉善左旗,阿拉善左旗,45.0,4.1
成吉思汗庙,内蒙古,乌兰浩特,乌兰浩特,39.0,4.1
黄河大沙漠神泉旅游景区,内蒙古,托克托,托克托,免费,4.7
大青山野生动物园,内蒙古,呼和浩特,呼和浩特 · 财经大学西区/建筑学院北校区/大青山动物园,70.0,4.3
红山公园,内蒙古,赤峰,赤峰 · 赤峰植物园,免费,4.0
昭君博物院,内蒙古,呼和浩特,呼和浩特,免费,4.5
多伦湖景区,内蒙古,多伦,多伦,38.0,4.5
夜鸣沙旅游区,内蒙古,杭锦旗,杭锦旗,免费,4.5
响沙湾旅游区-悦沙岛,内蒙古,达拉特旗,达拉特旗 · 响沙湾旅游区,免费,4.8
乌海湖,内蒙古,乌海,乌海,免费,4.8
美岱召,内蒙古,土默特右旗,土默特右旗,28.0,4.4
呼和诺尔草原旅游区,内蒙古,陈巴尔虎旗,陈巴尔虎旗,18.0,4.2
库布齐沙漠,内蒙古,达拉特旗,达拉特旗,免费,3.8
仙沙休闲岛,内蒙古,达拉特旗,达拉特旗 · 响沙湾旅游区,免费,4.2
达里湖,内蒙古,克什克腾旗,克什克腾旗,90.0,3.9
达里湖南岸景区,内蒙古,克什克腾旗,克什克腾旗,90.0,4.1
黑山头镇,内蒙古,额尔古纳,额尔古纳 · 黑山头镇,免费,4.5
呼伦贝尔古城,内蒙古,呼伦贝尔,呼伦贝尔 · 呼伦贝尔古城/伊仕丹广场,免费,4.2
巴丹吉林沙漠,内蒙古,阿拉善右旗,阿拉善右旗,免费,4.5
希拉穆仁草原,内蒙古,达茂旗,达茂旗,免费,4.1
达达线,内蒙古,克什克腾旗,克什克腾旗,免费,4.6
林胡古塞,内蒙古,卓资,卓资,75.0,4.3
乌兰湖,内蒙古,阿拉善左旗,阿拉善左旗,免费,4.7
欢乐城(原蒙古王城),内蒙古,翁牛特旗,翁牛特旗,119.0,4.4
大青山,内蒙古,巴林右旗,巴林右旗,免费,5.0
五塔寺,内蒙古,呼和浩特,呼和浩特 · 大召寺/塞上老街,免费,4.7
大型马上竞技表演马之舞,内蒙古,新巴尔虎左旗,新巴尔虎左旗,免费,4.3
北疆明珠观光塔,内蒙古,满洲里,满洲里,95.0,4.7
内蒙古自治区将军衙署博物院,内蒙古,呼和浩特,呼和浩特 · 鼓楼/摩尔城/将军衙署,免费,4.5
恩和俄罗斯族民族乡,内蒙古,额尔古纳,额尔古纳 · 恩和俄罗斯民族乡,免费,4.0
乌拉盖野狼谷景区,内蒙古,东乌旗,东乌旗,80.0,4.4
准格尔黄河大峡谷,内蒙古,准格尔旗,准格尔旗,60.0,4.0
热水塘镇,内蒙古,克什克腾旗,克什克腾旗 · 热水塘温泉区,免费,4.0
乌兰布统之夜,内蒙古,克什克腾旗,克什克腾旗 · 乌兰布统草原,128.0,4.2
不冻河,内蒙古,阿尔山,阿尔山 · 阿尔山国家森林公园,免费,4.8
大红山,内蒙古,四子王旗,四子王旗,免费,4.6
可汗山,内蒙古,霍林郭勒,霍林郭勒,免费,4.1
二连浩特国家地质公园,内蒙古,二连浩特,二连浩特,49.0,4.3
赛汗塔拉城中草原,内蒙古,包头,包头 · 赛罕塔拉城中草原,免费,4.4
黑水城遗址,内蒙古,额济纳旗,额济纳旗,免费,4.3
哈素海,内蒙古,土默特左旗,土默特左旗,免费,3.8
黄岗梁国家森林公园,内蒙古,克什克腾旗,克什克腾旗,免费,4.6
成吉思汗广场,内蒙古,呼伦贝尔,呼伦贝尔 · 成吉思汗广场/民族博物院,免费,4.3
库布其沙漠旅游景区,内蒙古,达拉特旗,达拉特旗,30.0,3.5
马鬃山度假区,内蒙古,呼和浩特,呼和浩特,免费,5.0
马鬃山滑雪场,内蒙古,呼和浩特,呼和浩特,60.0,4.4
LAVA天岩温泉,内蒙古,察右后旗,察右后旗 · 乌兰哈达火山地质公园,199.0,4.5
银肯塔拉沙漠生态文化旅游区,内蒙古,达拉特旗,达拉特旗,29.0,3.3
贺兰山生态旅游区,内蒙古,阿拉善左旗,阿拉善左旗,70.0,4.0
青山景区(克什克腾世界地质公园青山园区),内蒙古,克什克腾旗,克什克腾旗,76.0,4.9
呼伦贝尔历史博物馆,内蒙古,呼伦贝尔,呼伦贝尔 · 成吉思汗广场/民族博物院,免费,4.8
珠日河草原旅游区,内蒙古,科左中旗,科左中旗,40.0,4.0
大青沟,内蒙古,科左后旗,科左后旗 · 大青沟自然风景区,49.9,4.1
库伦三大寺,内蒙古,库伦旗,库伦旗,25.0,4.7
中国马都,内蒙古,锡林浩特,锡林浩特,免费,4.6
策克口岸国际文化旅游区,内蒙古,额济纳旗,额济纳旗,30.0,4.3
阿尔山白狼峰景区,内蒙古,阿尔山,阿尔山 · 白狼度假区,80.0,4.4
清真大寺,内蒙古,呼和浩特,呼和浩特 · 内蒙古医大附院/伊斯兰风情街,免费,4.6
成吉思汗公园,内蒙古,乌兰浩特,乌兰浩特,免费,4.0
康巴什旅游区,内蒙古,鄂尔多斯,鄂尔多斯 · 音乐喷泉广场/市政区地区,免费,4.7
包头古城文化旅游区,内蒙古,包头,包头,28.0,3.6
宝尔汗佛塔,内蒙古,呼和浩特,呼和浩特 · 大召寺/塞上老街,免费,4.8
公主湖,内蒙古,克什克腾旗,克什克腾旗,免费,3.9
室韦界河游船,内蒙古,额尔古纳,额尔古纳 · 室韦城区,免费,4.2
乌兰毛都草原,内蒙古,科右前旗,科右前旗,免费,4.1
驼峰岭天池,内蒙古,扎兰屯,扎兰屯 · 阿尔山国家森林公园,免费,4.6
乌兰布统达瓦鄂温克驯鹿部落,内蒙古,克什克腾旗,克什克腾旗 · 乌兰布统草原,55.9,4.2
七星湖沙漠生态旅游区,内蒙古,杭锦旗,杭锦旗 · 库布奇沙漠公园,99.0,4.1
鄂尔多斯苏泊罕草原,内蒙古,伊金霍洛旗,伊金霍洛旗,110.0,3.7
喀喇沁亲王府,内蒙古,喀喇沁旗,喀喇沁旗,免费,4.5
锡林郭勒盟草原,内蒙古,锡林浩特,锡林浩特,免费,4.5
达里湖北岸景区,内蒙古,克什克腾旗,克什克腾旗,90.0,3.9
猛犸旅游景区,内蒙古,呼伦贝尔,呼伦贝尔 · 扎赉诺尔城区商圈,免费,3.9
金沙湾生态旅游区,内蒙古,乌海,乌海 · 乌海机场,30.0,4.3
牛奶湖畔,内蒙古,太仆寺旗,太仆寺旗,免费,3.6
室韦临江界河风景区,内蒙古,额尔古纳,额尔古纳 · 室韦城区,免费,4.3
乌拉盖草原,内蒙古,东乌旗,东乌旗,免费,4.4
大兴安岭,内蒙古,根河,根河,免费,4.6
鄂尔多斯博物馆,内蒙古,鄂尔多斯,鄂尔多斯 · 音乐喷泉广场/市政区地区,免费,4.6
鄂尔多斯文化产业园,内蒙古,伊金霍洛旗,伊金霍洛旗,免费,4.4
锡林郭勒大草原,内蒙古,锡林浩特,锡林浩特,免费,5.0
圣水梁九龙湾景区,内蒙古,卓资,卓资,38.0,3.9
怪树林,内蒙古,额济纳旗,额济纳旗,免费,4.3
拉僧庙,内蒙古,乌海,乌海,免费,4.2
额尔古纳河,内蒙古,额尔古纳,额尔古纳,免费,4.6
布林泉,内蒙古,东乌旗,东乌旗,免费,3.7
中国温泉博物馆,内蒙古,阿尔山,阿尔山 · 阿尔山站/海神圣泉旅游度假区,88.0,4.3
阿尔山天池,内蒙古,阿尔山,阿尔山 · 阿尔山国家森林公园,免费,4.4
敕勒川高山草原,内蒙古,呼和浩特,呼和浩特,免费,4.6
包头博物馆,内蒙古,包头,包头 · 稀土高新区,免费,4.7
元上都遗址,内蒙古,正蓝旗,正蓝旗,40.0,4.2
世界反法西斯战争海拉尔纪念园,内蒙古,呼伦贝尔,呼伦贝尔,50.0,暂无评分
莫尼山非遗小镇,内蒙古,呼和浩特,呼和浩特,46.0,4.1
乌兰布统影视基地,内蒙古,克什克腾旗,克什克腾旗,免费,3.8
呼和浩特博物馆,内蒙古,呼和浩特,呼和浩特 · 呼和浩特站/海亮广场/新华广场,免费,4.6
六湖穿越(五湖)旅游景区,内蒙古,阿拉善左旗,阿拉善左旗,免费,5.0
阿尔山车站,内蒙古,阿尔山,阿尔山 · 阿尔山站/海神圣泉旅游度假区,免费,4.8
宝古图沙漠旅游区,内蒙古,奈曼旗,奈曼旗,25.0,4.4
阿尔山森林之眼景区,内蒙古,阿尔山,阿尔山,49.9,4.3
乌兰察布草原,内蒙古,察右中旗,察右中旗 · 辉腾锡勒草原,免费,4.8
辽代历史文化博物馆,内蒙古,赤峰,赤峰 · 赤峰学院/万达广场,免费,4.4
黑山头列夫湿地庄园景区,内蒙古,额尔古纳,额尔古纳 · 黑山头镇,28.0,4.0
临江村,内蒙古,额尔古纳,额尔古纳 · 临江村,免费,4.7
贝子庙,内蒙古,锡林浩特,锡林浩特 · 贝子庙,免费,4.5
西乌珠穆沁旗草原99号公路起点,内蒙古,西乌旗,西乌旗,免费,5.0
皇家鹿园,内蒙古,克什克腾旗,克什克腾旗 · 乌兰布统草原,50.0,4.0
五里泉,内蒙古,阿尔山,阿尔山,免费,4.5
呼和浩特海洋馆,内蒙古,呼和浩特,呼和浩特 · 白塔机场/呼和浩特火车东站,78.0,4.0
柴河月亮小镇,内蒙古,扎兰屯,扎兰屯 · 柴河商圈,免费,4.5
甘德尔山生态景区,内蒙古,乌海,乌海,免费,3.1
白音敖包景区,内蒙古,克什克腾旗,克什克腾旗,45.0,3.7
哈克崖山,内蒙古,呼伦贝尔,呼伦贝尔,免费,5.0
七卡,内蒙古,额尔古纳,额尔古纳,免费,4.9
涝利海,内蒙古,兴和,兴和,免费,4.3
和硕恪靖公主府,内蒙古,呼和浩特,呼和浩特 · 工业大学/体育场/阿尔泰游乐园,免费,4.7
弱水胡杨林,内蒙古,额济纳旗,额济纳旗,免费,4.7
包头金街,内蒙古,包头,包头 · 中心医院,免费,4.5
内蒙古自然博物馆,内蒙古,呼和浩特,呼和浩特 · 内蒙古医院/内大北校区/农大/师大,免费,4.8
热阿线,内蒙古,克什克腾旗,克什克腾旗,免费,4.8
腾格里沙漠天鹅湖,内蒙古,阿拉善左旗,阿拉善左旗,40.0,4.1
呼伦贝尔大兴安岭号旅游专列,内蒙古,呼伦贝尔,呼伦贝尔 · 海拉尔站/客运站,免费,暂无评分
鹿园,内蒙古,阿尔山,阿尔山,免费,3.5
乌兰布和沙海湖旅游区,内蒙古,杭锦后旗,杭锦后旗,免费,4.6
白鹿岛,内蒙古,额尔古纳,额尔古纳,免费,4.1
乌兰布统景区-塞北雪乡,内蒙古,克什克腾旗,克什克腾旗 · 乌兰布统草原,免费,5.0
乌苏浪子湖,内蒙古,阿尔山,阿尔山 · 阿尔山国家森林公园,免费,4.3
边防公路,内蒙古,满洲里,满洲里,免费,4.8
锡林郭勒旅游那达慕风情园,内蒙古,锡林浩特,锡林浩特,免费,4.8
内蒙古自治区第36届草原那达慕,内蒙古,锡林浩特,锡林浩特,免费,3.4
乌兰布统旅游景区-围场坝上草原,内蒙古,克什克腾旗,克什克腾旗 · 乌兰布统草原,免费,4.0
将军泡子,内蒙古,克什克腾旗,克什克腾旗,免费,4.6
中国冷极村,内蒙古,根河,根河,免费,4.1
乌兰察布之夜·天骄盛会,内蒙古,察右前旗,察右前旗 · 乌兰察布站,免费,2.9
科尔沁草原,内蒙古,科左后旗,科左后旗,免费,4.6
甘丹驼城游牧文化景区,内蒙古,克什克腾旗,克什克腾旗,免费,3.0
中国室韦口岸,内蒙古,额尔古纳,额尔古纳 · 室韦城区,免费,3.8
乌兰察布博物馆,内蒙古,乌兰察布,乌兰察布 · 万达广场/市政府,免费,4.5
俄罗斯大马戏,内蒙古,满洲里,满洲里 · 满洲里套娃景区/万达广场,免费,5.0
观音寺,内蒙古,呼和浩特,呼和浩特 · 大召寺/塞上老街,免费,4.4
恼包欢乐水世界,内蒙古,呼和浩特,呼和浩特,88.0,3.4
伊尔施镇,内蒙古,阿尔山,阿尔山 · 伊尔施商圈,免费,4.7
北湖公园,内蒙古,满洲里,满洲里 · 中苏金街步行街/北湖公园,免费,4.6
南炼丹炉(六号火山),内蒙古,察右后旗,察右后旗 · 乌兰哈达火山地质公园,免费,4.5
苏木山森林公园,内蒙古,兴和,兴和,免费,3.1
黄花窝铺高山草原,内蒙古,呼和浩特,呼和浩特,免费,3.7
康巴什乌兰木伦湖音乐喷泉,内蒙古,鄂尔多斯,鄂尔多斯 · 音乐喷泉广场/市政区地区,免费,3.7
乌兰木伦滨河广场喷泉广场,内蒙古,鄂尔多斯,鄂尔多斯 · 音乐喷泉广场/市政区地区,免费,4.6
杜鹃湖,内蒙古,阿尔山,阿尔山 · 阿尔山国家森林公园,免费,4.5
道须沟风景区,内蒙古,宁城,宁城,80.0,4.1
赤峰博物馆,内蒙古,赤峰,赤峰 · 赤峰学院/万达广场,免费,4.5
南海湿地景区,内蒙古,包头,包头 · 包头东河机场/包头东站,20.0,4.6
腾格里研学大本营,内蒙古,阿拉善左旗,阿拉善左旗,免费,5.0
美林谷,内蒙古,喀喇沁旗,喀喇沁旗,免费,4.7
玫瑰峰,内蒙古,阿尔山,阿尔山,免费,4.3
平顶山火山群,内蒙古,锡林浩特,锡林浩特,免费,4.1
甘丹驼城小矮人精灵牧场,内蒙古,克什克腾旗,克什克腾旗,98.0,5.0
黑山头巴特尔骑马场,内蒙古,额尔古纳,额尔古纳 · 黑山头镇,免费,5.0
梅力更自然生态风景区,内蒙古,包头,包头,免费,4.3
葛根庙,内蒙古,乌兰浩特,乌兰浩特,免费,4.7
莫日格勒河观景台,内蒙古,陈巴尔虎旗,陈巴尔虎旗,免费,暂无评分
乌兰布统索伦部景区,内蒙古,克什克腾旗,克什克腾旗 · 乌兰布统草原,免费,5.0
格根塔拉草原,内蒙古,四子王旗,四子王旗,198.0,4.6
五号火山,内蒙古,察右后旗,察右后旗 · 乌兰哈达火山地质公园,免费,4.2
恼包村旅游园区,内蒙古,呼和浩特,呼和浩特,免费,3.6
大光顶子旅游景区,内蒙古,克什克腾旗,克什克腾旗,免费,4.1
天下草原旅游景区,内蒙古,陈巴尔虎旗,陈巴尔虎旗,免费,4.2
敖鲁古雅驯鹿之乡,内蒙古,根河,根河,免费,4.4
骆驼湖,内蒙古,阿拉善左旗,阿拉善左旗,免费,4.3
蒙亮民族风情园,内蒙古,呼和浩特,呼和浩特 · 金川开发区/西龙王庙,免费,4.1
呼和浩特千岛湖,内蒙古,土默特左旗,土默特左旗,免费,5.0
凉城岱海,内蒙古,凉城,凉城,28.0,3.5
41号界碑,内蒙古,满洲里,满洲里,免费,暂无评分
石塘林,内蒙古,阿尔山,阿尔山 · 阿尔山国家森林公园,免费,4.4
红花尔基樟子松国家森林公园,内蒙古,鄂温克族旗,鄂温克族旗,55.0,4.6
186彩带河千米滑草,内蒙古,陈巴尔虎旗,陈巴尔虎旗,免费,1.0
辉腾锡勒花海景区,内蒙古,察右中旗,察右中旗 · 辉腾锡勒草原,39.0,3.3
浑善达克沙地,内蒙古,阿巴嘎旗,阿巴嘎旗,免费,4.2
纳林湖景区,内蒙古,磴口,磴口,免费,3.7
乌拉盖湖景区,内蒙古,东乌旗,东乌旗,免费,4.3
红山国家森林公园,内蒙古,赤峰,赤峰 · 赤峰植物园,免费,4.2
内蒙古乌兰浩特洮儿河国家湿地公园,内蒙古,乌兰浩特,乌兰浩特,免费,4.4
牛粑粑欢乐草原,内蒙古,察右中旗,察右中旗,免费,暂无评分
青城公园,内蒙古,呼和浩特,呼和浩特 · 呼和浩特站/海亮广场/新华广场,免费,4.6
贡格尔草原,内蒙古,克什克腾旗,克什克腾旗,免费,4.6
乌兰山,内蒙古,额尔古纳,额尔古纳,免费,4.0
哈乌尔河景区,内蒙古,额尔古纳,额尔古纳,45.0,4.6
阴山岩画,内蒙古,乌拉特后旗,乌拉特后旗,免费,3.3
通辽市博物馆,内蒙古,通辽,通辽 · 通辽万达广场,免费,4.5
阿尔山海神圣泉旅游度假区,内蒙古,阿尔山,阿尔山 · 阿尔山站/海神圣泉旅游度假区,免费,暂无评分
扎鲁特旗山地草原旅游区(军马场),内蒙古,扎鲁特旗,扎鲁特旗,免费,4.5
甘德尔山生态景区-成吉思汗雕像,内蒙古,乌海,乌海,免费,2.5
阿尔山雪村,内蒙古,阿尔山,阿尔山 · 阿尔山站/海神圣泉旅游度假区,免费,4.8
霍林河,内蒙古,霍林郭勒,霍林郭勒,免费,5.0
鄂尔多斯海洋馆,内蒙古,鄂尔多斯,鄂尔多斯 · 动物园/万家惠水世界,170.0,3.9
大召历史文化旅游区,内蒙古,呼和浩特,呼和浩特 · 大召寺/塞上老街,免费,4.7
马鞍山景区,内蒙古,固阳,固阳,免费,4.3
乌拉特草原,内蒙古,乌拉特中旗,乌拉特中旗,免费,4.4
满洲里婚礼宫,内蒙古,满洲里,满洲里,免费,4.4
扎赉诺尔博物馆,内蒙古,呼伦贝尔,呼伦贝尔 · 扎赉诺尔城区商圈,免费,4.5
三潭峡,内蒙古,阿尔山,阿尔山 · 阿尔山国家森林公园,免费,4.4
康巴什新区伊克敖包,内蒙古,鄂尔多斯,鄂尔多斯,免费,4.7
颐和温泉酒店温泉,内蒙古,鄂温克族旗,鄂温克族旗 · 呼市政府地区,免费,5.0
呼和浩特体育场,内蒙古,呼和浩特,呼和浩特 · 工业大学/体育场/阿尔泰游乐园,免费,暂无评分
鄂尔多斯大草原,内蒙古,杭锦旗,杭锦旗,免费,4.6
阿尔山金江沟国际维景温泉度假区,内蒙古,阿尔山,阿尔山 · 阿尔山国家森林公园,298.0,3.0
野鸭湖,内蒙古,克什克腾旗,克什克腾旗,免费,4.0
伊敏河,内蒙古,呼伦贝尔,呼伦贝尔 · 呼市政府地区,免费,4.6
锡林九曲弯旅游区,内蒙古,锡林浩特,锡林浩特,免费,2.6
中央桥,内蒙古,呼伦贝尔,呼伦贝尔 · 呼伦贝尔古城/伊仕丹广场,免费,4.8
乌兰木伦湖,内蒙古,鄂尔多斯,鄂尔多斯,免费,5.0
二连浩特盐池,内蒙古,二连浩特,二连浩特,免费,3.5
五角枫生态旅游景区,内蒙古,科右中旗,科右中旗,29.0,4.5
二连浩特如来神掌,内蒙古,二连浩特,二连浩特,免费,2.5
呼和浩特大青山太伟滑雪场,内蒙古,呼和浩特,呼和浩特,免费,4.0
中国国门,内蒙古,阿尔山,阿尔山,免费,2.0
大黑河军事文化乐园,内蒙古,呼和浩特,呼和浩特,78.0,3.8
萨拉乌苏旅游区,内蒙古,乌审旗,乌审旗,50.0,4.6
黄河大桥,内蒙古,包头,包头,免费,4.0
和美水城温泉旅游度假村,内蒙古,喀喇沁旗,喀喇沁旗,69.0,4.4
百草敖包,内蒙古,克什克腾旗,克什克腾旗 · 乌兰布统草原,免费,4.0
得耳布尓兴安神鹿园,内蒙古,根河,根河,免费,4.4
古居延泽景区,内蒙古,额济纳旗,额济纳旗,80.0,4.9
蒙古汗城旅游景区,内蒙古,西乌旗,西乌旗,免费,4.4
白桦林,内蒙古,东乌旗,东乌旗,免费,4.4
哈布其盖旅游景区,内蒙古,西乌旗,西乌旗,免费,4.7
成吉思汗瞭望山,内蒙古,西乌旗,西乌旗,免费,4.6
游牧部落观景驿站,内蒙古,西乌旗,西乌旗,免费,4.5
美林谷滑雪场,内蒙古,喀喇沁旗,喀喇沁旗,599.0,4.6
南湖乐众冰雪世界,内蒙古,呼和浩特,呼和浩特 · 内蒙古大学南校区,免费,2.5
颐和生态文化博览园,内蒙古,伊金霍洛旗,伊金霍洛旗,免费,4.9
内蒙古农业大学,内蒙古,呼和浩特,呼和浩特 · 内蒙古医院/内大北校区/农大/师大,免费,5.0
大河湾国际滑雪场,内蒙古,乌兰察布,乌兰察布,140.0,4.9
三河缘景区,内蒙古,多伦,多伦,免费,5.0
腾格里沙漠星河露营地,内蒙古,阿拉善左旗,阿拉善左旗,免费,5.0
锡盟西乌旗乌兰五台景区,内蒙古,西乌旗,西乌旗,免费,3.8
阿尔山氧心森林浴道景区,内蒙古,阿尔山,阿尔山,48.0,4.9
内蒙古师范大学(赛罕校区),内蒙古,呼和浩特,呼和浩特 · 内蒙古医院/内大北校区/农大/师大,免费,4.7
哈拉哈漂流公园,内蒙古,阿尔山,阿尔山 · 伊尔施商圈,免费,5.0
扎兰屯金龙山滑雪场,内蒙古,扎兰屯,扎兰屯,免费,4.1
满都海公园,内蒙古,呼和浩特,呼和浩特 · 内蒙古医院/内大北校区/农大/师大,免费,4.6
老虎山生态公园,内蒙古,乌兰察布,乌兰察布 · 集宁站/维多利广场,免费,4.7
内蒙古科技馆,内蒙古,呼和浩特,呼和浩特 · 呼和浩特万达广场/内蒙古国际会展中心,免费,4.7
召庙景区,内蒙古,巴林左旗,巴林左旗,50.0,4.6
额布都格口岸景区,内蒙古,新巴尔虎左旗,新巴尔虎左旗,免费,5.0
呼和浩特市植物园,内蒙古,呼和浩特,呼和浩特 · 白塔机场/呼和浩特火车东站,免费,4.6
准格尔召旅游区,内蒙古,准格尔旗,准格尔旗,免费,4.9
锡林郭勒博物馆,内蒙古,锡林浩特,锡林浩特 · 锡林浩特火车站,免费,4.6
苏联红军烈士公园,内蒙古,满洲里,满洲里,免费,暂无评分
大型马术实景剧《蒙古马颂》,内蒙古,新巴尔虎左旗,新巴尔虎左旗,280.0,5.0
阿尔丁植物园,内蒙古,包头,包头 · 阿尔丁广场,免费,4.6
呼和浩特市蒙牛工业旅游景区,内蒙古,和林格尔,和林格尔,免费,4.8
银河广场,内蒙古,包头,包头 · 青山万达广场/一宫,免费,4.7
赛汗塔拉度假村,内蒙古,达茂旗,达茂旗,免费,4.9
呼和浩特市科学技术馆,内蒙古,呼和浩特,呼和浩特 · 内蒙古医院/内大北校区/农大/师大,免费,4.8
太仆寺御马苑旅游区,内蒙古,太仆寺旗,太仆寺旗,免费,5.0
吊桥公园,内蒙古,扎兰屯,扎兰屯,免费,4.7
红格尔敖包旅游景区,内蒙古,达茂旗,达茂旗,免费,4.9
阿尔山鹿角湾营地景区,内蒙古,阿尔山,阿尔山,免费,4.9
五道街人民广场,内蒙古,满洲里,满洲里 · 中苏金街步行街/北湖公园,免费,4.0
劳动公园,内蒙古,包头,包头 · 青山万达广场/一宫,免费,4.5
万家惠欢乐水世界,内蒙古,鄂尔多斯,鄂尔多斯 · 动物园/万家惠水世界,99.0,4.2
蒙根花温泉水世界,内蒙古,乌海,乌海 · 乌海机场,免费,3.9
呼和浩特市人民体育场,内蒙古,呼和浩特,呼和浩特 · 呼和浩特站/海亮广场/新华广场,免费,5.0
红山军马场,内蒙古,克什克腾旗,克什克腾旗 · 乌兰布统草原,免费,4.6
内蒙古美术馆(新馆),内蒙古,呼和浩特,呼和浩特 · 呼和浩特万达广场/内蒙古国际会展中心,免费,4.6
通辽薰衣草园,内蒙古,通辽,通辽 · 通辽市政府地区,免费,4.8
欧翔玖玖庄园滑雪场,内蒙古,科左后旗,科左后旗,128.0,4.0
岱海国际滑雪场,内蒙古,凉城,凉城,免费,4.7
伊利工业园(金三道店),内蒙古,土默特左旗,土默特左旗 · 金川开发区/西龙王庙,免费,4.8
内蒙古自治区赛马场,内蒙古,呼和浩特,呼和浩特 · 工业大学/体育场/阿尔泰游乐园,免费,4.7
八一公园,内蒙古,包头,包头 · 包百王府井,免费,4.5
公主府公园,内蒙古,呼和浩特,呼和浩特 · 呼和浩特站/海亮广场/新华广场,免费,4.7
乌兰察布永亮温泉水世界,内蒙古,乌兰察布,乌兰察布 · 万达广场/市政府,免费,4.2
春度廉政文化公园,内蒙古,呼和浩特,呼和浩特 · 呼和浩特万达广场/内蒙古国际会展中心,免费,4.9
乌兰夫纪念馆,内蒙古,呼和浩特,呼和浩特 · 内蒙古医大附院/伊斯兰风情街,免费,暂无评分
和沐温泉城,内蒙古,宁城,宁城,免费,4.9
翰嘎利湖休闲旅游度假区,内蒙古,科右中旗,科右中旗,20.0,4.8
吕祖庙,内蒙古,包头,包头 · 中心医院,免费,4.4
腾格里沙漠营地,内蒙古,阿拉善左旗,阿拉善左旗,免费,4.9
伊敏河民族公园,内蒙古,呼伦贝尔,呼伦贝尔 · 成吉思汗广场/民族博物院,免费,4.7
敖汉温泉城,内蒙古,敖汉旗,敖汉旗,54.0,2.9
乌珠穆沁草原,内蒙古,西乌旗,西乌旗,免费,4.4
黄河三盛公水利风景区,内蒙古,杭锦旗,杭锦旗,免费,4.5
敕勒川公园,内蒙古,呼和浩特,呼和浩特 · 呼和浩特万达广场/内蒙古国际会展中心,免费,4.5
油松王旅游区,内蒙古,准格尔旗,准格尔旗,免费,4.5
拓跋鲜卑历史文化园,内蒙古,鄂伦春旗,鄂伦春旗,75.0,4.5
中科丽丽娅俄罗斯文化旅游区,内蒙古,额尔古纳,额尔古纳,30.0,3.7
龙潭大峡谷,辽宁,建昌,建昌,63.0,4.4
沈阳“九·一八”历史博物馆,辽宁,沈阳,沈阳 · 九一八/北大营,免费,暂无评分
辽宁朝阳鸟化石国家地质公园,辽宁,朝阳,朝阳,80.0,4.7
张学良旧居,辽宁,沈阳,沈阳 · 中街故宫/小河沿早市,48.0,4.7
老铁山黄渤海分界线,辽宁,大连,大连,20.0,4.6
沈阳故宫,辽宁,沈阳,沈阳 · 中街故宫/小河沿早市,50.0,4.7
沈阳方城文化旅游区,辽宁,沈阳,沈阳 · 中街故宫/小河沿早市,免费,4.7
大连海昌东方水城,辽宁,大连,大连 · 中山广场/人民路东港商务区,68.0,4.5
老虎滩海洋公园,辽宁,大连,大连 · 老虎滩海洋公园/渔人码头,210.0,4.4
辽宁省博物馆,辽宁,沈阳,沈阳 · 省博物馆/桃仙机场,免费,4.9
大连森林动物园,辽宁,大连,大连 · 付家庄海滨浴场/银沙滩,116.0,4.7
大连圣亚海洋世界,辽宁,大连,大连 · 星海广场/圣亚海洋世界/星海公园,188.0,4.5
沈阳方特欢乐世界,辽宁,沈阳,沈阳 · 沈北大学城/方特欢乐世界,159.0,4.9
星海公园,辽宁,大连,大连 · 星海广场/圣亚海洋世界/星海公园,免费,4.6
本溪老边沟风景区,辽宁,本溪县,本溪县,70.0,4.6
清河半岛温泉,辽宁,沈阳,沈阳 · 沈北大学城/方特欢乐世界,259.0,4.4
棒棰岛,辽宁,大连,大连,40.0,4.4
锦州笔架山风景区,辽宁,锦州,锦州,65.0,4.5
星海广场,辽宁,大连,大连 · 星海广场/圣亚海洋世界/星海公园,免费,4.7
中街,辽宁,沈阳,沈阳 · 中街故宫/小河沿早市,免费,4.6
本溪水洞,辽宁,本溪县,本溪县 · 本溪水洞,150.0,4.6
大连海昌发现王国主题公园,辽宁,大连,大连 · 金石滩国家旅游度假区,149.0,4.5
兴城古城,辽宁,兴城,兴城 · 兴城古城,98.0,4.2
渔人码头,辽宁,大连,大连 · 老虎滩海洋公园/渔人码头,免费,4.6
沈阳中街刘老根大舞台,辽宁,沈阳,沈阳 · 中街故宫/小河沿早市,680.0,4.6
棋盘山,辽宁,沈阳,沈阳 · 棋盘山/世博园,免费,4.7
千山,辽宁,鞍山,鞍山 · 千山风景区,76.0,4.7
北陵公园,辽宁,沈阳,沈阳 · 北陵公园/省政府,20.0,4.8
鸭绿江断桥,辽宁,丹东,丹东,30.0,暂无评分
红海滩国家风景廊道,辽宁,盘锦,盘锦,108.0,4.5
东三省总督府(张学良官邸),辽宁,沈阳,沈阳 · 中街故宫/小河沿早市,39.0,4.4
关东葫芦古镇,辽宁,葫芦岛,葫芦岛,39.9,4.7
奉国寺,辽宁,义县,义县,48.8,4.8
大连金石滩国家旅游度假区,辽宁,大连,大连 · 金石滩国家旅游度假区,免费,4.6
大连森林动物园海达索道,辽宁,大连,大连 · 星海广场/圣亚海洋世界/星海公园,59.0,4.6
虎山长城,辽宁,宽甸,宽甸,55.0,4.6
大连滨海国家地质公园,辽宁,大连,大连 · 金石滩国家旅游度假区,60.0,4.6
关门山国家森林公园,辽宁,本溪县,本溪县 · 关门山风景区,88.0,4.5
丹东舰景区,辽宁,丹东,丹东 · 市府新区,35.0,4.7
北普陀山,辽宁,锦州,锦州,30.0,4.6
丹东凤凰山,辽宁,凤城,凤城,68.0,4.7
本溪大石湖风景区,辽宁,本溪县,本溪县,52.0,4.7
沈阳博物馆,辽宁,沈阳,沈阳 · 人民广场/北市场,免费,4.8
沈阳森林动物园,辽宁,沈阳,沈阳 · 棋盘山/世博园,97.0,4.5
中山广场,辽宁,大连,大连 · 中山广场/人民路东港商务区,免费,4.8
军港游园,辽宁,大连,大连 · 旅顺军港/新玛特/大学城,30.0,3.7
丹东鸭绿江游船,辽宁,丹东,丹东 · 丹东站/断桥,60.0,4.6
莲花山观景台,辽宁,大连,大连 · 星海广场/圣亚海洋世界/星海公园,39.0,4.5
星海湾跨海大桥,辽宁,大连,大连,免费,4.7
本溪大峡谷,辽宁,本溪,本溪,30.0,4.2
关山湖,辽宁,本溪县,本溪县 · 关门山风景区,39.9,4.4
辽宁省科学技术馆,辽宁,沈阳,沈阳 · 省博物馆/桃仙机场,免费,4.5
辽宁东港大孤山风景区,辽宁,东港,东港,50.0,4.7
大连·俄罗斯风情街,辽宁,大连,大连 · 大连火车站/青泥洼桥,免费,3.9
白玉山景区,辽宁,大连,大连 · 旅顺军港/新玛特/大学城,40.0,4.3
沈阳植物园,辽宁,沈阳,沈阳 · 棋盘山/世博园,48.0,4.6
青岩寺风景区,辽宁,北镇,北镇,57.0,4.8
清昭陵,辽宁,沈阳,沈阳 · 北陵公园/省政府,免费,4.7
大连东关街历史文化街区,辽宁,大连,大连 · 大连火车站/青泥洼桥,免费,4.5
稻梦空间,辽宁,沈阳,沈阳,68.0,4.6
小市一庄,辽宁,本溪县,本溪县 · 本溪水洞,29.0,4.7
东戴河风景度假区,辽宁,绥中,绥中 · 东戴河风景区,免费,4.9
北旅田园·黑风关古镇,辽宁,盘锦,盘锦,75.0,4.3
贡多拉乘船,辽宁,大连,大连 · 中山广场/人民路东港商务区,免费,4.1
中国工业博物馆,辽宁,沈阳,沈阳 · 铁西广场/体育场,免费,4.8
沈阳金融博物馆,辽宁,沈阳,沈阳 · 中街故宫/小河沿早市,免费,4.6
抗美援朝纪念馆,辽宁,丹东,丹东 · 万达广场/安东老街/月亮岛,免费,暂无评分
拾贝湾梦幻水乐园,辽宁,大连,大连 · 经济技术开发区,99.0,4.5
大黑山景区,辽宁,大连,大连,20.0,4.4
红河谷漂流,辽宁,清原,清原,170.0,4.3
万佛堂石窟,辽宁,义县,义县,38.8,4.3
华晨宝马铁西工厂,辽宁,沈阳,沈阳,60.0,4.8
东港音乐喷泉广场,辽宁,大连,大连 · 中山广场/人民路东港商务区,免费,4.7
五女山,辽宁,桓仁,桓仁,100.0,4.7
201百年专列有轨电车,辽宁,大连,大连 · 中山广场/人民路东港商务区,68.0,4.5
赫图阿拉城,辽宁,新宾,新宾,55.0,4.4
河口景区,辽宁,宽甸,宽甸,免费,4.3
大连自然博物馆,辽宁,大连,大连 · 星海广场/圣亚海洋世界/星海公园,免费,4.6
营口熊岳天沐温泉,辽宁,营口,营口 · 熊岳度假区,59.0,4.9
安东老街,辽宁,丹东,丹东 · 万达广场/安东老街/月亮岛,免费,4.6
辽沈战役纪念馆,辽宁,锦州,锦州 · 辽沈战役纪念馆周边,免费,暂无评分
棋盘山冰雪大世界,辽宁,沈阳,沈阳 · 棋盘山/世博园,60.0,4.4
鸭绿江中朝界河游船(2号观光码头),辽宁,丹东,丹东,75.0,4.6
鸭绿江中朝边界河游船(1号码头),辽宁,丹东,丹东,75.0,4.6
傅家庄公园,辽宁,大连,大连 · 付家庄海滨浴场/银沙滩,免费,4.6
旅顺博物馆,辽宁,大连,大连 · 旅顺军港/新玛特/大学城,免费,4.5
医巫闾山,辽宁,北镇,北镇,65.0,4.7
象牙山旅游景区,辽宁,开原,开原,50.0,4.1
獐子岛,辽宁,长海,长海 · 獐子岛,免费,4.6
丹东天沐君澜温泉,辽宁,凤城,凤城 · 东汤商圈,159.0,5.0
东北亚云端草原,辽宁,沈阳,沈阳,108.0,4.8
丹东天桥沟景区,辽宁,宽甸,宽甸,79.9,4.7
沈阳铁路陈列馆,辽宁,沈阳,沈阳 · 国际会展中心/沈阳南站,40.0,4.6
大型沉浸式少儿课本戏剧《白话宋唐》,辽宁,沈阳,沈阳 · 铁西万达/劳动公园,128.0,5.0
老虎滩极地海洋动物馆,辽宁,大连,大连 · 老虎滩海洋公园/渔人码头,免费,4.4
老北市,辽宁,沈阳,沈阳 · 人民广场/北市场,免费,4.4
朝阳凤凰山,辽宁,朝阳,朝阳,58.0,4.6
西塔,辽宁,沈阳,沈阳 · 沈阳站太原街/西塔,免费,4.7
护国延寿寺,辽宁,沈阳,沈阳 · 沈阳站太原街/西塔,免费,4.6
辽宁团山国家级海洋公园,辽宁,盖州,盖州 · 北海新区,28.5,4.5
旅顺潜艇博物馆,辽宁,大连,大连 · 旅顺军港/新玛特/大学城,免费,4.5
大冰沟国家地质森林公园,辽宁,本溪,本溪,49.0,4.5
山海奇幻谷,辽宁,大连,大连 · 金石滩国家旅游度假区,免费,4.7
山海广场,辽宁,营口,营口 · 山海广场/月亮湖公园,免费,4.4
旅顺太阳沟,辽宁,大连,大连 · 旅顺军港/新玛特/大学城,免费,4.8
东港游艇码头,辽宁,大连,大连 · 中山广场/人民路东港商务区,免费,4.5
铁刹山,辽宁,本溪县,本溪县,55.0,4.7
皇家海洋乐园,辽宁,抚顺,抚顺,129.0,4.5
九门口水上长城,辽宁,绥中,绥中,40.0,4.1
兴城海滨国家重点风景名胜区,辽宁,兴城,兴城 · 龙回头景区,免费,4.7
东北亚滑雪场,辽宁,沈阳,沈阳,138.0,4.3
沈阳鸟岛,辽宁,沈阳,沈阳 · 农业大学/东陵公园,28.8,4.6
海之韵公园,辽宁,大连,大连 · 老虎滩海洋公园/渔人码头,免费,4.1
望天洞,辽宁,桓仁,桓仁,65.0,4.6
朝阳化石谷,辽宁,朝阳,朝阳,50.0,4.9
旅顺口风景名胜区,辽宁,大连,大连 · 旅顺军港/新玛特/大学城,免费,4.3
布达拉宫广场,辽宁,凌海,凌海,免费,4.5
海蓝星梦幻城,辽宁,沈阳,沈阳 · 沈北大学城/方特欢乐世界,149.0,4.5
西塔特色街,辽宁,沈阳,沈阳 · 沈阳站太原街/西塔,免费,4.9
东北有戏,辽宁,沈阳,沈阳 · 棋盘山/世博园,120.0,4.0
滨海路,辽宁,大连,大连,免费,4.7
大长山岛,辽宁,长海,长海 · 大长山岛,免费,4.1
东鸡冠山景区,辽宁,大连,大连 · 旅顺军港/新玛特/大学城,25.0,4.2
赵一荻故居,辽宁,沈阳,沈阳 · 中街故宫/小河沿早市,免费,4.4
旅顺日俄监狱旧址博物馆,辽宁,大连,大连 · 旅顺军港/新玛特/大学城,免费,暂无评分
觉华岛风景区,辽宁,兴城,兴城 · 觉华岛度假区,免费,3.7
玉佛山风景区,辽宁,鞍山,鞍山 · 玉佛山风景区/辽宁科技大学,免费,4.3
玉佛苑,辽宁,鞍山,鞍山 · 玉佛山风景区/辽宁科技大学,30.0,4.6
绿石谷,辽宁,本溪县,本溪县 · 关门山风景区,50.0,4.6
大连博物馆,辽宁,大连,大连 · 星海广场/圣亚海洋世界/星海公园,免费,4.6
盛京旗袍博物馆,辽宁,沈阳,沈阳 · 中街故宫/小河沿早市,39.0,5.0
大连狮虎园,辽宁,大连,大连 · 旅顺军港/新玛特/大学城,57.5,4.7
大鹿岛风景区,辽宁,东港,东港,免费,3.9
沈阳故宫文化博物馆,辽宁,沈阳,沈阳 · 中街故宫/小河沿早市,免费,4.5
张氏帅府-大青楼,辽宁,沈阳,沈阳 · 中街故宫/小河沿早市,免费,4.6
港东五街,辽宁,大连,大连 · 中山广场/人民路东港商务区,免费,4.7
银沙滩浴场,辽宁,大连,大连 · 付家庄海滨浴场/银沙滩,免费,4.1
菱角湾,辽宁,大连,大连 · 老虎滩海洋公园/渔人码头,免费,4.6
花溪沐枫雪温泉旅游度假区,辽宁,本溪县,本溪县 · 关门山风景区,88.0,4.6
望儿山温泉水乐园,辽宁,营口,营口 · 熊岳度假区,78.0,4.6
怪坡,辽宁,沈阳,沈阳,48.0,4.1
龙回头,辽宁,兴城,兴城 · 龙回头景区,免费,4.5
牛河梁红山文化遗址,辽宁,建平,建平,免费,4.7
富斯特索道,辽宁,大连,大连 · 大连火车站/青泥洼桥,85.9,4.8
沈阳奥体冰雪嘉年华,辽宁,沈阳,沈阳 · 奥体中心/浑南万达,免费,4.5
玉龙溪冰雪大世界,辽宁,清原,清原,免费,4.7
英歌石植物园,辽宁,大连,大连,55.0,4.4
中朝边境一步跨,辽宁,宽甸,宽甸,免费,4.3
大连天门峡漂流,辽宁,庄河,庄河,138.0,4.5
沈飞航空博览园,辽宁,沈阳,沈阳 · 三台子/文官屯,免费,4.8
海棠山风景区,辽宁,阜新县,阜新县,46.0,4.6
沐里沐外温泉,辽宁,沈阳,沈阳 · 奥体中心/浑南万达,免费,1.0
黑石礁公园,辽宁,大连,大连 · 星海广场/圣亚海洋世界/星海公园,免费,4.5
海底隧道,辽宁,大连,大连 · 星海广场/圣亚海洋世界/星海公园,免费,4.4
玉龙溪大峡谷风景区,辽宁,清原,清原,37.0,4.6
林海滑雪场,辽宁,大连,大连,208.0,4.4
劳动公园,辽宁,大连,大连 · 大连火车站/青泥洼桥,免费,4.7
枫林谷森林公园,辽宁,桓仁,桓仁,64.5,4.6
鸭绿江风景名胜区-上河口国门,辽宁,宽甸,宽甸,免费,4.3
中德古生物博物馆,辽宁,义县,义县,39.0,5.0
九华山公园,辽宁,凌海,凌海,免费,4.5
大连铭湖国际温泉滑雪度假区,辽宁,大连,大连,69.0,4.6
冰峪沟,辽宁,庄河,庄河 · 冰峪沟公园,免费,3.8
广胜寺塔,辽宁,义县,义县,免费,4.7
思拉堡温泉小镇,辽宁,盖州,盖州 · 温泉小镇,48.0,4.7
青山沟国家重点风景名胜区,辽宁,宽甸,宽甸,免费,4.0
北陵冰雪世界,辽宁,沈阳,沈阳 · 北陵公园/省政府,免费,4.7
大连天门山国家森林公园,辽宁,庄河,庄河,50.0,4.5
熙古艺术村,辽宁,沈阳,沈阳 · 棋盘山/世博园,免费,暂无评分
广鹿岛,辽宁,长海,长海 · 广鹿岛,免费,4.5
哈仙岛,辽宁,长海,长海,免费,4.4
世纪留声·世界音乐文化博物馆,辽宁,大连,大连 · 中山广场/人民路东港商务区,50.0,4.7
营口虹溪谷温泉,辽宁,盖州,盖州 · 温泉小镇,48.0,4.7
闯关东影视基地,辽宁,大连,大连 · 旅顺军港/新玛特/大学城,58.0,4.2
大连老码头景区,辽宁,大连,大连 · 中山广场/人民路东港商务区,40.0,4.0
沐里沐外二部,辽宁,沈阳,沈阳 · 龙之梦/客运站,免费,3.0
虎谷峡风景区,辽宁,桓仁,桓仁,免费,4.7
锦州东方欢乐王国水世界,辽宁,锦州,锦州 · 笔架山风景区周边,免费,4.8
怪坡国际滑雪场,辽宁,沈阳,沈阳,100.0,4.3
大连东港景区,辽宁,大连,大连 · 中山广场/人民路东港商务区,免费,4.8
绿江村,辽宁,宽甸,宽甸,免费,4.4
南山旅游风情一条街,辽宁,大连,大连 · 中山广场/人民路东港商务区,免费,4.3
安东阁中朝民俗馆,辽宁,丹东,丹东 · 丹东站/断桥,20.0,4.8
沈阳小南天主教堂,辽宁,沈阳,沈阳 · 中街故宫/小河沿早市,免费,4.6
河口断桥,辽宁,宽甸,宽甸,23.8,4.2
大连贝壳博物馆,辽宁,大连,大连 · 星海广场/圣亚海洋世界/星海公园,100.0,4.6
清永陵,辽宁,新宾,新宾,50.0,4.4
旅顺樱花园,辽宁,大连,大连,免费,4.6
盛京文旅七星海世界,辽宁,沈阳,沈阳 · 沈北大学城/方特欢乐世界,88.0,3.8
千山仙人台国家森林公园,辽宁,鞍山,鞍山 · 千山风景区,29.0,4.7
北黄海温泉,辽宁,东港,东港,59.0,4.4
红海温泉乐园,辽宁,盘锦,盘锦,129.0,4.5
铁岭地下河龙宫,辽宁,铁岭,铁岭 · 铁岭火车站地区,30.0,4.2
沈阳市文化宫,辽宁,沈阳,沈阳 · 沈阳站太原街/西塔,免费,暂无评分
东陵公园,辽宁,沈阳,沈阳 · 农业大学/东陵公园,30.0,4.4
铁西1905文化创意园,辽宁,沈阳,沈阳 · 北一路万达/宜家家居,免费,4.5
辽河老街,辽宁,营口,营口 · 楞严寺公园商圈,免费,4.5
大连森林动物园摩天轮,辽宁,大连,大连 · 付家庄海滨浴场/银沙滩,58.0,4.7
星海湾景区,辽宁,大连,大连 · 星海广场/圣亚海洋世界/星海公园,免费,4.7
小水口森林公园,辽宁,长海,长海 · 小长山岛,40.0,4.4
锦州古塔历史文化公园,辽宁,锦州,锦州 · 古塔公园/福德转盘,免费,4.7
鸭绿江,辽宁,丹东,丹东 · 市府新区,免费,5.0
清福陵,辽宁,沈阳,沈阳 · 农业大学/东陵公园,免费,4.8
欢乐雪世界,辽宁,大连,大连 · 大连国际机场,355.0,4.8
长兴岛,辽宁,瓦房店,瓦房店,免费,4.8
朝阳市北塔博物馆,辽宁,朝阳,朝阳 · 朝阳商业城/朝阳南站,60.0,4.6
月亮岛,辽宁,丹东,丹东 · 万达广场/安东老街/月亮岛,免费,4.5
大芦花景区,辽宁,北镇,北镇,49.0,3.6
金石滩生命奥秘博物馆,辽宁,大连,大连 · 金石滩国家旅游度假区,75.0,4.6
威尼斯水世界,辽宁,大连,大连 · 中山广场/人民路东港商务区,免费,3.0
东方华地城,辽宁,凌海,凌海,133.0,4.9
鞍钢博物馆,辽宁,鞍山,鞍山 · 鞍钢东侧地区,免费,4.8
龙湾海滨风景区,辽宁,葫芦岛,葫芦岛 · 龙湾海滨,免费,4.8
望儿山,辽宁,营口,营口 · 熊岳度假区,35.0,4.5
沈阳奥林匹克体育中心,辽宁,沈阳,沈阳 · 奥体中心/浑南万达,免费,4.8
獐岛,辽宁,东港,东港,免费,4.3
小长山岛,辽宁,长海,长海 · 小长山岛,免费,4.1
丹东天锅古洞景区,辽宁,凤城,凤城,79.0,4.7
沈阳新乐遗址博物馆,辽宁,沈阳,沈阳 · 北陵公园/省政府,免费,4.7
泡泡森林水汇(保工店),辽宁,沈阳,沈阳 · 铁西广场/体育场,免费,暂无评分
象鼻山,辽宁,大连,大连,免费,3.0
十里黄金海岸,辽宁,大连,大连 · 金石滩国家旅游度假区,免费,4.7
熊洞街,辽宁,大连,大连 · 香炉礁/梭鱼湾专业足球场,免费,4.4
金石园,辽宁,大连,大连 · 金石滩国家旅游度假区,10.0,4.5
灵山风景名胜区,辽宁,葫芦岛,葫芦岛,45.0,4.7
沈阳乐高探索中心,辽宁,沈阳,沈阳 · 青年大街/彩电塔夜市,150.0,4.4
天女山森林公园,辽宁,抚顺县,抚顺县,49.9,4.8
广佑寺,辽宁,辽阳,辽阳 · 辽阳火车站地区,免费,4.8
太子岛十里画廊,辽宁,辽阳,辽阳,26.8,4.7
沈阳新世界博览馆,辽宁,沈阳,沈阳 · 青年大街/彩电塔夜市,免费,4.6
大连蚂蚁岛度假区,辽宁,大连,大连,免费,4.2
辽宁北票大黑山旅游景区,辽宁,北票,北票,50.0,4.4
仙人岛风景区,辽宁,盖州,盖州 · 白沙湾,免费,3.7
朝阳北塔,辽宁,朝阳,朝阳 · 朝阳商业城/朝阳南站,免费,4.8
跨海空中索道,辽宁,大连,大连 · 老虎滩海洋公园/渔人码头,免费,5.0
欢乐龙湾温泉水乐园,辽宁,兴城,兴城 · 龙回头景区,98.0,4.4
鞍山动物园,辽宁,鞍山,鞍山 · 玉佛山风景区/辽宁科技大学,58.5,4.5
辽宁古生物博物馆,辽宁,沈阳,沈阳 · 沈北大学城/方特欢乐世界,免费,4.4
汤景泽日式温泉,辽宁,大连,大连 · 金石滩国家旅游度假区,免费,4.3
莲花山,辽宁,大连,大连 · 付家庄海滨浴场/银沙滩,免费,4.5
旅顺留声机博物馆,辽宁,大连,大连 · 旅顺军港/新玛特/大学城,80.0,4.9
热高乐园,辽宁,抚顺,抚顺,99.0,4.3
锦州世博园,辽宁,锦州,锦州,免费,3.8
沈阳海洋探索中心,辽宁,沈阳,沈阳 · 青年大街/彩电塔夜市,110.0,4.2
银沙滩公园,辽宁,大连,大连,免费,5.0
抚顺市雷锋纪念馆,辽宁,抚顺,抚顺 · 望花商业区,免费,暂无评分
大连森林动物园奥特曼冰雪世界,辽宁,大连,大连 · 付家庄海滨浴场/银沙滩,39.0,4.4
金沙滩海滨浴场(滨海西路),辽宁,大连,大连 · 星海广场/圣亚海洋世界/星海公园,免费,4.5
牛河梁遗址博物馆,辽宁,建平,建平,免费,4.1
瑞应寺,辽宁,阜新县,阜新县,免费,4.6
沈阳龙之梦动物乐园,辽宁,沈阳,沈阳 · 龙之梦/客运站,88.0,4.3
星海湾海水浴场,辽宁,大连,大连 · 星海广场/圣亚海洋世界/星海公园,免费,4.5
鸭绿江公园,辽宁,丹东,丹东 · 丹东站/断桥,免费,4.8
沈阳故宫博物院-满清一条街,辽宁,沈阳,沈阳 · 中街故宫/小河沿早市,免费,4.5
大连金石蜡像馆,辽宁,大连,大连 · 金石滩国家旅游度假区,70.0,4.7
白沙湾黄金海岸,辽宁,盖州,盖州 · 白沙湾,免费,4.4
抗美援朝烈士陵园,辽宁,沈阳,沈阳 · 三台子/文官屯,免费,暂无评分
筐子沟生态风景区,辽宁,清原,清原,60.0,4.5
清河半岛欢乐谷水世界,辽宁,沈阳,沈阳,免费,5.0
山屿汤温泉,辽宁,凌源,凌源,59.0,4.9
赵尚志纪念馆,辽宁,朝阳,朝阳 · 龙城城区,免费,暂无评分
朝阳伏龙域化石博物馆,辽宁,朝阳,朝阳 · 朝阳商业城/朝阳南站,25.0,5.0
大连武术文化博物馆,辽宁,大连,大连 · 付家庄海滨浴场/银沙滩,免费,4.9
铭湖滑雪场,辽宁,大连,大连,160.0,5.0
大连金石滩财神岛海岛乐园,辽宁,大连,大连 · 金石滩国家旅游度假区,免费,5.0
大型原创浸没式戏剧《幡灵迷境》,辽宁,沈阳,沈阳 · 中街故宫/小河沿早市,388.0,4.9
奉天挑战者射击俱乐部,辽宁,沈阳,沈阳 · 中街故宫/小河沿早市,280.0,4.9
卓阅清水湾温泉度假区,辽宁,鞍山,鞍山 · 千山风景区,90.0,4.8
玉佛山风景区-二一九公园,辽宁,鞍山,鞍山 · 玉佛山风景区/辽宁科技大学,免费,4.8
旅顺温泉度假酒店温泉区,辽宁,大连,大连,78.0,4.7
五里河公园,辽宁,沈阳,沈阳 · 南塔鞋城/药科大学,免费,4.9
花溪地温泉生态乐园,辽宁,沈阳,沈阳,免费,4.0
千山弥勒大佛,辽宁,鞍山,鞍山 · 千山风景区,免费,4.8
望溪公园,辽宁,本溪,本溪 · 本溪火车站地区,免费,4.9
本溪动物园,辽宁,本溪,本溪 · 平顶山森林公园,30.0,4.7
天桥沟滑雪场,辽宁,宽甸,宽甸,2000.0,3.9
白清寨滑雪场,辽宁,沈阳,沈阳,120.0,4.3
中山公园,辽宁,大连,大连 · 西安路商圈,免费,4.9
枣园公园,辽宁,大连,大连 · 华南广场/金三角商圈,免费,4.8
碧湖温泉,辽宁,辽阳,辽阳 · 弓长岭温泉滑雪场,82.0,4.4
万泉公园,辽宁,沈阳,沈阳 · 中街故宫/小河沿早市,免费,4.8
明月禅寺,辽宁,调兵山,调兵山,免费,4.9
沈阳市万柳塘公园,辽宁,沈阳,沈阳 · 五爱市场/风雨坛,免费,4.8
儿童公园,辽宁,大连,大连 · 中山广场/人民路东港商务区,免费,4.8
大连奇幻艺术体验馆,辽宁,大连,大连 · 金石滩国家旅游度假区,60.0,4.9
胜利广场,辽宁,鞍山,鞍山 · 鞍钢南侧/火车站地区,免费,4.9
长白岛森林公园,辽宁,沈阳,沈阳 · 长白,免费,4.8
【大连】老虎滩海洋公园鲸豚表演,辽宁,大连,大连 · 老虎滩海洋公园/渔人码头,免费,4.4
枫露公园,辽宁,沈阳,沈阳 · 沈阳大学/吉祥市场,免费,5.0
辽阳博物馆,辽宁,辽阳,辽阳 · 京都商业步行街,免费,4.7
浑河,辽宁,沈阳,沈阳 · 滑翔/砂山,免费,4.8
太子河,辽宁,辽阳,辽阳,免费,4.8
厝石山公园,辽宁,海城,海城,免费,5.0
月牙岛生态公园,辽宁,抚顺,抚顺,免费,4.7
龙首山,辽宁,铁岭,铁岭 · 铁岭火车站地区,免费,4.5
百大万美温泉水上乐园,辽宁,葫芦岛,葫芦岛,免费,4.3
奥林匹克生态公园,辽宁,沈阳,沈阳 · 理工大学/建筑大学,免费,4.8
沈阳恋爱博物馆,辽宁,沈阳,沈阳 · 中街故宫/小河沿早市,68.0,4.6
人民广场,辽宁,大连,大连 · 人民广场/大连市政府,免费,4.6
有轨电车(机车商厦店),辽宁,大连,大连 · 西安路商圈,免费,4.5
沈阳故宫-大政殿,辽宁,沈阳,沈阳 · 中街故宫/小河沿早市,免费,4.6
锦州城市海景水上乐园,辽宁,锦州,锦州 · 白楼/巴黎豪苑,免费,5.0
老牛背,辽宁,凤城,凤城,免费,5.0
锦江山公园,辽宁,丹东,丹东 · 丹东站/断桥,免费,4.8
大连植物园,辽宁,大连,大连 · 老虎滩海洋公园/渔人码头,免费,4.8
康溪温泉度假区,辽宁,本溪,本溪,90.0,4.6
白塔公园,辽宁,辽阳,辽阳 · 辽阳火车站地区,免费,4.6
宋雨桂艺术馆,辽宁,沈阳,沈阳 · 长白,免费,4.9
迎宾路,辽宁,大连,大连 · 老虎滩海洋公园/渔人码头,免费,4.9
蒲石河森林公园,辽宁,凤城,凤城,60.0,4.5
弓长岭温泉滑雪场,辽宁,辽阳,辽阳 · 弓长岭温泉滑雪场,免费,4.3
青年湖公园,辽宁,辽阳,辽阳 · 辽阳火车站地区,免费,4.8
辽宁大学(崇山校区),辽宁,沈阳,沈阳 · 沈阳北站/辽宁大学,免费,4.8
汤河温泉,辽宁,辽阳,辽阳 · 弓长岭温泉滑雪场,128.0,4.6
五四广场,辽宁,大连,大连 · 西安路商圈,免费,4.8
童牛岭风景区,辽宁,大连,大连 · 经济技术开发区,免费,4.8
七贤岭森林公园,辽宁,大连,大连 · 高新万达广场/软件园/学府区,免费,4.8
九华山温泉水城,辽宁,凌海,凌海,38.0,4.2
中山路,辽宁,大连,大连 · 星海广场/圣亚海洋世界/星海公园,免费,4.3
大东广场,辽宁,沈阳,沈阳 · 沈阳大学/吉祥市场,免费,4.8
蟠龙山,辽宁,大石桥,大石桥,免费,4.8
沈水湾公园,辽宁,沈阳,沈阳 · 青年大街/彩电塔夜市,免费,4.8
万泉游乐场,辽宁,沈阳,沈阳 · 中街故宫/小河沿早市,免费,4.5
前关湿地公园,辽宁,大连,大连 · 新港客运站/大连湾,免费,4.8
浑河晚渡公园,辽宁,沈阳,沈阳 · 张士开发区,免费,4.8
桥头公园,辽宁,锦州,锦州 · 太和区政府/水墨华府,免费,4.8
忆江南温泉,辽宁,营口,营口 · 熊岳度假区,39.9,4.5
东泉温泉,辽宁,大连,大连,48.0,4.7
青泥洼商圈,辽宁,大连,大连 · 大连火车站/青泥洼桥,免费,4.7
向应公园,辽宁,大连,大连 · 金州火车站/体育场/向应广场,免费,4.7
快乐专+(沈阳铁西店),辽宁,沈阳,沈阳 · 铁西广场/体育场,268.0,4.7
南山公园,辽宁,锦州,锦州,免费,5.0
沈阳三农博览园,辽宁,新民,新民,45.0,4.5
猴石国家森林公园,辽宁,新宾,新宾,免费,4.5
香洲旅游度假区,辽宁,瓦房店,瓦房店,免费,4.4
沈阳市人民广场,辽宁,沈阳,沈阳 · 人民广场/北市场,免费,4.7
三块石国家森林公园,辽宁,抚顺县,抚顺县,48.0,4.6
横山北普陀主题文化公园,辽宁,大连,大连,免费,4.9
锦州北普陀山旅游区-观音洞风景区,辽宁,锦州,锦州,免费,5.0
华夏·亚特兰海世界,辽宁,盖州,盖州 · 北海新区,110.0,4.4
雪鹿森林·劳动公园·冰雪王国,辽宁,大连,大连 · 大连火车站/青泥洼桥,320.0,4.8
体育公园,辽宁,沈阳,沈阳 · 沈阳站太原街/西塔,免费,4.8
天祥号观光游轮,辽宁,大连,大连 · 星海广场/圣亚海洋世界/星海公园,150.0,4.6
楞严寺公园-楞严禅寺,辽宁,营口,营口 · 楞严寺公园商圈,免费,4.8
热高巴厘岛水世界,辽宁,抚顺,抚顺,180.0,4.5
五龙山,辽宁,丹东,丹东,48.0,4.7
人民公园,辽宁,营口,营口 · 东升商厦/营口火车站,免费,4.8
凯伦温泉,辽宁,大连,大连 · 经济技术开发区,免费,4.6
滨海路西段木栈道,辽宁,大连,大连 · 星海广场/圣亚海洋世界/星海公园,免费,4.6
星海游艇码头,辽宁,大连,大连 · 星海广场/圣亚海洋世界/星海公园,免费,4.8
吉林松花湖风景名胜区,吉林,吉林市,吉林松花湖风景名胜区/朱雀山国家森林公园,10.0,4.3
朱雀山国家森林公园,吉林,吉林市,吉林松花湖风景名胜区/朱雀山国家森林公园,30.0,4.5
中旅松花湖度假区,吉林,吉林市,松花湖滑雪度假区,免费,4.7
红石国家森林公园,吉林,桦甸,桦甸,85.0,4.7
伪满皇宫博物院,吉林,长春,长春,60.0,暂无评分
北大湖滑雪度假区,吉林,永吉,北大湖滑雪度假区,358.0,4.6
中旅松花湖滑雪场,吉林,吉林市,松花湖滑雪度假区,260.0,4.6
北山公园,吉林,吉林市,东北电力大学,免费,4.4
松花江,吉林,吉林市,东北电力大学,免费,4.6
拉法山国家森林公园,吉林,蛟河,蛟河,免费,4.2
雾凇岛,吉林,吉林市,吉林雾凇岛,50.0,4.6
吉林市博物馆,吉林,吉林市,北华大学/医药学院,免费,4.6
世纪广场,吉林,吉林市,北华大学/医药学院,免费,4.7
蛟河红叶谷,吉林,蛟河,蛟河,免费,4.1
吉林天主教堂,吉林,吉林市,火车站,免费,4.8
阿什小雾凇岛,吉林,吉林市,吉林松花湖风景名胜区/朱雀山国家森林公园,免费,5.0
吉林陨石雨博物馆,吉林,吉林市,北华大学/医药学院,免费,4.5
雾凇长廊,吉林,吉林市,吉林松花湖风景名胜区/朱雀山国家森林公园,免费,5.0
鸣山绿洲滑雪场,吉林,吉林市,吉林市,129.0,4.4
五虎岛,吉林,吉林市,吉林市,免费,3.0
吉林市满族博物馆,吉林,吉林市,东北电力大学,免费,4.6
玄天岭文化公园,吉林,吉林市,火车站,免费,4.7
七星堡酒庄,吉林,吉林市,吉林市,63.0,3.8
吉林市文庙博物馆,吉林,吉林市,火车站,免费,4.5
乌拉街满族镇,吉林,吉林市,吉林市,免费,3.8
圣鑫葡萄酒庄,吉林,吉林市,吉林松花湖风景名胜区/朱雀山国家森林公园,18.0,4.5
官马溶洞,吉林,磐石,磐石,57.0,4.0
吉林机器局旧址,吉林,吉林市,火车站,免费,4.8
蛟河鹿角沟,吉林,蛟河,蛟河,免费,3.7
龙潭山公园,吉林,吉林市,吉林化工学院,免费,4.2
圣水洞,吉林,蛟河,蛟河,免费,暂无评分
东大旺山公园,吉林,吉林市,吉林市,免费,4.5
红叶谷谷中谷景区,吉林,蛟河,蛟河,免费,暂无评分
圣德泉温泉度假村,吉林,吉林市,吉林市,38.0,4.7
吉海铁路总站旧址,吉林,吉林市,东北电力大学,免费,暂无评分
头道码头-松花江游船,吉林,吉林市,东北电力大学,免费,暂无评分
五家山滑雪场,吉林,吉林市,吉林市,90.0,3.5
江南公园,吉林,吉林市,北华大学/医药学院,免费,4.8
北山四季越野滑雪场,吉林,吉林市,东北电力大学,199.0,5.0
乌拉古城遗址,吉林,吉林市,吉林市,免费,4.0
三道码头文华号游船,吉林,吉林市,火车站,免费,4.8
吉林雪乡,吉林,舒兰,舒兰,免费,4.8
吉雪滑雪场,吉林,吉林市,吉林市,免费,4.3
大秃子山,吉林,桦甸,桦甸,免费,暂无评分
长白岛湿地公园,吉林,吉林市,火车站,免费,4.0
炮台山,吉林,吉林市,火车站,免费,4.7
吉林官参局,吉林,吉林市,吉林市,免费,5.0
河南步行街,吉林,吉林市,火车站,免费,5.0
吉林京剧出科博物馆,吉林,吉林市,北华大学/医药学院,免费,5.0
卧龙潭,吉林,吉林市,吉林市,免费,4.0
冰雪乌拉城,吉林,吉林市,吉林市,免费,3.5
哈尔滨冰雪大世界,吉林,哈尔滨,哈尔滨 · 融创乐园/太阳岛,180.0,4.4
吉林天文馆,吉林,吉林市,吉林市,29.0,5.0
纳美山谷旅游度假区,吉林,吉林市,吉林市,59.9,4.0
蛟河大峡谷漂流,吉林,蛟河,蛟河,免费,暂无评分
玄天岭文化公园-玄帝观,吉林,吉林市,火车站,免费,暂无评分
张作相官邸,吉林,吉林市,东北电力大学,免费,4.5
幽芳谷,吉林,蛟河,蛟河,56.0,3.4
临江门大桥,吉林,吉林市,东北电力大学,免费,4.6
东北虎林园,吉林,哈尔滨,哈尔滨 · 融创乐园/太阳岛,90.0,4.6
瀚星冰雪乐园,吉林,吉林市,北华大学/医药学院,免费,暂无评分
韩屯村,吉林,吉林市,吉林雾凇岛,免费,5.0
松江中路,吉林,吉林市,火车站,免费,5.0
老爷岭风景区,吉林,蛟河,蛟河,免费,暂无评分
江北公园,吉林,吉林市,北华大学北校区,免费,4.8
卓远温泉,吉林,永吉,永吉,38.0,4.8
万科松花湖度假区露营地,吉林,吉林市,松花湖滑雪度假区,免费,暂无评分
净月潭,吉林,长春,长春,27.0,4.7
莲花山国家森林公园,吉林,磐石,磐石,65.0,4.0
哈药集团制药六厂,吉林,哈尔滨,哈尔滨 · 国际会展中心/省政府,免费,3.9
哈药六版画博物馆,吉林,哈尔滨,哈尔滨 · 国际会展中心/省政府,49.0,4.5
长白山景区,吉林,安图,安图 · 长白山高铁站,190.0,4.5
松花江观光索道,吉林,哈尔滨,哈尔滨 · 中央大街步行街/索菲亚大教堂/防洪纪念塔,58.0,4.5
神农庄园温泉度假村,吉林,吉林市,吉林市,免费,4.1
伏尔加庄园,吉林,哈尔滨,哈尔滨 · 伏尔加庄园度假区,154.0,4.6
北山冰雪大世界,吉林,吉林市,东北电力大学,免费,4.4
肇大鸡山国家森林公园枫雪部落景区,吉林,桦甸,桦甸,免费,3.0
乌拉三府,吉林,吉林市,吉林市,15.0,暂无评分
人民广场,吉林,吉林市,东北电力大学,免费,4.6
哈尔滨极地公园,吉林,哈尔滨,哈尔滨 · 融创乐园/太阳岛,55.0,4.9
太阳岛风景区,吉林,哈尔滨,哈尔滨 · 融创乐园/太阳岛,免费,4.5
镜泊湖风景区,吉林,宁安,宁安 · 镜泊湖风景区,98.0,4.4
长白山北景区,吉林,安图,安图 · 长白山北坡商圈,190.0,4.5
吉林朱雀国际赛车运动公园,吉林,吉林市,吉林市,免费,暂无评分
长春动植物公园,吉林,长春,长春,30.0,4.5
舒兰市小城镇南阳村俄式风情小镇,吉林,舒兰,舒兰,免费,暂无评分
中央大街,吉林,哈尔滨,哈尔滨 · 中央大街步行街/索菲亚大教堂/防洪纪念塔,免费,4.8
圣索菲亚教堂,吉林,哈尔滨,哈尔滨 · 中央大街步行街/索菲亚大教堂/防洪纪念塔,25.0,4.6
哈尔滨索菲亚广场,吉林,哈尔滨,哈尔滨 · 中央大街步行街/索菲亚大教堂/防洪纪念塔,免费,4.6
磐石市莲花山滑雪场,吉林,磐石,磐石,免费,4.2
曾通村,吉林,吉林市,吉林雾凇岛,免费,4.7
江滨公园,吉林,吉林市,北华大学/医药学院,免费,暂无评分
长春冰雪新天地,吉林,长春,长春,268.0,4.4
吉林大街,吉林,吉林市,北华大学/医药学院,免费,4.7
长影世纪城,吉林,长春,长春,171.0,4.1
长白山聚龙火山温泉,吉林,安图,安图 · 长白山北坡商圈,238.0,4.8
中国雪乡,吉林,海林,海林,85.0,4.6
灵岩寺,吉林,吉林市,吉林市,免费,暂无评分
氿洲温泉,吉林,吉林市,火车站,免费,暂无评分
天定山旅游度假小镇,吉林,长春,长春,免费,4.8
吉林建制博物馆,吉林,吉林市,火车站,免费,暂无评分
南楼山,吉林,桦甸,桦甸,免费,5.0
长春电影制片厂,吉林,长春,长春 · 红旗街/万达广场,87.0,暂无评分
图们国门景区,吉林,图们,图们,25.0,4.6
中华巴洛克,吉林,哈尔滨,哈尔滨 · 中华巴洛克老道外文化区,免费,4.8
舒兰市301森林公园,吉林,舒兰,舒兰,免费,4.0
知青城,吉林,磐石,磐石,19.9,5.0
庆岭漂流,吉林,蛟河,蛟河,免费,暂无评分
横道河子东北虎林园,吉林,海林,海林 · 横道河子镇/横道河子东北虎林园,45.0,4.7
阿什哈达摩崖石刻,吉林,吉林市,吉林市,免费,5.0
松花湖度假区森之舞台,吉林,吉林市,松花湖滑雪度假区,免费,暂无评分
这有山,吉林,长春,长春 · 红旗街/万达广场,免费,4.6
波塞冬旅游度假区,吉林,哈尔滨,哈尔滨,199.0,4.7
波塞冬海底世界,吉林,哈尔滨,哈尔滨,199.0,4.6
小白山公园,吉林,吉林市,吉林市,免费,4.0
二合雪乡滑雪场,吉林,舒兰,舒兰,免费,暂无评分
中国朝鲜族民俗园,吉林,延吉,延吉 · 朝鲜民俗园/恐龙王国,27.0,3.8
白山湖自然生态风景区,吉林,桦甸,桦甸,免费,暂无评分
龙塔,吉林,哈尔滨,哈尔滨 · 国际会展中心/省政府,82.0,4.5
插树岭峡谷漂流,吉林,蛟河,蛟河,免费,3.9
长白山魔界漂流,吉林,安图,安图 · 长白山高铁站,52.0,4.0
长白山西景区,吉林,抚松,抚松,190.0,4.4
乔屯温泉庄园,吉林,吉林市,吉林市,39.9,2.0
长春世界雕塑园,吉林,长春,长春,免费,4.6
富饶农场,吉林,吉林市,吉林市,19.9,3.6
延吉恐龙王国,吉林,延吉,延吉 · 朝鲜民俗园/恐龙王国,238.0,4.5
哈尔滨融创乐园,吉林,哈尔滨,哈尔滨 · 融创乐园/太阳岛,218.0,4.6
长白山雪绒花驯鹿园,吉林,安图,安图 · 长白山北坡集散中心/池北区,30.0,4.5
森林慢谷度假景区,吉林,桦甸,桦甸,免费,5.0
虎脸瀑布,吉林,蛟河,蛟河,50.0,暂无评分
哈尔滨冰雪大世界梦幻冰雪馆,吉林,哈尔滨,哈尔滨 · 融创乐园/太阳岛,180.0,4.4
吉林西海浪景区,吉林,吉林市,吉林市,免费,5.0
吉林省博物院,吉林,长春,长春,免费,4.4
黑龙江省博物馆,吉林,哈尔滨,哈尔滨 · 哈尔滨站/果戈里商业区/医大一院,免费,4.4
侵华日军第七三一部队罪证陈列馆,吉林,哈尔滨,哈尔滨 · 731部队遗址/新疆大街,免费,暂无评分
哈尔滨工业大学,吉林,哈尔滨,哈尔滨 · 师大夜市/江南大学城,免费,4.6
亚布力阳光度假村滑雪场,吉林,尚志,尚志 · 亚布力滑雪旅游度假区,240.0,4.6
庆岭瀑布,吉林,蛟河,蛟河,免费,暂无评分
张连山府邸,吉林,吉林市,火车站,免费,5.0
哈尔滨融创文旅城,吉林,哈尔滨,哈尔滨 · 融创乐园/太阳岛,免费,4.3
东北虎园,吉林,长春,长春,60.0,4.3
亚布力滑雪旅游度假区,吉林,尚志,尚志 · 亚布力滑雪旅游度假区,免费,4.2
枫叶小镇温泉度假区,吉林,哈尔滨,哈尔滨 · 融创乐园/太阳岛,99.0,4.6
中国黄金博物馆,吉林,桦甸,桦甸,免费,暂无评分
红旗街54路文旅专列,吉林,长春,长春 · 红旗街/万达广场,88.0,4.6
西武王子大饭店·Hi Fun活力中心,吉林,吉林市,松花湖滑雪度假区,免费,暂无评分
长影旧址博物馆,吉林,长春,长春 · 红旗街/万达广场,87.0,暂无评分
吉林松花湖弥勒寺,吉林,吉林市,吉林市,免费,5.0
海立方海洋乐园,吉林,吉林市,吉林市,免费,暂无评分
蛟河天岗太平沟,吉林,蛟河,蛟河,免费,4.5
长白山天池,吉林,安图,安图,免费,4.7
五龙宫,吉林,吉林市,吉林市,免费,4.6
长白山万达国际度假区,吉林,抚松,抚松 · 长白山国际度假区,免费,4.5
磨盘山,吉林,吉林市,吉林市,免费,暂无评分
吉林市冰上运动中心,吉林,吉林市,北华大学东校区,免费,5.0
松花湖国家风景名胜区-坝西景区,吉林,吉林市,吉林市,免费,暂无评分
国信南山温泉,吉林,长春,长春,168.0,4.9
侵华日军第七三一部队遗址,吉林,哈尔滨,哈尔滨 · 731部队遗址/新疆大街,免费,4.7
一汽文旅,吉林,长春,长春 · 长春西站/一汽,免费,4.5
庆岭风景区,吉林,蛟河,蛟河,免费,3.8
西土山,吉林,蛟河,蛟河,免费,5.0
长春刘老根大舞台,吉林,长春,长春,80.0,4.2
哈尔滨热雪奇迹,吉林,哈尔滨,哈尔滨 · 融创乐园/太阳岛,128.0,4.8
俄罗斯风情小镇,吉林,哈尔滨,哈尔滨 · 融创乐园/太阳岛,60.0,4.3
银河欢乐世界,吉林,哈尔滨,哈尔滨 · 融创乐园/太阳岛,免费,4.5
鸭绿江国门景区,吉林,集安,集安,60.0,4.6
玉龙山庄,吉林,吉林市,吉林市,免费,暂无评分
延边大学网红墙,吉林,延吉,延吉 · 延边大学/西市场,免费,4.1
长白山仙峰雪岭景区,吉林,和龙,和龙,免费,4.3
神农庄园温泉度假村-满族风情园,吉林,吉林市,吉林市,免费,暂无评分
神鹿峰旅游度假区,吉林,长春,长春,198.0,4.6
二道白河,吉林,安图,安图 · 长白山高铁站,免费,4.6
南湖公园,吉林,长春,长春,免费,4.7
哈尔滨工业大学航天馆,吉林,哈尔滨,哈尔滨 · 师大夜市/江南大学城,免费,4.7
帽儿山国家森林公园,吉林,延吉,延吉,免费,4.7
六鼎山文化旅游区,吉林,敦化,敦化,100.0,4.5
东光村民俗园,吉林,蛟河,蛟河,免费,暂无评分
横道河子镇,吉林,海林,海林 · 横道河子镇/横道河子东北虎林园,免费,4.7
长白山大泉河漂流,吉林,安图,安图 · 长白山北坡集散中心/池北区,188.0,4.1
吉林省城自来水厂旧址博物馆,吉林,吉林市,东北电力大学,免费,4.0
哈尔滨刘老根大舞台,吉林,哈尔滨,哈尔滨 · 哈尔滨站/果戈里商业区/医大一院,50.0,4.4
圣鑫水世界,吉林,吉林市,吉林松花湖风景名胜区/朱雀山国家森林公园,158.0,4.6
雪乡国家森林公园,吉林,海林,海林,85.0,4.3
果戈里大街,吉林,哈尔滨,哈尔滨 · 哈尔滨站/果戈里商业区/医大一院,免费,4.6
桂林路,吉林,长春,长春,免费,4.6
中国一汽博物馆,吉林,长春,长春 · 长春西站/一汽,88.0,4.6
火山口国家森林公园,吉林,宁安,宁安,53.0,4.3
长白山雾凇漂流风景区,吉林,抚松,抚松,228.0,4.8
亚布力新体委滑雪场,吉林,尚志,尚志 · 亚布力滑雪旅游度假区,230.0,4.2
万科松花湖滑雪场飞翔伞基地,吉林,吉林市,松花湖滑雪度假区,免费,暂无评分
海兰台朝鲜族民俗度假区,吉林,龙井,龙井,30.0,4.3
太阳岛大熊猫馆,吉林,哈尔滨,哈尔滨 · 融创乐园/太阳岛,45.0,4.7
云顶市集,吉林,安图,安图 · 长白山北坡集散中心/池北区,免费,3.5
琵岩山温泉古村落,吉林,龙井,龙井,138.0,4.6
鸣山绿洲旅游度假村,吉林,吉林市,吉林市,1199.0,暂无评分
长春天定山滑雪场,吉林,长春,长春,150.0,4.7
高句丽文物古迹旅游景区,吉林,集安,集安,免费,4.5
万达长白山国际滑雪场,吉林,抚松,抚松 · 长白山国际度假区,380.0,4.3
波塞冬沙滩水世界,吉林,哈尔滨,哈尔滨,199.0,4.6
哈尔滨外滩雪人码头,吉林,哈尔滨,哈尔滨 · 群力新区/音乐公园,298.0,4.6
江南公园游乐园,吉林,吉林市,北华大学/医药学院,免费,5.0
露水河国家森林公园,吉林,抚松,抚松,50.0,4.6
长春庙香山滑雪场,吉林,长春,长春,160.0,4.7
白桦林家温泉度假村,吉林,吉林市,吉林市,免费,暂无评分
哈尔滨市博物馆,吉林,哈尔滨,哈尔滨 · 中央大街步行街/索菲亚大教堂/防洪纪念塔,免费,4.5
帽儿山风景区,吉林,尚志,尚志,36.0,4.5
山水云间景区,吉林,吉林市,吉林市,免费,暂无评分
朱雀山顶观景台,吉林,吉林市,吉林松花湖风景名胜区/朱雀山国家森林公园,免费,暂无评分
普吉岛汗蒸馆,吉林,吉林市,北华大学/医药学院,免费,暂无评分
查干湖景区,吉林,前郭,前郭,98.0,4.5
飞越长白山,吉林,安图,安图 · 长白山北坡集散中心/池北区,免费,4.5
长白山红松王森林旅游运动公园,吉林,安图,安图 · 长白山北坡商圈,278.0,3.4
长白山红松王滑雪场,吉林,安图,安图 · 长白山北坡商圈,188.0,3.9
知北村,吉林,梅河口,梅河口,9.9,4.4
斯大林公园,吉林,哈尔滨,哈尔滨 · 中央大街步行街/索菲亚大教堂/防洪纪念塔,免费,4.8
璞悦温泉,吉林,安图,安图 · 长白山北坡集散中心/池北区,168.0,4.6
凤凰山旅游区,吉林,舒兰,舒兰,免费,暂无评分
大安嫩江湾旅游区,吉林,大安,大安,免费,4.8
长白山华美胜地旅游度假区(原鲁能胜地),吉林,抚松,抚松 · 华美胜地度假区,免费,3.6
北大壶梦幻薰衣草主题公园,吉林,永吉,北大湖滑雪度假区,免费,暂无评分
红河谷漂流,吉林,清原,清原,170.0,4.3
龙潭山遗址公园-高句丽遗址群,吉林,吉林市,吉林化工学院,免费,暂无评分
喜连成京剧艺术公园,吉林,吉林市,北华大学/医药学院,免费,暂无评分
魔界风景区,吉林,安图,安图 · 长白山北坡集散中心/池北区,免费,3.6
五女山,吉林,桓仁,桓仁,100.0,4.7
魁府建筑址,吉林,吉林市,吉林市,免费,暂无评分
汉拿山温泉,吉林,抚松,抚松 · 长白山国际度假区,199.0,3.8
聚龙火山石林景区,吉林,安图,安图 · 长白山北坡商圈,90.0,4.2
长白山ClubMed地中海温泉,吉林,抚松,抚松 · 华美胜地度假区,178.0,4.6
吉林市劳工纪念馆,吉林,吉林市,吉林松花湖风景名胜区/朱雀山国家森林公园,免费,暂无评分
五虎岛陆地游乐园,吉林,吉林市,吉林松花湖风景名胜区/朱雀山国家森林公园,免费,4.0
赫图阿拉城,吉林,新宾,新宾,55.0,4.4
凤凰山国家森林公园,吉林,五常,五常,143.0,4.8
延吉恐龙博物馆,吉林,延吉,延吉 · 朝鲜民俗园/恐龙王国,免费,4.5
延边博物馆,吉林,延吉,延吉,免费,4.2
延吉恐龙温泉,吉林,延吉,延吉 · 朝鲜民俗园/恐龙王国,79.0,4.8
长春中泰海洋世界,吉林,长春,长春,99.0,4.3
长白山和平滑雪场,吉林,安图,安图 · 长白山北坡商圈,198.0,3.9
北纬44度金珠花海景区,吉林,吉林市,吉林市,免费,3.0
长白山九溪听泉景区,吉林,安图,安图 · 长白山北坡集散中心/池北区,78.0,4.2
长白山自然博物馆,吉林,安图,安图 · 长白山北坡集散中心/池北区,40.0,4.5
大泉河(魔界)漂流,吉林,安图,安图 · 长白山北坡集散中心/池北区,43.0,3.8
威虎山影视城,吉林,海林,海林 · 横道河子镇/横道河子东北虎林园,38.0,4.5
石冰河漂流,吉林,蛟河,蛟河,免费,暂无评分
长白山南景区,吉林,长白朝鲜族自治县,长白朝鲜族自治县,190.0,4.3
长春莲花岛影视城,吉林,长春,长春,50.0,4.4
五彩阿里郎,吉林,延吉,延吉,138.0,4.7
石头口门水库,吉林,永吉,永吉,免费,暂无评分
花溪谷,吉林,桦甸,桦甸,免费,暂无评分
亚布力森林温泉,吉林,尚志,尚志 · 亚布力滑雪旅游度假区,118.0,4.7
长白山原始生态第一漂,吉林,抚松,抚松,128.0,4.1
象牙山旅游景区,吉林,开原,开原,50.0,4.1
长白山溪谷景区,吉林,临江,临江,50.0,4.5
石匣沟,吉林,吉林市,吉林市,免费,暂无评分
哈尔滨松花江冰雪嘉年华,吉林,哈尔滨,哈尔滨 · 中央大街步行街/索菲亚大教堂/防洪纪念塔,免费,4.5
温德游园,吉林,吉林市,东北电力大学,免费,5.0
吉林龙湾景区,吉林,辉南,辉南,50.0,4.5
丰满水电博物馆,吉林,吉林市,吉林松花湖风景名胜区/朱雀山国家森林公园,免费,2.5
净月潭滑雪场,吉林,长春,长春,120.0,4.3
莲花山滑雪场,吉林,长春,长春,128.0,4.3
星星哨,吉林,永吉,永吉,免费,5.0
松花江滨洲铁路桥,吉林,哈尔滨,哈尔滨,免费,4.8
长白山麓角村,吉林,安图,安图 · 长白山高铁站,120.0,4.6
黑龙江虎林园国际马戏城,吉林,哈尔滨,哈尔滨 · 融创乐园/太阳岛,76.0,4.5
江城广场,吉林,吉林市,火车站,免费,4.7
五女峰国家森林公园,吉林,集安,集安,65.0,4.6
讷殷古城,吉林,抚松,抚松,65.0,4.3
白桦园林风景区,吉林,桦甸,桦甸,免费,暂无评分
关东第一漂,吉林,蛟河,蛟河,免费,3.0
雪乡雾凇十里冰雪画廊,吉林,敦化,敦化,免费,1.0
长白山水色漂流,吉林,安图,安图 · 长白山高铁站,83.0,4.0
吉林史话博物馆,吉林,吉林市,火车站,免费,暂无评分
延吉市历史文化博物馆,吉林,延吉,延吉 · 朝鲜民俗园/恐龙王国,免费,4.3
北大世纪星浴馆,吉林,吉林市,火车站,免费,暂无评分
朱雀山滑雪场,吉林,吉林市,吉林市,免费,5.0
江湾大桥,吉林,吉林市,北华大学东校区,免费,4.9
国防园,吉林,吉林市,火车站,免费,4.9
吉林市乌喇公园,吉林,吉林市,火车站,免费,4.4
桦甸欢乐城水上乐园,吉林,桦甸,桦甸,免费,5.0
北山公园-揽月亭,吉林,吉林市,东北电力大学,免费,4.6
保安睡佛,吉林,蛟河,蛟河,免费,3.8
西团山文化遗址,吉林,吉林市,东北电力大学,免费,4.3
江畔公园,吉林,吉林市,火车站,免费,3.8
吉林露德圣母山,吉林,吉林市,北华大学东校区,免费,5.0
庆岭码头,吉林,蛟河,蛟河,免费,4.8
明代摩崖石刻,吉林,吉林市,吉林松花湖风景名胜区/朱雀山国家森林公园,免费,5.0
大榆树水库,吉林,磐石,磐石,免费,5.0
吉林白石山国家森林公园,吉林,蛟河,蛟河,免费,3.5
清水绿堤广场,吉林,桦甸,桦甸,免费,5.0
吉林江南公园-动物园,吉林,吉林市,北华大学/医药学院,免费,5.0
吉林水师堂陈列,吉林,吉林市,东北电力大学,免费,4.1
帽儿山墓地东团山平地城址,吉林,吉林市,北华大学东校区,免费,4.0
舒兰龙凤山庄霍伦河橡胶坝漂流,吉林,舒兰,舒兰,免费,4.8
杨靖宇密营,吉林,桦甸,桦甸,免费,暂无评分
蛟河龙凤山庄漂流,吉林,蛟河,蛟河,免费,3.7
兴光朝鲜族民俗村,吉林,永吉,永吉,免费,4.0
吉林市美术馆,吉林,吉林市,火车站,免费,4.7
阿拉底朝鲜族民俗村,吉林,吉林市,吉林市,免费,5.0
富江花海,吉林,蛟河,蛟河,免费,4.3
望云山公园,吉林,吉林市,火车站,免费,5.0
吉林市东山文体中心公园,吉林,吉林市,北华大学东校区,免费,5.0
紫御温泉国际温泉度假村,吉林,吉林市,吉林市,免费,3.7
九鼎莲花山法云寺,吉林,舒兰,舒兰,免费,3.5
磐石东山公园,吉林,磐石,磐石,免费,4.5
城北公园,吉林,永吉,永吉,免费,4.5
药王谷中医药旅游景区,吉林,吉林市,吉林市,免费,5.0
临江门广场,吉林,吉林市,东北电力大学,免费,5.0
永吉县博物馆,吉林,永吉,永吉,免费,5.0
浴海明珠都市休闲浴馆(万科城店),吉林,吉林市,北华大学/医药学院,免费,5.0
龙潭山国家遗址公园-龙凤寺,吉林,吉林市,吉林化工学院,免费,5.0
磐石海立方海洋公园,吉林,磐石,磐石,免费,5.0
桃源山公园,吉林,吉林市,火车站,免费,5.0
渔楼村,吉林,吉林市,吉林市,免费,5.0
磐石市环城教堂,吉林,磐石,磐石,免费,5.0
摩天岭,吉林,吉林市,吉林市,免费,暂无评分
石匣沟-露营地,吉林,吉林市,吉林市,免费,3.0
黄家油坊村,吉林,桦甸,桦甸,免费,3.0
吉林市哈达湾基督教会,吉林,吉林市,火车站,免费,1.0
金完颜希尹家族墓群,吉林,舒兰,舒兰,免费,1.0
舒矿文化广场,吉林,舒兰,舒兰,免费,1.0
新东广场,吉林,吉林市,火车站,免费,5.0
BabyBlue校园神探(吉林万瑞城店),吉林,吉林市,北华大学/医药学院,免费,暂无评分
志行友和游乐园,吉林,吉林市,火车站,免费,暂无评分
捞鱼侠水族娱乐馆,吉林,吉林市,火车站,免费,暂无评分
红门探案(财富店),吉林,吉林市,火车站,免费,暂无评分
童芯堂游乐园,吉林,吉林市,火车站,免费,暂无评分
富豪山庄,吉林,吉林市,吉林松花湖风景名胜区/朱雀山国家森林公园,免费,暂无评分
北极熊游乐园店,吉林,吉林市,火车站,免费,暂无评分
N+宝贝骑(吉林财富购物广场店),吉林,吉林市,火车站,免费,暂无评分
如您意游乐园,吉林,吉林市,火车站,免费,暂无评分
赶海乐园(万达广场昌邑店),吉林,吉林市,火车站,免费,暂无评分
康勇搏体育馆,吉林,吉林市,火车站,免费,暂无评分
体育馆,吉林,吉林市,火车站,免费,暂无评分
巧手汇益智体验馆(金亿财富广场店),吉林,舒兰,舒兰,免费,暂无评分
HIDOLL自制玩偶(吉林财富购物广场店),吉林,吉林市,火车站,免费,暂无评分
OK动漫城,吉林,吉林市,火车站,免费,暂无评分
九珑山游乐场,吉林,舒兰,舒兰,免费,暂无评分
龙翔度假山庄,吉林,吉林市,吉林市,免费,暂无评分
卡吉姆动漫娱乐城,吉林,吉林市,火车站,免费,暂无评分
舒兰南阳冰雪游乐园,吉林,舒兰,舒兰,免费,暂无评分
体育娱乐,吉林,蛟河,蛟河,免费,暂无评分
九龙山森林庄园,吉林,舒兰,舒兰,免费,暂无评分
吉林浩瀚青少年篮球俱乐部(浩瀚体育馆),吉林,永吉,永吉,免费,暂无评分
江北公园江城欢乐世界,吉林,吉林市,北华大学北校区,免费,暂无评分
烨雪滑雪学院综合体育馆,吉林,吉林市,东北电力大学,免费,暂无评分
山海顺度假山庄,吉林,吉林市,吉林市,免费,暂无评分
松花湖栖凤谷山庄,吉林,蛟河,蛟河,免费,暂无评分
豪杰体育馆,吉林,吉林市,火车站,免费,暂无评分
富家庄山庄,吉林,吉林市,吉林市,免费,暂无评分
金程体育运动馆,吉林,吉林市,吉林市,免费,暂无评分
扎龙生态旅游区,黑龙江,齐齐哈尔,齐齐哈尔,73.0,4.6
镜泊湖风景区,黑龙江,宁安,宁安 · 镜泊湖风景区,98.0,4.4
黑瞎子岛旅游区,黑龙江,抚远,抚远,142.0,4.5
北极村,黑龙江,漠河,漠河 · 北极村,88.0,4.4
五大连池风景区,黑龙江,五大连池市,五大连池市,免费,4.5
哈尔滨冰雪大世界,黑龙江,哈尔滨,哈尔滨 · 融创乐园/太阳岛,180.0,4.4
东北虎林园,黑龙江,哈尔滨,哈尔滨 · 融创乐园/太阳岛,90.0,4.6
哈药六版画博物馆,黑龙江,哈尔滨,哈尔滨 · 国际会展中心/省政府,49.0,4.5
哈药集团制药六厂,黑龙江,哈尔滨,哈尔滨 · 国际会展中心/省政府,免费,3.9
松花江观光索道,黑龙江,哈尔滨,哈尔滨 · 中央大街步行街/索菲亚大教堂/防洪纪念塔,58.0,4.5
伏尔加庄园,黑龙江,哈尔滨,哈尔滨 · 伏尔加庄园度假区,154.0,4.6
哈尔滨极地公园,黑龙江,哈尔滨,哈尔滨 · 融创乐园/太阳岛,55.0,4.9
太阳岛风景区,黑龙江,哈尔滨,哈尔滨 · 融创乐园/太阳岛,免费,4.5
中央大街,黑龙江,哈尔滨,哈尔滨 · 中央大街步行街/索菲亚大教堂/防洪纪念塔,免费,4.8
圣索菲亚教堂,黑龙江,哈尔滨,哈尔滨 · 中央大街步行街/索菲亚大教堂/防洪纪念塔,25.0,4.6
哈尔滨索菲亚广场,黑龙江,哈尔滨,哈尔滨 · 中央大街步行街/索菲亚大教堂/防洪纪念塔,免费,4.6
汤旺河林海奇石景区,黑龙江,汤旺,汤旺,110.0,4.6
中国雪乡,黑龙江,海林,海林,85.0,4.6
中华巴洛克,黑龙江,哈尔滨,哈尔滨 · 中华巴洛克老道外文化区,免费,4.8
横道河子东北虎林园,黑龙江,海林,海林 · 横道河子镇/横道河子东北虎林园,45.0,4.7
茅兰沟国家森林公园,黑龙江,嘉荫,嘉荫,65.0,4.3
金山鹿苑,黑龙江,伊春,伊春,55.0,4.5
波塞冬海底世界,黑龙江,哈尔滨,哈尔滨,199.0,4.6
波塞冬旅游度假区,黑龙江,哈尔滨,哈尔滨,199.0,4.7
龙江第一湾风景区,黑龙江,漠河,漠河,免费,4.5
龙塔,黑龙江,哈尔滨,哈尔滨 · 国际会展中心/省政府,82.0,4.5
五营红松林海景区,黑龙江,丰林,丰林,60.0,4.4
哈尔滨融创乐园,黑龙江,哈尔滨,哈尔滨 · 融创乐园/太阳岛,218.0,4.6
哈尔滨冰雪大世界梦幻冰雪馆,黑龙江,哈尔滨,哈尔滨 · 融创乐园/太阳岛,180.0,4.4
黑龙江省博物馆,黑龙江,哈尔滨,哈尔滨 · 哈尔滨站/果戈里商业区/医大一院,免费,4.4
侵华日军第七三一部队罪证陈列馆,黑龙江,哈尔滨,哈尔滨 · 731部队遗址/新疆大街,免费,暂无评分
哈尔滨工业大学,黑龙江,哈尔滨,哈尔滨 · 师大夜市/江南大学城,免费,4.6
亚布力阳光度假村滑雪场,黑龙江,尚志,尚志 · 亚布力滑雪旅游度假区,240.0,4.6
哈尔滨融创文旅城,黑龙江,哈尔滨,哈尔滨 · 融创乐园/太阳岛,免费,4.3
亚布力滑雪旅游度假区,黑龙江,尚志,尚志 · 亚布力滑雪旅游度假区,免费,4.2
上甘岭溪水国家森林公园,黑龙江,伊春,伊春,免费,4.5
枫叶小镇温泉度假区,黑龙江,哈尔滨,哈尔滨 · 融创乐园/太阳岛,99.0,4.6
绥芬河国门景区,黑龙江,绥芬河,绥芬河,50.0,4.6
龙沙动植物园,黑龙江,齐齐哈尔,齐齐哈尔,93.0,4.7
侵华日军第七三一部队遗址,黑龙江,哈尔滨,哈尔滨 · 731部队遗址/新疆大街,免费,4.7
哈尔滨热雪奇迹,黑龙江,哈尔滨,哈尔滨 · 融创乐园/太阳岛,128.0,4.8
俄罗斯风情小镇,黑龙江,哈尔滨,哈尔滨 · 融创乐园/太阳岛,60.0,4.3
银河欢乐世界,黑龙江,哈尔滨,哈尔滨 · 融创乐园/太阳岛,免费,4.5
松花江,黑龙江,哈尔滨,哈尔滨,免费,4.8
哈尔滨工业大学航天馆,黑龙江,哈尔滨,哈尔滨 · 师大夜市/江南大学城,免费,4.7
横道河子镇,黑龙江,海林,海林 · 横道河子镇/横道河子东北虎林园,免费,4.7
哈尔滨刘老根大舞台,黑龙江,哈尔滨,哈尔滨 · 哈尔滨站/果戈里商业区/医大一院,50.0,4.4
雪乡国家森林公园,黑龙江,海林,海林,85.0,4.3
北红村,黑龙江,漠河,漠河,免费,4.2
果戈里大街,黑龙江,哈尔滨,哈尔滨 · 哈尔滨站/果戈里商业区/医大一院,免费,4.6
火山口国家森林公园,黑龙江,宁安,宁安,53.0,4.3
齐齐哈尔博物馆,黑龙江,齐齐哈尔,齐齐哈尔 · 建华商业区,免费,4.6
亚布力新体委滑雪场,黑龙江,尚志,尚志 · 亚布力滑雪旅游度假区,230.0,4.2
太阳岛大熊猫馆,黑龙江,哈尔滨,哈尔滨 · 融创乐园/太阳岛,45.0,4.7
嘉荫恐龙国家地质公园,黑龙江,嘉荫,嘉荫,55.0,3.9
九峰山养心谷旅游度假区,黑龙江,伊春,伊春,48.0,3.7
温泊景区,黑龙江,五大连池市,五大连池市,40.0,4.5
五大连池风景区-龙门石寨景区,黑龙江,五大连池市,五大连池市,42.75,4.3
波塞冬沙滩水世界,黑龙江,哈尔滨,哈尔滨,199.0,4.6
哈尔滨外滩雪人码头,黑龙江,哈尔滨,哈尔滨 · 群力新区/音乐公园,298.0,4.6
哈尔滨市博物馆,黑龙江,哈尔滨,哈尔滨 · 中央大街步行街/索菲亚大教堂/防洪纪念塔,免费,4.5
帽儿山风景区,黑龙江,尚志,尚志,36.0,4.5
斯大林公园,黑龙江,哈尔滨,哈尔滨 · 中央大街步行街/索菲亚大教堂/防洪纪念塔,免费,4.8
水师森林温泉度假区,黑龙江,齐齐哈尔,齐齐哈尔,85.0,4.2
金祖峰景区,黑龙江,伊春,伊春,38.0,4.6
水师森林公园,黑龙江,齐齐哈尔,齐齐哈尔,免费,4.1
中俄民族风情园,黑龙江,黑河,黑河,39.9,3.9
龙沙公园,黑龙江,齐齐哈尔,齐齐哈尔 · 齐齐哈尔第一医院/齐齐哈尔大学,免费,4.9
凤凰山国家森林公园,黑龙江,五常,五常,143.0,4.8
漠河县城,黑龙江,漠河,漠河,免费,4.6
新青国家湿地公园,黑龙江,丰林,丰林,38.0,4.6
东极广场,黑龙江,抚远,抚远,免费,4.6
威虎山影视城,黑龙江,海林,海林 · 横道河子镇/横道河子东北虎林园,38.0,4.5
亚布力森林温泉,黑龙江,尚志,尚志 · 亚布力滑雪旅游度假区,118.0,4.7
兴凯湖湿地公园,黑龙江,密山,密山,免费,4.5
哈尔滨松花江冰雪嘉年华,黑龙江,哈尔滨,哈尔滨 · 中央大街步行街/索菲亚大教堂/防洪纪念塔,免费,4.5
北药泉,黑龙江,五大连池市,五大连池市,19.0,4.5
松花江滨洲铁路桥,黑龙江,哈尔滨,哈尔滨,免费,4.8
明月岛,黑龙江,齐齐哈尔,齐齐哈尔 · 万达广场/齐齐哈尔医学院,50.0,4.1
九曲十八弯,黑龙江,漠河,漠河,免费,3.9
黑龙江虎林园国际马戏城,黑龙江,哈尔滨,哈尔滨 · 融创乐园/太阳岛,76.0,4.5
三江口风景区,黑龙江,同江,同江,免费,4.6
乌苏里浅滩,黑龙江,漠河,漠河,免费,4.4
北极村-白桦林,黑龙江,漠河,漠河 · 北极村,免费,4.5
漠河舞厅,黑龙江,漠河,漠河,免费,4.0
防洪纪念塔,黑龙江,哈尔滨,哈尔滨 · 中央大街步行街/索菲亚大教堂/防洪纪念塔,免费,暂无评分
兆麟公园,黑龙江,哈尔滨,哈尔滨 · 中央大街步行街/索菲亚大教堂/防洪纪念塔,免费,4.7
麒麟山风景区,黑龙江,鸡东,鸡东,免费,4.0
中国亚布力熊猫馆,黑龙江,尚志,尚志 · 亚布力滑雪旅游度假区,58.0,4.5
锦河大峡谷,黑龙江,黑河,黑河,45.0,4.5
连环湖温泉景区,黑龙江,杜尔伯特,杜尔伯特,85.0,4.1
五大连池世界地质公园博物馆,黑龙江,五大连池市,五大连池市,免费,4.6
大庆石油馆,黑龙江,大庆,大庆 · 新村万达/市政府,免费,4.1
雪韵大街,黑龙江,海林,海林 · 中国雪乡风景区,免费,4.6
北极星广场,黑龙江,漠河,漠河,免费,4.5
三江自然生态馆,黑龙江,抚远,抚远,123.0,4.3
大秃顶子山,黑龙江,海林,海林,免费,4.5
黑龙江德云社,黑龙江,哈尔滨,哈尔滨 · 中华巴洛克老道外文化区,80.0,4.5
黑龙江游船(黑河游船码头),黑龙江,黑河,黑河 · 中央商业步行街商圈,免费,5.0
二浪河景区,黑龙江,海林,海林 · 二浪河度假区,免费,4.1
北极村旅游景区-鄂温克驯鹿园,黑龙江,漠河,漠河 · 北极村,免费,4.3
北方森林动物园,黑龙江,哈尔滨,哈尔滨,75.0,4.6
松苑公园,黑龙江,漠河,漠河,免费,4.6
哈尔滨春秋观光巴士,黑龙江,哈尔滨,哈尔滨 · 中央大街步行街/索菲亚大教堂/防洪纪念塔,50.0,4.5
伊春兴安国家森林公园,黑龙江,伊春,伊春,免费,4.2
大庆北国温泉,黑龙江,林甸,林甸 · 林甸温泉,118.0,4.0
香炉山国家森林公园,黑龙江,宾县,宾县,40.0,4.7
王的战车奇幻秀（冰雪大世界冰雪秀场）,黑龙江,哈尔滨,哈尔滨 · 融创乐园/太阳岛,188.0,3.9
四排赫哲风情旅游园区,黑龙江,饶河,饶河,免费,4.6
太阳岛雪博会,黑龙江,哈尔滨,哈尔滨 · 融创乐园/太阳岛,150.0,4.5
名都滑雪场,黑龙江,哈尔滨,哈尔滨 · 乐松广场/东北林业大学/香坊商业区,免费,4.5
龙江大舞台(旗舰店),黑龙江,哈尔滨,哈尔滨 · 中华巴洛克老道外文化区,288.0,4.1
雪乡狗熊岭景区,黑龙江,五常,五常,280.0,4.3
东极阁,黑龙江,抚远,抚远,免费,4.7
哈尔滨音乐公园-音乐长廊,黑龙江,哈尔滨,哈尔滨 · 群力新区/音乐公园,免费,4.9
兴凯湖新开流景区,黑龙江,密山,密山,免费,4.1
镜泊湖吊水楼瀑布,黑龙江,宁安,宁安 · 镜泊湖风景区,免费,4.7
谕霖射击场,黑龙江,鹤岗,鹤岗,免费,4.7
珍宝岛,黑龙江,虎林,虎林,免费,4.0
哈尔滨师大夜市,黑龙江,哈尔滨,哈尔滨 · 师大夜市/江南大学城,免费,4.3
大庆博物馆,黑龙江,大庆,大庆 · 新村大学/摩码广场,免费,4.4
雪谷,黑龙江,五常,五常 · 中国雪谷风景区,免费,4.7
森工平山皇家鹿苑,黑龙江,哈尔滨,哈尔滨,38.0,4.4
雪花摩天轮,黑龙江,哈尔滨,哈尔滨 · 融创乐园/太阳岛,免费,4.8
虎头旅游风景区,黑龙江,虎林,虎林,免费,4.5
呼兰河口湿地公园,黑龙江,哈尔滨,哈尔滨,30.0,4.1
大兴安岭五六火灾纪念馆,黑龙江,漠河,漠河,免费,4.8
柴河小九寨,黑龙江,海林,海林,免费,4.1
威虎山国家森林公园,黑龙江,海林,海林,免费,3.9
小兴安岭,黑龙江,嘉荫,嘉荫,免费,4.7
机遇时空X-META全感VR冰雪奇幻乐园(冰雪大世界店),黑龙江,哈尔滨,哈尔滨 · 融创乐园/太阳岛,68.0,4.9
瑷珲古城,黑龙江,黑河,黑河,免费,4.7
哈尔滨世界欢乐城,黑龙江,哈尔滨,哈尔滨 · 江北大学城/哈尔滨北站,48.0,4.8
铁人王进喜纪念馆,黑龙江,大庆,大庆 · 大庆西站/铁人广场/让胡路万达,免费,暂无评分
金龙山国家森林公园,黑龙江,哈尔滨,哈尔滨,43.0,4.5
冰雕大世界,黑龙江,哈尔滨,哈尔滨 · 中央大街步行街/索菲亚大教堂/防洪纪念塔,230.0,4.7
东宁要塞遗址,黑龙江,东宁,东宁,免费,4.7
中东铁路公园(江南段),黑龙江,哈尔滨,哈尔滨,免费,4.7
中国邮政(北极村邮政支局),黑龙江,漠河,漠河 · 北极村,免费,4.2
神州北极广场,黑龙江,漠河,漠河 · 北极村,免费,4.2
遇见·哈尔滨-哈冰秀,黑龙江,哈尔滨,哈尔滨,98.0,4.3
梦幻家园,黑龙江,海林,海林,免费,4.2
中国最北点,黑龙江,漠河,漠河,免费,4.4
天恒山冰雪运动大世界,黑龙江,哈尔滨,哈尔滨 · 工程大学/哈尔滨东站,免费,4.2
黑龙江督军署,黑龙江,齐齐哈尔,齐齐哈尔 · 建华商业区,免费,4.7
帽儿山滑雪场,黑龙江,尚志,尚志,70.0,4.2
观鹤台扎龙湿地,黑龙江,齐齐哈尔,齐齐哈尔,免费,4.4
名山风景区,黑龙江,萝北,萝北,免费,4.6
俄罗斯童话博物馆,黑龙江,哈尔滨,哈尔滨 · 中央大街步行街/索菲亚大教堂/防洪纪念塔,39.9,4.7
北极沙洲,黑龙江,漠河,漠河 · 北极村,免费,4.8
亚布力森林小火车,黑龙江,尚志,尚志 · 亚布力滑雪旅游度假区,88.0,4.9
鸳鸯峰景区,黑龙江,林口,林口,50.0,4.4
黑河市瑷珲历史陈列馆,黑龙江,黑河,黑河,免费,暂无评分
亚布力虎峰岭风景区,黑龙江,尚志,尚志,32.0,4.8
圣阿列克谢耶夫教堂,黑龙江,哈尔滨,哈尔滨 · 哈尔滨站/果戈里商业区/医大一院,免费,4.6
黑龙江省森林植物园,黑龙江,哈尔滨,哈尔滨 · 乐松广场/东北林业大学/香坊商业区,免费,4.6
大黑河岛,黑龙江,黑河,黑河,免费,4.8
鹤岗国家矿山公园,黑龙江,鹤岗,鹤岗,免费,4.4
横道河子,黑龙江,依兰,依兰,免费,4.0
千鹤岛旅游风景区,黑龙江,肇东,肇东,30.0,4.5
江边公园,黑龙江,嘉荫,嘉荫,免费,4.7
兴凯湖,黑龙江,密山,密山,免费,5.0
北山森林公园,黑龙江,大兴安岭,大兴安岭,免费,4.8
松峰山景区,黑龙江,哈尔滨,哈尔滨,45.0,4.8
哈尔滨极乐寺,黑龙江,哈尔滨,哈尔滨 · 工程大学/哈尔滨东站,免费,4.6
中国林都木雕园,黑龙江,伊春,伊春,免费,4.9
东北虎林园-虎园,黑龙江,哈尔滨,哈尔滨 · 融创乐园/太阳岛,免费,4.3
牡丹江珍稀动物园,黑龙江,牡丹江,牡丹江,38.0,4.6
龙凤湿地,黑龙江,大庆,大庆,免费,4.6
罗西亚大街历史文化街区,黑龙江,齐齐哈尔,齐齐哈尔,免费,4.3
七星山国家森林公园,黑龙江,集贤,集贤,25.0,4.2
梨花谷鹿苑,黑龙江,伊春,伊春,36.0,4.7
阿木塔旅游度假区,黑龙江,杜尔伯特,杜尔伯特,免费,4.0
溪水鹿苑（鹿溪牧场）,黑龙江,伊春,伊春,免费,5.0
观音山采金小镇景区,黑龙江,漠河,漠河,50.0,4.7
雪乡滑雪场,黑龙江,海林,海林 · 中国雪乡风景区,200.0,4.9
渤海国上京龙泉府宫城遗址,黑龙江,宁安,宁安,30.0,4.0
鹤岗国家级森林公园,黑龙江,鹤岗,鹤岗,免费,4.4
东升岛旅游度假村竹筏漂流,黑龙江,伊春,伊春,60.0,3.5
中华巴洛克·尔滨故事,黑龙江,哈尔滨,哈尔滨 · 中华巴洛克老道外文化区,128.0,5.0
铁力桃山玉温泉,黑龙江,铁力,铁力,125.0,4.5
绥芬河市博物馆,黑龙江,绥芬河,绥芬河,免费,4.8
绥芬河铁路大白楼,黑龙江,绥芬河,绥芬河,免费,4.7
哈尔滨冰雪大世界四季游乐馆,黑龙江,哈尔滨,哈尔滨 · 融创乐园/太阳岛,9.9,5.0
哈尔滨美术馆,黑龙江,哈尔滨,哈尔滨 · 群力新区/音乐公园,免费,4.5
文庙,黑龙江,哈尔滨,哈尔滨 · 工程大学/哈尔滨东站,免费,5.0
中国黑瞎子岛湿地公园,黑龙江,抚远,抚远,免费,4.8
第二次世界大战终结地虎头要塞,黑龙江,虎林,虎林,免费,4.7
哈尔滨音乐公园,黑龙江,哈尔滨,哈尔滨 · 群力新区/音乐公园,免费,4.9
尚志市林区驯鹿部落,黑龙江,尚志,尚志 · 亚布力滑雪旅游度假区,100.0,3.3
北极圣诞村景区,黑龙江,漠河,漠河,免费,4.1
东极宝塔,黑龙江,抚远,抚远,免费,3.9
哈尔滨工业大学博物馆,黑龙江,哈尔滨,哈尔滨 · 师大夜市/江南大学城,免费,4.7
汤旺河,黑龙江,伊春,伊春,免费,5.0
抚远口岸,黑龙江,抚远,抚远,免费,4.6
伏特加酒堡,黑龙江,哈尔滨,哈尔滨 · 伏尔加庄园度假区,免费,5.0
大乘寺,黑龙江,齐齐哈尔,齐齐哈尔 · 齐齐哈尔火车站/百花园批发市场,免费,4.7
鸡西市博物馆,黑龙江,鸡西,鸡西,免费,4.7
格拉球山景区,黑龙江,五大连池市,五大连池市,19.0,4.2
哈尔滨啤酒博物馆,黑龙江,哈尔滨,哈尔滨,45.0,4.0
黑龙江公园,黑龙江,黑河,黑河 · 黑河学院商圈,免费,4.6
宝宇森林生态小镇,黑龙江,伊春,伊春,138.0,4.4
吊水壶风景区,黑龙江,哈尔滨,哈尔滨,35.0,4.5
群力外滩生态湿地公园,黑龙江,哈尔滨,哈尔滨,免费,4.9
马迭尔商务会馆(中央大街店),黑龙江,哈尔滨,哈尔滨 · 中央大街步行街/索菲亚大教堂/防洪纪念塔,免费,5.0
海豚堡温泉水乐园,黑龙江,哈尔滨,哈尔滨 · 哈东万达广场,138.0,4.2
杜尔伯特草原,黑龙江,杜尔伯特,杜尔伯特,免费,3.4
乌苏里江,黑龙江,虎林,虎林,免费,4.6
财库里水汇(哈尔滨中央大街店),黑龙江,哈尔滨,哈尔滨 · 中央大街步行街/索菲亚大教堂/防洪纪念塔,免费,5.0
中东铁路机车库,黑龙江,海林,海林 · 横道河子镇/横道河子东北虎林园,免费,4.1
北陲哨所,黑龙江,漠河,漠河 · 北极村,免费,4.3
鹤鸣湖湿地温泉度假区,黑龙江,林甸,林甸,免费,4.1
百泉谷生态旅游风景区,黑龙江,大兴安岭,大兴安岭,45.0,3.0
齐齐哈尔市鹤城公园-欢乐世界,黑龙江,齐齐哈尔,齐齐哈尔 · 齐齐哈尔南站,免费,4.2
平山神鹿滑雪场,黑龙江,哈尔滨,哈尔滨,免费,4.1
哈尔滨世纪汽车历史博物馆,黑龙江,哈尔滨,哈尔滨,59.0,4.8
闫家岗稻田画,黑龙江,哈尔滨,哈尔滨,免费,4.5
群力音乐公园大雪人,黑龙江,哈尔滨,哈尔滨 · 群力新区/音乐公园,免费,2.0
饶河大顶子山森林公园,黑龙江,饶河,饶河,30.0,5.0
人头楼,黑龙江,绥芬河,绥芬河,免费,4.0
东极艺术馆,黑龙江,抚远,抚远,50.0,4.5
漠河北极圣诞滑雪场,黑龙江,漠河,漠河,免费,4.2
亚布力阳光度假村,黑龙江,尚志,尚志 · 亚布力滑雪旅游度假区,免费,4.6
俄罗斯风情园,黑龙江,海林,海林 · 横道河子镇/横道河子东北虎林园,免费,3.8
红门御宴,黑龙江,哈尔滨,哈尔滨 · 中华巴洛克老道外文化区,48.0,4.4
宁古塔将军驻地旧城遗址,黑龙江,海林,海林,免费,4.3
亚布力温泉国际度假中心,黑龙江,尚志,尚志 · 亚布力滑雪旅游度假区,128.0,3.0
鹿苑(太阳岛风景区),黑龙江,哈尔滨,哈尔滨 · 融创乐园/太阳岛,免费,4.6
扎龙自然保护区-丹顶鹤摄影主题公园,黑龙江,齐齐哈尔,齐齐哈尔,免费,暂无评分
哈尔滨梵高星空艺术馆(新一百旗舰店),黑龙江,哈尔滨,哈尔滨 · 中央大街步行街/索菲亚大教堂/防洪纪念塔,39.9,4.4
中东铁路记忆馆,黑龙江,绥芬河,绥芬河,免费,5.0
药泉山,黑龙江,五大连池市,五大连池市,免费,4.7
哈尔滨滨江北国际冰雪嘉年华,黑龙江,哈尔滨,哈尔滨 · 融创乐园/太阳岛,免费,4.7
亚布力青云小镇(青云路店),黑龙江,尚志,尚志,免费,暂无评分
中国雪谷雾凇岭景区,黑龙江,五常,五常,免费,暂无评分
松花江公路大桥,黑龙江,哈尔滨,哈尔滨,免费,4.8
锦然俄罗斯琥珀博物馆,黑龙江,哈尔滨,哈尔滨 · 融创乐园/太阳岛,58.0,4.6
渤海上京遗址博物馆,黑龙江,宁安,宁安,50.0,3.9
奥悦碾子山国际滑雪场,黑龙江,齐齐哈尔,齐齐哈尔,免费,4.3
套娃广场,黑龙江,同江,同江,免费,暂无评分
伊春小兴安岭国家地质公园,黑龙江,伊春,伊春,免费,暂无评分
黑龙江富锦国家湿地公园,黑龙江,富锦,富锦,免费,4.2
黑龙江省科学技术馆,黑龙江,哈尔滨,哈尔滨 · 融创乐园/太阳岛,免费,4.2
三道关国家森林公园,黑龙江,牡丹江,牡丹江,20.0,4.5
金龟山庄,黑龙江,绥化,绥化,26.0,4.7
峰岩山寨旅游度假区,黑龙江,伊春,伊春,25.0,4.2
森林博物馆,黑龙江,伊春,伊春,免费,4.5
四丰山风景区,黑龙江,佳木斯,佳木斯,免费,4.7
知青博物馆,黑龙江,黑河,黑河,免费,3.4
黄金古镇,黑龙江,萝北,萝北,免费,3.0
亚布力世界第一滑道,黑龙江,尚志,尚志 · 亚布力滑雪旅游度假区,免费,4.3
上都灡雨水滙,黑龙江,哈尔滨,哈尔滨 · 融创乐园/太阳岛,免费,5.0
绥芬河边贸市场,黑龙江,绥芬河,绥芬河,免费,4.5
钻石海,黑龙江,哈尔滨,哈尔滨 · 融创乐园/太阳岛,免费,暂无评分
伊春市博物馆(地质博物馆),黑龙江,伊春,伊春,免费,4.6
瑷珲历史陈列馆黑河商会历史陈列分馆,黑龙江,黑河,黑河 · 中央商业步行街商圈,免费,4.8
金上京历史博物馆,黑龙江,哈尔滨,哈尔滨,免费,4.8
黑龙江大桥公园,黑龙江,黑河,黑河,免费,5.0
瑷珲腾冲中国人口地理分界线主题公园,黑龙江,黑河,黑河,免费,5.0
鹿鼎山,黑龙江,呼玛,呼玛,免费,4.5
新亚布力滑雪场,黑龙江,尚志,尚志 · 亚布力滑雪旅游度假区,免费,4.6
金水湾竹筏漂,黑龙江,伊春,伊春,58.0,3.4
兴隆寺,黑龙江,宁安,宁安,20.0,4.4
彼得洛夫艺术宫,黑龙江,哈尔滨,哈尔滨 · 伏尔加庄园度假区,免费,5.0
齐齐哈尔哈拉新村,黑龙江,齐齐哈尔,齐齐哈尔,免费,5.0
小兴安岭原始森林公园,黑龙江,鹤岗,鹤岗,免费,暂无评分
亚布力戏雪景区,黑龙江,尚志,尚志 · 亚布力滑雪旅游度假区,免费,5.0
龙塔莱特航空航天体验馆,黑龙江,哈尔滨,哈尔滨 · 国际会展中心/省政府,168.0,4.9
挑战者真枪实弹射击馆,黑龙江,哈尔滨,哈尔滨 · 江北大学城/哈尔滨北站,免费,5.0
丁香公园,黑龙江,哈尔滨,哈尔滨 · 群力新区/音乐公园,免费,4.8
体育公园,黑龙江,哈尔滨,哈尔滨 · 群力新区/音乐公园,免费,4.9
雨阳公园,黑龙江,哈尔滨,哈尔滨 · 群力新区/音乐公园,免费,4.9
雪韵温泉,黑龙江,海林,海林,免费,5.0
绥化市森林植物园,黑龙江,绥化,绥化,免费,4.9
大麦动物王国,黑龙江,哈尔滨,哈尔滨 · 哈尔滨西站/哈西万达广场,免费,4.7
毛毛镇音乐主题乐园,黑龙江,哈尔滨,哈尔滨,268.0,4.9
松松小镇,黑龙江,哈尔滨,哈尔滨 · 乐松广场/东北林业大学/香坊商业区,免费,4.8
哈尔滨市劳动公园,黑龙江,哈尔滨,哈尔滨 · 乐松广场/东北林业大学/香坊商业区,免费,4.9
黎明湖,黑龙江,大庆,大庆 · 新村大学/摩码广场,免费,4.4
群力国家城市湿地公园,黑龙江,哈尔滨,哈尔滨 · 群力新区/音乐公园,免费,4.9
哈尔滨市道外区古梨园,黑龙江,哈尔滨,哈尔滨 · 工程大学/哈尔滨东站,免费,4.8
黛秀湖公园,黑龙江,哈尔滨,哈尔滨 · 乐松广场/东北林业大学/香坊商业区,免费,4.7
江滨公园,黑龙江,牡丹江,牡丹江,免费,4.8
顾乡公园,黑龙江,哈尔滨,哈尔滨 · 中央大街步行街/索菲亚大教堂/防洪纪念塔,免费,4.7
益寿山公园,黑龙江,双鸭山,双鸭山,免费,4.8
八女投江烈士群雕,黑龙江,牡丹江,牡丹江 · 牡丹江步行街,免费,4.8
哈尔滨师范大学(松北校区),黑龙江,哈尔滨,哈尔滨 · 江北大学城/哈尔滨北站,免费,4.8
玩美攻略(哈尔滨旗舰店),黑龙江,哈尔滨,哈尔滨 · 哈尔滨西站/哈西万达广场,198.0,5.0
逊克县古纳温雾凇景区,黑龙江,逊克,逊克,免费,5.0
老黑山(火山)景区,黑龙江,五大连池市,五大连池市,78.0,4.5
俄罗斯河园,黑龙江,哈尔滨,哈尔滨 · 哈尔滨站/果戈里商业区/医大一院,免费,4.8
儿童公园,黑龙江,哈尔滨,哈尔滨 · 哈尔滨站/果戈里商业区/医大一院,免费,4.8
水源山公园,黑龙江,佳木斯,佳木斯,免费,4.7
哈尔滨文化公园,黑龙江,哈尔滨,哈尔滨 · 工程大学/哈尔滨东站,免费,4.6
东北烈士纪念馆,黑龙江,哈尔滨,哈尔滨 · 哈尔滨站/果戈里商业区/医大一院,免费,暂无评分
英杰温泉,黑龙江,宾县,宾县,108.0,4.3
乌斯浑河国家森林公园,黑龙江,勃利,勃利,免费,4.7
哈军工纪念馆,黑龙江,哈尔滨,哈尔滨 · 工程大学/哈尔滨东站,免费,暂无评分
牡丹江人民公园,黑龙江,牡丹江,牡丹江,免费,4.6
北山公园,黑龙江,牡丹江,牡丹江 · 北山公园/北山地区,免费,4.7
铁人广场,黑龙江,大庆,大庆 · 大庆西站/铁人广场/让胡路万达,免费,4.6
库尔滨雾凇,黑龙江,逊克,逊克,免费,4.0
宝清县湿地公园,黑龙江,宝清,宝清,免费,4.4
霜雪滑雪场,黑龙江,哈尔滨,哈尔滨,免费,4.4
尚志公园,黑龙江,哈尔滨,哈尔滨 · 国际会展中心/省政府,免费,4.7
太阳岛冰雪艺术馆,黑龙江,哈尔滨,哈尔滨 · 融创乐园/太阳岛,免费,4.7
桃山公园,黑龙江,七台河,七台河,免费,4.6
西大直街,黑龙江,哈尔滨,哈尔滨 · 师大夜市/江南大学城,免费,4.9
哈尔滨普罗旺斯薰衣草庄园,黑龙江,哈尔滨,哈尔滨,60.0,4.4
仙洞山公园,黑龙江,七台河,七台河,免费,4.4
密山口岸,黑龙江,密山,密山,免费,4.8
萧红故居,黑龙江,哈尔滨,哈尔滨,免费,4.8
雪乡大雪谷,黑龙江,海林,海林,免费,4.6
平房公园,黑龙江,哈尔滨,哈尔滨 · 731部队遗址/新疆大街,免费,4.6
哈尔滨吉华长寿山滑雪场,黑龙江,宾县,宾县,免费,4.9
中国亭园,黑龙江,哈尔滨,哈尔滨 · 国际会展中心/省政府,免费,4.9
亚布力锅盔山休闲景区,黑龙江,尚志,尚志 · 亚布力滑雪旅游度假区,45.0,4.7
财神庙,黑龙江,依兰,依兰,免费,5.0
松乐公园,黑龙江,哈尔滨,哈尔滨 · 乐松广场/东北林业大学/香坊商业区,免费,5.0
兆麟公园冰灯艺术游园会,黑龙江,哈尔滨,哈尔滨 · 中央大街步行街/索菲亚大教堂/防洪纪念塔,免费,4.8
东北抗日联军博物馆,黑龙江,哈尔滨,哈尔滨 · 哈尔滨站/果戈里商业区/医大一院,免费,暂无评分
大庆石油科技馆,黑龙江,大庆,大庆 · 大庆西站/铁人广场/让胡路万达,免费,4.5
佳木斯冰雪大世界,黑龙江,佳木斯,佳木斯,免费,4.5
龙沙公园-关帝庙,黑龙江,齐齐哈尔,齐齐哈尔 · 齐齐哈尔第一医院/齐齐哈尔大学,免费,4.9
长寿国家森林公园,黑龙江,宾县,宾县,18.0,4.6
侵华日军虎头要塞遗址博物馆,黑龙江,虎林,虎林,免费,暂无评分
江桥抗战纪念馆,黑龙江,泰来,泰来,免费,暂无评分
劳动湖,黑龙江,齐齐哈尔,齐齐哈尔 · 万达广场/齐齐哈尔医学院,免费,4.7
清滨公园,黑龙江,哈尔滨,哈尔滨 · 师大夜市/江南大学城,免费,4.8
会宁公园,黑龙江,哈尔滨,哈尔滨 · 阿城商业区,免费,5.0
长青公园,黑龙江,哈尔滨,哈尔滨 · 中华巴洛克老道外文化区,免费,4.7
斯大林街,黑龙江,哈尔滨,哈尔滨 · 中央大街步行街/索菲亚大教堂/防洪纪念塔,免费,4.8
时代广场,黑龙江,大庆,大庆 · 新村万达/市政府,免费,4.8
东山怪坡,黑龙江,依兰,依兰,免费,4.8
北大荒博物馆,黑龙江,哈尔滨,哈尔滨 · 国际会展中心/省政府,免费,5.0
大亮子河国家森林公园,黑龙江,汤原,汤原,免费,4.7
黑龙江省美术馆,黑龙江,哈尔滨,哈尔滨 · 中央大街步行街/索菲亚大教堂/防洪纪念塔,免费,4.8
上京国际滑雪场,黑龙江,哈尔滨,哈尔滨,免费,4.5
林枫同志故居纪念馆,黑龙江,望奎,望奎,免费,暂无评分
雨亭国家城市湿地公园,黑龙江,讷河,讷河,免费,5.0
大庆油田历史陈列馆,黑龙江,大庆,大庆 · 萨尔图火车站,免费,暂无评分
乌苏镇,黑龙江,抚远,抚远,免费,4.5
哈尔滨冰雪乐园,黑龙江,哈尔滨,哈尔滨 · 中央大街步行街/索菲亚大教堂/防洪纪念塔,免费,4.7
伊维尔教堂,黑龙江,哈尔滨,哈尔滨 · 哈尔滨站/果戈里商业区/医大一院,免费,4.8
九站公园,黑龙江,哈尔滨,哈尔滨 · 中央大街步行街/索菲亚大教堂/防洪纪念塔,免费,4.7
太阳岛冰雪乐园,黑龙江,哈尔滨,哈尔滨 · 融创乐园/太阳岛,免费,5.0
慈云寺,黑龙江,依兰,依兰,免费,5.0
太平公园,黑龙江,哈尔滨,哈尔滨 · 工程大学/哈尔滨东站,免费,4.7
南岗博物馆,黑龙江,哈尔滨,哈尔滨 · 哈尔滨站/果戈里商业区/医大一院,免费,4.8
三池(白龙湖),黑龙江,五大连池市,五大连池市,免费,4.7
上海迪士尼度假区,上海,上海,迪士尼度假区,411.0,4.7
上海辰山植物园,上海,上海,佘山/松江大学城,60.0,4.8
上海影视乐园,上海,上海,交大/闵行经济开发区,47.0,4.3
上海野生动物园,上海,上海,南汇/野生动物园,154.0,4.7
豫园,上海,上海,豫园地区,39.0,4.7
外滩,上海,上海,外滩核心区,免费,4.8
东方明珠,上海,上海,陆家嘴,197.0,4.7
上海海昌海洋公园,上海,上海,滴水湖临港地区,169.0,4.6
上海乐高乐园®度假区,上海,上海,乐高乐园度假区,297.0,4.6
陆家嘴,上海,上海,陆家嘴,免费,4.8
迪士尼小镇,上海,上海,迪士尼度假区,免费,4.8
上海海洋水族馆,上海,上海,陆家嘴,117.0,4.7
上海中心大厦,上海,上海,陆家嘴,170.0,4.6
上海千古情景区,上海,上海,新国际博览中心/世博园,139.0,4.7
上海天文馆,上海,上海,滴水湖临港地区,30.0,4.8
上海博物馆,上海,上海,人民广场地区,135.0,4.6
黄浦江游览(十六铺码头),上海,上海,外滩核心区,110.0,4.4
城隍庙旅游区,上海,上海,豫园地区,免费,4.7
上海自然博物馆,上海,上海,静安寺/南京西路,30.0,4.7
上海动物园,上海,上海,虹桥地区,40.0,4.8
磁浮列车,上海,上海,新国际博览中心/世博园,50.0,4.8
黄浦江,上海,上海,上海,免费,4.7
南京路步行街,上海,上海,人民广场地区,免费,4.7
上海之巅观光厅,上海,上海,陆家嘴,170.0,4.6
朱家角古镇景区,上海,上海,青浦朱家角/东方绿舟,免费,4.6
TASTE OF CHINA 中国味 沉浸式餐厅,上海,上海,上海,678.0,4.7
交通银行耀雪冰雪世界,上海,上海,滴水湖临港地区,230.0,4.8
上海温室花园,上海,上海,新国际博览中心/世博园,98.0,4.8
上海科技馆,上海,上海,新国际博览中心/世博园,免费,4.7
上海欢乐谷,上海,上海,佘山/松江大学城,170.0,4.7
浦东美术馆,上海,上海,陆家嘴,80.0,4.7
广富林文化遗址,上海,上海,佘山/松江大学城,免费,4.7
世博文化公园,上海,上海,新国际博览中心/世博园,免费,4.6
上海博物馆(东馆),上海,上海,新国际博览中心/世博园,免费,4.8
武康路,上海,上海,淮海路/新天地地区,免费,4.7
金茂大厦88层观光厅,上海,上海,陆家嘴,88.0,4.6
外滩观光隧道,上海,上海,陆家嘴,50.0,4.0
人民广场,上海,上海,人民广场地区,免费,4.7
上海杜莎夫人蜡像馆,上海,上海,人民广场地区,169.0,4.5
黄浦江游览（东方明珠码头）,上海,上海,陆家嘴,110.0,4.3
上海汽车博物馆,上海,上海,嘉定新城,51.0,4.7
上海美术馆（中华艺术宫）,上海,上海,新国际博览中心/世博园,免费,4.6
The Stage 白玉兰观景台,上海,上海,北外滩地区,174.0,4.6
新天地,上海,上海,淮海路/新天地地区,免费,4.7
上海四行仓库抗战纪念馆,上海,上海,上海火车站地区,免费,暂无评分
浦江游览,上海,上海,外滩核心区,110.0,4.5
田子坊,上海,上海,打浦桥地区,免费,4.5
疯狂动物城,上海,上海,迪士尼度假区,411.0,4.7
静安寺,上海,上海,静安寺/南京西路,免费,4.6
滴水湖,上海,上海,滴水湖临港地区,免费,4.6
都市观光巴士,上海,上海,陆家嘴,52.0,4.3
中国航海博物馆,上海,上海,滴水湖临港地区,27.0,4.8
上海马戏城,上海,上海,大宁国际商业区,361.0,4.7
INS LAND新乐园,上海,上海,淮海路/新天地地区,328.0,4.4
上海玛雅海滩水公园,上海,上海,佘山/松江大学城,180.0,4.6
黄浦江游览(金陵东路码头),上海,上海,外滩核心区,81.0,4.7
上海环球金融中心观光厅,上海,上海,陆家嘴,免费,4.3
复兴公园,上海,上海,淮海路/新天地地区,免费,4.6
中国共产党第一次全国代表大会会址,上海,上海,淮海路/新天地地区,免费,暂无评分
上海大自然野生昆虫馆（东方明珠•爬宠昆虫探索中心）,上海,上海,陆家嘴,68.0,4.5
武康大楼,上海,上海,衡山路地区,免费,4.7
梅赛德斯-奔驰文化中心,上海,上海,新国际博览中心/世博园,免费,4.5
安福路,上海,上海,淮海路/新天地地区,免费,4.7
叙宴(上海旗舰店),上海,上海,大宁国际商业区,398.0,4.8
金茂大厦,上海,上海,陆家嘴,免费,4.8
上海佘山国家旅游度假区,上海,上海,佘山/松江大学城,免费,4.8
上海乐高探索中心,上海,上海,长风公园地区,215.0,4.5
共青国家森林公园,上海,上海,江湾/五角场商业区,免费,4.8
上海野生动物园-车入区,上海,上海,南汇/野生动物园,免费,4.8
上海星空艺术馆,上海,上海,人民广场地区,39.9,3.9
思南公馆,上海,上海,淮海路/新天地地区,免费,4.7
东方明珠259米全透明悬空观光廊,上海,上海,陆家嘴,免费,4.7
上海电影博物馆,上海,上海,徐家汇地区,60.0,4.6
世博会博物馆,上海,上海,打浦桥地区,免费,4.6
ERA-时空之旅,上海,上海,大宁国际商业区,361.0,4.8
花开海上生态园,上海,上海,乐高乐园度假区,29.0,4.6
淮海路,上海,上海,淮海路/新天地地区,免费,4.7
上海植物园,上海,上海,上海火车南站地区,免费,4.5
龙华寺,上海,上海,徐家汇地区,免费,4.7
枫泾古镇,上海,上海,乐高乐园度假区,免费,4.4
外滩万国建筑博览群,上海,上海,外滩核心区,免费,4.8
蓝精灵乐园-上海世茂精灵之城主题乐园,上海,上海,佘山/松江大学城,160.0,4.5
上海世茂精灵之城主题乐园,上海,上海,佘山/松江大学城,免费,2.0
上海环球金融中心,上海,上海,陆家嘴,免费,4.7
上海城隍庙,上海,上海,豫园地区,免费,4.7
新世界庄园·破笼之宴,上海,上海,交大/闵行经济开发区,888.0,5.0
上海长风海洋世界,上海,上海,长风公园地区,115.0,4.2
金茂大厦云中漫步,上海,上海,陆家嘴,278.0,4.5
蜀宴赋·上海(华东首店),上海,上海,浦东金桥地区,318.0,5.0
BUSTOUR上海观光游,上海,上海,人民广场地区,100.0,4.0
鬼吹灯之精绝古城VR,上海,上海,淮海路/新天地地区,158.0,暂无评分
东平国家森林公园,上海,上海,崇明岛/长兴岛/横沙岛,60.0,4.5
上海玻璃博物馆,上海,上海,吴淞口国际邮轮港,48.0,4.4
古猗园,上海,上海,嘉定新城,12.0,4.7
"""水晶公主""黄浦江游船",上海,上海,外滩核心区,377.0,4.2
浪浪山小妖怪：幻境奇旅XR,上海,上海,淮海路/新天地地区,68.0,暂无评分
MR沉浸式戏剧《太虚幻境》,上海,上海,陆家嘴,免费,4.0
思南路,上海,上海,淮海路/新天地地区,免费,4.8
徐家汇书院,上海,上海,徐家汇地区,免费,4.7
上海国际赛车场,上海,上海,嘉定新城,免费,4.3
上海宋庆龄故居纪念馆,上海,上海,衡山路地区,免费,暂无评分
世纪公园,上海,上海,新国际博览中心/世博园,免费,4.8
南京西路,上海,上海,静安寺/南京西路,免费,4.5
上海奇迹花园,上海,上海,浦江镇地区,39.9,4.4
国家会展中心(上海),上海,上海,虹桥机场/国家会展中心,免费,4.6
交通银行耀雪水世界,上海,上海,滴水湖临港地区,220.0,4.8
上海新国际博览中心,上海,上海,新国际博览中心/世博园,免费,4.6
顾村公园,上海,上海,顾村公园地区,20.0,4.5
上海蟠龙新天地,上海,上海,虹桥机场/国家会展中心,免费,4.4
上海老街,上海,上海,豫园地区,免费,4.8
七宝古镇,上海,上海,七宝古镇,免费,4.5
上海体育场,上海,上海,徐家汇地区,免费,4.5
东方绿舟景区,上海,上海,青浦朱家角/东方绿舟,40.0,4.6
上海大观园,上海,上海,青浦朱家角/东方绿舟,40.0,4.6
浦江郊野公园,上海,上海,浦江镇地区,免费,4.4
震旦博物馆,上海,上海,陆家嘴,60.0,4.7
南翔古镇,上海,上海,嘉定新城,免费,4.4
金山城市沙滩,上海,上海,金山城市沙滩地区,免费,4.3
新场古镇,上海,上海,南汇/野生动物园,免费,4.3
崇明岛,上海,上海,崇明岛/长兴岛/横沙岛,免费,4.6
上海虹口足球场,上海,上海,四川北路商业区,免费,4.5
东滩湿地公园,上海,上海,崇明岛/长兴岛/横沙岛,45.0,4.2
上海城市历史发展陈列馆,上海,上海,陆家嘴,35.0,4.7
张园,上海,上海,静安寺/南京西路,免费,4.6
苏州河,上海,上海,外滩核心区,免费,4.7
上海观复博物馆,上海,上海,陆家嘴,88.0,4.7
马勒别墅,上海,上海,淮海路/新天地地区,免费,4.7
外白渡桥,上海,上海,外滩核心区,免费,4.7
上海鲜花港,上海,上海,滴水湖临港地区,39.0,4.4
上海邮政博物馆,上海,上海,北外滩地区,免费,4.7
黄浦江游览(十六铺2号码头),上海,上海,外滩核心区,79.0,3.8
第三届上海国际光影节,上海,上海,人民广场地区,免费,5.0
上海海湾国家森林公园,上海,上海,奉贤开发区,60.0,4.4
奈尔宝儿童科技馆(上海店),上海,上海,上海火车南站地区,235.0,4.5
远望1号,上海,上海,打浦桥地区,免费,4.7
愚园路历史文化风貌区,上海,上海,静安寺/南京西路,免费,4.7
天主教上海教区徐家汇圣依纳爵主教座堂,上海,上海,徐家汇地区,免费,4.6
"""龙船""黄浦江游船",上海,上海,上海,292.0,4.2
比斯特上海购物村,上海,上海,迪士尼度假区,免费,4.7
中山公园,上海,上海,中山公园商业区,免费,4.5
鲁迅公园,上海,上海,四川北路商业区,免费,4.6
上海当代艺术博物馆,上海,上海,打浦桥地区,免费,4.5
申城观光双层巴士,上海,上海,陆家嘴,49.0,4.3
上海梵高星空艺术馆,上海,上海,人民广场地区,39.9,4.2
西岸美术馆,上海,上海,徐家汇地区,100.0,4.4
上海世博园,上海,上海,打浦桥地区,免费,暂无评分
川沙古镇,上海,上海,迪士尼度假区,免费,4.1
上海犹太难民纪念馆,上海,上海,北外滩地区,20.0,4.7
申园,上海,上海,新国际博览中心/世博园,30.0,4.7
上海琉璃艺术博物馆,上海,上海,打浦桥地区,25.0,4.5
朵云书院(上海中心大厦店),上海,上海,陆家嘴,免费,4.4
汤连得温泉馆（118店）,上海,上海,长风公园地区,79.0,4.4
EKA·天物,上海,上海,浦东金桥地区,免费,4.6
黄浦江游览(十六铺3号码头),上海,上海,外滩核心区,免费,3.9
世界会客厅,上海,上海,外滩核心区,100.0,5.0
明止堂中国字砖陈列馆,上海,上海,嘉定新城,免费,5.0
永康路,上海,上海,衡山路地区,免费,4.9
AR CITYGAME,上海,上海,上海,免费,5.0
迪士尼朋友见面处,上海,上海,迪士尼度假区,免费,4.8
红皇后御花园,上海,上海,迪士尼度假区,免费,4.8
加勒比海盗——沉落宝藏之战,上海,上海,迪士尼度假区,免费,4.9
上海市历史博物馆,上海,上海,人民广场地区,免费,暂无评分
创极速光轮,上海,上海,迪士尼度假区,免费,4.8
上海薰衣草公园,上海,上海,迪士尼度假区,30.0,4.7
光明生态园,上海,上海,迪士尼度假区,免费,4.7
星愿公园,上海,上海,迪士尼度假区,免费,4.7
陆家嘴中心绿地,上海,上海,陆家嘴,免费,4.7
威尼斯小镇,上海,上海,长风公园地区,免费,4.7
上海浦东图书馆(陆家嘴分馆),上海,上海,陆家嘴,免费,4.8
浦东开发陈列馆,上海,上海,陆家嘴,免费,4.7
上海船厂滨江绿地,上海,上海,陆家嘴,免费,4.7
交通银行(上海交银大厦支行),上海,上海,陆家嘴,免费,4.7
宝藏湾,上海,上海,迪士尼度假区,免费,4.8
世纪大道樱桃园,上海,上海,陆家嘴,免费,4.7
Paradox Museum悖论博物馆(外滩店),上海,上海,外滩核心区,59.0,4.8
明日世界,上海,上海,迪士尼度假区,免费,4.9
滨江森林公园,上海,上海,浦东外高桥地区,免费,4.8
新藏宝楼(福民商厦店),上海,上海,豫园地区,免费,4.7
上海东林寺,上海,上海,乐高乐园度假区,免费,4.7
MOI幻觉艺术博物馆(虹桥丽宝广场店),上海,上海,虹桥机场/国家会展中心,免费,4.8
北外滩滨江绿地,上海,上海,北外滩地区,免费,4.8
上海惊魂密境,上海,上海,人民广场地区,210.0,4.4
松江中央公园,上海,上海,佘山/松江大学城,免费,4.9
吴昌硕纪念馆,上海,上海,陆家嘴,免费,4.8
上海外滩美术馆,上海,上海,外滩核心区,免费,4.8
浦东图书馆,上海,上海,新国际博览中心/世博园,免费,4.8
广富林街道松江大学城,上海,上海,佘山/松江大学城,免费,4.9
上海集成电路科技馆,上海,上海,浦东张江地区,免费,4.8
简庆福艺术馆,上海,上海,南汇/野生动物园,免费,4.7
米奇大街,上海,上海,迪士尼度假区,免费,4.8
滨江公园,上海,上海,陆家嘴,免费,4.7
凯迪拉克·上海音乐厅,上海,上海,淮海路/新天地地区,30.0,4.8
七个小矮人矿山车,上海,上海,迪士尼度假区,免费,4.7
《虎鲸传奇》,上海,上海,滴水湖临港地区,免费,4.7
国歌展示馆,上海,上海,北外滩地区,免费,暂无评分
上海迪士尼乐园-探险岛,上海,上海,迪士尼度假区,免费,4.8
翱翔•飞越地平线,上海,上海,迪士尼度假区,免费,4.3
汇丰银行大楼,上海,上海,陆家嘴,免费,4.8
豫园湖心亭茶楼,上海,上海,豫园地区,免费,4.5
风暴来临——杰克船长之惊天特技大冒险,上海,上海,迪士尼度假区,免费,4.9
上海迪士尼乐园-梦幻世界,上海,上海,迪士尼度假区,免费,4.8
冰雪奇缘：欢唱盛会,上海,上海,迪士尼度假区,免费,4.8
汇中饭店旧址,上海,上海,外滩核心区,免费,4.9
幻想曲旋转木马,上海,上海,迪士尼度假区,免费,4.7
上海市文史研究馆,上海,上海,淮海路/新天地地区,免费,5.0
莘庄梅园,上海,上海,莘庄工业区,免费,4.6
上海市银行博物馆,上海,上海,淮海路/新天地地区,免费,4.6
翱星公园,上海,上海,迪士尼度假区,免费,4.7
外滩历史纪念馆,上海,上海,外滩核心区,免费,暂无评分
奇梦之光幻影秀,上海,上海,迪士尼度假区,免费,4.9
豆香园,上海,上海,陆家嘴,免费,4.7
上海野生动物园-小动物乐园,上海,上海,南汇/野生动物园,免费,4.7
大宁公园,上海,上海,大宁国际商业区,免费,4.6
马登仓库,上海,上海,北外滩地区,免费,4.8
上海陈毅广场,上海,上海,外滩核心区,免费,暂无评分
湖滨观景区,上海,上海,新国际博览中心/世博园,免费,4.8
天马山公园,上海,上海,佘山/松江大学城,10.0,4.7
西沙明珠湖景区,上海,上海,崇明岛/长兴岛/横沙岛,免费,4.8
苏宁艺术馆,上海,上海,长风公园地区,60.0,4.7
布尔什维克编辑部旧址,上海,上海,中山公园商业区,免费,暂无评分
滨江大道,上海,上海,浦东外高桥地区,免费,4.8
1862时尚艺术中心,上海,上海,陆家嘴,免费,4.6
上海城市规划展示馆,上海,上海,人民广场地区,免费,暂无评分
徐家汇公园,上海,上海,徐家汇地区,免费,4.7
国歌纪念广场,上海,上海,北外滩地区,免费,暂无评分
奇想花园,上海,上海,迪士尼度假区,免费,4.8
豫园-九曲桥,上海,上海,豫园地区,免费,4.7
新华路,上海,上海,虹桥地区,免费,4.8
陆家嘴滨江步道,上海,上海,陆家嘴,免费,4.8
周作民旧居,上海,上海,静安寺/南京西路,免费,4.7
大连路公共绿地,上海,上海,北外滩地区,免费,4.6
龙美术馆(西岸馆),上海,上海,打浦桥地区,免费,4.6
静安雕塑公园,上海,上海,静安寺/南京西路,免费,4.7
张衡公园,上海,上海,浦东张江地区,免费,4.8
吴淞炮台湾湿地森林公园,上海,上海,吴淞口国际邮轮港,免费,暂无评分
米奇童话专列,上海,上海,迪士尼度假区,免费,5.0
城市金融文化广场,上海,上海,陆家嘴,免费,4.6
上海图书馆(东馆),上海,上海,新国际博览中心/世博园,免费,4.8
和平饭店博物馆,上海,上海,外滩核心区,免费,4.8
北滨江,上海,上海,北外滩地区,免费,4.8
钱学森图书馆,上海,上海,徐家汇地区,免费,4.8
杨浦滨江,上海,上海,北外滩地区,免费,4.7
新虹桥中心花园,上海,上海,虹桥地区,免费,4.7
船奇戏水滩,上海,上海,迪士尼度假区,免费,4.7
上海孙中山故居纪念馆,上海,上海,淮海路/新天地地区,免费,暂无评分
沉香阁,上海,上海,豫园地区,免费,4.7
南翔檀园,上海,上海,嘉定新城,22.0,4.6
旋转疯蜜罐,上海,上海,迪士尼度假区,免费,4.7
海关大楼,上海,上海,外滩核心区,免费,4.4
梅园公园,上海,上海,陆家嘴,免费,4.6
杨浦大桥,上海,上海,上海,免费,4.7
上海图书馆(淮海路馆),上海,上海,衡山路地区,免费,4.7
怡和洋行旧址,上海,上海,外滩核心区,免费,4.5
玉佛禅寺,上海,上海,长寿路商业区,免费,4.7
黄金城道步行街,上海,上海,虹桥地区,免费,4.7
王狮美术馆,上海,上海,陆家嘴,免费,4.8
长宁图书馆,上海,上海,虹桥地区,免费,4.6
史良旧居,上海,上海,静安寺/南京西路,免费,4.7
南园滨江绿地,上海,上海,打浦桥地区,免费,4.6
世纪广场,上海,上海,新国际博览中心/世博园,免费,4.7
静安别墅,上海,上海,静安寺/南京西路,免费,4.7
华东政法大学(长宁校区),上海,上海,中山公园商业区,免费,4.7
涟泉大江户(上海莘庄店),上海,上海,莘庄工业区,299.0,4.7
沙逊大厦旧址,上海,上海,外滩核心区,免费,4.7
安培洋行,上海,上海,外滩核心区,免费,5.0
陆俨少艺术院,上海,上海,嘉定新城,免费,5.0
新成公园,上海,上海,嘉定新城,免费,4.9
上海基督教沐恩堂,上海,上海,人民广场地区,免费,4.7
其昌公园,上海,上海,佘山/松江大学城,免费,4.8
上海国际会议中心,上海,上海,陆家嘴,免费,4.8
曲水园,上海,上海,青浦朱家角/东方绿舟,免费,4.8
福缘禅院,上海,上海,静安寺/南京西路,免费,4.6
嘉定紫藤园,上海,上海,嘉定新城,免费,4.7
中国共产党代表团驻沪办事处纪念馆(周公馆),上海,上海,淮海路/新天地地区,免费,暂无评分
陕西北路,上海,上海,长寿路商业区,免费,4.7
上海毛泽东旧居陈列馆,上海,上海,静安寺/南京西路,免费,暂无评分
苏州河梦清园环保主题公园,上海,上海,长寿路商业区,免费,4.7
外滩二十二号Bund22,上海,上海,外滩核心区,免费,4.4
洛克外滩源,上海,上海,外滩核心区,免费,4.7
长寿公园,上海,上海,长寿路商业区,免费,4.7
小桃园清真寺,上海,上海,豫园地区,免费,4.8
闵行区群众艺术馆,上海,上海,莘庄工业区,免费,4.8
上海笔墨博物馆,上海,上海,人民广场地区,免费,4.8
SGA沪申画廊,上海,上海,外滩核心区,免费,4.8
挹秀楼,上海,上海,豫园地区,免费,4.0
刘海粟美术馆,上海,上海,中山公园商业区,免费,4.7
徐家汇源,上海,上海,徐家汇地区,免费,4.7
宝龙美术馆,上海,上海,七宝古镇,158.0,4.6
中国烟草博物馆,上海,上海,北外滩地区,免费,4.6
大华行知公园-陶行知纪念馆,上海,上海,大宁国际商业区,免费,暂无评分
复星艺术中心,上海,上海,外滩核心区,免费,4.6
玉玲珑,上海,上海,豫园地区,免费,4.5
曹杨公园,上海,上海,长风公园地区,免费,4.7
上海文化广场,上海,上海,衡山路地区,免费,4.6
外滩源33,上海,上海,外滩核心区,免费,4.6
莘城中央公园,上海,上海,莘庄工业区,免费,4.7
全龄友好园,上海,上海,陆家嘴,免费,4.5
诸翟公园,上海,上海,虹桥机场/国家会展中心,免费,4.9
上海油画雕塑院,上海,上海,虹桥地区,免费,4.8
碧云体育公园,上海,上海,浦东金桥地区,免费,4.5
徐汇滨江大道,上海,上海,徐家汇地区,免费,4.7
南浦大桥,上海,上海,上海,免费,4.6
洋泾港休闲广场,上海,上海,浦东金桥地区,免费,4.9
太平洋新天地观光厅,上海,上海,淮海路/新天地地区,80.0,4.7
巨鹿路,上海,上海,上海,免费,4.7
上海少年儿童图书馆,上海,上海,静安寺/南京西路,免费,4.8
田子坊石库门,上海,上海,打浦桥地区,免费,4.7
上海市人民英雄纪念塔,上海,上海,外滩核心区,免费,暂无评分
南极企鹅馆,上海,上海,滴水湖临港地区,免费,4.7
韩天衡艺术教育基地,上海,上海,嘉定新城,免费,4.9
兰溪青年公园,上海,上海,长风公园地区,免费,4.7
馨园,上海,上海,莘庄工业区,免费,5.0
广富林文化展示馆,上海,上海,佘山/松江大学城,30.0,4.6
复旦大学博物馆,上海,上海,江湾/五角场商业区,免费,4.7
徐汇滨江绿地,上海,上海,徐家汇地区,免费,4.6
绍兴路,上海,上海,衡山路地区,免费,4.7
浦东机场艺术馆,上海,上海,浦东机场核心区,免费,4.7
圣三一堂,上海,上海,外滩核心区,免费,4.7
闵行博物馆,上海,上海,七宝古镇,免费,4.7
东昌滨江绿地,上海,上海,陆家嘴,免费,4.5
黎安公园,上海,上海,莘庄工业区,免费,4.7
苏州河景观步廊,上海,上海,虹桥地区,免费,4.6
月星环球港,上海,上海,中山公园商业区,免费,4.7
辅德里公园,上海,上海,静安寺/南京西路,免费,4.6
虹桥河滨公园,上海,上海,虹桥地区,免费,4.6
兰心大戏院,上海,上海,淮海路/新天地地区,免费,4.3
上海太阳岛森林温泉,上海,上海,青浦朱家角/东方绿舟,免费,4.7
港城公园,上海,上海,浦东外高桥地区,免费,5.0
上海市普陀区美术馆,上海,上海,长风公园地区,免费,4.7
长风公园,上海,上海,长风公园地区,免费,4.5
钱学森旧居,上海,上海,静安寺/南京西路,免费,暂无评分
美琪大戏院,上海,上海,静安寺/南京西路,免费,4.6
艺仓美术馆,上海,上海,陆家嘴,免费,4.6
新江湾城公园,上海,上海,江湾/五角场商业区,免费,4.7
嘉定博物馆,上海,上海,嘉定新城,免费,4.7
昊美术馆,上海,上海,浦东张江地区,免费,4.8
外滩三号,上海,上海,外滩核心区,免费,4.3
汽车博览公园,上海,上海,嘉定新城,免费,4.7
泰晤士小镇,上海,上海,佘山/松江大学城,免费,4.6
竹园绿地,上海,上海,陆家嘴,免费,4.6
月湖雕塑公园,上海,上海,佘山/松江大学城,69.94,4.1
周浦花海,上海,上海,迪士尼度假区,39.9,4.3
碧海金沙,上海,上海,奉贤开发区,30.0,4.1
深坑秘境乐园-上海世茂精灵之城主题乐园,上海,上海,佘山/松江大学城,39.9,4.0
鹏新嘉定海洋世界,上海,上海,嘉定新城,59.0,4.3
韩湘水博园,上海,上海,交大/闵行经济开发区,32.9,4.4
广富林考古遗址展示馆,上海,上海,佘山/松江大学城,30.0,4.2
中国音数协游戏博物馆,上海,上海,光大会展中心/漕河泾地区,37.0,4.8
云上海洋馆,上海,上海,莘庄工业区,130.0,4.5
大千天鹅湖庄园,上海,上海,青浦朱家角/东方绿舟,50.0,4.4
溱潼古镇,江苏,泰州,泰州 · 泰州溱潼古镇溱湖湿地风景区,32.0,4.3
溱湖国家湿地公园,江苏,泰州,泰州 · 泰州溱潼古镇溱湖湿地风景区,72.0,4.5
中华麋鹿园,江苏,盐城,盐城,45.0,4.5
安徒生童话乐园,江苏,射阳,射阳,95.0,4.3
瘦西湖,江苏,扬州,扬州 · 瘦西湖风景区,58.0,4.7
拙政园,江苏,苏州,苏州 · 观前街/平江路,80.0,4.6
牛首山文化旅游区,江苏,南京,南京 · 牛首山风景区/银杏湖乐园,145.0,4.7
红山森林动物园,江苏,南京,南京 · 南京站/红山动物园,65.0,4.7
无锡市太湖鼋头渚风景区,江苏,无锡,无锡 · 太湖鼋头渚风景区/蠡园风景区,85.0,4.6
南京博物院,江苏,南京,南京 · 明故宫/南京博物院地区,免费,4.7
寒山寺,江苏,苏州,苏州 · 苏州新区/寒山寺,17.0,4.6
夫子庙,江苏,南京,南京 · 夫子庙景区/秦淮河风光带,29.0,4.6
枫桥景区,江苏,苏州,苏州 · 苏州新区/寒山寺,免费,4.7
夫子庙秦淮风光带,江苏,南京,南京 · 夫子庙景区/秦淮河风光带,免费,4.7
狮子林,江苏,苏州,苏州 · 观前街/平江路,40.0,4.7
虎丘山风景名胜区,江苏,苏州,苏州 · 苏州火车站地区,69.0,4.7
苏州博物馆,江苏,苏州,苏州 · 观前街/平江路,免费,4.8
龟山汉墓,江苏,徐州,徐州,67.0,4.7
龟山景区,江苏,徐州,徐州,免费,3.7
留园,江苏,苏州,苏州 · 石路/山塘街,55.0,4.7
个园,江苏,扬州,扬州 · 东关街/皮市街历史街区,28.0,4.7
连云港市连岛景区,江苏,连云港,连云港 · 连岛海滨度假区,45.0,4.4
钟山风景名胜区,江苏,南京,南京 · 钟山风景区/中山陵景区,免费,4.6
明孝陵,江苏,南京,南京 · 钟山风景区/中山陵景区,68.0,4.6
连云港花果山风景区,江苏,连云港,连云港 · 花果山风景区,86.0,4.5
山塘街,江苏,苏州,苏州 · 石路/山塘街,免费,4.4
徐州博物馆,江苏,徐州,徐州 · 彭城广场/户部山,免费,4.6
海上云台山,江苏,连云港,连云港 · 在海一方/海上云台山,55.0,4.8
中山陵景区,江苏,南京,南京 · 钟山风景区/中山陵景区,免费,暂无评分
周庄,江苏,昆山,昆山 · 周庄古镇外,72.0,4.6
何园,江苏,扬州,扬州 · 东关街/皮市街历史街区,28.0,4.7
中华恐龙园,江苏,常州,常州 · 环球恐龙城/奥体中心,99.0,4.6
徐州云龙湖风景区,江苏,徐州,徐州 · 徐州云龙湖风景区/徐州乐园度假区,免费,4.7
大明寺,江苏,扬州,扬州 · 瘦西湖风景区,27.0,4.6
大报恩寺遗址景区,江苏,南京,南京 · 夫子庙景区/秦淮河风光带,85.0,4.7
禅意小镇·拈花湾,江苏,无锡,无锡 · 灵山大佛/拈花湾景区,89.0,4.6
淮安西游乐园,江苏,淮安,淮安,129.0,4.6
惠山古镇·寄畅园,江苏,无锡,无锡 · 惠山风景区,64.0,4.6
扬州古运河,江苏,扬州,扬州 · 东关街/皮市街历史街区,免费,4.4
夫子庙秦淮河画舫,江苏,南京,南京 · 夫子庙景区/秦淮河风光带,95.0,4.6
金鸡湖,江苏,苏州,苏州 · 工业园区金鸡湖西/苏州中心,免费,4.6
中国大运河博物馆,江苏,扬州,扬州 · 运河博物馆/三湾风景区,免费,4.6
玄武湖景区,江苏,南京,南京 · 玄武湖景区/鸡鸣寺,免费,4.8
侵华日军南京大屠杀遇难同胞纪念馆,江苏,南京,南京 · 河西/金鹰世界/万达广场,免费,暂无评分
同里古镇,江苏,苏州,苏州 · 同里古镇外,75.0,4.5
灵山大佛,江苏,无锡,无锡 · 灵山大佛/拈花湾景区,142.0,4.7
灵山胜境,江苏,无锡,无锡 · 灵山大佛/拈花湾景区,142.0,4.7
南京总统府,江苏,南京,南京 · 新街口地区/总统府,免费,暂无评分
徐州汉文化景区,江苏,徐州,徐州 · 徐州汉文化景区/徐州世茂广场,75.0,4.6
南通森林野生动物园,江苏,南通,南通 · 南通森林野生动物园/南通站,94.0,4.7
栖霞山,江苏,南京,南京 · 新港/栖霞山景区,50.0,4.7
鸡鸣寺,江苏,南京,南京 · 玄武湖景区/鸡鸣寺,免费,4.2
六朝博物馆,江苏,南京,南京 · 新街口地区/总统府,27.0,4.6
平江路历史街区,江苏,苏州,苏州 · 观前街/平江路,免费,4.6
河下古镇,江苏,淮安,淮安 · 河下古镇/周总理纪念馆,免费,4.7
网师园,江苏,苏州,苏州 · 十全街/盘门风景区,40.0,4.7
金山,江苏,镇江,镇江 · 西津渡/金山景区,60.0,4.6
三山风景名胜区,江苏,镇江,镇江 · 西津渡/金山景区,免费,5.0
运河三湾风景区,江苏,扬州,扬州 · 运河博物馆/三湾风景区,免费,4.8
淮安楚韵文旅度假区,江苏,淮安,淮安 · 河下古镇/周总理纪念馆,免费,4.6
中国科举博物馆(江南贡院),江苏,南京,南京 · 夫子庙景区/秦淮河风光带,45.0,4.7
南京城墙,江苏,南京,南京 · 玄武湖景区/鸡鸣寺,27.0,4.7
美龄宫,江苏,南京,南京 · 钟山风景区/中山陵景区,29.0,暂无评分
蠡园,江苏,无锡,无锡 · 太湖鼋头渚风景区/蠡园风景区,45.0,4.6
天目湖南山竹海,江苏,溧阳,溧阳 · 南山竹海度假区,79.0,4.6
北固山,江苏,镇江,镇江 · 大市口/苏宁广场,35.0,4.7
淮安府署,江苏,淮安,淮安 · 河下古镇/周总理纪念馆,42.0,4.7
沧浪亭,江苏,苏州,苏州 · 十全街/盘门风景区,20.0,4.7
云龙山索滑道,江苏,徐州,徐州 · 徐州云龙湖风景区/徐州乐园度假区,免费,4.4
南京中山植物园,江苏,南京,南京 · 钟山风景区/中山陵景区,15.0,4.7
南京市博物馆(朝天宫),江苏,南京,南京 · 新街口地区/总统府,23.0,4.7
东关街历史街区,江苏,扬州,扬州 · 东关街/皮市街历史街区,免费,4.6
宜兴窑湖小镇,江苏,宜兴,宜兴 · 窑湖小镇/龙池山,60.0,4.4
太平天国历史博物馆(瞻园),江苏,南京,南京 · 夫子庙景区/秦淮河风光带,27.0,4.7
新街口,江苏,南京,南京 · 新街口地区/总统府,免费,4.7
南京欢乐谷,江苏,南京,南京 · 新港/栖霞山景区,188.0,4.6
秦淮河,江苏,南京,南京 · 夫子庙景区/秦淮河风光带,免费,4.7
丹顶鹤湿地生态旅游区,江苏,盐城,盐城,37.0,4.5
老门东历史街区,江苏,南京,南京 · 夫子庙景区/秦淮河风光带,免费,4.7
金山寺,江苏,镇江,镇江 · 西津渡/金山景区,免费,4.6
吴承恩故居,江苏,淮安,淮安 · 河下古镇/周总理纪念馆,33.0,4.6
音乐台,江苏,南京,南京 · 钟山风景区/中山陵景区,10.0,暂无评分
茅山森林世界,江苏,常州,常州 · 金坛茅山东方盐湖城景区,145.0,4.6
南通狼山风景名胜区,江苏,南通,南通 · 南通大学/狼山风景区,45.0,4.6
宝莲寺,江苏,徐州,徐州 · 云龙万达广场/宝莲寺,免费,4.8
徐州蟠桃山景区,江苏,徐州,徐州 · 云龙万达广场/宝莲寺,免费,4.7
瘦西湖游船,江苏,扬州,扬州 · 瘦西湖风景区,免费,4.6
阅江楼,江苏,南京,南京 · 河西/金鹰世界/万达广场,35.0,4.7
天宁宝塔,江苏,常州,常州 · 常州站/天宁寺,50.0,4.6
西津渡历史文化街区,江苏,镇江,镇江 · 西津渡/金山景区,25.0,4.7
南长街,江苏,无锡,无锡 · 南长街/南禅寺/清名桥古运河景区,免费,4.6
渔湾风景区,江苏,连云港,连云港 · 花果山风景区,37.0,4.5
西园寺,江苏,苏州,苏州 · 石路/山塘街,免费,4.7
徐州九顶山野生动物园,江苏,睢宁,睢宁,155.0,4.5
南通市濠河景区,江苏,南通,南通 · 濠河景区/南通大学城,免费,4.6
汉广陵王墓博物馆,江苏,扬州,扬州 · 瘦西湖风景区,27.0,4.6
户部山,江苏,徐州,徐州 · 彭城广场/户部山,免费,4.7
扬州八怪纪念馆,江苏,扬州,扬州 · 扬州市中心文昌阁商业区,12.0,4.3
云龙山,江苏,徐州,徐州 · 徐州云龙湖风景区/徐州乐园度假区,免费,4.7
项王故里,江苏,宿迁,宿迁 · 宿迁市中心/项王故里地区,60.0,4.5
徐州方特乐园,江苏,徐州,徐州,124.0,4.8
句容茅山景区,江苏,句容,句容 · 茅山风景区,70.0,4.6
太湖,江苏,苏州,苏州,免费,4.6
山塘街白居易码头游船,江苏,苏州,苏州 · 石路/山塘街,45.9,4.3
茅山东方盐湖城,江苏,常州,常州 · 金坛茅山东方盐湖城景区,85.0,4.5
黄海森林公园,江苏,东台,东台,40.0,4.7
德基艺术博物馆,江苏,南京,南京 · 新街口地区/总统府,60.0,4.8
苏州之眼摩天轮,江苏,苏州,苏州 · 工业园区金鸡湖东/诚品书店,110.0,4.8
清名桥古运河景区,江苏,无锡,无锡 · 南长街/南禅寺/清名桥古运河景区,免费,4.6
青果巷,江苏,常州,常州 · 常州市区青果巷,免费,4.5
李中水上森林公园,江苏,兴化,兴化,45.0,4.6
阿尔卑斯雪世界,江苏,太仓,太仓 · 阿尔卑斯雪世界/太仓南,189.0,4.9
太仓阿尔卑斯国际度假区,江苏,太仓,太仓 · 阿尔卑斯雪世界/太仓南,288.0,4.8
徐州乐园欢乐世界,江苏,徐州,徐州 · 徐州云龙湖风景区/徐州乐园度假区,144.0,4.6
荷兰花海,江苏,盐城,盐城,46.0,4.6
盘门景区,江苏,苏州,苏州 · 十全街/盘门风景区,80.0,4.6
三国水浒景区(中央电视台无锡影视基地),江苏,无锡,无锡,145.0,4.5
焦山,江苏,镇江,镇江,60.0,4.7
梅园,江苏,无锡,无锡 · 太湖鼋头渚风景区/蠡园风景区,55.0,4.6
彭城风华,江苏,徐州,徐州 · 徐州云龙湖风景区/徐州乐园度假区,218.0,4.8
江苏淹城野生动物世界,江苏,常州,常州 · 春秋淹城/野生动物园景区,99.0,4.6
中国春秋淹城旅游区,江苏,常州,常州 · 春秋淹城/野生动物园景区,免费,4.1
观前街,江苏,苏州,苏州 · 观前街/平江路,免费,4.6
宜兴竹海风景区,江苏,宜兴,宜兴 · 竹海/陶祖圣境风景区,70.0,4.6
徐州乐园度假区,江苏,徐州,徐州 · 徐州云龙湖风景区/徐州乐园度假区,免费,4.7
中国漕运博物馆,江苏,淮安,淮安 · 河下古镇/周总理纪念馆,37.0,4.5
木渎古镇,江苏,苏州,苏州 · 木渎古镇风景区,66.0,4.6
耦园,江苏,苏州,苏州 · 观前街/平江路,25.0,4.6
金陵小城,江苏,南京,南京 · 牛首山风景区/银杏湖乐园,48.0,4.5
中华门瓮城,江苏,南京,南京 · 夫子庙景区/秦淮河风光带,47.0,4.6
江宁织造博物馆,江苏,南京,南京 · 新街口地区/总统府,27.0,4.5
江苏园博园,江苏,南京,南京 · 汤山温泉/园博园度假区,免费,4.3
隋炀帝陵遗址公园,江苏,扬州,扬州 · 瘦西湖风景区,30.0,4.7
南京海底世界,江苏,南京,南京 · 钟山风景区/中山陵景区,99.0,4.4
连云港老街,江苏,连云港,连云港 · 在海一方/海上云台山,免费,4.3
徐州欧乐堡海洋极地世界,江苏,徐州,徐州,174.0,4.6
季高·牛角村MOMO乐园,江苏,宿迁,宿迁,98.8,4.9
牛角村欢乐田园度假区,江苏,宿迁,宿迁,免费,5.0
南通森迪旅游度假区,江苏,南通,南通 · 南通森林野生动物园/南通站,免费,4.6
汤山一号温泉度假区,江苏,南京,南京 · 汤山温泉/园博园度假区,128.0,4.5
三台山国家森林公园,江苏,宿迁,宿迁 · 宿迁森迪野生动物世界/三台山森林公园,60.0,4.5
苏州古运河,江苏,苏州,苏州 · 十全街/盘门风景区,免费,4.5
东方之门,江苏,苏州,苏州 · 工业园区金鸡湖西/苏州中心,免费,4.5
夫子庙大成殿,江苏,南京,南京 · 夫子庙景区/秦淮河风光带,29.0,4.5
千垛景区,江苏,兴化,兴化,免费,4.4
周恩来故里景区,江苏,淮安,淮安 · 河下古镇/周总理纪念馆,免费,暂无评分
周恩来纪念馆,江苏,淮安,淮安 · 河下古镇/周总理纪念馆,免费,暂无评分
南京长江大桥,江苏,南京,南京,免费,4.7
陵园路,江苏,南京,南京 · 钟山风景区/中山陵景区,免费,4.8
天平山,江苏,苏州,苏州 · 木渎古镇风景区,30.0,4.7
宿迁森迪野生动物世界,江苏,宿迁,宿迁 · 宿迁森迪野生动物世界/三台山森林公园,109.0,4.7
周恩来故居,江苏,淮安,淮安 · 河下古镇/周总理纪念馆,免费,暂无评分
天目湖御水温泉,江苏,溧阳,溧阳 · 南山竹海度假区,188.0,4.9
里运河文化长廊,江苏,淮安,淮安 · 淮安市中心,免费,4.3
泰州海军舰艇文化园,江苏,泰州,泰州,免费,4.6
三国城,江苏,无锡,无锡,145.0,4.6
怡园,江苏,苏州,苏州 · 观前街/平江路,15.0,4.7
南禅寺,江苏,无锡,无锡 · 南长街/南禅寺/清名桥古运河景区,免费,4.6
尚湖风景区,江苏,常熟,常熟 · 虞山/尚湖度假区,70.0,4.6
虞山文化旅游度假区,江苏,常熟,常熟 · 虞山/尚湖度假区,免费,4.7
泗洪洪泽湖湿地景区,江苏,泗洪,泗洪,52.29,4.6
淮安熊出没乐园,江苏,淮安,淮安 · 洪泽湖旅游度假区,180.0,4.5
西山,江苏,苏州,苏州 · 太湖风景区/东山/西山,免费,4.6
淮安方特东方欲晓,江苏,淮安,淮安,99.0,4.8
天目湖山水园,江苏,溧阳,溧阳 · 天目湖度假区,81.0,4.7
海合安苏州阳澄半岛乐园,江苏,苏州,苏州 · 阳澄湖半岛旅游度假区/海合安苏州阳澄半岛乐园,99.0,4.4
十全街,江苏,苏州,苏州 · 十全街/盘门风景区,免费,4.5
苏州古运河游船(新市桥码头),江苏,苏州,苏州 · 十全街/盘门风景区,免费,4.4
大洋湾生态旅游景区,江苏,盐城,盐城 · 大洋湾景区/南洋国际机场商圈,32.3,4.5
狮子山楚王陵,江苏,徐州,徐州 · 徐州汉文化景区/徐州世茂广场,免费,4.5
锦溪古镇,江苏,昆山,昆山 · 锦溪古镇区,免费,4.6
淹城春秋乐园,江苏,常州,常州 · 春秋淹城/野生动物园景区,45.0,4.7
南京明故宫遗址公园,江苏,南京,南京 · 明故宫/南京博物院地区,免费,4.5
苏州乐园森林世界,江苏,苏州,苏州 · 苏州新区/寒山寺,79.0,4.3
天目湖旅游度假区,江苏,溧阳,溧阳 · 天目湖度假区,免费,4.6
江苏江宁汤山方山国家地质公园(汤山园区),江苏,南京,南京 · 汤山温泉/园博园度假区,免费,4.7
甪直古镇,江苏,苏州,苏州 · 甪直古镇,37.0,4.5
苏州太湖国家湿地公园,江苏,苏州,苏州 · 太湖风景区/东山/西山,60.0,4.5
紫金山天文台,江苏,南京,南京 · 钟山风景区/中山陵景区,15.0,4.7
中国宜兴陶瓷博物馆,江苏,宜兴,宜兴 · 陶都陶瓷艺术博览中心,5.0,4.6
盂城驿,江苏,高邮,高邮 · 城区,25.0,4.5
沈坤状元府,江苏,淮安,淮安 · 河下古镇/周总理纪念馆,34.0,4.6
艺圃,江苏,苏州,苏州 · 石路/山塘街,10.0,4.7
南京长江传奇系列游轮,江苏,南京,南京 · 南京站/红山动物园,免费,4.8
五马渡广场,江苏,南京,南京 · 南京站/红山动物园,免费,4.8
茱萸湾风景区,江苏,扬州,扬州 · 扬州东高铁站地区,58.0,4.7
窑湾古镇景区,江苏,新沂,新沂,60.0,4.3
大梦·红楼沉浸式展演,江苏,南京,南京 · 新街口地区/总统府,免费,4.5
无锡古运河游船,江苏,无锡,无锡 · 南长街/南禅寺/清名桥古运河景区,100.0,4.5
连云港在海一方公园,江苏,连云港,连云港 · 在海一方/海上云台山,免费,4.2
黎里古镇,江苏,苏州,苏州 · 黎里古镇/吴江运河旅游区,免费,4.6
可园,江苏,苏州,苏州 · 观前街/平江路,25.0,4.6
夜游拙政园《拙政问雅》,江苏,苏州,苏州 · 观前街/平江路,159.0,4.7
外秦淮河游船,江苏,南京,南京 · 夫子庙景区/秦淮河风光带,55.0,4.2
灵谷景区,江苏,南京,南京 · 钟山风景区/中山陵景区,33.0,暂无评分
雨花台,江苏,南京,南京 · 雨花台南京南站地区,免费,暂无评分
南京牛首山文化旅游区-佛顶寺,江苏,南京,南京 · 牛首山风景区/银杏湖乐园,免费,4.7
沙家浜风景区,江苏,常熟,常熟 · 沙家浜风景区,29.9,暂无评分
锡惠名胜区,江苏,无锡,无锡 · 惠山风景区,65.0,4.7
彭城广场,江苏,徐州,徐州 · 彭城广场/户部山,免费,4.6
南京1912街,江苏,南京,南京 · 新街口地区/总统府,免费,4.6
银杏湖乐园,江苏,南京,南京 · 牛首山风景区/银杏湖乐园,90.0,4.6
羊山岛景区,江苏,连云港,连云港 · 在海一方/海上云台山,免费,4.5
愚园,江苏,南京,南京 · 夫子庙景区/秦淮河风光带,18.0,4.7
古运河水上游,江苏,扬州,扬州 · 东关街/皮市街历史街区,免费,4.3
《只此周庄》行浸式多维空间剧,江苏,昆山,昆山 · 周庄古镇外,218.0,4.5
文昌阁,江苏,扬州,扬州 · 扬州市中心文昌阁商业区,免费,4.5
梅里古镇,江苏,无锡,无锡 · 高新开发区/梅里古镇,免费,4.4
扬州爱奇艺乐园,江苏,扬州,扬州 · 东关街/皮市街历史街区,149.0,4.8
瘦西湖温泉度假村,江苏,扬州,扬州 · 瘦西湖风景区,168.0,4.8
南京大学(鼓楼校区),江苏,南京,南京 · 玄武湖景区/鸡鸣寺,免费,4.7
戏马台,江苏,徐州,徐州 · 彭城广场/户部山,免费,4.6
千灯古镇,江苏,昆山,昆山 · 千灯古镇区,40.0,4.4
善卷洞,江苏,宜兴,宜兴 · 善卷洞风景区,110.0,4.4
洋河工业文化旅游区,江苏,宿迁,宿迁 · 洋河新区,45.0,4.8
无锡融创乐园,江苏,无锡,无锡 · 太湖风光带/无锡融创乐园/江南大学,128.0,4.4
无锡融创文旅城,江苏,无锡,无锡 · 太湖风光带/无锡融创乐园/江南大学,153.0,4.8
南通森迪冰雪海洋乐园,江苏,南通,南通 · 南通森林野生动物园/南通站,158.0,4.8
阳澄湖,江苏,苏州,苏州 · 阳澄湖半岛旅游度假区/海合安苏州阳澄半岛乐园,免费,4.6
皮市街,江苏,扬州,扬州 · 东关街/皮市街历史街区,免费,4.3
苏州博物馆西馆,江苏,苏州,苏州 · 苏州新区/寒山寺,免费,4.8
上方山森林动物世界,江苏,苏州,苏州 · 石湖上方山景区/国际教育园,60.0,4.5
南京台城,江苏,南京,南京 · 玄武湖景区/鸡鸣寺,27.0,4.9
莫愁湖公园,江苏,南京,南京 · 河西/金鹰世界/万达广场,免费,4.5
皂河龙运城,江苏,宿迁,宿迁,19.9,4.5
骆马湖沙滩公园,江苏,宿迁,宿迁 · 宿迁森迪野生动物世界/三台山森林公园,30.0,4.4
淮海战役纪念馆,江苏,徐州,徐州 · 三胞国际广场/淮海战役烈士纪念塔,免费,暂无评分
淮海战役烈士纪念塔,江苏,徐州,徐州 · 三胞国际广场/淮海战役烈士纪念塔,免费,暂无评分
重元寺,江苏,苏州,苏州 · 阳澄湖半岛旅游度假区/海合安苏州阳澄半岛乐园,16.0,4.8
苏州上方山国家森林公园,江苏,苏州,苏州 · 石湖上方山景区/国际教育园,45.0,4.7
虞山景区,江苏,常熟,常熟 · 虞山/尚湖度假区,28.0,4.5
马陵山风景名胜区,江苏,新沂,新沂,60.0,4.5
盐河巷历史文化街区,江苏,连云港,连云港 · 连云港市中心,免费,4.3
海澜飞马水城,江苏,江阴,江阴,免费,4.5
嬉戏谷,江苏,常州,常州 · 嬉戏谷景区,230.0,4.3
徐州乐园加勒比水世界,江苏,徐州,徐州 · 徐州云龙湖风景区/徐州乐园度假区,150.0,4.5
东大门(KK-PARK)乐园,江苏,盐城,盐城,24.8,5.0
老山不老村景区,江苏,南京,南京 · 青奥体育公园体育馆/江浦汤泉地区,免费,5.0
坎水法,江苏,常州,常州 · 金坛茅山东方盐湖城景区,免费,5.0
性文化馆,江苏,常州,常州 · 金坛茅山东方盐湖城景区,免费,5.0
沃普·惠山探险营地,江苏,无锡,无锡 · 惠山风景区,免费,5.0
格乐利雅艺术中心ARTIZ LAND(南京站),江苏,南京,南京 · 南京站/红山动物园,免费,5.0
长江江豚科教中心,江苏,南京,南京 · 河西/金鹰世界/万达广场,免费,5.0
启东恒大海上威尼斯五国温泉,江苏,启东,启东 · 恒大海上威尼斯度假区,108.0,4.9
苏州湾王焰温泉,江苏,苏州,苏州 · 苏州湾/吴江东太湖风景区/王焰温泉,213.0,4.9
口岸雕花楼景区,江苏,泰州,泰州 · 高港城区,35.0,4.7
沃普·淹城探险营地,江苏,常州,常州 · 春秋淹城/野生动物园景区,免费,5.0
开心休博园,江苏,镇江,镇江,59.9,4.9
天目湖涵田半山温泉水乐园,江苏,溧阳,溧阳 · 天目湖度假区,208.0,4.8
龙出没穿越漂流,江苏,南京,南京 · 江宁开发区,145.0,4.8
南京龙出没乐园,江苏,南京,南京 · 江宁开发区,免费,4.8
铁山寺峡谷漂流,江苏,盱眙,盱眙 · 铁山寺风景区,158.0,4.9
沃普·紫金山探险营地,江苏,南京,南京 · 钟山风景区/中山陵景区,免费,4.8
淹城冰雪世界,江苏,常州,常州 · 春秋淹城/野生动物园景区,145.0,4.9
宋夹城体育休闲公园,江苏,扬州,扬州 · 瘦西湖风景区,免费,4.8
泊心黄沙港景区,江苏,射阳,射阳,免费,5.0
水绘园,江苏,如皋,如皋 · 如皋城区,免费,4.7
伊园景区,江苏,灌云,灌云,60.0,4.6
林克斯温泉乐园,江苏,如东,如东,79.0,4.9
天目湖水世界,江苏,溧阳,溧阳 · 天目湖度假区,98.0,4.7
苏州御窑金砖博物馆,江苏,苏州,苏州 · 相城高铁新城开发区/苏州北站,免费,4.8
雨花石地质公园,江苏,南京,南京,28.0,4.8
汤山紫清湖旅游区,江苏,南京,南京 · 汤山温泉/园博园度假区,118.0,4.7
南京工业大学(江浦校区),江苏,南京,南京 · 青奥体育公园体育馆/江浦汤泉地区,免费,4.9
江南兰苑,江苏,无锡,无锡 · 太湖鼋头渚风景区/蠡园风景区,免费,4.5
窑湖四季水世界,江苏,宜兴,宜兴 · 窑湖小镇/龙池山,120.0,4.8
苏州黎里六悦·六悦博物馆,江苏,苏州,苏州 · 黎里古镇/吴江运河旅游区,100.0,4.8
梅花山,江苏,南京,南京 · 钟山风景区/中山陵景区,免费,4.7
太湖湾露营谷,江苏,常州,常州 · 嬉戏谷景区,65.0,4.8
德基广场,江苏,南京,南京 · 新街口地区/总统府,免费,4.7
啬园,江苏,南通,南通 · 南通大学/狼山风景区,18.0,4.7
南京市仙林湖公园,江苏,南京,南京 · 徐庄软件园/仙林大学城商圈,免费,4.9
东海森林温泉度假区,江苏,东海,东海,免费,4.8
中国工农红军第十四军纪念馆,江苏,如皋,如皋 · 如皋城区,免费,暂无评分
蠡湖大桥公园,江苏,无锡,无锡 · 太湖鼋头渚风景区/蠡园风景区,免费,4.8
中国秦淮灯会主会场(白鹭洲公园),江苏,南京,南京 · 夫子庙景区/秦淮河风光带,98.0,4.7
青枫公园,江苏,常州,常州 · 青枫公园/钟楼开发区,免费,4.8
南京城墙博物馆,江苏,南京,南京 · 夫子庙景区/秦淮河风光带,免费,4.8
南京图书馆,江苏,南京,南京 · 新街口地区/总统府,免费,4.7
苍梧绿园,江苏,连云港,连云港 · 连云港市中心,免费,4.8
彭城七里数字体验馆,江苏,徐州,徐州 · 徐州云龙湖风景区/徐州乐园度假区,49.0,5.0
汤山涵田·臻温泉,江苏,南京,南京 · 汤山温泉/园博园度假区,158.0,4.7
南通洲际绿博园,江苏,南通,南通,75.0,4.6
扬州非遗珍宝馆,江苏,扬州,扬州 · 东关街/皮市街历史街区,30.0,4.8
白马涧龙池景区,江苏,苏州,苏州 · 木渎古镇风景区,19.9,4.6
南京中国绿化博览园,江苏,南京,南京 · 河西/奥体中心/奥南地区,免费,4.7
水月禅寺景区,江苏,睢宁,睢宁,免费,4.8
茅山温泉谷,江苏,句容,句容 · 茅山风景区,免费,4.9
穹窿山景区,江苏,苏州,苏州 · 木渎古镇风景区,56.0,4.7
南通大学,江苏,南通,南通 · 南通大学/狼山风景区,免费,4.6
无锡动物园（太湖欢乐园）,江苏,无锡,无锡 · 惠山风景区,100.0,4.5
无锡热雪奇迹,江苏,无锡,无锡 · 太湖风光带/无锡融创乐园/江南大学,188.0,4.6
军山,江苏,南通,南通 · 南通大学/狼山风景区,27.0,4.7
南京森林大世界亲子主题乐园,江苏,南京,南京,44.3,4.7
苏州文化艺术中心,江苏,苏州,苏州 · 工业园区金鸡湖东/诚品书店,免费,4.8
樱洲,江苏,南京,南京 · 玄武湖景区/鸡鸣寺,免费,4.8
徐州云龙湖风景区-滨湖公园,江苏,徐州,徐州 · 徐州云龙湖风景区/徐州乐园度假区,免费,4.7
苏通大桥,江苏,南通,南通,免费,4.6
蒙特利亲子乐园,江苏,昆山,昆山 · 昆山万达广场地区,42.0,4.6
无锡融创水世界,江苏,无锡,无锡 · 太湖风光带/无锡融创乐园/江南大学,228.0,4.6
双湖公园,江苏,建湖,建湖,免费,4.8
灵山梵宫,江苏,无锡,无锡 · 灵山大佛/拈花湾景区,免费,4.6
梅花谷公园,江苏,南京,南京 · 明故宫/南京博物院地区,免费,4.7
乐游无锡观光巴士,江苏,无锡,无锡 · 三阳广场/市中心/火车站地区,免费,4.0
长江路,江苏,南京,南京 · 新街口地区/总统府,免费,4.7
启园,江苏,苏州,苏州 · 太湖风景区/东山/西山,40.5,4.6
小桃园,江苏,南京,南京 · 河西/金鹰世界/万达广场,免费,4.8
亭林园,江苏,昆山,昆山 · 昆山市区,免费,4.7
新四军纪念馆,江苏,盐城,盐城 · 盐城高铁站地区,免费,暂无评分
九龙湖公园,江苏,南京,南京 · 江宁开发区,免费,4.8
荷塘月色湿地公园,江苏,苏州,苏州 · 相城高铁新城开发区/苏州北站,25.0,4.5
龙背山森林公园,江苏,宜兴,宜兴 · 宜兴高铁站/龙背山森林公园,免费,4.7
南京市民俗博物馆,江苏,南京,南京 · 夫子庙景区/秦淮河风光带,18.0,4.6
中国茶岛,江苏,溧阳,溧阳 · 天目湖度假区,免费,4.9
南京城墙中山门登城口,江苏,南京,南京 · 明故宫/南京博物院地区,免费,4.8
东庐山观音寺,江苏,南京,南京,免费,4.8
南京湖熟现代农业示范区,江苏,南京,南京 · 禄口国际机场区周边,免费,4.6
同里国家湿地公园,江苏,苏州,苏州 · 吴江汾湖开发区,免费,4.6
颐和路公馆区第十二片区,江苏,南京,南京 · 玄武湖景区/鸡鸣寺,免费,4.6
常州梵高星空艺术馆,江苏,常州,常州 · 常州市区青果巷,39.9,4.8
凤城河画舫游船,江苏,泰州,泰州 · 泰州老街/万达广场,48.0,4.5
大洋湾长乐水世界,江苏,盐城,盐城 · 大洋湾景区/南洋国际机场商圈,220.0,4.6
凤城河梅园,江苏,泰州,泰州 · 泰州老街/万达广场,免费,4.6
梦之蓝青奥体育公园,江苏,南京,南京 · 青奥体育公园体育馆/江浦汤泉地区,免费,4.8
中国醋文化博物馆,江苏,镇江,镇江,30.0,4.5
沙洲优黄文化园,江苏,张家港,张家港 · 张家港保税区,58.0,4.7
鱼嘴湿地公园,江苏,南京,南京 · 河西/奥体中心/奥南地区,免费,4.9
环球港龙眼摩天轮,江苏,常州,常州 · 环球恐龙城/奥体中心,100.0,4.6
宜兴市规划展示馆,江苏,宜兴,宜兴 · 宜兴市中心,免费,4.8
徐州云龙湖风景区-小南湖,江苏,徐州,徐州 · 徐州云龙湖风景区/徐州乐园度假区,免费,4.8
光福景区,江苏,苏州,苏州 · 太湖风景区/东山/西山,15.0,4.1
泰州市天德湖公园,江苏,泰州,泰州 · 万象城/金融广场,免费,4.8
虎丘山风景名胜区-虎丘塔,江苏,苏州,苏州 · 苏州火车站地区,免费,4.7
南京眼-步行桥,江苏,南京,南京 · 河西/奥体中心/奥南地区,免费,4.7
曾园赵园,江苏,常熟,常熟 · 虞山/尚湖度假区,免费,4.7
海之珑林憩空间,江苏,海安,海安,免费,5.0
梦隐拙政园,江苏,苏州,苏州 · 观前街/平江路,40.0,4.8
凤凰山公园,江苏,南京,南京 · 六合地区,免费,4.8
雨花台烈士陵园,江苏,南京,南京 · 雨花台南京南站地区,免费,暂无评分
苏州未来科幻馆,江苏,苏州,苏州 · 相城高铁新城开发区/苏州北站,免费,4.7
迪诺水镇,江苏,常州,常州 · 环球恐龙城/奥体中心,免费,4.7
督公山漂流,江苏,徐州,徐州 · 贾汪商业区/潘安湖景区,158.0,4.7
唐闸民族工业风情小镇,江苏,南通,南通 · 南通森林野生动物园/南通站,免费,4.8
古寿圣寺,江苏,泰州,泰州 · 泰州溱潼古镇溱湖湿地风景区,免费,4.9
蜀冈瘦西湖风景名胜区-五亭桥,江苏,扬州,扬州 · 瘦西湖风景区,免费,4.6
珍珠泉风景区,江苏,南京,南京 · 浦口沿江区,免费,4.5
剑山,江苏,南通,南通 · 南通大学/狼山风景区,18.0,4.7
苏州乐园四季恒温水乐园,江苏,苏州,苏州 · 苏州新区/寒山寺,198.0,4.0
瘦西湖二十四桥,江苏,扬州,扬州 · 瘦西湖风景区,免费,4.6
无锡长广溪国家湿地公园,江苏,无锡,无锡 · 太湖风光带/无锡融创乐园/江南大学,免费,4.8
地下长河景区,浙江,兰溪,兰溪,60.0,4.5
诸葛八卦村景区,浙江,兰溪,兰溪,85.0,4.2
大慈岩风景区,浙江,建德,建德 · 大慈岩/新叶古村,75.0,4.6
雁荡山,浙江,乐清,乐清 · 雁荡商圈,50.0,4.6
横店影视城,浙江,东阳,东阳 · 横店,211.0,4.7
西湖风景名胜区,浙江,杭州,杭州 · 西湖风景区/灵隐度假区,免费,4.7
灵隐飞来峰景区,浙江,杭州,杭州 · 西湖风景区/灵隐度假区,免费,4.6
灵隐寺,浙江,杭州,杭州 · 西湖风景区/灵隐度假区,免费,4.7
南浔古镇,浙江,湖州,湖州 · 南浔景区内,免费,4.6
普陀山风景区,浙江,舟山,舟山 · 普陀山/普济寺/南海观音,217.0,4.7
神仙居,浙江,仙居,仙居,96.0,4.7
杭州宋城,浙江,杭州,杭州 · 宋城/转塘/之江休闲度假区,260.0,4.7
天一阁博物院,浙江,宁波,宁波 · 天一广场/鼓楼,26.0,4.8
乌镇,浙江,桐乡,桐乡 · 乌镇西栅景区内/乌村,100.0,4.5
天一阁·月湖景区,浙江,宁波,宁波 · 天一广场/鼓楼,26.0,4.7
西湖游船,浙江,杭州,杭州 · 西湖风景区/灵隐度假区,70.0,4.5
千岛湖景区,浙江,淳安,淳安 · 千岛湖中心湖区,45.5,4.4
缙云仙都景区,浙江,缙云,缙云 · 仙都景区,90.0,4.6
鲁迅故里,浙江,绍兴,绍兴 · 鲁迅故里度假区/仓桥直街,免费,4.7
西溪国家湿地公园,浙江,杭州,杭州 · 西溪湿地商圈,67.0,4.6
乌镇西栅景区,浙江,桐乡,桐乡 · 乌镇西栅景区内/乌村,150.0,4.5
绍兴古城,浙江,绍兴,绍兴 · 鲁迅故里度假区/仓桥直街,免费,4.6
云和梯田景区,浙江,云和,云和 · 云和梯田景区,70.0,4.8
OMG心跳乐园,浙江,桐庐,桐庐 · 瑶琳仙境/OMG心跳乐园,399.0,4.7
衢州古城文化旅游区,浙江,衢州,衢州,免费,5.0
京杭大运河杭州景区,浙江,杭州,杭州 · 武林广场/杭州中心,110.0,4.4
古堰画乡旅游度假区,浙江,丽水,丽水 · 古堰画乡景区,42.0,4.6
刘伯温故里景区·百丈漈,浙江,文成,文成,55.0,4.8
朱家尖风景区,浙江,舟山,舟山 · 观音法界/乌石塘,20.0,4.5
普陀山观音法界,浙江,舟山,舟山 · 观音法界/乌石塘,90.0,4.8
莫干山风景名胜区,浙江,德清,德清 · 莫干山国际旅游度假区,70.0,4.7
西湖观光游览车,浙江,杭州,杭州,免费,4.6
江郎山风景名胜区,浙江,江山,江山 · 江郎山,104.9,4.6
浙江省博物馆(之江馆区),浙江,杭州,杭州 · 宋城/转塘/之江休闲度假区,免费,4.7
江郎山·廿八都旅游区,浙江,江山,江山 · 江郎山,免费,4.5
垂云通天河,浙江,桐庐,桐庐 · 瑶琳仙境/OMG心跳乐园,399.0,4.6
之江文化中心,浙江,杭州,杭州 · 宋城/转塘/之江休闲度假区,免费,5.0
沈园,浙江,绍兴,绍兴 · 鲁迅故里度假区/仓桥直街,40.0,4.4
宁波松兰山滨海旅游度假区,浙江,象山,象山,免费,5.0
安昌古镇,浙江,绍兴,绍兴 · 安昌古镇商圈,免费,4.5
安吉Hello Kitty乐园,浙江,安吉,安吉 · 杭州凯蒂猫乐园,175.0,4.4
西塘古镇,浙江,嘉善,嘉善 · 西塘景区内,85.0,4.5
长屿硐天,浙江,温岭,温岭 · 长屿硐天/新河镇,120.0,4.6
云上草原,浙江,安吉,安吉 · 云上草原高山旅游度假区,180.0,4.6
云上草原国际山地旅游度假区,浙江,安吉,安吉 · 云上草原高山旅游度假区,180.0,4.6
绍兴柯岩风景区,浙江,绍兴,绍兴 · 鉴湖柯岩旅游度假区,81.0,4.7
东湖,浙江,绍兴,绍兴 · 东湖度假区,50.0,4.5
金华双龙风景旅游区,浙江,金华,金华,80.0,4.5
雷峰塔,浙江,杭州,杭州 · 西湖风景区/灵隐度假区,免费,4.5
兰亭景区,浙江,绍兴,绍兴 · 兰亭,70.0,4.7
老外滩,浙江,宁波,宁波 · 老外滩/万象城,免费,4.7
天台山景区,浙江,天台县,天台县,免费,4.7
东极岛风景区,浙江,舟山,舟山 · 东极岛,免费,4.2
蒋氏故居,浙江,宁波,宁波 · 溪口景区/雪窦寺,120.0,4.4
天屿山观景台,浙江,淳安,淳安 · 千岛湖中心湖区,50.0,4.6
岳王庙,浙江,杭州,杭州 · 西湖风景区/灵隐度假区,25.0,4.7
廿八都古镇,浙江,江山,江山 · 廿八都古镇,80.0,4.3
钱塘江夜游,浙江,杭州,杭州 · 滨江地区,128.0,4.2
太湖龙之梦乐园,浙江,长兴,长兴 · 湖州太湖/龙之梦乐园,100.0,4.5
西湖外事游船,浙江,杭州,杭州 · 西湖湖滨商圈,48.8,4.2
中南百草原,浙江,安吉,安吉 · 中南百草原/自然博物院,175.0,4.6
台州府城墙,浙江,临海,临海 · 紫阳街/台州府城,54.0,4.7
千岛湖中心湖区,浙江,淳安,淳安 · 千岛湖中心湖区,45.5,4.3
杭州野生动物世界,浙江,杭州,杭州,200.0,4.6
温州市楠溪江景区,浙江,永嘉,永嘉,免费,4.5
台州府城文化旅游区,浙江,临海,临海 · 紫阳街/台州府城,54.0,4.7
清河坊街,浙江,杭州,杭州 · 西湖湖滨商圈,免费,4.6
濮院时尚古镇,浙江,桐乡,桐乡 · 濮院古镇/羊毛衫市场,118.0,4.6
溪口-滕头旅游景区,浙江,宁波,宁波 · 溪口景区/雪窦寺,205.0,4.6
龙游石窟,浙江,龙游,龙游,80.0,3.9
良渚古城遗址公园,浙江,杭州,杭州 · 良渚文化村周边,55.0,4.4
瑶琳仙境,浙江,桐庐,桐庐 · 瑶琳仙境/OMG心跳乐园,112.0,4.4
虎啸峡激流探险漂流,浙江,桐庐,桐庐 · 虎啸峡漂流度假区,198.0,4.6
天台山大瀑布,浙江,天台县,天台县,98.0,4.6
南湖景区,浙江,嘉兴,嘉兴 · 南湖景区商圈,免费,暂无评分
杨家堂村,浙江,松阳,松阳 · 杨家堂村/酉田村,免费,4.5
龙井村,浙江,杭州,杭州 · 西湖风景区/灵隐度假区,免费,4.4
象山影视城,浙江,象山,象山 · 象山影视城商圈,125.0,4.6
朱家尖大青山景区,浙江,舟山,舟山 · 南沙/大青山,100.0,4.5
国清景区,浙江,天台县,天台县,免费,4.8
胡雪岩故居,浙江,杭州,杭州 · 火车城站杭州站/四季青,20.0,4.8
东钱湖,浙江,宁波,宁波 · 东钱湖/横溪度假区,免费,4.7
乌镇东栅景区,浙江,桐乡,桐乡 · 乌镇东栅,108.0,4.4
宁波博物院,浙江,宁波,宁波 · 罗蒙环球乐园/南部商务区,免费,4.5
印象南塘,浙江,温州,温州 · 客运中心,免费,4.5
严子陵钓台景区,浙江,桐庐,桐庐 · 严子陵钓台度假区,120.0,4.3
罗蒙环球乐园,浙江,宁波,宁波 · 罗蒙环球乐园/南部商务区,119.0,4.6
三潭印月,浙江,杭州,杭州 · 西湖风景区/灵隐度假区,70.0,4.7
洞头风景区,浙江,温州,温州,27.0,4.4
横店影视城清明上河图园区,浙江,东阳,东阳 · 横店,190.0,4.9
根宫佛国文化旅游区,浙江,开化,开化,118.0,4.5
江心屿,浙江,温州,温州,30.0,4.5
千岛湖天屿景区,浙江,淳安,淳安 · 千岛湖中心湖区,45.0,4.6
朱家尖南沙景区,浙江,舟山,舟山 · 南沙/大青山,69.0,4.3
南宋御街,浙江,杭州,杭州 · 西湖湖滨商圈,免费,4.6
天子地山野乐园,浙江,桐庐,桐庐 · 天子地风景区,免费,4.6
药王山,浙江,衢州,衢州,65.0,4.7
衢州孔氏南宗家庙,浙江,衢州,衢州 · 水亭门/孔庙,10.0,4.7
月河历史街区,浙江,嘉兴,嘉兴 · 月河历史街区商圈,免费,4.6
武林夜市,浙江,杭州,杭州 · 西湖湖滨商圈,免费,4.5
新昌大佛寺景区,浙江,新昌,新昌 · 大佛寺/海洋城/客运中心,67.78,4.7
安吉奇幻嘉乐比景区,浙江,安吉,安吉 · 竹博园/灵峰山,135.0,4.5
五泄风景区,浙江,诸暨,诸暨 · 五泄度假区,55.0,4.7
宁波南塘老街,浙江,宁波,宁波 · 宁波站/客运中心,免费,4.4
小箬村,浙江,温岭,温岭 · 温岭石塘半岛景区,免费,3.8
安吉天目山漂流,浙江,安吉,安吉 · 龙王山漂流/浙北大峡谷,免费,4.7
宁波野生动物园,浙江,宁波,宁波 · 东钱湖/横溪度假区,168.0,4.7
雪窦山,浙江,宁波,宁波 · 溪口景区/雪窦寺,150.0,4.6
牛头山国家森林公园,浙江,武义,武义,100.0,4.6
盐官潮乐之城,浙江,海宁,海宁 · 盐官旅游度假区/观潮胜地公园,60.0,4.1
横店影视城秦王宫园区,浙江,东阳,东阳 · 横店,190.0,4.9
台州方特·狂野大陆,浙江,台州,台州,220.0,4.9
龙之梦国际大马戏,浙江,长兴,长兴 · 湖州太湖/龙之梦乐园,180.0,4.7
富春江,浙江,桐庐,桐庐,免费,4.6
杭州动物园,浙江,杭州,杭州 · 西湖风景区/灵隐度假区,20.0,4.7
安吉竹博园,浙江,安吉,安吉 · 竹博园/灵峰山,70.0,4.4
地心世界,浙江,遂昌,遂昌,358.0,4.1
小莲庄,浙江,湖州,湖州 · 南浔景区内,25.0,4.6
横店影视城广州街·香港街园区,浙江,东阳,东阳 · 横店,190.0,5.0
千岛湖东南湖区,浙江,淳安,淳安 · 千岛湖东南湖区,45.5,4.5
虎跑公园,浙江,杭州,杭州 · 西湖风景区/灵隐度假区,15.0,4.8
云栖竹径,浙江,杭州,杭州 · 西湖风景区/灵隐度假区,8.0,4.7
杭州灵山景区,浙江,杭州,杭州 · 宋城/转塘/之江休闲度假区,87.0,4.1
杭州西湖仙桥洞景区,浙江,杭州,杭州 · 宋城/转塘/之江休闲度假区,49.0,4.5
断桥残雪,浙江,杭州,杭州 · 西湖风景区/灵隐度假区,免费,4.7
灵栖洞天,浙江,建德,建德,68.0,4.7
苏堤,浙江,杭州,杭州 · 西湖风景区/灵隐度假区,免费,4.7
杭州植物园,浙江,杭州,杭州 · 西湖风景区/灵隐度假区,10.0,4.7
熊猫猪猪两头乌国际牧场,浙江,金华,金华,90.0,4.7
永嘉书院,浙江,永嘉,永嘉,48.0,4.3
灵峰景区,浙江,乐清,乐清 · 雁荡商圈,42.0,4.4
保国寺古建筑博物馆,浙江,宁波,宁波,20.0,4.8
五马街,浙江,温州,温州 · 五马街商业区,免费,4.5
陈家铺村,浙江,松阳,松阳 · 四都寨头摄影基地,免费,4.2
绍兴鲁迅故居,浙江,绍兴,绍兴 · 鲁迅故里度假区/仓桥直街,免费,暂无评分
石浦渔港古城,浙江,象山,象山 · 中国渔村/渔港古城/半边山,48.0,4.0
游埠古镇,浙江,兰溪,兰溪,免费,4.2
大陈岛旅游度假区,浙江,台州,台州 · 大陈岛/台州列岛,免费,4.5
河阳古民居,浙江,缙云,缙云,35.0,4.3
龙之梦动物世界,浙江,长兴,长兴 · 湖州太湖/龙之梦乐园,100.0,4.3
小河直街历史文化街区,浙江,杭州,杭州 · 运河商务区/新天地,免费,4.5
仓桥直街,浙江,绍兴,绍兴 · 鲁迅故里度假区/仓桥直街,免费,4.5
九溪烟树,浙江,杭州,杭州 · 西湖风景区/灵隐度假区,免费,4.5
渔寮风景区,浙江,苍南,苍南 · 渔寮风景区/霞关镇,免费,4.3
舟山保利开元森泊度假乐园,浙江,舟山,舟山 · 南沙/大青山,138.0,5.0
观潮胜地公园,浙江,海宁,海宁 · 盐官旅游度假区/观潮胜地公园,30.0,4.1
东阳卢宅景区,浙江,东阳,东阳 · 东阳市中心,58.0,4.6
洛迦山,浙江,舟山,舟山,70.0,4.8
方洞景区,浙江,乐清,乐清 · 雁荡商圈,40.0,4.5
舟山长乔海洋公园,浙江,舟山,舟山 · 蜈蚣峙码头/普陀山机场,275.0,4.7
马岭天观,浙江,建德,建德,免费,4.6
大龙湫景区,浙江,乐清,乐清 · 雁荡商圈,47.0,4.4
杭州长乔极地海洋公园,浙江,杭州,杭州 · 杭州乐园/湘湖景区,355.0,4.7
云上草原·熊猫部落探险乐园,浙江,安吉,安吉 · 云上草原高山旅游度假区,88.0,4.6
灵岩景区,浙江,乐清,乐清 · 雁荡商圈,50.0,4.6
浙江大明山地质公园,浙江,杭州,杭州 · 大明山/十门峡度假区,25.0,4.6
松阳老街,浙江,松阳,松阳 · 松阳县城/老街,免费,4.6
中国大竹海景区,浙江,安吉,安吉 · 余村两山/大竹海,58.0,3.9
龙井峡漂流,浙江,杭州,杭州 · 浙西大峡谷度假区,180.0,4.7
鼎湖峰,浙江,缙云,缙云 · 仙都景区,免费,4.6
横店影视城明清宫苑园区,浙江,东阳,东阳 · 横店,190.0,4.9
浙江大学(紫金港校区),浙江,杭州,杭州 · 文教区/浙大紫金港校区,免费,4.8
梅峰岛,浙江,淳安,淳安 · 千岛湖中心湖区,免费,4.5
雁荡山飞拉达景区,浙江,乐清,乐清 · 雁荡商圈,188.0,4.9
中国渔村,浙江,象山,象山 · 中国渔村/渔港古城/半边山,55.0,4.7
钱塘江,浙江,杭州,杭州 · 宋城/转塘/之江休闲度假区,免费,4.7
月湖公园,浙江,宁波,宁波 · 天一广场/鼓楼,免费,4.8
天脊龙门,浙江,衢州,衢州,65.0,4.7
神仙居景区-如意桥,浙江,仙居,仙居,免费,4.7
琼台仙谷景区,浙江,天台县,天台县,63.0,4.5
十九峰,浙江,新昌,新昌 · 穿岩十九峰风景名胜区,53.0,4.6
钱王祠,浙江,杭州,杭州 · 西湖风景区/灵隐度假区,15.0,4.6
佛堂古镇,浙江,义乌,义乌 · 佛堂商圈,免费,4.4
横店圆明新园,浙江,东阳,东阳 · 横店,159.0,4.8
青山湖,浙江,杭州,杭州 · 临安城区/青山湖度假区,100.0,4.4
云上草原滑雪场,浙江,安吉,安吉 · 云上草原高山旅游度假区,300.0,4.5
莫干山江南瑶坞旅游度假区,浙江,德清,德清 · 莫干山国际旅游度假区,73.0,4.5
东沙,浙江,舟山,舟山 · 南沙/大青山,35.0,4.4
南麂列岛,浙江,平阳,平阳,438.0,4.7
六和塔,浙江,杭州,杭州 · 西湖风景区/灵隐度假区,20.0,4.7
武林广场,浙江,杭州,杭州 · 武林广场/杭州中心,免费,4.6
曲院风荷,浙江,杭州,杭州 · 西湖风景区/灵隐度假区,免费,4.8
西栅夜游,浙江,桐乡,桐乡 · 乌镇西栅景区内/乌村,免费,4.6
天目山自然保护区,浙江,杭州,杭州 · 天目山度假区,105.0,4.4
天下第一财神庙,浙江,杭州,杭州 · 西湖风景区/灵隐度假区,免费,4.5
千岛湖植物园,浙江,淳安,淳安 · 千岛湖中心湖区,29.0,4.6
六洞山风景名胜区,浙江,兰溪,兰溪,免费,4.4
嵊泗列岛风景名胜区,浙江,嵊泗,嵊泗 · 嵊泗本岛/黄龙岛,免费,4.5
杭州博物馆,浙江,杭州,杭州 · 西湖湖滨商圈,免费,4.5
云中大漈,浙江,景宁,景宁,40.0,4.5
蛟龙大峡谷,浙江,缙云,缙云,77.0,4.3
莫干山开元森泊度假乐园,浙江,德清,德清 · 莫干山森泊乐园/奇幻谷/下渚湖,60.0,4.9
紫阳街,浙江,临海,临海 · 紫阳街/台州府城,免费,4.6
衣裳街历史文化街区,浙江,湖州,湖州 · 湖州市区,免费,4.4
慈城古县城,浙江,宁波,宁波 · 慈城古县城,75.0,4.3
西湖风景区-太子湾公园,浙江,杭州,杭州 · 西湖风景区/灵隐度假区,免费,4.8
将军关探险漂流,浙江,安吉,安吉 · 龙王山漂流/浙北大峡谷,153.0,4.4
湖州长颈鹿庄园,浙江,湖州,湖州 · 西塞山旅游度假区/原乡小镇,71.5,4.0
乌村,浙江,桐乡,桐乡 · 乌镇西栅景区内/乌村,100.0,4.5
黄山尖,浙江,淳安,淳安 · 千岛湖东南湖区,免费,4.5
上天竺法喜讲寺,浙江,杭州,杭州 · 西湖风景区/灵隐度假区,免费,4.6
国清寺,浙江,天台县,天台县,免费,4.9
普陀山佛顶山索道,浙江,舟山,舟山 · 普陀山/普济寺/南海观音,免费,3.9
柯桥历史文化街区,浙江,绍兴,绍兴 · 鉴湖柯岩旅游度假区,免费,4.5
城隍阁景区,浙江,杭州,杭州 · 西湖湖滨商圈,30.0,4.7
西施故里,浙江,诸暨,诸暨 · 诸暨市中心,免费,4.4
海宁盐官旅游度假区,浙江,海宁,海宁 · 盐官旅游度假区/观潮胜地公园,免费,4.3
望海楼,浙江,温州,温州 · 洞头客运中心站,27.0,4.6
三渡山地运动公园,浙江,杭州,杭州 · 浙西大峡谷度假区,60.0,4.5
龙王山峡谷漂流,浙江,安吉,安吉 · 龙王山漂流/浙北大峡谷,155.0,4.4
余村,浙江,安吉,安吉 · 余村两山/大竹海,免费,4.2
会稽山兜率天景区,浙江,绍兴,绍兴,90.0,4.6
南尖岩景区,浙江,遂昌,遂昌 · 南尖岩度假区,30.0,4.6
仙霞关,浙江,江山,江山,55.0,4.5
雅鲁激流探险漂流,浙江,桐庐,桐庐 · 雅鲁漂流/山湾湾漂流,198.0,4.4
东湖（台州府城）,浙江,临海,临海 · 紫阳街/台州府城,免费,4.7
青山湖水上森林,浙江,杭州,杭州 · 临安城区/青山湖度假区,免费,4.3
横店国际马戏城(原梦外滩),浙江,东阳,东阳 · 横店,149.0,4.9
书圣故里,浙江,绍兴,绍兴 · 鲁迅故里度假区/仓桥直街,免费,4.5
温州极地海洋世界,浙江,温州,温州 · 温州大学城,179.0,4.6
太湖龙之梦冰雪世界,浙江,长兴,长兴 · 湖州太湖/龙之梦乐园,80.0,4.7
杭州开元森泊度假乐园,浙江,杭州,杭州 · 杭州乐园/湘湖景区,208.0,4.9
普济禅寺,浙江,舟山,舟山 · 普陀山/普济寺/南海观音,243.0,4.7
绍兴阳明故里,浙江,绍兴,绍兴 · 鲁迅故里度假区/仓桥直街,65.0,4.1
唐风温泉,浙江,武义,武义,158.0,4.1
湖州太湖旅游度假区,浙江,湖州,湖州 · 湖州太湖/龙之梦乐园,免费,4.5
枸杞岛,浙江,嵊泗,嵊泗 · 嵊山枸杞景区,免费,4.6
石梁飞瀑,浙江,天台县,天台县,58.0,4.7
梧田老街,浙江,温州,温州 · 火车站地区,免费,4.8
三味书屋,浙江,绍兴,绍兴 · 鲁迅故里度假区/仓桥直街,免费,4.7
阿拉的海水上乐园,浙江,象山,象山 · 丹城/松兰山/水上乐园,218.0,4.6
温州动物园,浙江,温州,温州 · 黄龙商业区/景山公园,30.0,4.6
神仙居景区-南天梯,浙江,仙居,仙居,免费,4.7
宁波方特东方神画,浙江,慈溪,慈溪 · 杭州湾方特度假区,196.0,4.6
湘湖,浙江,杭州,杭州 · 杭州乐园/湘湖景区,55.0,4.6
横店影视城梦幻谷园区,浙江,东阳,东阳 · 横店,230.0,4.8
桃花岛风景区,浙江,舟山,舟山 · 桃花岛/安期峰,42.0,4.4
前童古镇,浙江,宁海,宁海,50.0,4.3
花鸟岛,浙江,嵊泗,嵊泗 · 花鸟岛,免费,4.4
浙东小九寨,浙江,余姚,余姚,45.0,4.5
歌斐颂巧克力小镇,浙江,嘉善,嘉善,100.0,4.1
奔跑吧乐园,浙江,象山,象山 · 象山影视城商圈,88.0,4.7
藏龙百瀑,浙江,安吉,安吉 · 江南天池/天荒坪,60.0,4.4
温州市景山森林公园,浙江,温州,温州 · 黄龙商业区/景山公园,免费,4.8
大奇山国家森林公园,浙江,桐庐,桐庐 · 大奇山度假区,52.0,4.5
桐庐开元森泊度假乐园,浙江,桐庐,桐庐 · 瑶琳仙境/OMG心跳乐园,免费,4.9
径山寺,浙江,杭州,杭州 · 双溪竹海/径山/山沟沟,免费,4.6
老龙井十八棵御茶园,浙江,杭州,杭州 · 西湖风景区/灵隐度假区,10.0,4.6
龙游民居苑,浙江,龙游,龙游,45.0,4.4
下渚湖·湿地公园,浙江,德清,德清 · 莫干山森泊乐园/奇幻谷/下渚湖,75.0,4.5
乌石塘,浙江,舟山,舟山 · 观音法界/乌石塘,40.0,3.7
双童山景区,浙江,松阳,松阳,46.1,4.5
鉴湖,浙江,绍兴,绍兴 · 鉴湖柯岩旅游度假区,免费,4.5
杭州乐园,浙江,杭州,杭州 · 杭州乐园/湘湖景区,138.0,4.7
南海观音,浙江,舟山,舟山 · 普陀山/普济寺/南海观音,免费,4.5
温岭石塘半岛旅游度假区,浙江,温岭,温岭 · 温岭石塘半岛景区,免费,3.3
花港观鱼,浙江,杭州,杭州 · 西湖风景区/灵隐度假区,免费,4.7
石桅岩,浙江,永嘉,永嘉,45.0,4.6
张静江故居,浙江,湖州,湖州 · 南浔景区内,20.0,4.6
浮盖山,浙江,江山,江山,45.0,4.7
温州南麂岛-大沙岙沙滩,浙江,平阳,平阳,免费,4.5
大禹陵,浙江,绍兴,绍兴 · 大禹陵/会稽山旅游度假区,60.0,4.5
龙天小镇,浙江,龙游,龙游,39.9,4.6
山海猩球体感动物园,浙江,丽水,丽水 · 古堰画乡景区,108.0,4.9
陶公洞,浙江,永嘉,永嘉,免费,4.5
杭州森泊幻想岛,浙江,杭州,杭州 · 杭州乐园/湘湖景区,60.0,5.0
杭州千岛湖开元森泊焕境乐园,浙江,淳安,淳安 · 千岛湖中心湖区,88.0,5.0
莫干山森泊幻想岛儿童乐园,浙江,德清,德清 · 莫干山森泊乐园/奇幻谷/下渚湖,60.0,5.0
GAP地表逃离计划,浙江,桐庐,桐庐 · 瑶琳仙境/OMG心跳乐园,免费,5.0
横店圆明新园·夏苑,浙江,东阳,东阳 · 横店,159.0,5.0
千岛湖明豪湖边有个乐园,浙江,淳安,淳安 · 千岛湖中心湖区,50.0,5.0
中国国家地理·MAGZONE立体杂志空间,浙江,慈溪,慈溪 · 杭州湾方特度假区,49.0,5.0
温州乐园旅游度假区,浙江,温州,温州 · 温州大学城,418.0,5.0
横店圆明新园·春苑,浙江,东阳,东阳 · 横店,免费,5.0
莫干山森泊水乐园,浙江,德清,德清 · 莫干山森泊乐园/奇幻谷/下渚湖,203.0,4.9
龙之梦东方盆景园,浙江,长兴,长兴 · 湖州太湖/龙之梦乐园,免费,4.9
杭州森泊水乐园,浙江,杭州,杭州 · 杭州乐园/湘湖景区,208.0,4.9
PARTYDAY 运动超乐场（杭州奥体店）,浙江,杭州,杭州 · 奥体博览城/钱江世纪城,免费,5.0
吴兴移沿山生态景区,浙江,湖州,湖州,免费,5.0
舟山长乔雨林动物公园,浙江,舟山,舟山 · 蜈蚣峙码头/普陀山机场,215.0,4.9
圣井山,浙江,瑞安,瑞安,15.0,5.0
杭州长乔亲子乐园,浙江,杭州,杭州 · 杭州乐园/湘湖景区,49.0,4.9
MELAND CLUB,浙江,宁波,宁波 · 老外滩/万象城,免费,5.0
烂柯山,浙江,衢州,衢州,免费,4.8
卧龙胜境丛林探险漂流,浙江,建德,建德,免费,4.9
MELAND CLUB(嘉兴旭辉广场店),浙江,嘉兴,嘉兴 · 南湖景区商圈,免费,5.0
和乐·精灵之丘水豚主题乐园,浙江,安吉,安吉 · 竹博园/灵峰山,49.9,4.8
下沙奥莱冰雪海洋世界,浙江,海宁,海宁 · 下沙奥莱/老盐仓回头潮,59.0,4.9
建德航空小镇,浙江,建德,建德 · 寿昌古镇/航空小镇,免费,4.9
悟空跳伞俱乐部,浙江,建德,建德 · 寿昌古镇/航空小镇,免费,5.0
法雨寺,浙江,舟山,舟山 · 普陀山/普济寺/南海观音,免费,4.7
风之谷冷泉湾,浙江,杭州,杭州,免费,4.9
山海经奇英雄之路沉浸式奇幻秀,浙江,新昌,新昌 · 穿岩十九峰风景名胜区,89.0,4.8
MELAND CLUB(青悦城店),浙江,台州,台州 · 椒江台州学院地区,免费,4.9
嘉兴开元森泊幻想岛,浙江,海盐,海盐 · 南北湖,60.0,4.9
始丰湖夜游,浙江,天台县,天台县,50.0,5.0
宁波海洋世界,浙江,宁波,宁波 · 宁波会展中心/东部新城,148.0,4.7
梵高星空艺术馆(杭州旗舰店),浙江,杭州,杭州 · 武林广场/杭州中心,39.9,4.8
杭州烂苹果乐园,浙江,杭州,杭州 · 杭州乐园/湘湖景区,99.9,4.8
温州市景山森林公园-护国寺,浙江,温州,温州 · 黄龙商业区/景山公园,免费,5.0
莫干山天际森谷山野乐园,浙江,德清,德清 · 良渚文化村周边,294.0,4.7
钱江新城,浙江,杭州,杭州 · 钱江新城,免费,4.7
鄞州公园,浙江,宁波,宁波 · 罗蒙环球乐园/南部商务区,免费,4.9
城市阳台,浙江,杭州,杭州 · 钱江新城,免费,4.8
嘉兴开元森泊水乐园,浙江,海盐,海盐 · 南北湖,158.0,4.8
爵隐马术,浙江,德清,德清 · 莫干山国际旅游度假区,80.0,5.0
浪石金滩,浙江,桐庐,桐庐 · 瑶琳仙境/OMG心跳乐园,免费,4.4
杭州国际博览中心,浙江,杭州,杭州 · 奥体博览城/钱江世纪城,免费,4.7
吼山,浙江,绍兴,绍兴,40.0,4.6
杭州DO都城,浙江,杭州,杭州 · 钱江新城,110.0,4.7
杭州X秀,浙江,杭州,杭州 · 运河商务区/新天地,460.0,4.8
莫干山开元森泊户外探险乐园,浙江,德清,德清 · 莫干山森泊乐园/奇幻谷/下渚湖,免费,5.0
轻野小坞精致露营·烧烤地,浙江,淳安,淳安 · 森林氧吧,免费,5.0
千岛湖啤酒博物院,浙江,淳安,淳安 · 千岛湖东南湖区,79.0,4.7
嘉兴开元森泊度假乐园,浙江,海盐,海盐 · 南北湖,免费,4.8
瑶琳国家森林公园,浙江,桐庐,桐庐 · 瑶琳仙境/OMG心跳乐园,58.0,4.7
宁波方特东方欲晓,浙江,慈溪,慈溪 · 杭州湾方特度假区,191.0,4.7
二灵山温泉,浙江,宁波,宁波 · 东钱湖/横溪度假区,258.0,4.8
莫干山星空乐园,浙江,德清,德清 · 莫干山国际旅游度假区,326.0,4.7
花牵谷,浙江,开化,开化,260.0,4.8
杭州浪浪浪水公园,浙江,杭州,杭州 · 杭州乐园/湘湖景区,120.0,4.8
上金财神谷,浙江,宁海,宁海,100.0,4.7
中国湿地博物馆,浙江,杭州,杭州 · 西溪湿地商圈,免费,4.8
杭州永福寺,浙江,杭州,杭州 · 西湖风景区/灵隐度假区,免费,4.7
慧济禅寺,浙江,舟山,舟山 · 普陀山/普济寺/南海观音,免费,4.8
新城音乐喷泉,浙江,杭州,杭州 · 钱江新城,免费,4.9
千岛湖红山谷景区,浙江,淳安,淳安 · 石林景区,56.0,4.8
冒险岛水世界,浙江,丽水,丽水 · 南明湖休闲区/冒险岛,238.0,4.6
仙居·亚乐城·欢乐世界,浙江,仙居,仙居,98.0,4.8
南关厢历史文化街区,浙江,海宁,海宁 · 人民广场/海宁火车站,免费,4.6
龙潭峡谷漂流,浙江,淳安,淳安,免费,4.7
醉游长歌•寻梦绍兴水上游,浙江,绍兴,绍兴 · 鉴湖柯岩旅游度假区,39.0,4.9
院士公园,浙江,宁波,宁波 · 罗蒙环球乐园/南部商务区,免费,4.9
安吉欢乐风暴水上乐园,浙江,安吉,安吉 · 竹博园/灵峰山,198.0,4.4
拱宸桥,浙江,杭州,杭州 · 运河商务区/新天地,免费,4.8
安吉浙北之巅峡谷漂流,浙江,安吉,安吉 · 龙王山漂流/浙北大峡谷,免费,4.7
杭州湾国家湿地公园,浙江,慈溪,慈溪 · 杭州湾方特度假区,67.5,4.6
西湖风景区-湖心亭,浙江,杭州,杭州 · 西湖风景区/灵隐度假区,免费,4.6
横店梦幻谷水世界,浙江,东阳,东阳 · 横店,免费,4.7
舟山跨海大桥,浙江,舟山,舟山,免费,4.6
千岛乐新潮运动俱乐部,浙江,淳安,淳安 · 千岛湖镇,158.0,4.7
白堤,浙江,杭州,杭州 · 西湖风景区/灵隐度假区,免费,4.8
丽水华东药用植物园,浙江,丽水,丽水,18.9,4.8
浮云谷·世纪漂流,浙江,安吉,安吉 · 天空之城/安吉站,198.0,4.7
高庄,浙江,杭州,杭州 · 西溪湿地商圈,免费,4.7
杭州市民中心,浙江,杭州,杭州 · 钱江新城,免费,4.8
宁波科学探索中心,浙江,宁波,宁波 · 宁波会展中心/东部新城,免费,4.6
临海熊出没欢乐港湾,浙江,临海,临海,128.0,4.7
森林公园,浙江,杭州,杭州 · 钱江新城,免费,4.9
柳浪闻莺,浙江,杭州,杭州 · 西湖风景区/灵隐度假区,免费,4.8
宏村景区,安徽,黟县,黟县 · 宏村景区内,94.0,4.5
九华山风景区,安徽,青阳,青阳,160.0,4.8
黄山风景区,安徽,黄山市,黄山市 · 黄山山顶,188.0,4.8
呈坎,安徽,黄山市,黄山市 · 徽州呈坎镇,103.0,4.3
三河古镇,安徽,肥西,肥西,免费,4.7
徽州古城,安徽,歙县,歙县 · 徽州古城/歙县,免费,4.2
西递,安徽,黟县,黟县 · 西递景区,94.0,4.6
古徽州文化旅游区,安徽,歙县,歙县 · 徽州古城/歙县,免费,4.3
齐云山景区,安徽,休宁,休宁,58.0,4.7
石台牯牛降景区,安徽,石台,石台,90.0,4.7
天柱山,安徽,潜山,潜山,130.0,4.7
安徽博物院(新馆),安徽,合肥,合肥 · 奥体中心/天鹅湖,免费,4.7
逍遥津公园,安徽,合肥,合肥 · 淮河路步行街/三孝口,免费,4.7
查济,安徽,泾县,泾县 · 查济古建筑群,61.0,4.3
天堂寨,安徽,金寨,金寨,88.0,4.6
永泉小镇,安徽,铜陵,铜陵 · 永泉旅游度假区/铜陵北站,65.0,4.2
李鸿章故居,安徽,合肥,合肥 · 淮河路步行街/三孝口,免费,4.7
新安江山水画廊,安徽,歙县,歙县,138.0,4.5
桃花潭,安徽,泾县,泾县 · 桃花潭风景区,63.0,4.5
西溪南古村落,安徽,黄山市,黄山市 · 黄山北站/西溪南古村落,免费,4.3
包公园,安徽,合肥,合肥 · 淮河路步行街/三孝口,免费,4.7
琅琊山景区,安徽,滁州,滁州 · 琅琊山度假区,免费,4.7
龙川景区,安徽,绩溪,绩溪,75.0,4.4
采石矶,安徽,马鞍山,马鞍山,免费,4.6
阳产土楼,安徽,歙县,歙县,28.0,4.5
敬亭山,安徽,宣城,宣城 · 敬亭山景区及周边,50.0,4.5
万佛湖风景区,安徽,舒城,舒城,31.8,4.7
中国宣纸文化园,安徽,泾县,泾县,60.0,4.6
姥山岛,安徽,巢湖,巢湖,60.0,4.5
芜湖方特梦幻王国,安徽,芜湖,芜湖 · 方特乐园/鸠兹古镇商圈,211.0,4.5
芜湖方特旅游区,安徽,芜湖,芜湖 · 方特乐园/鸠兹古镇商圈,211.0,4.4
屯溪老街,安徽,黄山市,黄山市 · 屯溪老街/黎阳老街,免费,4.6
唐模,安徽,黄山市,黄山市 · 唐模/棠樾牌坊群,80.0,4.2
铜陵犁桥水镇景区,安徽,铜陵,铜陵,45.0,4.5
曹操地下运兵道,安徽,亳州,亳州,50.0,4.5
月亮湾风景区,安徽,泾县,泾县 · 月亮湾生态旅游风景区,免费,4.2
木坑竹海,安徽,黟县,黟县 · 宏村景区外,35.0,4.3
翡翠谷,安徽,黄山市,黄山市 · 黄山汤口南大门,120.0,4.4
合柴1972,安徽,合肥,合肥 · 罍街/合肥南站,免费,4.4
皖西大裂谷,安徽,六安,六安 · 六安山水画廊,58.0,4.5
卢村,安徽,黟县,黟县 · 宏村景区外,45.0,4.2
合肥海洋世界,安徽,合肥,合肥 · 合肥经开区/翡翠湖大学城,140.0,4.6
域见秀里·水镇,安徽,黟县,黟县 · 宏村景区外,10.0,4.4
合肥融创乐园,安徽,合肥,合肥 · 融创乐园/滨湖银泰城,148.0,4.2
骆岗中央公园,安徽,合肥,合肥 · 骆岗中央公园/滨湖会展中心,免费,4.3
西海大峡谷,安徽,黄山市,黄山市 · 黄山山顶,100.0,4.7
芜湖方特东方神画,安徽,芜湖,芜湖 · 方特乐园/鸠兹古镇商圈,211.0,4.7
马仁奇峰风景区,安徽,芜湖,芜湖,69.0,4.5
塔川,安徽,黟县,黟县 · 宏村景区外,35.0,4.0
花戏楼,安徽,亳州,亳州,50.0,4.5
南屏景区,安徽,黟县,黟县,38.0,4.2
八里河旅游区,安徽,颍上,颍上,85.0,4.2
明皇陵,安徽,凤阳,凤阳,45.0,4.2
太平湖,安徽,黄山市,黄山市 · 太平湖风景区,63.0,4.4
明堂山风景区,安徽,岳西,岳西,120.0,4.4
汤口镇,安徽,黄山市,黄山市 · 黄山汤口南大门,免费,4.7
九子岩景区,安徽,青阳,青阳 · 九华山下,70.0,4.5
徽杭古道,安徽,绩溪,绩溪,58.0,4.6
寿县古城,安徽,寿县,寿县,免费,4.7
罍街夜市广场,安徽,合肥,合肥 · 罍街/合肥南站,免费,4.5
芜湖古城,安徽,芜湖,芜湖 · 步行街,免费,4.7
九华山大愿文化园,安徽,青阳,青阳 · 九华山下,免费,4.7
蓬莱仙洞,安徽,石台,石台,65.0,4.3
黄山徽秀,安徽,黄山市,黄山市 · 黄山市区,168.0,5.0
仙寓山景区,安徽,石台,石台,65.0,4.3
阜阳生态乐园,安徽,阜阳,阜阳,52.0,4.6
八公山风景区(国家地质公园),安徽,淮南,淮南,40.0,4.3
徽州府衙,安徽,歙县,歙县 · 徽州古城/歙县,98.0,4.2
合肥融创文化旅游城,安徽,合肥,合肥 · 融创乐园/滨湖银泰城,148.0,3.9
香泉温泉,安徽,和县,和县,128.0,4.7
永泉忆江南十二景,安徽,铜陵,铜陵 · 永泉旅游度假区/铜陵北站,158.0,4.4
合肥野生动物园,安徽,合肥,合肥 · 合肥高新区/大蜀山公园,35.0,4.3
皖南川藏线最美宁国段,安徽,宣城,宣城,免费,4.5
棠樾牌坊群鲍家花园,安徽,歙县,歙县 · 唐模/棠樾牌坊群,98.0,4.0
齐山平天湖景区,安徽,池州,池州,免费,4.5
许村,安徽,歙县,歙县,35.0,4.1
鄣山大峡谷,安徽,绩溪,绩溪,54.0,4.6
万岁山,安徽,休宁,休宁,免费,4.6
宏村景区-月沼,安徽,黟县,黟县 · 宏村景区内,免费,4.6
皇藏峪国家森林公园,安徽,萧县,萧县,46.0,4.4
松鼠小镇,安徽,芜湖,芜湖,免费,4.7
亳州城,安徽,亳州,亳州,免费,3.6
水墨汀溪风景区,安徽,泾县,泾县 · 水墨汀溪风景区,50.0,3.8
九龙瀑,安徽,黄山市,黄山市 · 黄山汤口南大门,59.0,4.5
包公祠,安徽,合肥,合肥 · 淮河路步行街/三孝口,免费,4.4
醉山野景区,安徽,石台,石台,78.0,4.1
杏花村风景区,安徽,池州,池州,免费,3.3
燕子河大峡谷,安徽,金寨,金寨,46.0,4.5
大别山彩虹瀑布旅游度假区,安徽,岳西,岳西,免费,4.6
华祖庵,安徽,亳州,亳州,19.9,4.4
花山谜窟,安徽,黄山市,黄山市,72.0,4.6
霍山大峡谷漂流,安徽,霍山,霍山,免费,4.5
光明顶,安徽,黄山市,黄山市 · 黄山山顶,免费,4.7
蚌埠龙子湖景区,安徽,蚌埠,蚌埠 · 高校区,免费,4.8
木梨硔村,安徽,休宁,休宁,免费,4.6
五千年文博园,安徽,太湖县,太湖县,50.0,4.0
迎客松,安徽,黄山市,黄山市 · 黄山山顶,免费,4.7
梅山水库风景区,安徽,金寨,金寨,30.0,4.5
屏山村,安徽,黟县,黟县 · 宏村景区外,45.0,4.3
棠樾牌坊群,安徽,歙县,歙县 · 唐模/棠樾牌坊群,83.0,3.9
天都峰,安徽,黄山市,黄山市 · 黄山山顶,免费,4.7
黄山云谷索道,安徽,黄山市,黄山市 · 黄山山腰,免费,4.6
六尺巷,安徽,桐城,桐城,免费,4.6
大别山主峰景区,安徽,霍山,霍山,免费,4.6
九华天池·傩仙镇,安徽,池州,池州,55.0,3.8
徽商大宅院,安徽,歙县,歙县 · 徽州古城/歙县,免费,4.6
狼巷迷谷,安徽,凤阳,凤阳,55.0,4.5
合肥融创水世界,安徽,合肥,合肥 · 融创乐园/滨湖银泰城,128.0,4.5
九华大王洞风景区,安徽,池州,池州,75.0,4.5
横江山水竹筏,安徽,休宁,休宁,58.0,4.5
深业半汤御泉庄温泉,安徽,巢湖,巢湖 · 半汤温泉/郁金香高地/巢湖学院,148.0,4.5
大蜀山国家森林公园,安徽,合肥,合肥 · 合肥高新区/大蜀山公园,免费,4.3
宿州野生动物园,安徽,宿州,宿州,85.0,4.4
阜阳尧泰汉海海洋公园,安徽,阜阳,阜阳,69.9,4.2
石潭村,安徽,歙县,歙县,免费,4.5
九华天池,安徽,池州,池州,78.0,4.0
徽园,安徽,合肥,合肥 · 奥体中心/天鹅湖,免费,4.2
南京巷钱庄,安徽,亳州,亳州,40.0,4.3
安徽楚文化博物馆,安徽,寿县,寿县,免费,4.6
合肥滨湖国家森林公园,安徽,合肥,合肥,免费,4.1
青龙湾生态旅游区,安徽,宁国,宁国,免费,4.2
天柱山风景区-天柱峰,安徽,潜山,潜山,免费,4.8
守拙园,安徽,黟县,黟县,69.0,4.6
芜湖新华联大白鲸海洋公园,安徽,芜湖,芜湖 · 方特乐园/鸠兹古镇商圈,99.0,4.3
九华街,安徽,青阳,青阳 · 九华山上,免费,4.7
三国合肥历史文化馆,安徽,合肥,合肥 · 淮河路步行街/三孝口,9.9,4.6
徽州古城渔梁坝和渔梁古镇,安徽,歙县,歙县 · 徽州古城/歙县,免费,4.2
中国扬子鳄景区,安徽,宣城,宣城,25.0,4.5
宣纸博物馆,安徽,泾县,泾县,免费,4.7
中国徽州文化博物馆,安徽,黄山市,黄山市,免费,4.8
卖花渔村,安徽,歙县,歙县,免费,4.1
六万情峡,安徽,霍山,霍山,免费,4.4
六安市金寨县马鬃岭风景区,安徽,金寨,金寨,免费,4.4
牛草山风景区,安徽,岳西,岳西,免费,4.8
倒扒狮步行街,安徽,安庆,安庆 · 安庆市中心,免费,4.6
大通古镇风景区,安徽,铜陵,铜陵,免费,4.3
齐云小镇,安徽,休宁,休宁,免费,4.7
巨石山,安徽,安庆,安庆,35.0,4.4
西津野渡竹筏生态观光景区,安徽,宁国,宁国,124.5,4.1
大别山石窟,安徽,六安,六安 · 六安山水画廊,66.0,4.1
黟县古城,安徽,黟县,黟县 · 宏村景区外,免费,4.7
平垣秘境,安徽,泾县,泾县,38.0,4.7
太极洞,安徽,广德,广德,100.0,4.4
碧山,安徽,黟县,黟县 · 宏村景区外,免费,4.4
花亭湖风景区,安徽,太湖县,太湖县,35.0,4.4
华佗百草园,安徽,亳州,亳州,28.0,4.1
褒禅山景区,安徽,含山,含山,免费,4.6
紫微洞,安徽,巢湖,巢湖,45.0,4.3
九宝温泉,安徽,铜陵,铜陵 · 永泉旅游度假区/铜陵北站,免费,4.2
刘园·古徽州文化园,安徽,合肥,合肥 · 合肥高新区/大蜀山公园,19.9,4.5
池杉湖国家湿地公园,安徽,来安,来安,69.0,4.2
石台大峡谷漂流,安徽,石台,石台,免费,4.3
颍州西湖景区,安徽,阜阳,阜阳,免费,4.3
尤家花园,安徽,颍上,颍上,免费,4.7
南湖,安徽,黟县,黟县 · 宏村景区外,免费,4.6
天门山景区,安徽,芜湖,芜湖,免费,4.5
锦绣太平,安徽,全椒,全椒,免费,4.7
濉溪古城,安徽,濉溪,濉溪,免费,4.0
琅琊山景区-醉翁亭,安徽,滁州,滁州 · 琅琊山度假区,免费,4.6
凤凰山景区,安徽,铜陵,铜陵,19.9,4.6
杨振宁旧居,安徽,肥西,肥西,免费,暂无评分
许国石坊,安徽,歙县,歙县 · 徽州古城/歙县,免费,4.7
九华山风景区-天台,安徽,青阳,青阳 · 九华山上,免费,4.5
渡江战役纪念馆,安徽,合肥,合肥 · 融创乐园/滨湖银泰城,免费,暂无评分
迎江寺,安徽,安庆,安庆 · 安庆市中心,免费,4.7
皖南大峡谷激情漂流,安徽,泾县,泾县,158.0,4.7
栖岩寺,安徽,蚌埠,蚌埠,免费,4.8
李白文化园,安徽,当涂,当涂,30.0,4.5
齐云山逍遥街,安徽,休宁,休宁,免费,4.3
祥源花世界,安徽,肥西,肥西,20.0,4.1
肉身宝殿,安徽,青阳,青阳 · 九华山上,免费,4.7
宏村-画桥,安徽,黟县,黟县 · 宏村景区外,免费,4.5
百岁宫,安徽,青阳,青阳 · 九华山上,免费,4.7
冰帘洞天,安徽,凤台,凤台,免费,4.7
佛子岭水库,安徽,霍山,霍山,免费,4.2
万佛山,安徽,舒城,舒城,74.7,4.5
打鼓岭,安徽,黟县,黟县,45.0,4.4
太平古城,安徽,全椒,全椒,免费,3.3
淮北凤栖梧桐山地运动乐园,安徽,淮北,淮北,免费,暂无评分
合肥市科技馆(蜀西湖馆区),安徽,合肥,合肥 · 合肥高新区/大蜀山公园,免费,4.9
严家古村,安徽,石台,石台,免费,4.6
冶父山国家森林公园,安徽,庐江,庐江,18.0,4.3
管仲老街,安徽,颍上,颍上,免费,4.6
月华天街,安徽,休宁,休宁,免费,4.5
西递古村景区-观光园区,安徽,黟县,黟县 · 西递景区,免费,3.7
广济寺,安徽,芜湖,芜湖 · 步行街,免费,4.8
奇墅湖,安徽,黟县,黟县 · 宏村景区外,免费,4.2
黄山天湖景区,安徽,黄山市,黄山市 · 黄山汤口南大门,63.0,4.5
明教寺,安徽,合肥,合肥 · 淮河路步行街/三孝口,免费,4.3
玉屏索道,安徽,黄山市,黄山市 · 黄山山腰,免费,4.8
白马大峡谷景区-神仙居,安徽,金寨,金寨,免费,5.0
天柱山大峡谷,安徽,潜山,潜山,60.0,3.8
皖南野生动物园,安徽,泾县,泾县,99.0,4.7
黎阳老街,安徽,黄山市,黄山市 · 屯溪老街/黎阳老街,免费,4.6
西河古镇,安徽,芜湖,芜湖,免费,4.7
花台-观景台,安徽,青阳,青阳,免费,4.6
临泉魔幻动物园,安徽,临泉,临泉,128.0,4.3
百步云梯,安徽,黄山市,黄山市 · 黄山山顶,免费,4.7
徽州大峡谷,安徽,休宁,休宁,75.0,4.6
鲍家花园,安徽,歙县,歙县 · 唐模/棠樾牌坊群,50.0,3.5
安徽博物院庐阳馆,安徽,合肥,合肥 · 淮河路步行街/三孝口,免费,4.8
天井湖公园,安徽,铜陵,铜陵 · 天井湖公园/北斗星城,免费,4.7
茅仙洞,安徽,凤台,凤台,免费,4.2
桃花潭10℃竹筏漂流,安徽,泾县,泾县 · 桃花潭风景区,免费,5.0
安徽中国黄梅戏博物馆,安徽,安庆,安庆,免费,4.6
天柱山风景区-炼丹湖,安徽,潜山,潜山,免费,4.7
禾泉小镇度假区,安徽,蚌埠,蚌埠,49.9,4.9
始信峰,安徽,黄山市,黄山市 · 黄山山顶,免费,4.7
西黄山漂流,安徽,石台,石台,免费,4.3
亳州博物馆,安徽,亳州,亳州,免费,4.3
大青山野生动物世界,安徽,当涂,当涂,85.0,4.4
大别山主峰景区白马尖,安徽,霍山,霍山,80.0,4.2
水晶孔雀游轮,安徽,芜湖,芜湖 · 步行街,免费,4.0
焦岗湖影视城,安徽,凤台,凤台,29.9,4.6
南京太仆寺景区,安徽,滁州,滁州,免费,4.4
张公山公园,安徽,蚌埠,蚌埠 · 新区,免费,4.7
安徽徽州历史博物馆,安徽,歙县,歙县 · 徽州古城/歙县,免费,4.8
猴子观海,安徽,黄山市,黄山市 · 黄山山顶,免费,4.8
飞来石,安徽,黄山市,黄山市 · 黄山山顶,免费,4.7
永兴湖,安徽,黄山市,黄山市 · 徽州呈坎镇,免费,5.0
隋唐运河古镇,安徽,淮北,淮北,免费,3.5
银屏山,安徽,巢湖,巢湖,40.0,4.0
合肥体育中心体育场,安徽,合肥,合肥 · 奥体中心/天鹅湖,免费,暂无评分
天峡,安徽,岳西,岳西,89.8,4.2
安徽省地质博物馆,安徽,合肥,合肥 · 奥体中心/天鹅湖,免费,4.8
韭山洞,安徽,定远,定远,45.0,4.4
相山国家森林公园,安徽,淮北,淮北,免费,4.9
秋浦河景区,安徽,石台,石台,免费,4.0
芜湖方特水上乐园,安徽,芜湖,芜湖 · 方特乐园/鸠兹古镇商圈,220.0,4.2
白石岭,安徽,东至,东至,免费,5.0
落羽杉湿地公园景区,安徽,宁国,宁国,免费,2.9
寿县古城墙,安徽,寿县,寿县,免费,4.6
绩溪紫园,安徽,绩溪,绩溪,45.0,4.1
亳州老街,安徽,亳州,亳州,免费,4.2
大龙山乌龙溪景区,安徽,安庆,安庆,45.0,4.3
一人巷,安徽,肥西,肥西,免费,4.5
玉屏楼,安徽,黄山市,黄山市 · 黄山山顶,免费,5.0
潜口民宅博物馆,安徽,黄山市,黄山市 · 唐模/棠樾牌坊群,免费,4.8
郑蒲港圣祥冰雪世界,安徽,和县,和县,198.0,4.2
中国南北分界标志,安徽,蚌埠,蚌埠 · 蚌埠火车站区域,免费,4.5
中国非物质文化遗产园,安徽,长丰,长丰,128.0,3.5
夹溪河漂流,安徽,休宁,休宁,88.0,4.5
少荃体育中心体育馆,安徽,合肥,合肥 · 合肥站/瑶海工业区,免费,5.0
芙蓉谷,安徽,黄山市,黄山市 · 黄山区北大门,38.0,4.2
阜阳博物馆,安徽,阜阳,阜阳 · 颍州城区,免费,4.3
地藏王圣像,安徽,青阳,青阳 · 九华山下,免费,5.0
合肥小洱海,安徽,巢湖,巢湖 · 中庙滨湖城,免费,5.0
天水涧漂流,安徽,金寨,金寨,188.0,4.4
九华山大愿文化园-九华大佛,安徽,青阳,青阳 · 九华山下,免费,4.5
储家滩,安徽,宁国,宁国,免费,4.3
杏花村文化旅游区,安徽,池州,池州,29.9,2.9
九华山风景区天台-南无大愿地藏王菩萨,安徽,青阳,青阳 · 九华山上,免费,暂无评分
芜湖市博物馆,安徽,芜湖,芜湖,免费,4.7
太平天国英王府,安徽,安庆,安庆 · 安庆市中心,免费,4.7
宏村-南湖书院,安徽,黟县,黟县 · 宏村景区内,免费,4.4
上庄景区,安徽,绩溪,绩溪,40.0,3.9
中国富硒第一村,安徽,石台,石台,70.0,4.4
齐云山自由家营地,安徽,休宁,休宁,免费,4.4
巢湖国家重点风景名胜区,安徽,巢湖,巢湖 · 中庙滨湖城,免费,3.9
合肥园博园,安徽,合肥,合肥 · 骆岗中央公园/滨湖会展中心,免费,4.0
明中都皇故城国家考古遗址公园,安徽,凤阳,凤阳,免费,4.3
鳌鱼峰,安徽,黄山市,黄山市 · 黄山山顶,免费,4.8
夔牛天街,安徽,淮北,淮北,15.0,4.5
凤阳历代帝王庙,安徽,凤阳,凤阳,25.0,4.1
怪潭景区,安徽,石台,石台,免费,4.6
怪潭漂流,安徽,石台,石台,69.9,3.8
龙津溪地,安徽,金寨,金寨,25.0,3.8
凤凰源,安徽,黄山市,黄山市 · 黄山汤口南大门,57.8,4.0
千年仁里,安徽,绩溪,绩溪,免费,4.4
山谷流泉文化园,安徽,潜山,潜山,20.0,4.8
宿州博物馆,安徽,宿州,宿州,免费,4.8
黄田风景区,安徽,泾县,泾县,48.0,4.0
霍山神仙谷漂流景区,安徽,霍山,霍山,免费,4.8
黄山风景区-莲花峰,安徽,黄山市,黄山市 · 黄山山顶,免费,4.8
梦幻黄山文化体验馆,安徽,黄山市,黄山市 · 黄山区北大门,79.0,4.8
九龙峰-鲫鱼背,安徽,黄山市,黄山市 · 黄山山顶,免费,4.6
雨山湖,安徽,马鞍山,马鞍山 · 马鞍山市中心,免费,4.7
黄山风景区-玉屏景区,安徽,黄山市,黄山市 · 黄山山顶,免费,4.7
万佛山大龙潭峡谷漂流,安徽,舒城,舒城,免费,4.9
中国灵璧奇石文化园,安徽,灵璧,灵璧,免费,4.8
九华山风景区-天台寺,安徽,青阳,青阳,免费,4.8
铜陵博物馆,安徽,铜陵,铜陵,免费,4.9
天长市红草湖湿地公园,安徽,天长,天长,免费,4.5
金牛洞古采矿遗址,安徽,铜陵,铜陵,免费,5.0
龙井沟,安徽,六安,六安,免费,4.3
马鞍山市博物馆,安徽,马鞍山,马鞍山 · 马鞍山市中心,免费,4.9
禹王宫,安徽,蚌埠,蚌埠,免费,4.9
蒙城博物馆,安徽,蒙城,蒙城,免费,4.9
儿童公园,安徽,马鞍山,马鞍山 · 马鞍山市中心,免费,4.8
南湖国家城市湿地公园,安徽,淮北,淮北,免费,4.7
和悦洲,安徽,铜陵,铜陵,免费,5.0
淮河文化广场,安徽,蚌埠,蚌埠 · 新区,免费,4.8
西海大峡谷-排云亭,安徽,黄山市,黄山市 · 黄山山顶,免费,4.8
合肥植物园,安徽,合肥,合肥,免费,4.6
西海大峡谷-步仙桥,安徽,黄山市,黄山市 · 黄山山顶,免费,4.8
天鹅湖体育公园,安徽,合肥,合肥 · 奥体中心/天鹅湖,免费,4.4
赭山公园,安徽,芜湖,芜湖 · 步行街,免费,4.8
五里湖生态湿地公园,安徽,颍上,颍上,免费,4.9
宝贝地球村,安徽,合肥,合肥 · 奥体中心/天鹅湖,135.0,4.3
鸠兹广场,安徽,芜湖,芜湖 · 步行街,免费,4.8
龙湖公园,安徽,淮南,淮南,免费,4.8
胡文光牌楼,安徽,黟县,黟县 · 西递景区,免费,4.9
黄山风景区-丹霞峰,安徽,黄山市,黄山市 · 黄山山腰,免费,4.8
长源国际艺术村,安徽,黄山市,黄山市 · 黄山北站/西溪南古村落,免费,5.0
振风塔,安徽,安庆,安庆 · 安庆市中心,免费,4.6
安徽省皖西博物馆,安徽,六安,六安 · 六安火车站/市政务中心/南湖湿地公园,免费,4.7
上窑森林公园,安徽,淮南,淮南,免费,4.9
雨耕山,安徽,芜湖,芜湖 · 步行街,免费,4.9
黄梅戏会馆,安徽,安庆,安庆 · 安庆市中心,免费,4.7
芜湖滨江公园,安徽,芜湖,芜湖 · 步行街,免费,4.7
云朵梦庄园,安徽,肥西,肥西,免费,4.9
天海,安徽,黄山市,黄山市 · 黄山山顶,免费,4.9
九龙峰-玉屏峰,安徽,黄山市,黄山市 · 黄山山顶,免费,5.0
翰墨文化园,安徽,界首,界首,免费,4.9
安庆市菱湖风景区,安徽,安庆,安庆 · 安庆市中心,免费,4.7
东湖公园,安徽,芜湖,芜湖 · 新芜经济开发区,免费,4.8
松鼠跳天都,安徽,黄山市,黄山市 · 黄山山顶,免费,4.6
淮海战役双堆集烈士陵园,安徽,濉溪,濉溪,免费,4.8
司空山风景名胜区,安徽,岳西,岳西,免费,4.9
仙人晒靴,安徽,青阳,青阳,免费,4.9
刘开渠纪念馆,安徽,淮北,淮北,免费,4.8
合肥市科技馆(黄山路馆区),安徽,合肥,合肥 · 之心城购物中心/中国科学技术大学,免费,4.5
文峰桥,安徽,黄山市,黄山市 · 屯溪老街/黎阳老街,免费,4.7
五河县龙湖公园,安徽,五河,五河,免费,5.0
紫蓬山国家森林公园,安徽,肥西,肥西,免费,4.6
佳山公园,安徽,马鞍山,马鞍山 · 马鞍山市中心,免费,4.8
大塘公园,安徽,蚌埠,蚌埠 · 蚌埠市中心,免费,4.8
安庆海昌海洋探索馆,安徽,安庆,安庆 · 安庆市中心,49.0,4.6
胡开文墨厂,安徽,黄山市,黄山市 · 屯溪老街/黎阳老街,免费,4.7
天井湖游乐园,安徽,铜陵,铜陵 · 天井湖公园/北斗星城,免费,4.8
张公山公园-动物园,安徽,蚌埠,蚌埠 · 新区,免费,4.9
白乳泉公园,安徽,怀远,怀远,免费,4.7
一线天,安徽,黄山市,黄山市 · 黄山山顶,免费,4.5
琅琊寺,安徽,滁州,滁州 · 琅琊山度假区,免费,4.5
总关寨,安徽,潜山,潜山,免费,5.0
黄山-温泉景区,安徽,黄山市,黄山市 · 黄山山腰,298.0,4.1
徽州古城-徽园,安徽,歙县,歙县 · 徽州古城/歙县,免费,4.9
迪沟风景区,安徽,颍上,颍上,免费,4.6
镜湖公园,安徽,芜湖,芜湖 · 步行街,免费,4.7
太白楼,安徽,马鞍山,马鞍山,免费,4.8
黄山风景区-梦笔生花,安徽,黄山市,黄山市 · 黄山山顶,免费,4.7
淮北市博物馆,安徽,淮北,淮北,免费,4.6
六家畈古民居群,安徽,肥东,肥东 · 中庙滨湖城,免费,4.8
让泉,安徽,滁州,滁州 · 琅琊山度假区,免费,4.8
白马大峡谷景区,安徽,金寨,金寨,免费,4.3
临淮岗景区,安徽,霍邱,霍邱,40.0,4.8
黎阳in巷,安徽,黄山市,黄山市 · 屯溪老街/黎阳老街,免费,4.3
安庆市菱湖风景区-莲湖公园,安徽,安庆,安庆 · 安庆市中心,免费,4.7
黄山风景区-连理松,安徽,黄山市,黄山市 · 黄山山顶,免费,4.5
牯牛降国家级自然保护区,安徽,祁门,祁门,70.0,4.1
金湖,福建,泰宁,泰宁,163.0,4.3
桂峰古村落景区,福建,尤溪,尤溪,18.8,4.6
泰宁风景旅游区,福建,泰宁,泰宁,免费,4.5
冠豸山景区,福建,连城,连城,80.0,4.6
湄洲岛,福建,莆田,莆田 · 湄洲岛·国家旅游度假区,125.0,4.5
鼓浪屿,福建,厦门,厦门 · 鼓浪屿地区,免费,4.5
武夷山国家公园,福建,武夷山,武夷山 · 武夷山风景区,70.0,4.6
平潭岛,福建,平潭县,平潭县 · 龙王头沙滩/县城区,免费,4.6
厦门园林植物园,福建,厦门,厦门 · 厦门大学地区,30.0,4.6
钟鼓索道,福建,厦门,厦门 · 中山路地区,80.0,4.6
三坊七巷,福建,福州,福州 · 三坊七巷,免费,4.6
泉州提线木偶戏表演,福建,泉州,泉州 · 西街/开元寺,108.0,5.0
云水谣景区,福建,南靖县,南靖县 · 云水谣景区,90.0,4.4
泉州开元寺,福建,泉州,泉州 · 西街/开元寺,免费,4.7
仙人井,福建,平潭县,平潭县 · 仙人井,33.0,4.4
胡里山炮台,福建,厦门,厦门 · 厦门大学地区,25.0,4.7
南少林寺,福建,泉州,泉州 · 西湖公园/清源山,免费,4.7
厦门科技馆,福建,厦门,厦门 · SM城市广场地区,120.0,4.9
厦门大学(思明校区),福建,厦门,厦门 · 厦门大学地区,免费,4.6
68海里景区,福建,平潭县,平潭县 · 68海里/台湾小镇,66.0,4.5
清源山,福建,泉州,泉州 · 西湖公园/清源山,70.0,4.4
东山岛,福建,东山县,东山县 · 岐下鱼骨沙洲/天涯澳角,免费,4.6
九曲溪竹筏漂流,福建,武夷山,武夷山 · 武夷山风景区,200.0,4.5
福建土楼(南靖)景区,福建,南靖县,南靖县,40.0,4.4
太姥山,福建,福鼎,福鼎 · 太姥山,138.0,4.7
南普陀寺,福建,厦门,厦门 · 厦门大学地区,免费,4.6
福建土楼永定景区,福建,龙岩,龙岩 · 永定土楼,49.0,4.4
鹭江夜游,福建,厦门,厦门 · 中山路地区,128.0,4.4
屿见厦门海上游,福建,厦门,厦门 · 中山路地区,128.0,4.4
闽江夜游,福建,福州,福州 · 上下杭/宝龙广场,98.0,4.5
中华武夷茶博园,福建,武夷山,武夷山 · 三姑度假区,免费,4.3
洛伽寺,福建,石狮,石狮 · 十里黄金海岸/洛伽寺,免费,4.4
集美学村,福建,厦门,厦门 · 集美学村/厦门大悦城,免费,4.7
田螺坑土楼群,福建,南靖县,南靖县 · 塔下土楼景区,84.0,4.5
泉州欧乐堡海洋王国乐园,福建,惠安,惠安,270.0,4.6
泉州古城,福建,泉州,泉州 · 西街/开元寺,免费,4.7
鼓山,福建,福州,福州 · 鼓山风景区及周边,免费,4.6
漳州古城,福建,漳州,漳州 · 漳州古城,免费,4.6
中山路步行街,福建,厦门,厦门 · 中山路地区,免费,4.6
菽庄花园,福建,厦门,厦门 · 鼓浪屿地区,30.0,4.7
平潭岛猴研岛,福建,平潭县,平潭县 · 68海里/台湾小镇,66.0,4.6
屿见厦门鼓浪屿游船,福建,厦门,厦门 · 白鹭洲/东渡客运码头,45.0,4.4
福建博物院,福建,福州,福州 · 西湖公园附近,免费,4.5
泉州西街,福建,泉州,泉州 · 西街/开元寺,免费,4.5
曾厝垵,福建,厦门,厦门 · 曾厝垵地区,免费,4.5
上下杭,福建,福州,福州 · 上下杭/宝龙广场,免费,4.7
泉州欧乐堡度假区,福建,惠安,惠安,99.0,4.0
厦门双子塔,福建,厦门,厦门 · 厦门大学地区,155.0,4.2
日光岩,福建,厦门,厦门 · 鼓浪屿地区,50.0,4.6
屿见闽南主题景区,福建,厦门,厦门 · 白鹭洲/东渡客运码头,98.0,4.6
厦门方特梦幻王国,福建,厦门,厦门,192.0,4.8
厦门方特旅游度假区,福建,厦门,厦门,239.0,4.6
蟳埔村,福建,泉州,泉州 · 蟳埔村/东海泰禾广场,免费,4.0
海外交通史博物馆,福建,泉州,泉州 · 万达广场/丰泽广场,免费,4.8
晋江梧林传统村落,福建,晋江,晋江,免费,4.5
海上看金门,福建,厦门,厦门 · 中山路地区,128.0,4.4
福建土楼王景区,福建,龙岩,龙岩 · 永定土楼,49.0,4.5
环岛路,福建,厦门,厦门 · 厦门大学地区,免费,4.7
白城沙滩,福建,厦门,厦门 · 厦门大学地区,免费,4.7
东山风动石景区,福建,东山县,东山县 · 南门湾/风动石,42.0,4.4
闽越水镇,福建,闽侯,闽侯 · 闽越水镇内,88.0,4.2
林则徐纪念馆,福建,福州,福州 · 三坊七巷,免费,4.8
大嵛山岛,福建,福鼎,福鼎 · 嵛山岛,110.0,4.3
五缘湾游海帆船出海,福建,厦门,厦门 · 五缘湾地区,58.0,4.6
五缘湾帆船港,福建,厦门,厦门 · 五缘湾地区,48.0,4.6
洛阳桥,福建,惠安,惠安,免费,4.6
汀州古城,福建,长汀,长汀,免费,4.6
龙王头沙滩,福建,平潭县,平潭县 · 龙王头沙滩/县城区,免费,4.8
中国船政文化博物馆,福建,福州,福州 · 福州南站/马尾自贸区,免费,4.8
泉州非物质文化遗产馆,福建,泉州,泉州 · 西湖公园/清源山,免费,4.9
中国船政文化景区,福建,福州,福州 · 福州南站/马尾自贸区,免费,4.3
福道,福建,福州,福州 · 西湖公园附近,免费,4.8
晋江五店市,福建,晋江,晋江 · 晋江万达/五店市,免费,4.6
黄厝海滩,福建,厦门,厦门 · 环岛路/黄厝海滨浴场/会展中心,免费,4.6
九鲤湖风景区,福建,仙游,仙游,50.0,4.5
烟台山公园,福建,福州,福州 · 烟台山/海峡会展中心,免费,4.8
厦门鼓浪屿海底世界,福建,厦门,厦门 · 鼓浪屿地区,107.0,3.8
烟台山,福建,福州,福州 · 烟台山/海峡会展中心,免费,4.8
泉州7FUN天台复合空间木偶戏,福建,泉州,泉州 · 西街/开元寺,78.0,4.4
初溪土楼古村落,福建,龙岩,龙岩,免费,4.6
关岳庙,福建,泉州,泉州 · 西街/开元寺,免费,4.6
东壁,福建,霞浦,霞浦 · 三沙/东壁/小皓,免费,4.6
白水洋风景区,福建,屏南,屏南 · 白水洋,118.0,4.5
灵玲国际马戏城,福建,厦门,厦门 · 集美学村/厦门大悦城,139.0,4.8
崇武古城,福建,惠安,惠安,免费,4.7
崇武古城风景区,福建,惠安,惠安,36.8,4.3
南门湾,福建,东山县,东山县 · 南门湾/风动石,免费,4.7
坛南湾,福建,平潭县,平潭县 · 坛南湾/将军山,免费,4.5
长江澳海滩,福建,平潭县,平潭县 · 长江澳风力田,免费,4.6
日月谷温泉,福建,厦门,厦门,168.0,4.8
皓月园,福建,厦门,厦门 · 鼓浪屿地区,10.0,4.6
海上自行车道,福建,厦门,厦门 · 集美学村/厦门大悦城,免费,4.7
鼓浪屿管风琴艺术中心,福建,厦门,厦门 · 鼓浪屿地区,25.0,4.5
四礵列岛,福建,霞浦,霞浦,免费,4.6
福州欧乐堡海洋世界,福建,永泰,永泰,154.0,4.6
福州欧乐堡国际旅游度假区,福建,永泰,永泰,59.0,5.0
永宁古镇,福建,石狮,石狮 · 十里黄金海岸/洛伽寺,免费,4.0
八卦楼风琴博物馆,福建,厦门,厦门 · 鼓浪屿地区,30.0,4.5
烟台山商业漫步街区,福建,福州,福州 · 烟台山/海峡会展中心,免费,4.8
厦门之眼海上摩天轮,福建,厦门,厦门 · 白鹭洲/东渡客运码头,78.0,4.5
武夷山九曲溪,福建,武夷山,武夷山 · 武夷山风景区,200.0,4.7
九龙潭,福建,泰宁,泰宁,156.0,4.4
火山岛旅游休闲度假区,福建,漳浦,漳浦 · 火山岛景区,60.0,3.9
中国闽台缘博物馆,福建,泉州,泉州 · 西湖公园/清源山,免费,4.7
将军山,福建,平潭县,平潭县 · 坛南湾/将军山,19.0,暂无评分
沙坡尾,福建,厦门,厦门 · 厦门大学地区,免费,4.9
《最忆船政》,福建,福州,福州 · 福州南站/马尾自贸区,388.0,4.7
北岐滩涂,福建,霞浦,霞浦 · 北岐滩涂,免费,4.2
厦门老院子景区,福建,厦门,厦门 · 厦门北站地区,59.0,4.6
鱼骨沙洲,福建,东山县,东山县 · 岐下鱼骨沙洲/天涯澳角,158.0,4.4
西禅古寺,福建,福州,福州 · 西湖公园附近,免费,4.8
石狮十里黄金海岸旅游度假区,福建,石狮,石狮 · 十里黄金海岸/洛伽寺,免费,4.4
厦门园林博览苑,福建,厦门,厦门 · 集美学村/厦门大悦城,免费,4.7
华东第一漂,福建,武夷山,武夷山,89.0,4.3
北港村,福建,平潭县,平潭县 · 北港村/渔屿村,免费,4.3
石牛山景区,福建,德化,德化,90.0,4.5
橘若·崇武古渡码头景区,福建,惠安,惠安,免费,4.3
湄洲妈祖祖庙,福建,莆田,莆田 · 湄洲岛·国家旅游度假区,免费,4.6
福州西湖公园,福建,福州,福州 · 西湖公园附近,免费,4.7
厦门山海健康步道,福建,厦门,厦门 · 白鹭洲/东渡客运码头,免费,4.8
泉州天后宫,福建,泉州,泉州 · 西街/开元寺,免费,4.6
西湖公园,福建,泉州,泉州 · 西湖公园/清源山,免费,4.7
寨下大峡谷,福建,泰宁,泰宁,55.0,4.5
福州罗源湾海洋世界旅游区,福建,罗源,罗源,170.0,4.4
东渡客运码头,福建,厦门,厦门,免费,3.9
杨家溪,福建,霞浦,霞浦,100.0,4.2
上清溪,福建,泰宁,泰宁,130.0,4.4
福州熊猫世界,福建,福州,福州 · 西湖公园附近,49.0,4.6
三姑度假区,福建,武夷山,武夷山 · 三姑度假区,免费,5.0
福建土楼王子景区,福建,龙岩,龙岩 · 永定土楼,85.0,4.3
漳州木偶艺术表演馆,福建,漳州,漳州 · 漳州古城,68.0,4.9
鹭岛观光旅游巴士,福建,厦门,厦门 · 白鹭洲/东渡客运码头,29.9,4.5
厦门灵玲动物王国,福建,厦门,厦门 · 集美学村/厦门大悦城,94.0,4.4
龙潭古镇,福建,屏南,屏南,免费,5.0
厦门市博物馆,福建,厦门,厦门 · SM城市广场地区,免费,4.5
金门岛,福建,金门,金门 · 金门机场,免费,4.6
泉州欧乐堡童话世界,福建,惠安,惠安,160.0,4.4
十里长堤,福建,厦门,厦门 · 集美学村/厦门大悦城,免费,4.6
平潭北部生态廊道,福建,平潭县,平潭县 · 北部生态廊道,免费,4.7
柘荣鸳鸯草场,福建,福鼎,福鼎,60.0,4.1
苏廷玉故居,福建,泉州,泉州 · 西街/开元寺,免费,4.7
天游峰,福建,武夷山,武夷山 · 武夷山风景区,免费,4.7
下梅古民居,福建,武夷山,武夷山 · 三姑度假区,免费,4.0
玉华洞,福建,将乐,将乐,95.0,4.5
彩虹沙滩,福建,厦门,厦门 · 环东海域度假区,免费,4.9
御宴(福州三坊七巷店),福建,福州,福州 · 三坊七巷,390.0,5.0
云上厦门观光厅,福建,厦门,厦门 · 厦门大学地区,78.0,4.1
厦门方特东方神画,福建,厦门,厦门,151.0,4.9
小黄楼,福建,福州,福州 · 三坊七巷,20.0,4.4
清净寺,福建,泉州,泉州 · 西街/开元寺,免费,4.3
厦门诚毅自然探索馆,福建,厦门,厦门 · 集美学村/厦门大悦城,90.0,4.9
漳州市博物馆,福建,漳州,漳州,免费,4.5
镜沙黑洞,福建,平潭县,平潭县 · 长江澳风力田,免费,5.0
福建土楼(南靖)云水谣景区-和贵楼,福建,南靖县,南靖县 · 云水谣景区,免费,4.6
沙坡尾避风坞,福建,厦门,厦门 · 厦门大学地区,免费,4.2
青龙大瀑布,福建,武夷山,武夷山,免费,4.5
泉州非遗体验馆,福建,晋江,晋江 · 晋江万达/五店市,免费,4.8
鼓山旅游景区十八景园,福建,福州,福州 · 鼓山风景区及周边,10.0,4.5
鸳鸯溪,福建,屏南,屏南 · 白水洋,76.0,4.4
福州国家森林公园,福建,福州,福州,免费,4.7
埭美古村,福建,漳州,漳州,免费,4.4
南日岛,福建,莆田,莆田,免费,4.6
桃源洞,福建,永安,永安,54.0,4.6
清水宫,福建,厦门,厦门 · 高崎机场地区,免费,4.9
福州贵安溪山温泉,福建,连江,连江 · 贵安,148.0,4.7
卧龙书院,福建,长汀,长汀,57.0,4.6
下尾岛,福建,霞浦,霞浦,免费,3.5
和平古镇,福建,邵武,邵武,47.0,4.4
奇达村,福建,连江,连江,免费,4.5
苏峰山,福建,东山县,东山县 · 苏峰山环岛路/冬古渔村,免费,4.5
永福台品樱花茶园,福建,漳平,漳平,免费,4.6
福州五一广场,福建,福州,福州 · 三坊七巷,免费,4.6
连城县培田古村落,福建,连城,连城,30.0,4.3
蓝眼泪观景点,福建,平潭县,平潭县,免费,4.7
钟楼,福建,泉州,泉州 · 西街/开元寺,免费,4.4
大红袍景区,福建,武夷山,武夷山 · 武夷山风景区,免费,4.6
承启楼,福建,龙岩,龙岩 · 永定土楼,免费,4.5
金銮湾沙滩,福建,东山县,东山县 · 金銮湾/马銮湾,免费,4.8
泰宁古城景区,福建,泰宁,泰宁 · 县城,免费,4.6
龙凤头海滨浴场,福建,平潭县,平潭县 · 龙王头沙滩/县城区,免费,4.6
兴化府历史文化街区,福建,莆田,莆田 · 兴化府历史文化街区/市政府,免费,4.4
龙岩森林水乡景区,福建,龙岩,龙岩,68.0,4.2
灵通风景区,福建,平和,平和,免费,4.9
源脉温泉园,福建,福州,福州 · 西湖公园附近,108.0,4.5
福建土楼(南靖)云水谣景区-怀远楼,福建,南靖县,南靖县 · 云水谣景区,免费,4.7
厦门方特水上乐园,福建,厦门,厦门,200.0,4.8
夜游汀江,福建,长汀,长汀,76.0,4.3
泰宁明清园,福建,泰宁,泰宁,68.0,4.3
泉州市博物馆,福建,泉州,泉州 · 西湖公园/清源山,免费,4.6
永鸿野生动物世界,福建,福清,福清,139.0,4.2
一国两制沙滩,福建,厦门,厦门 · 环岛路/黄厝海滨浴场/会展中心,免费,4.7
大京沙滩,福建,霞浦,霞浦,免费,3.6
河坑土楼群,福建,南靖县,南靖县 · 塔下土楼景区,40.0,4.4
严复故居,福建,福州,福州 · 三坊七巷,15.0,4.7
泉州西街木偶戏剧表演,福建,泉州,泉州 · 西街/开元寺,108.0,5.0
牛郎岗海滨景区,福建,福鼎,福鼎,38.0,4.1
北部玻璃栈道,福建,平潭县,平潭县 · 北部生态廊道,免费,4.8
海坛古城,福建,平潭县,平潭县 · 海坛古城,免费,4.0
榕枫公园,福建,霞浦,霞浦,免费,3.6
安平桥,福建,晋江,晋江,免费,4.5
戏鲤茶楼·泉州木偶戏南音,福建,泉州,泉州 · 西街/开元寺,69.9,4.1
泉州府文庙,福建,泉州,泉州 · 西街/开元寺,免费,4.6
泉州之眼摩天轮,福建,泉州,泉州 · 蟳埔村/东海泰禾广场,68.0,4.4
台山岛,福建,福鼎,福鼎,免费,5.0
惠女风情园,福建,惠安,惠安,30.0,4.2
泉州欧乐堡水上世界,福建,惠安,惠安,99.0,4.6
嵩口镇,福建,永泰,永泰 · 嵩口古镇,免费,4.1
海上明珠观光塔,福建,厦门,厦门 · 白鹭洲/东渡客运码头,128.0,4.6
马銮湾,福建,东山县,东山县 · 金銮湾/马銮湾,免费,4.7
彩蝶湾景区,福建,东山县,东山县 · 金銮湾/马銮湾,免费,4.8
福安白云山,福建,福安,福安,88.0,4.4
狐尾山公园,福建,厦门,厦门 · 白鹭洲/东渡客运码头,免费,4.7
武夷梦华城,福建,南平,南平,118.0,3.8
东海仙境景区,福建,平潭县,平潭县 · 仙人井,免费,4.3
水榭戏台,福建,福州,福州 · 三坊七巷,20.0,4.4
吴石故居,福建,福州,福州 · 福州南站/马尾自贸区,免费,5.0
花竹村,福建,霞浦,霞浦 · 三沙/东壁/小皓,免费,5.0
老君岩,福建,泉州,泉州 · 西湖公园/清源山,免费,4.7
秦潮觉醒沉浸式探索体验,福建,厦门,厦门 · 白鹭洲/东渡客运码头,199.0,5.0
厦门国际会展中心,福建,厦门,厦门 · 环岛路/黄厝海滨浴场/会展中心,免费,4.8
尚书第,福建,泰宁,泰宁 · 县城,19.0,4.6
百丈漈瀑布,福建,屏南,屏南 · 白水洋,免费,3.7
大姆山草场,福建,福清,福清,免费,4.1
福建大金湖丹霞地貌国家地质公园,福建,泰宁,泰宁,免费,4.8
塔下村,福建,南靖县,南靖县 · 塔下土楼景区,免费,4.3
光影栈道,福建,霞浦,霞浦 · 三沙/东壁/小皓,免费,4.5
泉州惠安月亮湾沙滩,福建,惠安,惠安,免费,4.8
泉州海丝野生动物世界,福建,泉州,泉州,127.0,4.3
青云山,福建,永泰,永泰 · 云顶旅游区/青云山景区,32.0,4.3
霍童镇,福建,宁德,宁德,免费,4.1
陈嘉庚纪念馆,福建,厦门,厦门 · 集美学村/厦门大悦城,免费,暂无评分
台山列岛,福建,福鼎,福鼎,免费,5.0
同安影视城,福建,厦门,厦门,25.0,3.9
承天禅寺,福建,泉州,泉州 · 西街/开元寺,免费,4.8
石竹山风景旅游区,福建,福清,福清,免费,4.6
侠天下景区,福建,尤溪,尤溪,免费,4.0
鼓浪屿钢琴博物馆,福建,厦门,厦门 · 鼓浪屿地区,免费,4.7
最美转角,福建,厦门,厦门 · 鼓浪屿地区,免费,4.5
长江澳风力田景观区,福建,平潭县,平潭县 · 长江澳风力田,免费,4.9
客家八喜楼,福建,长汀,长汀,60.0,4.5
闽江,福建,福州,福州 · 福州南站/马尾自贸区,免费,4.8
甘露岩寺,福建,泰宁,泰宁,免费,4.6
贵安欢乐世界,福建,连江,连江 · 贵安,144.0,4.3
武夷宫,福建,武夷山,武夷山 · 武夷山风景区,免费,4.3
红塔湾,福建,石狮,石狮,免费,4.6
椰风寨,福建,厦门,厦门 · 环岛路/黄厝海滨浴场/会展中心,免费,4.4
九龙漈,福建,周宁,周宁,55.0,4.6
厦门滨海水运动度假区,福建,厦门,厦门 · 环东海域度假区,免费,5.0
厦门湾·白塘湾火山温泉,福建,漳州,漳州,免费,5.0
龙岩武平百家大院,福建,武平,武平,49.0,5.0
千鹭湖景区,福建,武平,武平,38.0,4.9
长乐区和平街古城墙遗址公园,福建,福州,福州,免费,4.9
因为刺桐,福建,泉州,泉州 · 西街/开元寺,免费,5.0
平潭将军山·岚起山海图,福建,平潭县,平潭县 · 坛南湾/将军山,98.0,5.0
古田旅游区,福建,上杭,上杭,免费,5.0
厦门帆迎帆船出海体验,福建,厦门,厦门 · 五缘湾地区,128.0,4.8
福州御温泉度假酒店温泉,福建,永泰,永泰 · 云顶旅游区/青云山景区,399.0,4.9
厦门湾·白塘湾火山公园,福建,漳州,漳州,58.0,4.8
厦门晟达海游艇管理有限公司,福建,厦门,厦门 · 五缘湾地区,58.0,4.8
鼓浪屿食物狂想博物馆,福建,厦门,厦门 · 鼓浪屿地区,88.0,4.8
时空魔方,福建,厦门,厦门 · 中山路地区,免费,4.8
溪禾山铁观音文化园,福建,安溪,安溪,免费,4.9
厦门海通联帆船出海体验,福建,厦门,厦门 · 环岛路/黄厝海滨浴场/会展中心,免费,4.9
御驾文儒(三坊七巷店),福建,福州,福州 · 三坊七巷,免费,4.9
风车森林公路,福建,平潭县,平潭县 · 北部生态廊道,免费,5.0
贵安温泉世界,福建,连江,连江 · 贵安,98.0,4.7
凌云玉石博物馆,福建,厦门,厦门 · 五缘湾地区,30.0,4.7
半月山温泉,福建,漳州,漳州,157.0,4.6
哈溪激流探险,福建,诏安,诏安,176.0,4.7
南山广化寺,福建,莆田,莆田 · 城厢万达/南山广华寺,免费,4.6
东西塔,福建,泉州,泉州 · 西街/开元寺,免费,4.8
金鸡山公园,福建,福州,福州 · 福州火车站,免费,4.8
忠仑公园,福建,厦门,厦门 · 环岛路/黄厝海滨浴场/会展中心,免费,4.7
童话小镇S弯,福建,平潭县,平潭县 · 北部生态廊道,免费,5.0
华侨大学(泉州校区),福建,泉州,泉州 · 海峡体育中心/世界城,免费,4.7
仙岳山,福建,厦门,厦门 · 湖里商业区,免费,4.9
厦门国际游艇汇,福建,厦门,厦门 · 五缘湾地区,138.0,4.6
海沧湾公园,福建,厦门,厦门 · 海沧阿罗海城市广场/嵩屿码头,免费,4.8
海天堂构,福建,厦门,厦门 · 鼓浪屿地区,78.0,4.6
乌山景区,福建,云霄,云霄,免费,4.9
莲花公园,福建,厦门,厦门 · 厦门火车站地区,免费,4.8
青峰灯塔,福建,平潭县,平潭县 · 北部生态廊道,免费,5.0
偶遇世界,福建,泉州,泉州 · 西街/开元寺,免费,4.7
贵安温泉度假村,福建,连江,连江 · 贵安,209.0,4.2
猫头墘,福建,平潭县,平潭县,免费,5.0
筼筜湖,福建,厦门,厦门 · 白鹭洲/东渡客运码头,免费,4.7
芙蓉隧道,福建,厦门,厦门 · 厦门大学地区,免费,4.7
石狮世茂摩天城摩天轮,福建,石狮,石狮 · 世茂摩天城摩天轮/石狮服装城,60.0,4.6
臻峰艺术馆,福建,德化,德化,免费,4.8
清水天一温泉度假村,福建,连城,连城,128.0,4.0
情人谷,福建,厦门,厦门 · 厦门大学地区,免费,4.9
南后街,福建,福州,福州 · 三坊七巷,免费,4.7
福山郊野公园,福建,福州,福州 · 西湖公园附近,免费,4.9
金穗园温泉,福建,厦门,厦门,58.0,4.7
鼓岭国家级旅游度假区,福建,福州,福州 · 鼓山风景区及周边,免费,4.7
桂湖汇雅温泉,福建,福州,福州,99.0,4.3
森田·沉浸式密室(月星店),福建,福州,福州 · 上下杭/宝龙广场,98.0,4.9
白沙公园,福建,平潭县,平潭县 · 北部生态廊道,免费,5.0
五缘湾湿地公园,福建,厦门,厦门 · 五缘湾地区,免费,4.9
金汤湾海水温泉公园,福建,云霄,云霄,108.0,4.5
云洞岩风景名胜区,福建,漳州,漳州,免费,4.7
永泰中国云顶,福建,永泰,永泰 · 云顶旅游区/青云山景区,138.0,4.6
薛岭山公园,福建,厦门,厦门 · SM城市广场地区,免费,4.8
珍珠湾,福建,厦门,厦门 · 厦门大学地区,免费,4.8
兔耳山,福建,闽侯,闽侯,免费,4.7
盛之乡温泉渡假村,福建,厦门,厦门,128.0,4.4
大田屏山·仙居山樱花园,福建,大田,大田,免费,5.0
九峰山公园,福建,南平,南平,免费,4.8
泉州中山街,福建,泉州,泉州 · 西街/开元寺,免费,4.6
华新路,福建,厦门,厦门 · 中山路地区,免费,4.8
古田会议会址,福建,上杭,上杭,免费,暂无评分
嘉庚公园,福建,厦门,厦门 · 集美学村/厦门大悦城,免费,4.7
安溪清水岩,福建,安溪,安溪,20.0,4.7
猫儿山国家森林公园,福建,泰宁,泰宁,免费,4.7
万寿塔,福建,石狮,石狮,免费,4.7
梁厝村,福建,福州,福州 · 福州南站/马尾自贸区,免费,5.0
双龙潭生态运动景区,福建,厦门,厦门,免费,4.8
鹅尾神石园,福建,莆田,莆田 · 湄洲岛·国家旅游度假区,免费,4.6
文曾路花溪,福建,厦门,厦门 · 厦门大学地区,免费,5.0
局口街,福建,厦门,厦门 · 中山路地区,免费,4.7
思明图书馆,福建,厦门,厦门 · 厦门火车站地区,免费,4.6
犀溪漂流,福建,寿宁,寿宁,免费,4.8
泉州郑成功公园,福建,泉州,泉州 · 海峡体育中心/世界城,免费,4.9
白鹭洲公园,福建,厦门,厦门 · 白鹭洲/东渡客运码头,免费,4.7
福州花海公园,福建,福州,福州 · 烟台山/海峡会展中心,免费,4.7
郑成功纪念馆,福建,厦门,厦门 · 鼓浪屿地区,免费,4.8
森田·沉浸式密室（中防店）,福建,福州,福州 · 上下杭/宝龙广场,168.0,5.0
仙公山,福建,泉州,泉州,免费,4.7
演武大桥,福建,厦门,厦门 · 中山路地区,免费,4.7
鹭江道,福建,厦门,厦门 · 白鹭洲/东渡客运码头,免费,4.8
南平市博物馆,福建,南平,南平,免费,4.8
厦门希仕会游艇俱乐部,福建,厦门,厦门 · 五缘湾地区,免费,暂无评分
元妙观,福建,泉州,泉州 · 西街/开元寺,免费,4.7
五通灯塔公园,福建,厦门,厦门 · 五缘湾地区,免费,4.8
梁野山,福建,武平,武平,53.0,4.5
龙岩梅花山虎园,福建,上杭,上杭,50.0,4.6
岱仙瀑布,福建,德化,德化,免费,4.8
蔡氏古民居建筑群,福建,南安,南安,免费,4.7
沙生植物区,福建,厦门,厦门 · 厦门大学地区,免费,4.8
鼓浪湾夜游,福建,厦门,厦门 · 中山路地区,免费,4.7
嘉海游帆船游艇俱乐部,福建,厦门,厦门 · 五缘湾地区,免费,5.0
龙王头海洋公园-瞭望台,福建,平潭县,平潭县 · 龙王头沙滩/县城区,免费,5.0
平潭国际旅游岛平潭竹屿湾影视基地,福建,平潭县,平潭县,免费,5.0
凤翔首邑温泉,福建,闽侯,闽侯,128.0,4.7
万嘀帆船服务中心,福建,厦门,厦门 · 五缘湾地区,198.0,5.0
郑成功公园-大坪山,福建,泉州,泉州 · 海峡体育中心/世界城,免费,4.9
田中赋土楼群,福建,南靖县,南靖县 · 书洋商圈,免费,4.7
厦门大学-芙蓉湖,福建,厦门,厦门 · 厦门大学地区,免费,4.9
厦门经济特区纪念馆,福建,厦门,厦门 · 湖里商业区,免费,4.8
七彩官畲,福建,华安,华安,49.0,4.6
婺源篁岭景区,江西,婺源,婺源 · 婺源篁岭/天街,145.0,4.6
望仙谷,江西,上饶,上饶 · 望仙谷景区,140.0,4.5
婺女洲度假区,江西,婺源,婺源 · 婺女洲度假区,125.0,4.4
三清山风景区,江西,玉山,玉山,120.0,4.7
萍乡武功山风景区,江西,芦溪,芦溪,68.0,4.5
滕王阁旅游区,江西,南昌,南昌 · 滕王阁/万寿宫,47.5,4.5
庐山风景名胜区,江西,庐山市,庐山市,160.0,4.5
陶阳里旅游区,江西,景德镇,景德镇 · 人民广场/景德镇陶阳里历史文化旅游区,53.0,4.6
景德镇中国陶瓷博物馆,江西,景德镇,景德镇 · 古窑民俗博览区/中国陶瓷博物馆,免费,4.3
南昌汉代海昏侯国遗址公园,江西,南昌,南昌,60.0,4.7
葛仙村度假区,江西,铅山,铅山,127.0,4.5
江西武功山国家风景名胜区,江西,芦溪,芦溪,免费,4.7
江西省博物馆,江西,南昌,南昌 · 红谷滩万达/秋水广场,免费,4.7
江南宋城历史文化旅游区,江西,赣州,赣州 · 江南宋城/步步高新天地,免费,4.6
灵山风景区,江西,上饶,上饶,75.0,4.6
景德镇古窑民俗博览区,江西,景德镇,景德镇 · 古窑民俗博览区/中国陶瓷博物馆,85.0,4.5
龙虎山风景名胜区,江西,贵溪,贵溪,135.0,4.5
南昌之星摩天轮,江西,南昌,南昌 · 万象城/前湖大学城,46.8,4.6
陶溪川文创街区,江西,景德镇,景德镇 · 陶溪川文创街区/景德镇雕塑瓷厂,免费,4.6
南昌八一起义纪念馆,江西,南昌,南昌 · 滕王阁/万寿宫,免费,暂无评分
宜春明月山旅游区,江西,宜春,宜春 · 明月山上,87.0,4.5
南昌舰,江西,南昌,南昌 · 红谷滩万达/秋水广场,45.0,4.6
八一广场,江西,南昌,南昌 · 八一广场/王府井,免费,4.7
景德镇御窑博物馆,江西,景德镇,景德镇 · 人民广场/景德镇陶阳里历史文化旅游区,免费,4.6
婺源风景区,江西,婺源,婺源 · 李坑度假区,150.0,4.5
庐山索道,江西,庐山市,庐山市 · 庐山山上,65.0,4.7
通天岩,江西,赣州,赣州 · 方特东方欲晓/通天岩,27.5,4.4
鄱阳湖国家湿地公园,江西,鄱阳,鄱阳,免费,4.3
李坑景区,江西,婺源,婺源 · 李坑度假区,53.0,4.0
龟峰风景名胜区,江西,弋阳,弋阳,60.0,4.6
南昌汉代海昏侯国遗址博物馆,江西,南昌,南昌,免费,4.6
瑶里古镇风景区,江西,浮梁,浮梁,免费,4.5
瑶里景区,江西,浮梁,浮梁 · 瑶里古镇度假区,98.0,4.2
万寿宫历史文化街区,江西,南昌,南昌 · 滕王阁/万寿宫,免费,4.5
滕王阁游轮,江西,南昌,南昌 · 滕王阁/万寿宫,108.0,4.4
赣州方特东方欲晓,江西,赣州,赣州 · 方特东方欲晓/通天岩,159.0,4.8
上饶铅山葛仙山风景区,江西,铅山,铅山,免费,3.4
三叠泉,江西,庐山市,庐山市 · 庐山山上,63.0,4.5
江湾景区,江西,婺源,婺源 · 江湾度假区,58.0,3.9
婺源弦高城景区,江西,婺源,婺源 · 县中心/婺源站,免费,4.5
大觉山,江西,资溪,资溪,50.0,4.6
南昌融创乐园,江西,南昌,南昌 · 南昌绿地国际博览中心/南昌国际体育中心,129.0,4.4
三百山景区,江西,安远,安远,140.8,4.6
大鄣山卧龙谷,江西,婺源,婺源,49.0,4.6
井冈山,江西,井冈山市,井冈山市,160.0,暂无评分
仙女湖,江西,新余,新余,111.0,4.8
明月山天沐温泉度假村,江西,宜春,宜春 · 温泉度假区,175.0,4.5
浔阳楼,江西,九江,九江 · 浔阳楼/大中路步行街,免费,4.3
浔阳江景区,江西,九江,九江,免费,4.5
东林大佛,江西,庐山市,庐山市 · 东林大佛/东林寺净土苑,免费,4.5
南昌融创文旅城,江西,南昌,南昌 · 南昌绿地国际博览中心/南昌国际体育中心,146.0,4.4
庐山西海主景区,江西,永修,永修,135.0,4.3
庐山西海风景名胜区,江西,永修,永修,免费,4.3
南昌双子塔303观光厅,江西,南昌,南昌 · 红谷滩万达/秋水广场,70.0,4.7
庐山秀峰景区,江西,庐山市,庐山市,56.0,4.6
江岭景区,江西,婺源,婺源 · 江岭度假区,20.0,4.5
羊狮慕风景区,江西,安福,安福,227.0,4.6
江西省美术馆,江西,南昌,南昌 · 八一广场/王府井,免费,4.7
七鲤古镇度假区,江西,赣州,赣州 · 七鲤古镇/梅林古镇,37.9,4.4
温汤镇,江西,宜春,宜春 · 温泉度假区,免费,4.5
景德镇市雕塑瓷厂,江西,景德镇,景德镇 · 陶溪川文创街区/景德镇雕塑瓷厂,免费,4.3
南武当山景区,江西,龙南,龙南,80.0,4.6
秋水广场,江西,南昌,南昌 · 红谷滩万达/秋水广场,免费,4.7
明月千古情,江西,宜春,宜春 · 温泉度假区,160.0,4.7
白鹿洞书院,江西,庐山市,庐山市,36.0,4.6
明月山维景国际温泉,江西,宜春,宜春 · 温泉度假区,179.0,4.8
关西围景区,江西,龙南,龙南,60.0,4.4
浮梁古县衙景区,江西,浮梁,浮梁,45.0,4.2
梅岭国家级风景名胜区,江西,南昌,南昌 · 梅岭风景区,免费,4.2
共和国摇篮旅游区-红井景区,江西,瑞金,瑞金,15.0,暂无评分
绳金塔,江西,南昌,南昌 · 八一广场/王府井,免费,4.4
鄱阳湖,江西,都昌,都昌,免费,4.7
三宝国际陶艺村,江西,景德镇,景德镇 · 三宝国际陶艺村,免费,4.1
鹰潭方特东方神画,江西,贵溪,贵溪,196.0,4.9
石钟山,江西,湖口,湖口,40.0,4.4
婺源月亮湾,江西,婺源,婺源,免费,4.2
瑞金共和国摇篮旅游区,江西,瑞金,瑞金,免费,暂无评分
吉安武功山国家级风景名胜区,江西,安福,安福,69.0,4.4
南昌海洋公园,江西,南昌,南昌 · 高新技术开发区及昌东商圈,115.0,4.6
江西鹿鸣谷度假区,江西,修水,修水,128.0,4.9
宜春熊出没乐园,江西,宜春,宜春,150.0,4.8
南昌玛雅海滩水公园,江西,南昌,南昌 · 象湖风景区商圈,180.0,4.9
牯岭街,江西,庐山市,庐山市 · 庐山山上,免费,4.5
南昌融创海世界,江西,南昌,南昌 · 南昌绿地国际博览中心/南昌国际体育中心,146.0,4.4
江西直升机科技馆,江西,景德镇,景德镇,50.0,4.5
中庵索道,江西,芦溪,芦溪,50.0,4.4
武功山,江西,宜春,宜春,免费,5.0
安义古村群景区,江西,安义,安义,39.0,4.2
江西矿疗温泉,江西,宜春,宜春 · 温泉度假区,158.0,4.5
三叠泉缆车,江西,庐山市,庐山市 · 庐山山上,免费,4.1
共和国摇篮旅游区-叶坪景区,江西,瑞金,瑞金,17.5,暂无评分
思溪延村,江西,婺源,婺源 · 思溪延村度假区,53.0,3.9
金顶索道,江西,芦溪,芦溪,35.0,4.4
洪岩仙境·地下瓷世界,江西,乐平,乐平,81.0,4.8
五龙源漂流,江西,婺源,婺源 · 庆源村度假区,129.0,4.5
婺源篁岭景区-水街,江西,婺源,婺源 · 婺源篁岭/天街,免费,4.6
赣州极地海洋世界,江西,赣州,赣州 · 方特东方欲晓/通天岩,168.0,4.4
景德镇陶源谷·三宝旅游度假区,江西,景德镇,景德镇 · 三宝国际陶艺村,免费,4.0
天师府,江西,贵溪,贵溪,免费,4.7
含鄱口,江西,庐山市,庐山市 · 庐山山上,50.0,4.6
上堡梯田,江西,崇义,崇义,27.5,4.3
东林寺,江西,九江,九江,免费,4.8
仙女湖七夕文化旅游度假区,江西,新余,新余,免费,4.7
锁江楼,江西,九江,九江 · 浔阳楼/大中路步行街,免费,4.4
文昌里,江西,抚州,抚州,免费,4.3
浮梁县新平村瓷宫,江西,浮梁,浮梁,免费,3.2
古浮桥,江西,赣州,赣州,免费,4.4
美庐别墅,江西,庐山市,庐山市 · 庐山山上,免费,4.4
婺源石门峡山野秘境,江西,婺源,婺源,50.0,4.5
石门山峡谷,江西,婺源,婺源,免费,暂无评分
虔心小镇,江西,龙南,龙南,60.0,4.3
鄱阳湖吴城候鸟小镇,江西,永修,永修,免费,4.9
江西永修吴城中国最美水上公路,江西,永修,永修,免费,5.0
赣江市民公园,江西,南昌,南昌 · 红谷滩万达/秋水广场,免费,4.6
钓源古村,江西,吉安,吉安,30.0,4.5
后河•梦回庐陵景区,江西,吉安,吉安 · 市政府/城南天虹购物中心,88.0,4.5
婺源灵岩洞景区,江西,婺源,婺源 · 石城红枫度假区,55.0,4.6
上清古镇,江西,贵溪,贵溪,免费,4.4
欢乐星际亲子乐园,江西,南昌,南昌 · 朝阳西湖万达/动物园/新洪城大市场,39.0,5.0
江西省宜春温泉工人疗养院(工疗温泉),江西,宜春,宜春 · 温泉度假区,113.68,4.2
琵琶亭,江西,九江,九江,免费,4.3
流坑古村,江西,乐安,乐安,76.0,4.3
御窑景巷,江西,景德镇,景德镇 · 人民广场/景德镇陶阳里历史文化旅游区,免费,4.2
海昏侯墓园,江西,南昌,南昌,免费,4.2
石城,江西,婺源,婺源 · 石城红枫度假区,150.0,4.3
如琴湖,江西,庐山市,庐山市 · 庐山山上,免费,4.7
吉州窑景区,江西,吉安县,吉安县,35.0,4.5
南昌动物园,江西,南昌,南昌 · 朝阳西湖万达/动物园/新洪城大市场,50.0,3.8
渼陂古村,江西,吉安,吉安,44.8,暂无评分
郁孤台公园,江西,赣州,赣州 · 江南宋城/步步高新天地,免费,4.3
凤凰沟,江西,南昌县,南昌县,38.76,4.2
大觉山悬崖动车,江西,资溪,资溪,免费,4.6
彩虹桥,江西,婺源,婺源 · 彩虹桥度假区,60.0,4.2
三清山玉帘瀑布,江西,玉山,玉山,39.0,4.1
大美上饶主题观光列车,江西,上饶,上饶 · 上饶站,免费,5.0
大觉山漂流,江西,资溪,资溪,162.0,4.5
赣江,江西,南昌,南昌 · 万象城/前湖大学城,免费,4.8
陶艺街,江西,景德镇,景德镇 · 陶溪川文创街区/景德镇雕塑瓷厂,免费,5.0
白鹤崖,江西,上饶,上饶 · 望仙谷景区,免费,4.9
万寿宫,江西,南昌,南昌,免费,4.6
赣州阳明湖景区,江西,上犹,上犹,120.0,4.2
五老峰景区,江西,庐山市,庐山市 · 庐山山上,免费,4.6
寒溪村,江西,浮梁,浮梁,免费,4.3
汪口,江西,婺源,婺源 · 汪口度假区,55.0,3.9
黄洋界,江西,井冈山市,井冈山市,免费,暂无评分
灶儿巷,江西,赣州,赣州 · 江南宋城/步步高新天地,免费,4.4
婺源熹园,江西,婺源,婺源 · 县中心/婺源站,55.0,4.2
庐山天沐温泉,江西,庐山市,庐山市 · 东林大佛/东林寺净土苑,198.0,4.3
八大山人梅湖景区,江西,南昌,南昌,免费,4.5
万载古城,江西,万载,万载,免费,4.2
白鹭洲书院,江西,吉安,吉安,免费,4.3
大士院老街,江西,南昌,南昌 · 滕王阁/万寿宫,免费,4.4
古城墙,江西,赣州,赣州 · 江南宋城/步步高新天地,免费,4.5
阳明心谷景区,江西,龙南,龙南,30.0,4.4
御窑厂国家考古遗址公园,江西,景德镇,景德镇 · 人民广场/景德镇陶阳里历史文化旅游区,免费,4.7
井冈山革命博物馆,江西,井冈山市,井冈山市 · 井冈山旅游区,免费,暂无评分
汉仙岩风景名胜区,江西,会昌,会昌,22.5,4.6
太平桥,江西,龙南,龙南,免费,4.6
滕王阁主阁,江西,南昌,南昌 · 滕王阁/万寿宫,免费,4.0
天柱峰国家森林公园,江西,铜鼓,铜鼓,90.0,4.4
南昌梵高星空艺术馆（中山路旗舰店）,江西,南昌,南昌 · 八一广场/王府井,39.9,4.7
婺女洲度假区-抱玉塔,江西,婺源,婺源 · 婺女洲度假区,免费,4.4
秀峰瀑布,江西,庐山市,庐山市,免费,5.0
天街,江西,婺源,婺源 · 婺源篁岭/天街,免费,4.8
孽龙洞,江西,上栗,上栗,65.0,4.4
汪山土库,江西,南昌,南昌,39.0,4.2
铜源峡,江西,南昌,南昌 · 梅岭风景区,42.0,3.9
三清山东部(金沙)索道,江西,玉山,玉山,免费,4.3
上坦,江西,婺源,婺源 · 晓起村度假区,免费,4.3
黎川古城,江西,黎川,黎川,免费,4.6
瑶湖,江西,南昌县,南昌县,免费,4.8
三清山索道(外双溪站),江西,玉山,玉山,免费,4.7
三宝蓬艺术聚落,江西,景德镇,景德镇 · 三宝国际陶艺村,免费,4.7
皇窑景区,江西,浮梁,浮梁,45.0,3.8
皇窑景区-瓷宫,江西,浮梁,浮梁,免费,2.5
金顶,江西,安福,安福,免费,4.5
武功山君澜温泉,江西,芦溪,芦溪,158.0,4.6
罗汉岩风景区,江西,瑞金,瑞金,50.0,4.3
石城通天寨,江西,石城,石城,45.0,4.5
庐山-七彩瀑布,江西,庐山市,庐山市 · 庐山山上,免费,4.7
东江源三百山温泉旅游度假区,江西,安远,安远,138.0,4.9
庐山花径,江西,庐山市,庐山市 · 庐山山上,免费,4.5
河口老街,江西,铅山,铅山,免费,4.1
梅岭漂流,江西,南昌,南昌 · 梅岭风景区,69.0,4.4
婺源篁岭景区-索道,江西,婺源,婺源 · 婺源篁岭/天街,免费,4.0
吉安欢乐世界,江西,吉安,吉安 · 市政府/城南天虹购物中心,29.9,4.6
乐天陶社创意市集,江西,浮梁,浮梁,30.0,4.1
大茅山,江西,德兴,德兴,79.9,4.4
八境台,江西,赣州,赣州 · 江南宋城/步步高新天地,免费,4.4
八大山人纪念馆,江西,南昌,南昌,免费,4.5
南岩卧佛,江西,弋阳,弋阳,55.0,4.1
石城九寨温泉度假庄园,江西,石城,石城,88.0,4.4
桃源梯田,江西,遂川,遂川,免费,4.9
南昌军事主题公园,江西,南昌,南昌,免费,4.3
南昌秋水广场-音乐喷泉,江西,南昌,南昌 · 红谷滩万达/秋水广场,免费,4.7
龙宫洞风景区,江西,彭泽,彭泽,免费,4.6
揽月桥,江西,上饶,上饶 · 望仙谷景区,免费,4.6
一线天,江西,玉山,玉山,免费,4.3
乌石围,江西,龙南,龙南,免费,4.0
杨村燕翼围,江西,龙南,龙南,免费,4.2
龙珠阁,江西,景德镇,景德镇 · 人民广场/景德镇陶阳里历史文化旅游区,免费,4.4
庐山西海国际温泉度假村,江西,永修,永修,128.0,4.5
佑民寺,江西,南昌,南昌 · 滕王阁/万寿宫,免费,4.6
萍乡仙凤三宝景区,江西,芦溪,芦溪,50.0,4.0
明月山滑雪场,江西,宜春,宜春,298.0,3.8
观音桥景区,江西,庐山市,庐山市,36.0,4.4
铜钹山景区,江西,上饶,上饶,25.0,4.5
三清山-巨蟒出山,江西,玉山,玉山,免费,4.6
中央红军长征出发地纪念园,江西,于都,于都,免费,暂无评分
景德镇老城博物馆,江西,景德镇,景德镇 · 人民广场/景德镇陶阳里历史文化旅游区,免费,4.8
中国最美水上公路-起点,江西,南昌,南昌,免费,4.0
福寿沟博物馆,江西,赣州,赣州 · 江南宋城/步步高新天地,免费,2.6
上饶集中营名胜区,江西,上饶,上饶 · 上饶师范学院,免费,4.6
东方女神,江西,玉山,玉山,免费,4.8
东浒寨风景区,江西,修水,修水,免费,4.5
赣州市博物馆(新馆),江西,赣州,赣州 · 赣州万象城/九方购物中心,免费,4.5
上犹大金山漂流,江西,上犹,上犹,128.0,4.0
信江书院,江西,上饶,上饶 · 云碧峰国家森林公园,免费,4.5
锦绣谷,江西,庐山市,庐山市 · 庐山山上,免费,4.8
天龙山景区,江西,全南,全南,50.0,4.7
梅岭狮子峰,江西,南昌,南昌 · 梅岭风景区,39.0,4.2
青山湖风景区,江西,南昌,南昌 · 八一广场/王府井,免费,4.8
章贡区魏家大院,江西,赣州,赣州 · 江南宋城/步步高新天地,免费,3.6
抚州弄牌坊,江西,景德镇,景德镇 · 人民广场/景德镇陶阳里历史文化旅游区,免费,4.3
唯美动物世界,江西,丰城,丰城,87.0,4.4
上饶灵山左溪景区,江西,上饶,上饶,免费,4.1
“浔阳江号”游轮,江西,九江,九江 · 浔阳楼/大中路步行街,88.0,4.0
婺女洲四季恒温水世界,江西,婺源,婺源 · 婺女洲度假区,免费,4.2
永吴公路,江西,永修,永修,免费,3.7
陶溪川美术馆,江西,景德镇,景德镇 · 陶溪川文创街区/景德镇雕塑瓷厂,免费,4.3
安源路矿工人运动纪念馆,江西,萍乡,萍乡,免费,暂无评分
七星岭森林运动度假区,江西,铜鼓,铜鼓,免费,5.0
七星岭国际滑雪场,江西,铜鼓,铜鼓,368.0,3.8
南昌国际体育中心体育场,江西,南昌,南昌 · 南昌绿地国际博览中心/南昌国际体育中心,免费,暂无评分
大余丫山旅游度假区,江西,大余,大余,29.9,4.0
南惹古村,江西,宜春,宜春 · 明月山上,免费,2.8
落星墩,江西,庐山市,庐山市,免费,4.5
五龙源景区,江西,婺源,婺源,免费,5.0
象湖万寿宫,江西,南昌,南昌 · 象湖风景区商圈,免费,4.8
仙人洞,江西,庐山市,庐山市 · 庐山山上,免费,4.6
汤里文化旅游度假区,江西,铜鼓,铜鼓,134.0,4.3
宽心小镇,江西,新余,新余,40.0,4.1
水墨上河,江西,婺源,婺源 · 李坑度假区,95.0,3.3
丙丁柴窑,江西,浮梁,浮梁,免费,3.1
中山北路步行街,江西,景德镇,景德镇 · 人民广场/景德镇陶阳里历史文化旅游区,免费,4.7
上饶市博物馆,江西,上饶,上饶 · 万达广场,免费,4.6
大口瀑布,江西,庐山市,庐山市 · 庐山山上,免费,2.8
象鼻山,江西,贵溪,贵溪,免费,4.6
婺源篁岭景区-梯田花海,江西,婺源,婺源,免费,4.8
王安石纪念馆,江西,抚州,抚州,免费,4.4
唯美养生谷旅游度假区,江西,丰城,丰城,免费,4.5
庆源古村,江西,婺源,婺源 · 庆源村度假区,免费,4.5
五龙客家风情园,江西,赣州,赣州 · 赣州站/沙河镇,免费,4.1
南昌梅岭云端索道,江西,南昌,南昌 · 梅岭风景区,90.0,4.4
江西省科学技术馆,江西,南昌,南昌 · 红谷滩万达/秋水广场,免费,3.8
竹桥古村,江西,金溪,金溪,免费,4.3
阁皂山风景名胜区,江西,樟树,樟树,20.0,4.4
八一南昌起义纪念塔,江西,南昌,南昌 · 八一广场/王府井,免费,暂无评分
赣州森林动物园,江西,赣州,赣州 · 赣州站/沙河镇,47.5,4.1
望仙谷极限漂流,江西,上饶,上饶 · 望仙谷景区,免费,4.8
白鹤湖嘻嘻哩生态水世界,江西,贵溪,贵溪,75.0,4.7
洪阳洞,江西,分宜,分宜,49.9,4.6
南昌市博物馆,江西,南昌,南昌 · 滕王阁/万寿宫,免费,4.6
龙潭景区,江西,井冈山市,井冈山市 · 井冈山旅游区,免费,4.4
鹰潭方特水上乐园,江西,贵溪,贵溪,180.0,4.9
宜春方特水上乐园,江西,宜春,宜春,180.0,4.9
石城森林温泉,江西,石城,石城,99.0,4.9
赣州方特水上乐园,江西,赣州,赣州 · 方特东方欲晓/通天岩,180.0,4.9
江西鄱阳湖南矶湿地国家级自然保护区,江西,南昌,南昌,免费,4.7
西海岸景区,江西,玉山,玉山,免费,4.8
杏花楼,江西,南昌,南昌 · 滕王阁/万寿宫,免费,4.7
大坊荷兰创意村,江西,金溪,金溪,免费,4.9
玉川门,江西,庐山市,庐山市 · 庐山山上,免费,4.7
澄碧湖公园,江西,南昌县,南昌县 · 南昌县城区,免费,4.7
望仙燃梦篝火晚会,江西,上饶,上饶 · 望仙谷景区,免费,5.0
武功山嵘源温泉,江西,安福,安福,158.0,4.5
杜鹃山,江西,井冈山市,井冈山市,免费,4.7
杨府奇谭,江西,上饶,上饶 · 望仙谷景区,免费,5.0
傩面十二相,江西,上饶,上饶 · 望仙谷景区,免费,5.0
高岭宿集,江西,万安,万安,免费,4.9
胡氏宗祠,江西,上饶,上饶 · 望仙谷景区,免费,5.0
百舸桥,江西,上饶,上饶 · 望仙谷景区,免费,5.0
聚仙戏台,江西,上饶,上饶 · 望仙谷景区,免费,5.0
老围楼舞台,江西,上饶,上饶 · 望仙谷景区,免费,5.0
广旅·欢乐世界,江西,上饶,上饶,128.0,4.6
汉婚,江西,上饶,上饶 · 望仙谷景区,免费,5.0
九仙君澜温泉,江西,奉新,奉新,136.0,4.8
茨坪镇,江西,井冈山市,井冈山市 · 井冈山旅游区,免费,4.6
不羡鸳鸯只羡仙,江西,上饶,上饶 · 望仙谷景区,免费,5.0
贺龙指挥部旧址,江西,南昌,南昌 · 滕王阁/万寿宫,免费,暂无评分
野狼谷景区,江西,资溪,资溪,60.0,4.9
岩铺广场,江西,上饶,上饶 · 望仙谷景区,免费,5.0
武功山滑草场,江西,芦溪,芦溪,30.0,4.8
百花洲,江西,南昌,南昌 · 滕王阁/万寿宫,免费,4.8
名人雕塑园,江西,抚州,抚州,免费,4.7
汤湖温泉,江西,遂川,遂川,50.0,4.7
玉女开怀,江西,玉山,玉山,免费,4.9
马家洲公园,江西,修水,修水,免费,4.9
望仙谷-三神庙,江西,上饶,上饶 · 望仙谷景区,免费,5.0
象湖南湿地公园,江西,南昌,南昌 · 朝阳西湖万达/动物园/新洪城大市场,免费,4.8
仰天峡漂流,江西,奉新,奉新,188.0,4.0
江西修河国家湿地公园,江西,永修,永修,免费,5.0
翠微峰国家森林公园,江西,宁都,宁都,90.0,4.7
南昌新四军军部旧址陈列馆,江西,南昌,南昌 · 滕王阁/万寿宫,免费,暂无评分
甘棠湖,江西,九江,九江 · 浔阳楼/大中路步行街,免费,4.9
朱德旧居,江西,南昌,南昌,免费,暂无评分
龙虎山仙岩景区,江西,贵溪,贵溪,68.0,4.7
阳明山国家森林公园,江西,崇义,崇义,免费,4.5
滕王阁-南浦亭,江西,南昌,南昌 · 滕王阁/万寿宫,免费,4.7
高安市博物馆,江西,高安,高安,免费,4.7
饶州古镇,江西,鄱阳,鄱阳,免费,4.7
南清园景区,江西,玉山,玉山,免费,4.6
八一公园,江西,南昌,南昌 · 滕王阁/万寿宫,免费,4.7
九岭森林温泉度假村,江西,靖安,靖安,168.0,4.3
南昌县博物馆,江西,南昌县,南昌县 · 南昌县城区,免费,4.7
芦林湖,江西,庐山市,庐山市 · 庐山山上,免费,4.5
客家文化城,江西,赣州,赣州 · 七鲤古镇/梅林古镇,免费,4.7
江西省革命烈士纪念堂,江西,南昌,南昌 · 八一广场/王府井,免费,暂无评分
袁山公园,江西,宜春,宜春 · 市政府地区,免费,4.5
怪石岭,江西,南昌,南昌 · 梅岭风景区,50.0,4.2
阳明公园,江西,南昌,南昌 · 滕王阁/万寿宫,免费,4.8
天祥景区,江西,吉安县,吉安县,免费,4.6
怪石林,江西,乐平,乐平,37.0,4.7
绕南,江西,浮梁,浮梁 · 瑶里古镇度假区,免费,5.0
江岭赏油菜花海,江西,婺源,婺源 · 江岭度假区,免费,4.8
梦湖景区,江西,抚州,抚州,免费,4.5
高山草甸,江西,芦溪,芦溪,免费,4.5
艾溪湖森林湿地公园,江西,南昌,南昌 · 高新技术开发区及昌东商圈,免费,4.5
八大山人书院,江西,南昌,南昌 · 象湖风景区商圈,免费,4.8
公主岭飞行营地,江西,赣州,赣州,免费,5.0
赣江市民公园-红谷广场,江西,南昌,南昌 · 红谷滩万达/秋水广场,免费,4.7
永丰大桥,江西,上饶,上饶,免费,4.8
孺子亭公园,江西,南昌,南昌 · 滕王阁/万寿宫,免费,4.8
武功山国家级风景区-万龙峡漂流,江西,芦溪,芦溪,198.0,4.7
金山旅游风景区-金山寺,江西,进贤,进贤,免费,4.5
抚州汤溪温泉休闲度假区,江西,崇仁,崇仁,168.0,4.5
共青城富华山旅游区,江西,共青城,共青城,免费,4.8
江西师范大学(瑶湖校区),江西,南昌县,南昌县 · 瑶湖大学城/奥体中心,免费,4.5
半山温泉,江西,南昌,南昌 · 梅岭风景区,268.0,4.7
鱼山坞,江西,鄱阳,鄱阳,免费,4.9
花花世界,江西,万安,万安,免费,4.2
赣州城市中央公园,江西,赣州,赣州 · 赣州万象城/九方购物中心,免费,4.7
仙水岩芦溪河竹筏漂流,江西,贵溪,贵溪,免费,4.7
庐山东林大峡谷,江西,庐山市,庐山市,40.0,4.5
共和国摇篮旅游区-瑞金革命烈士纪念馆,江西,瑞金,瑞金,免费,暂无评分
吉安海洋世界,江西,吉安,吉安,115.83,4.5
九江租界旧址博物馆,江西,九江,九江 · 浔阳楼/大中路步行街,免费,4.6
神农源景区,江西,万年,万年,免费,4.9
云居山,江西,永修,永修,57.5,3.8
金竹瀑布景区,江西,乐安,乐安,72.0,4.7
泰山风景区,山东,泰安,泰安 · 玉皇顶/泰山山顶,115.0,4.7
沂蒙山云蒙景区(蒙山国家森林公园),山东,蒙阴,蒙阴,65.0,4.5
沂蒙山旅游区龟蒙景区,山东,平邑,平邑,65.0,4.5
曲阜三孔景区,山东,曲阜,曲阜 · 三孔景区,138.0,4.6
琅琊古城,山东,临沂,临沂 · 琅琊古城/临沂河东吾悦广场,118.0,4.7
青岛啤酒博物馆,山东,青岛,青岛 · 台东步行街/啤酒博物馆,60.0,4.8
趵突泉景区,山东,济南,济南 · 大明湖/泉城广场,40.0,4.6
崂山风景区,山东,青岛,青岛 · 崂山风景区,90.0,4.7
刘公岛景区,山东,威海,威海 · 威海市区/刘公岛,122.0,4.6
大明湖景区,山东,济南,济南 · 大明湖/泉城广场,免费,4.6
青州古城,山东,青州,青州 · 青州古城/云门山,4.5,4.5
信号山公园,山东,青岛,青岛 · 八大关/第一海水浴场,免费,4.5
蓬莱阁,山东,烟台,烟台 · 蓬莱阁/海洋馆/宝龙街,100.0,4.6
八大关,山东,青岛,青岛 · 八大关/第一海水浴场,免费,4.5
海合安青岛极地海洋公园,山东,青岛,青岛 · 石老人海水浴场/国信体育中心,229.0,4.7
天下第一泉风景区,山东,济南,济南 · 大明湖/泉城广场,免费,4.6
青岛奥帆中心,山东,青岛,青岛 · 五四广场/奥帆中心,免费,4.6
青岛海底世界,山东,青岛,青岛 · 八大关/第一海水浴场,96.0,4.6
山东博物馆,山东,济南,济南 · 奥体中心/万象城,免费,4.9
千佛山,山东,济南,济南 · 千佛山/舜耕会展中心,28.0,4.7
万平口海滨风景区,山东,日照,日照 · 万平口/东夷小镇度假区,免费,4.3
青岛德国总督楼旧址博物馆,山东,青岛,青岛 · 八大关/第一海水浴场,20.0,4.8
青岛方特梦幻王国,山东,青岛,青岛 · 方特梦幻王国/红岛高新区,154.0,4.8
西霞口神雕山野生动物园,山东,荣成,荣成 · 西霞口神雕山野生动物园/成山头风景名胜区,155.0,4.6
栈桥,山东,青岛,青岛 · 栈桥/中山路步行街,免费,4.7
尼山圣境,山东,曲阜,曲阜 · 尼山圣境,125.0,4.5
尼山旅游度假区,山东,曲阜,曲阜 · 尼山圣境,80.0,4.2
青岛海滨风景区,山东,青岛,青岛 · 八大关/第一海水浴场,免费,4.7
台儿庄古城,山东,枣庄,枣庄 · 台儿庄古城风景区,118.0,4.6
岱庙,山东,泰安,泰安 · 泰山风景名胜区红门/岱庙,20.0,4.8
海驴岛,山东,荣成,荣成,120.0,4.3
黄河口生态旅游区,山东,东营,东营 · 黄河口度假区,85.0,4.2
成山头风景名胜区,山东,荣成,荣成 · 西霞口神雕山野生动物园/成山头风景名胜区,138.0,4.5
西霞口旅游度假区,山东,荣成,荣成 · 西霞口神雕山野生动物园/成山头风景名胜区,60.0,4.5
海军博物馆,山东,青岛,青岛 · 八大关/第一海水浴场,免费,暂无评分
张裕酒文化博物馆,山东,烟台,烟台 · 第一海水浴场/烟台港,80.0,4.9
太平山观光索道,山东,青岛,青岛 · 八大关/第一海水浴场,129.0,4.5
日照开元森泊度假乐园,山东,日照,日照 · 万平口/东夷小镇度假区,99.9,5.0
蓬莱八仙过海国际旅游度假区,山东,烟台,烟台 · 八仙渡/抹直口/三仙山,免费,4.5
青岛奥运帆船出海体验中心,山东,青岛,青岛 · 五四广场/奥帆中心,免费,4.9
周村古商城,山东,淄博,淄博 · 周村古商城,免费,4.5
八仙过海景区,山东,烟台,烟台 · 八仙渡/抹直口/三仙山,70.0,4.4
清照泉城·明水古城国际泉水旅游度假区,山东,济南,济南 · 明水古城/章丘站,98.0,4.6
养马岛,山东,烟台,烟台 · 养马岛度假区,免费,4.3
青岛轮渡游船,山东,青岛,青岛 · 栈桥/中山路步行街,免费,4.4
摩天岭索道,山东,荣成,荣成 · 西霞口神雕山野生动物园/成山头风景名胜区,免费,4.3
山东文旅·红叶柿岩旅游区,山东,淄博,淄博 · 红叶柿岩/颜神古镇,60.0,4.5
泉城欧乐堡动物王国,山东,齐河,齐河,149.0,4.7
那香海鸡鸣岛,山东,荣成,荣成,108.0,4.4
五龙潭公园,山东,济南,济南 · 大明湖/泉城广场,免费,4.8
长岛南北长山旅游景区,山东,烟台,烟台 · 长岛风景区,129.0,4.5
孔庙,山东,曲阜,曲阜 · 三孔景区,80.0,4.6
青州博物馆,山东,青州,青州 · 青州古城/云门山,免费,4.6
五四广场,山东,青岛,青岛 · 五四广场/奥帆中心,免费,4.7
小麦岛公园,山东,青岛,青岛,免费,4.5
泉城欧乐堡梦幻世界,山东,齐河,齐河,172.0,4.5
火炬八街,山东,威海,威海 · 火炬八街/国际海水浴场,免费,3.9
那香海景区,山东,荣成,荣成 · 搁浅货轮布鲁维斯号/钻石沙滩浴场,免费,4.3
搁浅货轮布鲁维斯号,山东,荣成,荣成 · 搁浅货轮布鲁维斯号/钻石沙滩浴场,免费,4.6
泰山索道,山东,泰安,泰安 · 封禅大典/方特欢乐世界,免费,4.4
日照海洋公园,山东,日照,日照 · 万平口/东夷小镇度假区,165.0,4.7
崂山仰口游览区,山东,青岛,青岛 · 崂山风景区,90.0,4.6
日照海滨国家森林公园,山东,日照,日照 · 日照森林公园/任家台赶海园,免费,4.5
十笏园,山东,潍坊,潍坊 · 泰华城/风筝博物馆,22.0,4.6
烟台海昌鲸鲨海洋公园,山东,烟台,烟台 · 第二海水浴场,155.0,4.3
地下大峡谷,山东,沂水,沂水,92.0,4.1
黄岛金沙滩,山东,青岛,青岛 · 黄岛金沙滩度假区,免费,4.7
石老人海水浴场,山东,青岛,青岛 · 石老人海水浴场/国信体育中心,免费,4.5
蓬莱欧乐堡海洋极地世界,山东,烟台,烟台 · 蓬莱阁/海洋馆/宝龙街,149.0,4.5
王羲之故居,山东,临沂,临沂 · 泰盛广场/人民广场,19.0,4.6
布鲁维斯海滩,山东,荣成,荣成 · 搁浅货轮布鲁维斯号/钻石沙滩浴场,免费,4.8
威海国际海水浴场,山东,威海,威海 · 火炬八街/国际海水浴场,免费,4.6
青岛云上海天,山东,青岛,青岛 · 五四广场/奥帆中心,115.0,4.8
台东步行街,山东,青岛,青岛 · 台东步行街/啤酒博物馆,免费,4.4
三仙山风景区,山东,烟台,烟台 · 八仙渡/抹直口/三仙山,96.0,4.6
济南动物园,山东,济南,济南 · 泺口服装城/动物园,24.0,4.7
张裕卡斯特酒庄,山东,烟台,烟台 · 经济开发区/金沙滩海水浴场,70.0,4.9
孔子博物馆,山东,曲阜,曲阜,免费,4.9
威海华夏城,山东,威海,威海 · 威海站/韩乐坊,77.0,4.6
威海华夏文旅度假区,山东,威海,威海 · 威海站/韩乐坊,77.0,4.5
青州云门山风景区,山东,青州,青州 · 青州古城/云门山,57.0,4.6
曲水亭街,山东,济南,济南 · 大明湖/泉城广场,免费,4.6
大明湖风景名胜区-超然楼,山东,济南,济南 · 大明湖/泉城广场,免费,4.5
泰安地下龙宫(原泰山大裂谷),山东,泰安,泰安,96.0,4.3
泰山宝泰隆旅游度假区,山东,泰安,泰安,116.0,4.4
淄博陶瓷琉璃博物馆,山东,淄博,淄博 · 陶瓷琉璃馆/山东理工,免费,4.7
青岛丝路千古情景区,山东,胶州,胶州,158.0,4.7
沂蒙山旅游区,山东,蒙阴,蒙阴,65.0,4.7
烟台山景区,山东,烟台,烟台 · 第一海水浴场/烟台港,免费,4.7
山东泉城欧乐堡度假区,山东,齐河,齐河,172.0,4.5
微山湖旅游区,山东,微山,微山,130.0,4.0
淄博市文化中心,山东,淄博,淄博 · 陶瓷琉璃馆/山东理工,免费,5.0
韩乐坊,山东,威海,威海 · 威海站/韩乐坊,免费,4.1
即墨古城,山东,青岛,青岛 · 即墨古城/宝龙广场,免费,4.5
灵岩寺,山东,济南,济南 · 九如山/南部山区,40.0,4.8
济南野生动物世界,山东,济南,济南,159.0,4.5
新大宋不夜城,山东,东平,东平,80.0,4.4
泉城欧乐堡海洋极地世界,山东,齐河,齐河,145.0,4.6
威海神游海洋世界,山东,威海,威海 · 威海站/韩乐坊,99.0,4.5
摩天岭,山东,荣成,荣成 · 西霞口神雕山野生动物园/成山头风景名胜区,60.0,4.3
小鱼山公园,山东,青岛,青岛 · 八大关/第一海水浴场,免费,4.7
水泊梁山,山东,梁山,梁山,55.0,4.1
孔府,山东,曲阜,曲阜 · 三孔景区,60.0,4.6
齐河黄河国际生态城旅游度假区,山东,齐河,齐河,免费,4.9
所城里,山东,烟台,烟台 · 第一海水浴场/烟台港,免费,4.7
黑虎泉,山东,济南,济南 · 大明湖/泉城广场,免费,4.7
海信探索中心,山东,青岛,青岛 · 五四广场/奥帆中心,168.0,4.8
中天门,山东,泰安,泰安,免费,4.1
九如山休闲旅游度假区,山东,济南,济南 · 九如山/南部山区,79.0,4.6
水浒好汉城,山东,郓城,郓城,54.66,4.4
青岛第三海水浴场,山东,青岛,青岛 · 八大关/第一海水浴场,免费,4.8
龙口南山旅游景区,山东,龙口,龙口,60.0,4.5
日出东方海之秀,山东,日照,日照 · 万平口/东夷小镇度假区,100.0,4.5
猫头山,山东,威海,威海 · 半月湾/猫头山,免费,4.5
济南融创乐园,山东,济南,济南 · 融创乐园/唐冶,159.0,4.7
青岛森林野生动物世界,山东,青岛,青岛 · 城市阳台景区/西海岸,120.0,4.3
第一海水浴场,山东,青岛,青岛 · 八大关/第一海水浴场,免费,4.4
济南方特东方神画,山东,济南,济南 · 时代总部基地/方特,98.0,4.5
威海环海路观光巴士,山东,威海,威海 · 威海市区/刘公岛,免费,4.4
山东文旅·沂蒙山天蒙旅游区,山东,费县,费县,57.0,4.5
长岛旅游景区,山东,烟台,烟台 · 长岛风景区,129.0,4.5
黄花溪景区,山东,青州,青州,90.0,4.5
泰和山风景区,山东,青州,青州,90.0,4.4
那香海钻石沙滩浴场,山东,荣成,荣成 · 搁浅货轮布鲁维斯号/钻石沙滩浴场,免费,4.4
孤独的鲸,山东,烟台,烟台 · 经济开发区/金沙滩海水浴场,免费,4.4
朝阳步行街,山东,烟台,烟台 · 第一海水浴场/烟台港,免费,4.5
红叶谷,山东,济南,济南 · 九如山/南部山区,95.0,4.3
极地之光•青岛海上摩天轮,山东,青岛,青岛 · 石老人海水浴场/国信体育中心,59.9,4.4
海昌渔人码头风景区,山东,烟台,烟台 · 第二海水浴场,免费,4.5
文成城堡,山东,烟台,烟台,77.0,3.8
济南融创文旅城,山东,济南,济南 · 融创乐园/唐冶,免费,4.9
圣弥厄尔教堂,山东,青岛,青岛 · 栈桥/中山路步行街,免费,4.5
半月湾沙滩,山东,威海,威海 · 半月湾/猫头山,免费,4.8
湛山寺,山东,青岛,青岛 · 五四广场/奥帆中心,10.0,4.8
潭溪山,山东,淄博,淄博,40.0,4.6
尼山鲁源村景区,山东,曲阜,曲阜 · 尼山圣境,80.0,4.6
聊城水上古城,山东,聊城,聊城 · 东昌湖/铁塔商场,免费,4.3
黄河入海口,山东,东营,东营 · 黄河口度假区,免费,4.0
香海森林温泉,山东,荣成,荣成,68.0,4.6
欧乐堡梦幻世界,山东,烟台,烟台 · 八仙渡/抹直口/三仙山,149.0,4.4
灯塔风景区,山东,日照,日照 · 万平口/东夷小镇度假区,免费,4.4
耕海1号·山海海洋之星,山东,烟台,烟台 · 第二海水浴场,免费,4.9
ChocChoco巧克巧蔻巧克力博物馆,山东,青岛,青岛 · 栈桥/中山路步行街,免费,3.8
灵山岛,山东,青岛,青岛 · 灵山岛度假区,免费,3.7
偶园,山东,青州,青州 · 青州古城/云门山,18.0,4.4
竹泉村,山东,沂南,沂南,100.0,4.2
颜神古镇,山东,淄博,淄博 · 红叶柿岩/颜神古镇,49.9,4.1
泉城之眼·高空观景台,山东,济南,济南 · 济南站/长途汽车站,19.9,4.4
“侨乡号”游轮,山东,威海,威海 · 威海市区/刘公岛,158.0,4.2
海岱楼,山东,淄博,淄博 · 陶瓷琉璃馆/山东理工,免费,4.4
第三海水浴场,山东,日照,日照 · 山海天浴场/太公岛牡蛎公园,免费,4.7
青铜山大峡谷,山东,济南,济南 · 九如山/南部山区,64.5,4.4
崂山巨峰游览区,山东,青岛,青岛 · 崂山风景区,120.0,4.8
银滩滨海旅游度假区,山东,乳山,乳山 · 银滩旅游度假区,免费,4.6
泰安方特欢乐世界,山东,泰安,泰安 · 封禅大典/方特欢乐世界,79.0,4.5
东夷小镇,山东,日照,日照 · 万平口/东夷小镇度假区,免费,4.3
华林园风景区,山东,齐河,齐河,139.0,4.3
萤火虫水洞,山东,沂水,沂水,96.0,4.4
齐盛湖公园,山东,淄博,淄博 · 陶瓷琉璃馆/山东理工,免费,4.9
摩天岭跨海索道,山东,荣成,荣成 · 西霞口神雕山野生动物园/成山头风景名胜区,免费,4.3
井塘古村,山东,青州,青州,38.9,4.2
乐陵影视城,山东,乐陵,乐陵,39.0,4.7
淄博聊斋城,山东,淄博,淄博,60.0,4.3
崂山太清游览区,山东,青岛,青岛 · 崂山风景区,免费,4.4
青山渔村,山东,青岛,青岛 · 崂山风景区,免费,4.0
孟府孟庙景区,山东,邹城,邹城,35.0,4.6
威海退役驱逐舰,山东,威海,威海 · 威海市区/刘公岛,39.9,4.7
威海幸福门,山东,威海,威海 · 威海市区/刘公岛,88.0,4.2
幸福门广场-海阅景区,山东,威海,威海 · 威海市区/刘公岛,免费,暂无评分
东昌湖,山东,聊城,聊城 · 东昌湖/铁塔商场,免费,4.5
极地海洋馆,山东,青岛,青岛 · 石老人海水浴场/国信体育中心,免费,4.8
青岛山海间不夜城主题街区,山东,青岛,青岛 · 方特梦幻王国/红岛高新区,免费,3.7
奇幻山海间,山东,青岛,青岛 · 方特梦幻王国/红岛高新区,150.0,3.9
黄河三角洲动物园,山东,东营,东营,25.0,4.6
九仙山风景区,山东,五莲,五莲,64.0,4.1
潍坊世界风筝博物馆,山东,潍坊,潍坊 · 泰华城/风筝博物馆,免费,4.7
青岛东方影都融创水世界,山东,青岛,青岛 · 城市阳台景区/西海岸,198.0,4.4
琴屿路,山东,青岛,青岛 · 八大关/第一海水浴场,免费,4.9
青岛东方影都,山东,青岛,青岛 · 城市阳台景区/西海岸,免费,4.2
红嫂家乡旅游区,山东,沂南,沂南,免费,暂无评分
山海天旅游度假区,山东,日照,日照 · 山海天浴场/太公岛牡蛎公园,免费,5.0
曹州牡丹园,山东,菏泽,菏泽 · 菏泽学院/大学城/牡丹园,免费,4.3
大黑山岛,山东,烟台,烟台 · 长岛风景区,免费,4.6
烟台金沙滩旅游度假区,山东,烟台,烟台 · 经济开发区/金沙滩海水浴场,免费,5.0
蓬莱仙岛,山东,烟台,烟台 · 八仙渡/抹直口/三仙山,免费,4.5
时光塔,山东,烟台,烟台 · 经济开发区/金沙滩海水浴场,49.0,4.4
威海公园,山东,威海,威海 · 威海市区/刘公岛,免费,4.7
公主楼,山东,青岛,青岛 · 八大关/第一海水浴场,50.0,4.2
银雀山汉墓竹简博物馆,山东,临沂,临沂 · 泰盛广场/人民广场,免费,4.8
齐文化博物院,山东,淄博,淄博,免费,4.8
光岳楼,山东,聊城,聊城 · 东昌湖/铁塔商场,30.0,4.5
太平山景区,山东,青岛,青岛 · 八大关/第一海水浴场,免费,4.1
中山公园,山东,青岛,青岛 · 八大关/第一海水浴场,免费,4.7
海源公园,山东,威海,威海 · 半月湾/猫头山,免费,4.8
魏氏庄园,山东,惠民,惠民,50.0,4.4
日照世帆赛基地,山东,日照,日照 · 万平口/东夷小镇度假区,免费,4.3
小石岛,山东,威海,威海 · 火炬八街/国际海水浴场,免费,3.8
牟氏庄园,山东,栖霞,栖霞,60.0,4.4
环海路,山东,威海,威海 · 半月湾/猫头山,免费,4.9
沂蒙山旅游区沂山景区,山东,临朐,临朐,79.0,4.2
蓬莱阁索道,山东,烟台,烟台 · 蓬莱阁/海洋馆/宝龙街,40.0,4.3
德国监狱旧址博物馆,山东,青岛,青岛 · 栈桥/中山路步行街,5.0,4.2
悦海公园,山东,威海,威海 · 威海站/韩乐坊,免费,4.5
泰山石敢当景区,山东,泰安,泰安 · 天平湖/桃花峪登山口,79.0,4.6
铁道游击队景区,山东,枣庄,枣庄 · 薛城城区,40.0,暂无评分
东方伊甸园,山东,青岛,青岛 · 方特梦幻王国/红岛高新区,86.0,4.8
崂山九水游览区,山东,青岛,青岛 · 崂山风景区,90.0,4.6
刘家湾赶海园,山东,日照,日照,45.0,4.1
大唐白泉驿,山东,济南,济南 · 章丘大学城,免费,4.4
九丈崖,山东,烟台,烟台 · 长岛风景区,免费,4.7
第二海水浴场,山东,青岛,青岛 · 八大关/第一海水浴场,免费,4.4
崆峒胜境,山东,烟台,烟台 · 商业中心区/汽车站/火车站,189.0,4.3
孔林,山东,曲阜,曲阜 · 三孔景区,10.0,4.6
赤山风景区,山东,荣成,荣成 · 石岛,184.0,4.3
青岛奥帆海洋文化旅游区,山东,青岛,青岛 · 五四广场/奥帆中心,免费,4.6
琴岛之星摩天轮,山东,青岛,青岛 · 黄岛金沙滩度假区,48.0,4.6
金石湾艺术园区,山东,荣成,荣成 · 西霞口神雕山野生动物园/成山头风景名胜区,39.9,3.4
鲁迅公园,山东,青岛,青岛 · 八大关/第一海水浴场,免费,4.5
齐山风景区,山东,淄博,淄博,73.0,4.6
崂山太清宫,山东,青岛,青岛 · 崂山风景区,免费,4.6
南山大佛,山东,龙口,龙口,免费,4.4
大珠山风景区,山东,青岛,青岛 · 城市阳台景区/西海岸,38.0,4.6
台儿庄大战纪念馆,山东,枣庄,枣庄 · 台儿庄古城风景区,免费,暂无评分
《神游传奇》秀,山东,威海,威海 · 威海站/韩乐坊,249.0,4.5
中国甲午战争博物馆,山东,威海,威海 · 威海市区/刘公岛,免费,暂无评分
爱伦湾海洋牧场,山东,荣成,荣成,118.0,4.1
月亮湾,山东,烟台,烟台 · 第一海水浴场/烟台港,免费,4.7
中天门索道站,山东,泰安,泰安,免费,3.7
燕儿岛山公园,山东,青岛,青岛 · 五四广场/奥帆中心,免费,4.5
枣庄市薛城区铁道游击队纪念园,山东,枣庄,枣庄 · 薛城城区,免费,暂无评分
星岛·桃花岛风景区,山东,日照,日照 · 山海天浴场/太公岛牡蛎公园,免费,3.8
宛园,山东,临清,临清,68.0,4.6
红高粱影视城,山东,高密,高密,80.0,4.3
朱家峪,山东,济南,济南,34.2,4.4
威高水上乐园,山东,威海,威海 · 火炬八街/国际海水浴场,160.0,4.9
济宁方特东方欲晓,山东,济宁,济宁 · 济宁高新区,184.0,4.7
东宛园景区,山东,临清,临清,78.0,4.5
五莲山风景区,山东,五莲,五莲,65.0,4.5
定远舰,山东,威海,威海 · 威海市区/刘公岛,免费,4.6
泉城欧乐堡水上世界,山东,齐河,齐河,免费,4.6
滕州微山湖红荷湿地,山东,滕州,滕州,50.0,4.2
驼山,山东,青州,青州,47.5,4.5
景阳冈,山东,阳谷,阳谷,27.0,3.9
山海天阳光海岸景区,山东,日照,日照 · 山海天浴场/太公岛牡蛎公园,免费,5.0
张裕国际葡萄酒城,山东,烟台,烟台,218.0,5.0
东楮岛风景区,山东,荣成,荣成,108.0,4.2
中国水准零点景区,山东,青岛,青岛 · 五四广场/奥帆中心,60.0,4.4
月牙湾公园,山东,烟台,烟台 · 长岛风景区,免费,4.5
济南融创海世界,山东,济南,济南 · 融创乐园/唐冶,79.0,4.8
孙子兵法城,山东,惠民,惠民,27.59,4.2
山陕会馆,山东,聊城,聊城 · 东昌湖/铁塔商场,免费,4.6
微山岛景区,山东,微山,微山,130.0,4.2
天上王城景区,山东,沂水,沂水,63.7,4.7
芝罘湾大帆船,山东,烟台,烟台 · 商业中心区/汽车站/火车站,39.9,4.6
九龙峪,山东,青州,青州,免费,3.9
浮来山风景区,山东,莒县,莒县,49.9,4.4
天鹅湖生态旅游区,山东,荣成,荣成 · 搁浅货轮布鲁维斯号/钻石沙滩浴场,免费,4.8
大学路,山东,青岛,青岛 · 八大关/第一海水浴场,免费,4.2
携程旅行体验中心(三孔景区店),山东,曲阜,曲阜 · 三孔景区,免费,5.0
寿光极地海洋世界,山东,寿光,寿光,89.0,4.9
青岛颐海花园酒店温泉,山东,青岛,青岛 · 温泉度假区/蓝色硅谷,108.0,5.0
石岛人家景区,山东,荣成,荣成,免费,5.0
东阿中医药文化旅游区-阿胶世界,山东,东阿,东阿,30.0,5.0
济南融创体育世界,山东,济南,济南 · 融创乐园/唐冶,免费,4.9
青岛市地心引力减压娱乐综合馆,山东,青岛,青岛 · 青岛北站/李村夜市,免费,5.0
武定府衙景区,山东,惠民,惠民,免费,4.9
威海成山爱连湾海洋牧场,山东,荣成,荣成,198.0,4.9
东阿中医药文化旅游区,山东,东阿,东阿,30.0,4.9
普照寺,山东,泰安,泰安 · 天外村/泰山风景区乘车登山口,免费,4.8
青岛大沽河省级生态旅游度假区,山东,胶州,胶州 · 青岛胶东国际机场,免费,4.8
中山路城市记忆馆,山东,青岛,青岛 · 栈桥/中山路步行街,免费,4.8
贝特城多元运动中心蹦床公园,山东,淄博,淄博 · 陶瓷琉璃馆/山东理工,免费,5.0
海上仙街,山东,烟台,烟台 · 蓬莱阁/海洋馆/宝龙街,免费,4.4
沐锶汤温泉度假区,山东,高青,高青,58.0,5.0
青岛海泉湾•海洋之星摩天轮,山东,青岛,青岛 · 温泉度假区/蓝色硅谷,60.0,4.8
泰山风景名胜区-十八盘,山东,泰安,泰安 · 玉皇顶/泰山山顶,免费,4.7
诸城市动物园,山东,诸城,诸城,78.0,4.7
青岛鲨鱼航海俱乐部,山东,青岛,青岛 · 五四广场/奥帆中心,免费,4.9
济南融创水世界,山东,济南,济南 · 融创乐园/唐冶,188.0,4.7
青岛啤酒纯生之旅,山东,青岛,青岛 · 青岛北站/李村夜市,50.0,4.5
潍坊市博物馆,山东,潍坊,潍坊 · 潍坊学院/谷德广场,免费,4.7
青岛童梦园,山东,青岛,青岛 · 崂山风景区,68.0,4.8
玉皇顶,山东,泰安,泰安 · 玉皇顶/泰山山顶,免费,4.7
青岛唐岛湾,山东,青岛,青岛 · 黄岛金沙滩度假区,免费,4.9
泰山皮影(岱庙店),山东,泰安,泰安,40.0,4.9
观唐温泉,山东,临沂,临沂,109.9,4.6
世纪公园,山东,青岛,青岛 · 城阳综合商务区,免费,4.7
中车四方文化科技馆,山东,青岛,青岛 · 台东步行街/啤酒博物馆,免费,4.9
任城蓼河公园,山东,济宁,济宁 · 济宁高新区,免费,4.9
洪家楼天主教堂,山东,济南,济南 · 印象城/山东大学,免费,4.6
蒙山康谷温泉,山东,平邑,平邑,68.0,4.8
人民广场,山东,潍坊,潍坊 · 潍坊学院/谷德广场,免费,4.9
中国阿胶博物馆,山东,东阿,东阿,免费,4.9
唐岛湾滨海公园,山东,青岛,青岛 · 黄岛金沙滩度假区,免费,4.7
青岛大学(浮山校区),山东,青岛,青岛 · 五四广场/奥帆中心,免费,4.9
莱芜战役纪念馆,山东,济南,济南,免费,暂无评分
昆嵛山无染寺,山东,威海,威海,50.0,4.5
李宗仁史料馆,山东,枣庄,枣庄 · 台儿庄古城风景区,免费,4.7
聊城中国运河文化博物馆,山东,聊城,聊城 · 东昌湖/铁塔商场,免费,4.8
济南森林公园,山东,济南,济南 · 济南西站/山东国际会展中心,免费,4.6
莱西月湖公园,山东,莱西,莱西,免费,4.8
宝相寺,山东,汶上,汶上,免费,4.6
鲁山国家森林公园,山东,淄博,淄博,36.0,4.7
小青岛景区,山东,青岛,青岛 · 八大关/第一海水浴场,免费,4.7
商河温泉基地,山东,商河,商河,89.9,4.5
青州宋城,山东,青州,青州 · 青州古城/云门山,免费,4.7
峄山,山东,邹城,邹城,55.0,4.5
山东文旅·济南电影幻城,山东,济南,济南 · 长清大学城,免费,4.9
栖霞艾山温泉康养小镇,山东,栖霞,栖霞,免费,3.1
济南奥林匹克体育中心,山东,济南,济南 · 奥体中心/万象城,免费,4.7
四门塔,山东,济南,济南 · 九如山/南部山区,30.0,4.7
日观峰,山东,泰安,泰安 · 玉皇顶/泰山山顶,免费,4.7
济南市环城公园,山东,济南,济南 · 大明湖/泉城广场,免费,4.6
解放阁,山东,济南,济南 · 大明湖/泉城广场,免费,暂无评分
芭东小镇温泉,山东,青岛,青岛 · 温泉度假区/蓝色硅谷,158.0,4.8
华东革命烈士陵园,山东,临沂,临沂 · 泰盛广场/人民广场,免费,暂无评分
泉城欧乐堡戏水湾艺术养生温泉,山东,齐河,齐河,159.0,4.4
青岛乘风破浪帆船俱乐部,山东,青岛,青岛 · 五四广场/奥帆中心,免费,4.7
临沂动植物园,山东,临沂,临沂,45.0,4.5
牛郎织女景区,山东,沂源,沂源,免费,4.9
青岛八大峡,山东,青岛,青岛 · 栈桥/中山路步行街,免费,4.9
南天门,山东,泰安,泰安 · 玉皇顶/泰山山顶,免费,4.6
青岛科技馆,山东,青岛,青岛 · 方特梦幻王国/红岛高新区,免费,4.7
徂徕山森林温泉康养度假谷,山东,泰安,泰安,138.0,4.7
青岛比如童趣小城,山东,青岛,青岛 · 新都心凯德Mall/中央商务区,免费,4.3
揽翠湖天沐温泉度假村,山东,临朐,临朐,59.9,4.5
龙园旅游度假区,山东,临沂,临沂,59.9,4.5
青岛贝林自然博物馆,山东,青岛,青岛 · 台东步行街/啤酒博物馆,80.0,4.3
潍坊植物园,山东,潍坊,潍坊,免费,4.6
黄金河度假村,山东,烟台,烟台,66.9,4.6
长岛观日出,山东,烟台,烟台 · 长岛风景区,免费,4.7
水城之眼摩天轮,山东,聊城,聊城 · 东昌湖/铁塔商场,50.0,4.5
圣豪丽景温泉,山东,惠民,惠民,128.0,4.5
沭河公园,山东,莒县,莒县,免费,4.8
清风湖公园,山东,东营,东营 · 东城区/清风湖公园/市政府,免费,4.7
华侨城欢乐荟,山东,济南,济南 · 章丘大学城,118.0,4.6
孔雀王温泉会馆,山东,齐河,齐河,98.0,4.8
东海天下水世界,山东,平原,平原,98.0,4.9
虞舜公园,山东,潍坊,潍坊,免费,5.0
中国杜鹃花博览园,山东,日照,日照 · 山海天浴场/太公岛牡蛎公园,免费,4.8
青州古城-偶园街,山东,青州,青州 · 青州古城/云门山,免费,4.7
城市阳台景区,山东,青岛,青岛 · 城市阳台景区/西海岸,免费,4.3
李沧文化公园,山东,青岛,青岛 · 青岛北站/李村夜市,免费,5.0
东苑公园,山东,潍坊,潍坊 · 泰华城/风筝博物馆,免费,4.9
郎茂山公园,山东,济南,济南 · 济南大学商圈,免费,4.8
人民公园,山东,五莲,五莲,免费,4.8
百花公园,山东,济南,济南 · 印象城/山东大学,免费,4.8
孔庙-大成殿,山东,曲阜,曲阜 · 三孔景区,免费,4.8
泉城广场,山东,济南,济南 · 大明湖/泉城广场,免费,4.6
李村河生态全景示范园,山东,青岛,青岛 · 青岛北站/李村夜市,免费,5.0
嵩山少林景区,河南,登封,登封,80.0,4.5
云台山风景名胜区,河南,修武,修武,178.0,4.7
清明上河园,河南,开封,开封 · 万岁山武侠城/清明上河园,118.0,4.6
太行大峡谷景区,河南,林州,林州,135.0,4.5
河南宝泉旅游区,河南,辉县,辉县,231.0,4.5
龙门石窟,河南,洛阳,洛阳 · 高铁龙门站/市政府新区,88.0,4.7
老君山景区,河南,栾川,栾川 · 老君山景区,98.0,4.7
万岁山武侠城,河南,开封,开封 · 万岁山武侠城/清明上河园,98.0,4.6
宋都皇城旅游度假区,河南,开封,开封,免费,4.6
只有河南·戏剧幻城,河南,中牟,中牟,290.0,4.7
洛阳博物馆,河南,洛阳,洛阳 · 高铁龙门站/市政府新区,免费,4.7
河南博物院,河南,郑州,郑州 · 文化路/省博物院,免费,4.8
开封府,河南,开封,开封 · 开封鼓楼广场,58.0,4.5
开封博物馆,河南,开封,开封 · 开封北站商圈,免费,4.8
郑州银基动物王国,河南,新密,新密 · 银基国际旅游度假区,99.0,4.4
隋唐洛阳城应天门遗址,河南,洛阳,洛阳 · 洛邑古城/丽景门十字街,56.0,4.5
白马寺,河南,洛阳,洛阳,免费,4.6
隋唐洛阳城国家遗址公园,河南,洛阳,洛阳 · 洛邑古城/丽景门十字街,免费,4.4
汴河游船,河南,开封,开封 · 开封鼓楼广场,30.0,4.7
洛邑古城,河南,洛阳,洛阳 · 洛邑古城/丽景门十字街,免费,4.2
郑州银基国际旅游度假区,河南,新密,新密 · 银基国际旅游度假区,免费,4.5
洛阳古墓博物馆,河南,洛阳,洛阳 · 北郊机场地区,免费,4.7
殷墟博物馆,河南,安阳,安阳,78.0,4.8
大相国寺,河南,开封,开封 · 开封鼓楼广场,37.5,4.6
隋唐洛阳城明堂天堂景区,河南,洛阳,洛阳 · 洛邑古城/丽景门十字街,86.0,4.4
嵩山风景名胜区,河南,登封,登封,80.0,4.6
郑州电影小镇,河南,中牟,中牟,100.0,4.6
中国国花园,河南,洛阳,洛阳 · 高铁龙门站/市政府新区,免费,4.6
寻迹洛神赋,河南,洛阳,洛阳 · 高铁龙门站/市政府新区,188.0,4.5
洛阳大河荟,河南,洛阳,洛阳 · 高铁龙门站/市政府新区,免费,4.7
殷墟,河南,安阳,安阳,48.0,4.7
隋唐洛阳城九洲池,河南,洛阳,洛阳 · 新都汇/王府井,27.0,4.3
中原福塔,河南,郑州,郑州 · 经济开发区,98.0,4.8
铁塔景区,河南,开封,开封 · 万岁山武侠城/清明上河园,30.0,4.6
隋唐城遗址植物园,河南,洛阳,洛阳 · 高铁龙门站/市政府新区,免费,4.6
郑州黄河文化公园,河南,郑州,郑州 · 黄河游览区,43.0,4.4
龙亭景区,河南,开封,开封,45.0,4.5
郑州方特欢乐世界,河南,中牟,中牟 · 方特度假区,97.0,4.8
郑州方特旅游度假区,河南,中牟,中牟 · 方特度假区,186.0,4.8
开封包公祠,河南,开封,开封 · 开封鼓楼广场,29.0,4.2
八里沟景区,河南,辉县,辉县,160.0,4.3
龙潭大峡谷,河南,新安,新安,78.0,4.5
郑州海昌海洋公园,河南,中牟,中牟,139.0,4.7
隋唐大运河文化博物馆,河南,洛阳,洛阳 · 洛邑古城/丽景门十字街,免费,4.6
鸡公山景区,河南,信阳,信阳,59.9,4.4
关林庙,河南,洛阳,洛阳 · 高铁龙门站/市政府新区,38.9,4.5
红旗渠,河南,林州,林州,80.0,暂无评分
万仙山景区,河南,辉县,辉县 · 万仙山郭亮村,107.0,4.4
陕州地坑院,河南,三门峡,三门峡,68.0,4.4
二七广场,河南,郑州,郑州 · 二七广场/丹尼斯大卫城,免费,4.6
康百万庄园,河南,巩义,巩义,48.0,4.6
二里头夏都遗址博物馆,河南,洛阳,洛阳,免费,4.7
中国文字博物馆,河南,安阳,安阳 · 万达广场,免费,4.9
中国翰园碑林,河南,开封,开封 · 万岁山武侠城/清明上河园,35.0,4.6
鸡冠洞,河南,栾川,栾川,78.0,4.4
新乡南太行旅游度假区,河南,辉县,辉县,免费,4.3
开封城墙,河南,开封,开封 · 万岁山武侠城/清明上河园,37.9,4.5
洛阳白云山风景区,河南,嵩县,嵩县,72.5,4.4
嵖岈山风景区,河南,遂平,遂平,65.0,4.5
郑州方特梦幻王国,河南,中牟,中牟 · 方特度假区,97.0,4.9
天波杨府,河南,开封,开封,40.0,4.3
芒砀山,河南,永城,永城,免费,4.3
郑州银基冰雪世界,河南,新密,新密 · 银基国际旅游度假区,115.0,4.4
曹操高陵遗址博物馆,河南,安阳县,安阳县,50.0,4.6
曹魏古城,河南,许昌,许昌 · 许昌站/胖东来时代广场,免费,4.2
巩县石窟,河南,巩义,巩义,28.0,4.7
南阳卧龙岗武侯祠,河南,南阳,南阳 · 南阳火车站/师范学院商圈,50.0,4.6
卧龙岗,河南,南阳,南阳 · 南阳火车站/师范学院商圈,免费,4.9
丽景门景区,河南,洛阳,洛阳 · 洛邑古城/丽景门十字街,45.0,4.2
山陕甘会馆,河南,开封,开封 · 开封鼓楼广场,23.0,4.5
郑州海洋馆,河南,郑州,郑州 · 北环沿线/郑州海洋馆,186.0,4.6
重渡沟风景区,河南,栾川,栾川 · 重渡沟/竹海野生动物园,120.0,4.3
太昊伏羲陵文化旅游区,河南,周口,周口 · 太昊陵/淮阳区,40.0,4.7
栾川竹海野生动物园,河南,栾川,栾川 · 重渡沟/竹海野生动物园,60.0,4.7
王城公园,河南,洛阳,洛阳 · 新都汇/王府井,28.0,4.4
老界岭旅游度假区,河南,西峡,西峡,1.0,4.4
曹丞相府,河南,许昌,许昌 · 许昌站/胖东来时代广场,40.0,3.9
郑州银基乐海神话世界,河南,新密,新密 · 银基国际旅游度假区,56.0,4.5
南湾湖风景区,河南,信阳,信阳,60.0,3.9
羑里城,河南,汤阴,汤阴,37.9,4.5
南阳府衙,河南,南阳,南阳 · 独山大道/新华路商圈,39.0,4.6
文新茶村,河南,信阳,信阳,免费,4.2
汤阴岳飞庙,河南,汤阴,汤阴,38.0,4.5
周口野生动物世界,河南,周口,周口,138.0,4.6
春秋楼景区,河南,许昌,许昌 · 许昌站/胖东来时代广场,22.9,4.4
尧山风景区,河南,鲁山,鲁山,53.79,4.8
商丘古城景区,河南,商丘,商丘 · 商丘古城,免费,4.3
王府竹海度假旅游区,河南,栾川,栾川,65.0,4.9
太清宫,河南,鹿邑,鹿邑,10.0,4.4
函谷关历史文化旅游区,河南,灵宝,灵宝,59.9,4.3
清明上河·宋宴,河南,开封,开封 · 万岁山武侠城/清明上河园,免费,4.5
尧山大峡谷漂流,河南,鲁山,鲁山,131.4,4.3
卢舍那大佛,河南,洛阳,洛阳 · 高铁龙门站/市政府新区,免费,4.8
安阳天宁寺,河南,安阳,安阳 · 安阳站,19.5,4.6
大玉米58楼城市观光厅,河南,郑州,郑州 · CBD国际会展中心,64.0,4.1
许昌灞陵桥景区,河南,许昌,许昌 · 许昌站/胖东来时代广场,27.9,4.2
中原大佛景区,河南,鲁山,鲁山,35.0,4.4
郑州市动物园,河南,郑州,郑州 · 国贸360广场/正弘城,30.0,4.6
神州牡丹园,河南,洛阳,洛阳,50.0,4.4
伏羲大峡谷,河南,新密,新密,49.0,4.6
绿地中心千玺广场,河南,郑州,郑州 · CBD国际会展中心,免费,4.5
嵩阳书院,河南,登封,登封,79.9,4.6
万岁山武侠城-仙侠奇境,河南,开封,开封 · 万岁山武侠城/清明上河园,免费,3.7
朱仙镇启封故园,河南,开封,开封,49.9,4.2
国家牡丹园,河南,洛阳,洛阳 · 火车站地区,50.0,4.5
河南宝泉旅游区-宝泉大峡谷,河南,辉县,辉县,免费,4.4
溱洧水城,河南,新密,新密,免费,4.3
太行天路,河南,林州,林州,免费,4.6
红旗渠青年洞,河南,林州,林州,免费,4.5
西峡恐龙遗迹园,河南,西峡,西峡,66.8,4.4
遇见山海城市度假区,河南,郑州,郑州 · 文化路/省博物院,免费,4.1
三皇寨,河南,登封,登封,免费,4.5
王屋山景区,河南,济源,济源,50.0,4.8
袁林,河南,安阳,安阳,33.96,4.3
伏羲山旅游区,河南,新密,新密,免费,4.6
十里画屏,河南,栾川,栾川 · 老君山景区,免费,4.6
回龙天界山景区,河南,辉县,辉县,88.0,4.5
鼓楼夜市,河南,开封,开封 · 开封鼓楼广场,免费,4.6
神垕钧瓷文化旅游区,河南,禹州,禹州,免费,4.7
殷墟宫殿宗庙遗址,河南,安阳,安阳,免费,4.5
文峰塔,河南,安阳,安阳 · 安阳站,19.5,4.6
瞻园,河南,郑州,郑州,50.0,4.5
中岳庙,河南,登封,登封,30.0,4.7
安阳方特殷商神画,河南,安阳,安阳,195.0,4.9
周口森林公园,河南,周口,周口,免费,暂无评分
波尔登森林公园,河南,信阳,信阳,45.0,3.9
峰林峡,河南,修武,修武,60.0,4.3
郑州中国绿化博览园,河南,中牟,中牟 · 方特度假区,20.0,4.7
云梦山风景区,河南,淇县,淇县,60.0,3.9
石板岩小镇,河南,林州,林州,免费,4.5
嵩山少林索道,河南,登封,登封,70.0,4.6
老君山金顶道观群,河南,栾川,栾川 · 老君山景区,免费,4.8
繁塔,河南,开封,开封 · 开封火车站商圈,免费,4.0
白园,河南,洛阳,洛阳 · 高铁龙门站/市政府新区,免费,4.5
中灵索道-下站,河南,栾川,栾川 · 老君山景区,免费,4.7
老子故里旅游区,河南,鹿邑,鹿邑,免费,4.6
山陕会馆,河南,社旗,社旗,免费,4.9
赊店古镇,河南,社旗,社旗,免费,4.9
郑州博物馆,河南,郑州,郑州 · 奥体中心/郑州植物园商圈,免费,4.9
郑州二七纪念馆,河南,郑州,郑州 · 二七广场/丹尼斯大卫城,免费,暂无评分
河南宝泉旅游区-宝泉崖天下景区,河南,辉县,辉县,免费,4.3
郭亮挂壁公路,河南,辉县,辉县 · 万仙山郭亮村,免费,4.7
殷墟王陵遗址,河南,安阳,安阳,免费,4.7
三门峡大坝风景区,河南,三门峡,三门峡,免费,4.5
明道宫,河南,鹿邑,鹿邑,10.0,4.6
太行山,河南,林州,林州,免费,4.9
天子驾六博物馆,河南,洛阳,洛阳 · 新都汇/王府井,免费,4.3
焦作市云台山风景名胜区-红石峡,河南,修武,修武,免费,4.7
花都温泉度假区,河南,鄢陵,鄢陵,88.0,4.8
龙门海洋馆,河南,洛阳,洛阳 · 高铁龙门站/市政府新区,88.0,4.4
郑州银基黄帝宫御温泉,河南,新密,新密 · 银基国际旅游度假区,133.0,4.8
天柱沟大峡谷,河南,辉县,辉县,免费,4.1
河图洛书,河南,洛阳,洛阳 · 高铁龙门站/市政府新区,99.0,4.6
神农山风景区,河南,沁阳,沁阳,39.9,4.2
丹江大观苑,河南,淅川,淅川,85.0,4.0
汉魏洛阳故城遗址博物馆,河南,洛阳,洛阳,免费,4.2
内乡县衙,河南,内乡,内乡,75.0,4.8
河南杜甫故里,河南,巩义,巩义,24.94,4.5
汴梁小宋城,河南,开封,开封 · 万岁山武侠城/清明上河园,免费,4.3
黄河三峡,河南,济源,济源,免费,4.1
牡丹博物馆,河南,洛阳,洛阳 · 高铁龙门站/市政府新区,60.0,4.6
青天河,河南,博爱,博爱,60.0,4.3
太室山,河南,登封,登封,79.9,4.6
郑州方特水上乐园,河南,中牟,中牟 · 方特度假区,100.0,4.7
桃花谷,河南,林州,林州,免费,4.7
洛阳老街,河南,洛阳,洛阳 · 洛邑古城/丽景门十字街,免费,4.4
洛阳伏牛山四季旅游度假区,河南,栾川,栾川,57.0,5.0
洛阳伏牛山滑雪场,河南,栾川,栾川,60.0,4.2
神州鸟园,河南,漯河,漯河,19.9,4.5
张仲景博物院(医圣祠),河南,南阳,南阳 · 独山大道/新华路商圈,23.8,4.5
南阳医圣祠,河南,南阳,南阳 · 独山大道/新华路商圈,免费,4.9
大鸿寨风景区,河南,禹州,禹州,32.0,4.3
黄河小浪底水利枢纽风景区,河南,洛阳,洛阳,40.0,4.3
汉梁王陵,河南,永城,永城,55.0,4.5
老乐山风景区,河南,确山,确山,50.0,4.1
郝堂村,河南,信阳,信阳,免费,4.5
三门峡天鹅湖旅游度假区,河南,三门峡,三门峡,免费,5.0
天鹅湖国家城市湿地公园,河南,三门峡,三门峡,免费,4.7
齐王寨景区,河南,辉县,辉县,30.0,4.1
香山寺,河南,洛阳,洛阳 · 高铁龙门站/市政府新区,免费,4.4
古灵山,河南,淇县,淇县,40.0,4.4
夫子山景区,河南,永城,永城,60.0,4.2
南阳世界月季大观园,河南,南阳,南阳 · 迎宾大道/姜营机场商圈,免费,4.6
抱犊古寨,河南,栾川,栾川,59.9,4.3
关林景区,河南,洛阳,洛阳 · 高铁龙门站/市政府新区,39.0,4.6
延庆观,河南,开封,开封 · 开封鼓楼广场,免费,4.1
大伾山景区,河南,浚县,浚县,45.0,4.3
郑州商都遗址博物院,河南,郑州,郑州 · 紫荆山商业区,免费,4.6
安阳博物馆,河南,安阳,安阳 · 万达广场,免费,4.5
郑州大观音寺,河南,郑州,郑州 · 北环沿线/郑州海洋馆,免费,4.6
关山国家地质公园,河南,辉县,辉县,60.0,4.4
嵩阳景区,河南,登封,登封,79.9,4.6
中华影视村-郭亮村,河南,辉县,辉县 · 万仙山郭亮村,免费,4.3
万岁山武侠城-东部游乐区,河南,开封,开封 · 万岁山武侠城/清明上河园,免费,3.0
南海禅寺,河南,汝南,汝南,40.0,4.4
老君山大峡谷漂流,河南,栾川,栾川,免费,4.9
国际牡丹园,河南,洛阳,洛阳 · 北郊机场地区,免费,4.5
浚县古城,河南,浚县,浚县,免费,4.4
南街村,河南,临颍,临颍,39.0,4.1
黄帝故里,河南,新郑,新郑,免费,4.6
茱萸峰,河南,修武,修武,免费,4.5
嵩山少林风景区-少林寺武术馆,河南,登封,登封,免费,4.5
河上街古镇,河南,漯河,漯河,免费,4.2
三苏园景区,河南,郏县,郏县,19.86,4.6
许昌博物馆,河南,许昌,许昌 · 360广场/许昌职业技术学院,免费,4.7
西河古村落景区,河南,新县,新县,免费,4.0
如意湖景区,河南,郑州,郑州 · CBD国际会展中心,免费,4.6
鲁班天梯,河南,林州,林州,免费,暂无评分
花洲书院,河南,邓州,邓州,25.0,4.8
武则天通天塔,河南,洛阳,洛阳 · 洛邑古城/丽景门十字街,免费,4.4
商丘火神台,河南,商丘,商丘 · 商丘古城,30.0,4.2
三门峡市虢国博物馆,河南,三门峡,三门峡,免费,4.8
洛阳牡丹园,河南,洛阳,洛阳 · 火车站地区,50.0,4.3
包公湖,河南,开封,开封 · 开封鼓楼广场,免费,4.6
炎黄二帝塑像,河南,郑州,郑州 · 黄河游览区,免费,4.8
红旗渠纪念馆,河南,林州,林州,80.0,4.8
开封鼓楼,河南,开封,开封 · 开封鼓楼广场,免费,4.3
应天书院,河南,商丘,商丘 · 商丘古城,免费,3.9
西山石窟,河南,洛阳,洛阳 · 高铁龙门站/市政府新区,免费,4.6
郑州海昌奥特曼小镇,河南,中牟,中牟,免费,4.8
郑州市奥林匹克体育中心,河南,郑州,郑州 · 奥体中心/郑州植物园商圈,免费,4.8
郑州奥林匹克体育中心-洋河·梦之蓝体育场,河南,郑州,郑州 · 奥体中心/郑州植物园商圈,免费,5.0
青龙峡,河南,修武,修武,免费,4.3
凤翔温泉,河南,洛阳,洛阳 · 高铁龙门站/市政府新区,78.0,4.8
芒砀山大汉雄风景区,河南,永城,永城,27.0,4.1
金顶山,河南,驻马店,驻马店,29.0,4.4
武皇盛宴（老城十字街店）,河南,洛阳,洛阳 · 洛邑古城/丽景门十字街,免费,4.5
轿顶山,河南,辉县,辉县,48.0,3.8
开封市鼓楼广场,河南,开封,开封 · 开封鼓楼广场,免费,4.9
嵩山少林景区-塔林,河南,登封,登封,免费,4.6
茶山,河南,信阳,信阳,免费,暂无评分
无上龙门沉浸体验馆,河南,洛阳,洛阳 · 高铁龙门站/市政府新区,49.8,4.6
银基水世界,河南,开封,开封,120.0,4.2
云上牧场,河南,新密,新密,68.0,4.6
比干庙,河南,卫辉,卫辉,38.0,4.5
淮阳太昊陵景区,河南,周口,周口 · 太昊陵/淮阳区,40.0,4.8
焦作影视城,河南,焦作,焦作,32.0,3.8
汉光武帝陵,河南,洛阳,洛阳,27.0,4.3
云景索道,河南,栾川,栾川,免费,4.0
洛阳龙凤山景区,河南,伊川,伊川,免费,3.9
樱桃沟旅游景区,河南,郑州,郑州,免费,4.3
灵山,河南,罗山,罗山,53.0,4.5
朱仙镇,河南,开封,开封,免费,4.8
龙湖金融岛,河南,郑州,郑州 · 龙湖金融岛,免费,4.4
洛阳宫宴·沉浸式宫廷餐秀(应天门洛阳博物馆店),河南,洛阳,洛阳 · 高铁龙门站/市政府新区,免费,4.6
天河大峡谷,河南,栾川,栾川,63.0,4.2
宋都御街,河南,开封,开封,免费,4.6
郑州园博园,河南,新郑,新郑 · 新郑机场区,26.9,4.4
七里沟风景区,河南,鹤壁,鹤壁,免费,5.0
王相岩,河南,林州,林州,免费,4.2
郑州江南春温泉,河南,荥阳,荥阳 · 黄河游览区,138.0,4.8
忆江南旅游度假区,河南,荥阳,荥阳 · 黄河游览区,免费,4.9
潞王陵,河南,新乡,新乡,40.0,4.3
妇好墓,河南,安阳,安阳,免费,4.7
陈家沟,河南,温县,温县,27.0,4.6
郑州记忆1952油化厂旅游休闲街区,河南,郑州,郑州 · 文化路/省博物院,免费,5.0
洛阳博物馆-珍宝馆,河南,洛阳,洛阳 · 高铁龙门站/市政府新区,免费,5.0
中天门广场,河南,栾川,栾川 · 老君山景区,免费,4.8
星河里·郑河新序,河南,郑州,郑州 · CBD国际会展中心,126.0,4.3
郑州文庙,河南,郑州,郑州 · 紫荆山商业区,免费,4.4
州桥及汴河遗址,河南,开封,开封 · 开封鼓楼广场,免费,4.1
五龙口风景区,河南,济源,济源,40.0,4.3
南阳五朵山,河南,南召,南召,65.0,4.1
七峰山生态旅游区,河南,方城,方城,免费,4.5
大河村遗址博物馆,河南,郑州,郑州 · 龙湖金融岛,免费,4.0
马氏庄园,河南,安阳,安阳,40.0,暂无评分
周口海洋馆,河南,周口,周口 · 太昊陵/淮阳区,79.0,4.6
仰韶仙门山景区,河南,渑池,渑池,66.5,4.9
秋沟景区,河南,辉县,辉县,50.0,3.5
功夫天下•秀（禅武人文大剧）,河南,登封,登封,138.0,4.9
瓷器博物馆,河南,社旗,社旗,免费,5.0
河南捷途汽车工业研学基地,河南,开封,开封,88.0,5.0
凤泉湖景区,河南,新密,新密,80.0,4.8
香堤湾亲子温泉,河南,荥阳,荥阳 · 郑州西站,79.0,4.8
伏羲山红石林景区,河南,新密,新密,免费,4.8
SoReal洛阳·未来城科幻乐园,河南,洛阳,洛阳 · 新都汇/王府井,129.0,5.0
南阳市汉画馆,河南,南阳,南阳 · 南阳火车站/师范学院商圈,免费,4.9
沙澧河风景区,河南,漯河,漯河,免费,4.9
南阳武侯祠博物馆,河南,南阳,南阳 · 南阳火车站/师范学院商圈,免费,4.9
华夏冰雪世界(郑州店),河南,郑州,郑州 · 二七广场/丹尼斯大卫城,59.9,4.9
熊耳山空相寺风景区,河南,三门峡,三门峡,30.0,5.0
尧山天河漂流,河南,鲁山,鲁山,免费,4.7
太行大峡谷漂流,河南,林州,林州,138.0,4.3
黄帝千古情,河南,新郑,新郑,220.0,4.6
焦裕禄纪念园,河南,兰考,兰考,免费,暂无评分
新中镇杨树沟风景区-鹿山秘境,河南,巩义,巩义,9.9,5.0
钧官窑址博物馆,河南,禹州,禹州,免费,4.8
河南大学(明伦校区),河南,开封,开封 · 万岁山武侠城/清明上河园,免费,4.7
金雨玫瑰温泉度假区,河南,鄢陵,鄢陵,免费,5.0
紫荆山公园,河南,郑州,郑州 · 紫荆山商业区,免费,4.6
道口古镇,河南,滑县,滑县,免费,4.4
红岩绝壁,河南,修武,修武,免费,4.4
郑州市人民公园,河南,郑州,郑州 · 二七广场/丹尼斯大卫城,免费,4.6
平原博物院,河南,新乡,新乡 · 高铁站/市政府,免费,4.6
雁鸣湖恐龙谷凌云温泉,河南,中牟,中牟,198.0,4.6
Starry Castle视觉重塑魔法空间,河南,郑州,郑州 · 二七广场/丹尼斯大卫城,39.9,4.7
河南自然博物馆,河南,郑州,郑州 · CBD国际会展中心,免费,4.5
木札岭旅游区,河南,嵩县,嵩县,38.0,4.7
郑州国际会展中心,河南,郑州,郑州 · CBD国际会展中心,免费,4.6
郑州市碧沙岗公园,河南,郑州,郑州 · 市政府/中原万达,免费,4.6
濮阳博物馆,河南,濮阳,濮阳,免费,4.6
黄河博物馆,河南,郑州,郑州 · 郑州北大学城/惠济万达,免费,4.9
明道宫-老君台,河南,鹿邑,鹿邑,免费,4.7
鄂豫皖苏区首府革命博物馆,河南,新县,新县,免费,暂无评分
万佛洞,河南,洛阳,洛阳 · 高铁龙门站/市政府新区,免费,4.7
云台古镇,河南,修武,修武,免费,4.6
月山景区,河南,博爱,博爱,免费,4.9
开元湖音乐喷泉,河南,洛阳,洛阳 · 高铁龙门站/市政府新区,免费,4.5
新乡市人民公园,河南,新乡,新乡 · 火车站/百货大楼,免费,4.7
郑州大学,河南,郑州,郑州 · 郑州高新区/郑州大学,免费,4.8
青屏山公园,河南,新密,新密,免费,4.6
鄢陵花溪温泉,河南,鄢陵,鄢陵,188.0,4.6
玲珑塔,河南,原阳,原阳,免费,4.8
尧山福泉温泉,河南,鲁山,鲁山,89.0,4.3
郑州科学技术馆(嵩山路馆),河南,郑州,郑州 · 市政府/中原万达,免费,4.6
河南艺术中心,河南,郑州,郑州 · CBD国际会展中心,免费,4.6
万岁山国际大马戏,河南,开封,开封 · 万岁山武侠城/清明上河园,免费,4.8
少林寺-大雄宝殿,河南,登封,登封,免费,4.7
神灵寨风景区,河南,洛宁,洛宁,60.0,4.4
郑州龙子湖公园,河南,郑州,郑州 · 龙子湖高校区,免费,4.9
河南省南水北调博物馆,河南,郑州,郑州 · 市政府/中原万达,免费,4.3
摩崖三佛龛,河南,洛阳,洛阳 · 高铁龙门站/市政府新区,免费,5.0
洞林湖,河南,荥阳,荥阳 · 洞林湖度假区,免费,4.3
王城公园-牡丹仙子雕塑,河南,洛阳,洛阳 · 新都汇/王府井,免费,4.9
殷墟车马坑展厅,河南,安阳,安阳,免费,4.7
云锦温泉,河南,许昌,许昌,89.9,5.0
月季公园,河南,郑州,郑州 · 市政府/中原万达,免费,4.9
郑州植物园,河南,郑州,郑州 · 奥体中心/郑州植物园商圈,免费,4.7
白河滩湿地公园,河南,新野,新野,免费,4.8
牡丹广场,河南,洛阳,洛阳 · 牡丹广场/万达广场地区,免费,4.6
戚城考古遗址公园,河南,濮阳,濮阳,免费,4.7
龙门桥,河南,洛阳,洛阳 · 高铁龙门站/市政府新区,免费,4.6
东风渠滨河公园,河南,郑州,郑州 · 文化路/省博物院,免费,4.7
濮上园,河南,濮阳,濮阳,免费,4.9
塔山湖乐园,河南,荥阳,荥阳,20.0,4.9
中原绿色庄园景区,河南,濮阳,濮阳,免费,4.8
镇平县彭雪枫纪念馆,河南,镇平,镇平,免费,暂无评分
古阳洞,河南,洛阳,洛阳 · 高铁龙门站/市政府新区,免费,4.7
彰德府城隍庙,河南,安阳,安阳 · 安阳站,免费,4.8
楚河汉界古战场风景区,河南,荥阳,荥阳,免费,4.7
嵩岳寺塔,河南,登封,登封,79.9,4.6
伊河,河南,洛阳,洛阳 · 高铁龙门站/市政府新区,免费,4.7
洛阳郁金香牡丹园,河南,洛阳,洛阳 · 北郊机场地区,40.0,4.9
钟楼,河南,安阳,安阳 · 安阳站,免费,4.7
豫西大峡谷风景区,河南,卢氏,卢氏,45.0,4.5
仓巷街,河南,安阳,安阳 · 安阳站,免费,4.7
牡丹公园,河南,洛阳,洛阳 · 牡丹广场/万达广场地区,免费,4.7
曹魏古城-西湖公园,河南,许昌,许昌 · 许昌站/胖东来时代广场,免费,4.8
浉河公园,河南,信阳,信阳 · 信阳市中心,免费,4.6
文化公园,河南,郑州,郑州 · 文化路/省博物院,免费,4.8
三峡大坝旅游区,湖北,宜昌,宜昌 · 三峡大坝/三斗坪镇,免费,4.7
武当山风景区,湖北,丹江口,丹江口 · 武当山风景区/武当一梦,202.0,4.6
神农架风景区,湖北,神农架,神农架,266.0,4.6
三峡大瀑布,湖北,宜昌,宜昌,105.0,4.7
荆州方特东方神画,湖北,荆州,荆州 · 火车站/方特商圈,159.0,4.7
黄鹤楼,湖北,武汉,武汉 · 黄鹤楼/粮道街/武昌火车站,70.0,4.6
湖北省博物馆,湖北,武汉,武汉 · 楚河汉街/东湖风景区/省博物馆,免费,4.9
晴川阁,湖北,武汉,武汉 · 武汉国际博览中心/王家湾,免费,4.7
恩施大峡谷,湖北,恩施市,恩施市 · 恩施大峡谷/鹿院坪,185.0,4.4
交运两坝一峡游船,湖北,宜昌,宜昌 · 滨江万达广场/三峡游客中心,258.0,4.7
鹤峰屏山旅游景区,湖北,鹤峰,鹤峰,207.0,4.4
三峡人家,湖北,宜昌,宜昌 · 三峡人家/西陵峡风景区,197.0,4.5
长江三峡,湖北,宜昌,宜昌 · 三峡人家/西陵峡风景区,免费,4.8
东湖生态旅游风景区,湖北,武汉,武汉 · 武汉火车站/欢乐谷/青山工业区,免费,4.7
汉口江滩,湖北,武汉,武汉 · 江汉路步行街/汉口江滩,免费,4.5
长江,湖北,宜昌,宜昌,免费,暂无评分
三峡晓峰旅游区,湖北,宜昌,宜昌,免费,5.0
恩施梭布垭石林景区,湖北,恩施市,恩施市,106.0,4.6
中国唐城,湖北,襄阳,襄阳 · 襄阳古城/盛世唐城,80.0,4.5
恩施土司城,湖北,恩施市,恩施市 · 市政府/土司城,42.0,4.3
武汉两江游览·夜游长江,湖北,武汉,武汉 · 黄鹤楼/粮道街/武昌火车站,90.0,4.5
腾龙洞风景区,湖北,利川,利川,145.0,4.4
古隆中,湖北,襄阳,襄阳 · 古隆中/湖北文理学院,82.0,4.4
户部巷,湖北,武汉,武汉 · 黄鹤楼/粮道街/武昌火车站,免费,4.4
清江画廊,湖北,长阳,长阳,140.0,4.6
蝶舞清江·地心谷景区,湖北,建始,建始,120.0,4.4
江汉路步行街,湖北,武汉,武汉 · 江汉路步行街/汉口江滩,免费,4.7
夜上黄鹤楼,湖北,武汉,武汉 · 黄鹤楼/粮道街/武昌火车站,118.0,4.3
武汉欢乐谷,湖北,武汉,武汉 · 武汉火车站/欢乐谷/青山工业区,200.0,4.9
狮子关旅游区,湖北,宣恩,宣恩,120.0,4.3
武汉大学,湖北,武汉,武汉 · 街道口/武汉大学/南湖,免费,4.8
武汉动物园,湖北,武汉,武汉 · 武汉国际博览中心/王家湾,40.0,4.2
武汉长江大桥,湖北,武汉,武汉,免费,4.7
襄阳古城,湖北,襄阳,襄阳 · 襄阳古城/盛世唐城,免费,4.6
知音号,湖北,武汉,武汉 · 江汉路步行街/汉口江滩,268.0,4.5
恩施土家女儿城,湖北,恩施市,恩施市 · 恩施女儿城,免费,4.1
神农顶风景区,湖北,神农架,神农架,130.0,4.6
赤壁古战场,湖北,赤壁,赤壁,65.0,4.2
海合安武汉极地海洋公园,湖北,武汉,武汉 · 汉口火车站/泛海CBD/园博园,219.0,4.7
三峡垂直升船机,湖北,宜昌,宜昌 · 三峡大坝/三斗坪镇,免费,4.9
襄阳奇幻谷,湖北,襄阳,襄阳 · 襄阳东站/华侨城奇幻度假区,128.0,5.0
襄阳华侨城奇幻度假区,湖北,襄阳,襄阳 · 襄阳东站/华侨城奇幻度假区,70.0,5.0
三峡千古情景区,湖北,宜都,宜都,158.0,4.7
荆州博物馆,湖北,荆州,荆州 · 荆州古城/万达广场商圈,免费,4.7
咸宁碧桂园凤凰温泉,湖北,咸宁,咸宁 · 潜山温泉区,388.0,4.8
宜昌三峡旅游度假区,湖北,宜昌,宜昌 · 三峡人家/西陵峡风景区,免费,4.9
东湖樱花园,湖北,武汉,武汉 · 楚河汉街/东湖风景区/省博物馆,60.0,4.5
屈原故里文化旅游区,湖北,秭归,秭归,67.0,4.5
武汉两江游览·汉阳门码头(夜游长江),湖北,武汉,武汉 · 黄鹤楼/粮道街/武昌火车站,90.0,4.7
海合安武汉极地海洋度假区,湖北,武汉,武汉 · 汉口火车站/泛海CBD/园博园,免费,5.0
东湖游船,湖北,武汉,武汉 · 楚河汉街/东湖风景区/省博物馆,37.0,4.6
恩施大清江景区,湖北,恩施市,恩施市,175.0,4.0
荆州古城历史文化旅游区,湖北,荆州,荆州 · 荆州古城/万达广场商圈,免费,4.5
鹿院坪,湖北,恩施市,恩施市 · 恩施大峡谷/鹿院坪,128.0,4.5
荆州楚王车马阵景区,湖北,荆州,荆州,78.0,4.6
辛亥革命博物院(北区),湖北,武汉,武汉 · 黄鹤楼/粮道街/武昌火车站,免费,暂无评分
黎黄陂路,湖北,武汉,武汉 · 江汉路步行街/汉口江滩,免费,4.7
粮道街,湖北,武汉,武汉 · 黄鹤楼/粮道街/武昌火车站,免费,5.0
古德寺,湖北,武汉,武汉 · 武汉万象城/万松园路,免费,4.4
宣恩贡秀游船,湖北,宣恩,宣恩,免费,3.9
龙麟宫,湖北,恩施市,恩施市,42.0,4.6
云龙地缝,湖北,恩施市,恩施市 · 恩施大峡谷/鹿院坪,265.0,4.3
楚河汉街,湖北,武汉,武汉 · 楚河汉街/东湖风景区/省博物馆,免费,4.6
武当山索道,湖北,丹江口,丹江口 · 武当山风景区/武当一梦,免费,4.8
武汉园博园(武汉自然博物馆),湖北,武汉,武汉 · 汉口火车站/泛海CBD/园博园,55.0,4.6
襄阳奇趣童年亲子乐园,湖北,襄阳,襄阳 · 襄阳东站/华侨城奇幻度假区,70.0,5.0
长江荣耀游船,湖北,武汉,武汉 · 江汉路步行街/汉口江滩,158.0,4.2
东湖磨山景区,湖北,武汉,武汉 · 楚河汉街/东湖风景区/省博物馆,免费,4.7
天台山风景区,湖北,红安,红安,免费,4.4
龟峰山景区,湖北,麻城,麻城,50.0,4.4
神农架国际滑雪场,湖北,神农架,神农架,免费,4.3
神农架天生桥景区,湖北,神农架,神农架,55.0,4.5
武汉玛雅海滩水公园,湖北,武汉,武汉 · 武汉火车站/欢乐谷/青山工业区,170.0,5.0
东湖落雁景区,湖北,武汉,武汉 · 武汉火车站/欢乐谷/青山工业区,13.0,4.7
襄阳米公祠,湖北,襄阳,襄阳 · 沃尔玛民发广场/泛悦Mall,19.6,4.4
东坡赤壁,湖北,黄冈,黄冈,40.0,4.4
神农坛风景区,湖北,神农架,神农架 · 木鱼商圈,55.0,4.5
大九湖国家湿地公园,湖北,神农架,神农架,50.0,4.4
武汉东湖海洋世界,湖北,武汉,武汉 · 楚河汉街/东湖风景区/省博物馆,130.0,4.7
葛洲坝,湖北,宜昌,宜昌 · CBD购物中心/解放路步行街,免费,4.7
武汉城建热雪奇迹,湖北,武汉,武汉 · 木兰草原/甘露山,98.0,4.8
船进三峡人家,湖北,宜昌,宜昌 · 三峡大学/水悦城购物中心,255.0,4.7
西陵峡风景区,湖北,宜昌,宜昌 · 三峡人家/西陵峡风景区,59.0,4.6
丹江口大坝景区,湖北,丹江口,丹江口 · 丹江口大坝景区/丹江口市政府,65.0,4.0
世纪江山如诗号,湖北,秭归,秭归,699.0,4.9
官门山景区,湖北,神农架,神农架 · 木鱼商圈,95.0,4.6
仙岛湖旅游度假区,湖北,阳新,阳新,145.0,4.1
木兰草原,湖北,武汉,武汉 · 木兰草原/甘露山,65.0,4.6
百里荒旅游度假区,湖北,远安,远安,99.0,4.7
恩施民族歌舞大秀《西兰卡普》,湖北,恩施市,恩施市 · 学院路/新天地,208.0,4.8
武当一梦景区,湖北,丹江口,丹江口 · 武当山风景区/武当一梦,178.0,4.1
巫峡口景区,湖北,巴东,巴东,48.0,4.3
交运长江夜游游船,湖北,宜昌,宜昌 · 滨江万达广场/三峡游客中心,168.0,4.6
黄石国家矿山公园,湖北,黄石,黄石,33.0,4.3
昙华林,湖北,武汉,武汉 · 黄鹤楼/粮道街/武昌火车站,免费,4.4
朝天吼漂流,湖北,兴山,兴山,138.0,4.6
张居正故居,湖北,荆州,荆州 · 荆州古城/万达广场商圈,18.0,4.5
WS梦乐园,湖北,武汉,武汉 · 街道口/武汉大学/南湖,139.0,4.9
神农架中和国际滑雪场,湖北,神农架,神农架,160.0,4.3
武汉两江游览·红巷码头(夜游长江),湖北,武汉,武汉 · 黄鹤楼/粮道街/武昌火车站,免费,4.7
蝶舞清江·清江大峡谷-蝴蝶岩,湖北,建始,建始,150.0,3.6
蝶舞清江·恩施野三峡综合旅游区,湖北,建始,建始,160.0,4.4
天空之城,湖北,阳新,阳新,185.0,4.2
船长9号游船,湖北,武汉,武汉 · 江汉路步行街/汉口江滩,50.0,4.3
明显陵文化旅游景区,湖北,钟祥,钟祥,60.0,4.7
光谷磁悬浮列车,湖北,武汉,武汉 · 光谷科技会展中心/光谷国际网球中心,免费,4.6
七星寨景区,湖北,恩施市,恩施市 · 恩施大峡谷/鹿院坪,185.0,4.3
祥云湾文化旅游区,湖北,云梦,云梦,49.8,4.1
武汉城建开元森泊度假乐园,湖北,武汉,武汉 · 沌口/武汉体育中心/江汉大学,129.0,4.6
天堂寨风景区,湖北,罗田,罗田,103.0,4.3
昭君故里文化旅游区,湖北,兴山,兴山,29.0,4.5
高峡平湖游船(船游三峡),湖北,宜昌,宜昌,138.0,4.0
野人谷,湖北,房县,房县,60.0,4.6
三游洞,湖北,宜昌,宜昌 · 三峡人家/西陵峡风景区,59.0,4.6
武汉植物园,湖北,武汉,武汉 · 楚河汉街/东湖风景区/省博物馆,35.0,4.6
武汉旅游观光巴士,湖北,武汉,武汉 · 江汉路步行街/汉口江滩,48.0,4.0
归元禅寺,湖北,武汉,武汉 · 武汉国际博览中心/王家湾,免费,4.5
关帝庙,湖北,荆州,荆州 · 荆州古城/万达广场商圈,18.0,4.4
武汉冰雪中心,湖北,武汉,武汉 · 武汉国际博览中心/王家湾,190.0,4.7
东湖磨山索道,湖北,武汉,武汉 · 楚河汉街/东湖风景区/省博物馆,30.0,4.5
炎帝文化旅游区,湖北,随县,随县,50.0,4.5
宜昌博物馆,湖北,宜昌,宜昌 · 宜昌东站/五一广场,免费,4.7
龙船水乡,湖北,利川,利川,79.0,4.6
车溪民俗旅游区,湖北,宜昌,宜昌,75.0,4.5
武汉博物馆,湖北,武汉,武汉 · 汉口火车站/泛海CBD/园博园,免费,4.6
武汉甘露山文创城度假区,湖北,武汉,武汉 · 木兰草原/甘露山,免费,3.7
九宫山景区,湖北,通山,通山 · 九宫山,60.0,4.4
江汉关博物馆,湖北,武汉,武汉 · 江汉路步行街/汉口江滩,免费,4.7
浪漫宣恩旅游区,湖北,宣恩,宣恩,免费,3.5
木兰天池,湖北,武汉,武汉 · 木兰草原/甘露山,65.0,4.6
春秋寨景区,湖北,南漳,南漳,65.0,4.6
武汉九峰森林动物园,湖北,武汉,武汉 · 光谷科技会展中心/光谷国际网球中心,39.9,4.5
武当山风景区-金顶,湖北,丹江口,丹江口 · 武当山风景区/武当一梦,免费,4.5
葛洲坝船闸,湖北,宜昌,宜昌 · CBD购物中心/解放路步行街,免费,4.6
天燕景区,湖北,神农架,神农架 · 神农架红坪机场,45.0,4.7
大洪山风景名胜区,湖北,随县,随县,95.0,4.1
武汉两江游览·苗家码头/武汉关2号码头(夜游长江),湖北,武汉,武汉 · 江汉路步行街/汉口江滩,90.0,4.7
WS热雪奇迹,湖北,武汉,武汉 · 街道口/武汉大学/南湖,178.0,4.7
坪阡古镇,湖北,神农架,神农架 · 坪阡古镇/大九湖国家湿地公园,免费,4.3
矅天眼景区,湖北,宣恩,宣恩,80.0,4.5
莫愁村,湖北,钟祥,钟祥,免费,4.0
三峡移民博物馆,湖北,秭归,秭归,免费,4.5
武汉新天地,湖北,武汉,武汉 · 江汉路步行街/汉口江滩,免费,4.7
东湖梅园,湖北,武汉,武汉 · 楚河汉街/东湖风景区/省博物馆,40.0,4.7
文澜桥,湖北,宣恩,宣恩,免费,4.4
武汉野生动物王国,湖北,武汉,武汉,95.0,3.7
襄阳博物馆(新馆),湖北,襄阳,襄阳 · 襄阳古城/盛世唐城,免费,4.7
葛洲坝公园,湖北,宜昌,宜昌 · CBD购物中心/解放路步行街,免费,4.4
巴公房子,湖北,武汉,武汉 · 江汉路步行街/汉口江滩,免费,4.5
沔阳小镇,湖北,仙桃,仙桃,59.0,4.1
东湖之眼摩天轮,湖北,武汉,武汉 · 楚河汉街/东湖风景区/省博物馆,30.0,4.6
美人谷景区,湖北,京山,京山,90.0,4.8
彭家寨旅游景区,湖北,宣恩,宣恩,95.0,3.6
龟山风景区,湖北,武汉,武汉 · 武汉国际博览中心/王家湾,免费,4.6
宾阳楼,湖北,荆州,荆州 · 荆州古城/万达广场商圈,32.0,4.2
恩施州神农溪纤夫文化旅游区,湖北,巴东,巴东,免费,4.2
襄王府绿影壁,湖北,襄阳,襄阳 · 襄阳古城/盛世唐城,25.0,3.8
辛亥革命博物院(南区),湖北,武汉,武汉 · 黄鹤楼/粮道街/武昌火车站,免费,暂无评分
麂子渡漂流,湖北,恩施市,恩施市,免费,4.5
东湖听涛景区,湖北,武汉,武汉 · 楚河汉街/东湖风景区/省博物馆,免费,4.7
三江森林温泉,湖北,咸宁,咸宁 · 潜山温泉区,128.0,4.1
一炷香,湖北,恩施市,恩施市 · 恩施大峡谷/鹿院坪,免费,4.7
武当大明峰,湖北,丹江口,丹江口,47.0,4.2
清江蝴蝶崖风景区,湖北,恩施市,恩施市,免费,3.9
九峰国家森林公园,湖北,武汉,武汉 · 光谷科技会展中心/光谷国际网球中心,免费,4.0
孝感方特旅游区,湖北,孝感,孝感,免费,3.7
武昌江滩,湖北,武汉,武汉 · 武昌万象城/武昌江滩,免费,4.6
梦里水乡,湖北,仙桃,仙桃,69.5,4.6
佛宝山景区,湖北,利川,利川,90.0,4.5
神农架香溪源景区,湖北,神农架,神农架 · 木鱼商圈,29.9,4.5
保康五道峡风景区,湖北,保康,保康,95.0,4.5
光谷国际网球中心,湖北,武汉,武汉 · 光谷科技会展中心/光谷国际网球中心,免费,5.0
北街,湖北,襄阳,襄阳 · 襄阳古城/盛世唐城,免费,5.0
宝通禅寺,湖北,武汉,武汉 · 街道口/武汉大学/南湖,免费,4.5
柴埠溪大峡谷,湖北,五峰,五峰,80.0,4.4
宣恩贡秀,湖北,宣恩,宣恩,免费,3.9
鄂州灵玲野生动物园,湖北,鄂州,鄂州,169.0,4.4
襄阳奇梦海滩水乐园,湖北,襄阳,襄阳 · 襄阳东站/华侨城奇幻度假区,180.0,5.0
千年银杏谷文化旅游区,湖北,随州,随州,75.0,3.8
花博汇(知音花月夜),湖北,武汉,武汉 · 沌口/武汉体育中心/江汉大学,78.0,4.6
武汉东湖飞鸟世界,湖北,武汉,武汉 · 楚河汉街/东湖风景区/省博物馆,100.0,4.5
清江方山风景区,湖北,长阳,长阳,71.99,4.7
木兰花乡景区(木兰不夜城),湖北,武汉,武汉 · 木兰草原/甘露山,72.0,4.2
东山问梅村,湖北,黄梅,黄梅,55.0,4.8
东方山风景区,湖北,黄石,黄石,免费,4.6
五龙河风景区,湖北,郧西,郧西,110.0,4.2
漳河风景名胜区,湖北,荆门,荆门,17.8,4.5
咸安坊,湖北,武汉,武汉 · 江汉路步行街/汉口江滩,免费,4.5
木兰云雾山,湖北,武汉,武汉 · 木兰草原/甘露山,80.0,4.0
随州市曾侯乙墓遗址博物馆,湖北,随州,随州,免费,4.7
羊楼洞古镇,湖北,赤壁,赤壁,免费,4.2
齐岳山,湖北,利川,利川,免费,3.8
湖北美术馆,湖北,武汉,武汉 · 楚河汉街/东湖风景区/省博物馆,免费,4.2
枫林地心大峡谷风景区,湖北,阳新,阳新,98.0,4.1
巴东绿葱坡滑雪场,湖北,巴东,巴东,68.0,3.8
墨达楼,湖北,宣恩,宣恩,免费,4.7
伍家台贡茶文化旅游区,湖北,宣恩,宣恩,免费,4.4
武汉甘露山花间堂·岚雪温泉中心,湖北,武汉,武汉 · 木兰草原/甘露山,118.0,4.5
宜都市清江湾旅游度假区,湖北,宜都,宜都,免费,5.0
大九湖,湖北,神农架,神农架,免费,5.0
荆州古城墙,湖北,荆州,荆州 · 荆州古城/万达广场商圈,免费,4.9
鹿门山景区,湖北,襄阳,襄阳,90.0,4.2
习家池,湖北,襄阳,襄阳 · 襄阳古城/盛世唐城,免费,4.3
新神韵汉江游轮,湖北,襄阳,襄阳 · 沃尔玛民发广场/泛悦Mall,78.0,4.4
屈原祠,湖北,秭归,秭归,免费,4.2
关羽祠,湖北,荆州,荆州 · 高校区,25.0,4.4
毛泽东同志旧居,湖北,武汉,武汉 · 黄鹤楼/粮道街/武昌火车站,免费,暂无评分
巴王寨,湖北,宜昌,宜昌 · 三峡人家/西陵峡风景区,免费,4.9
木兰山,湖北,武汉,武汉 · 木兰草原/甘露山,70.0,4.5
黄陂木兰文化生态旅游区,湖北,武汉,武汉 · 木兰草原/甘露山,65.0,4.4
武汉科学技术馆,湖北,武汉,武汉 · 江汉路步行街/汉口江滩,免费,4.6
薄刀峰,湖北,罗田,罗田,70.0,4.5
武汉杜莎夫人蜡像馆,湖北,武汉,武汉 · 楚河汉街/东湖风景区/省博物馆,110.0,4.6
黄石华侨城恐龙奇域景区·恐龙梦工厂,湖北,大冶,大冶,159.0,4.1
洪湖生态旅游区,湖北,洪湖,洪湖,70.0,4.0
中国汉城,湖北,枣阳,枣阳,38.0,3.9
解放公园,湖北,武汉,武汉 · 武汉万象城/万松园路,免费,4.7
九畹溪漂流,湖北,秭归,秭归,170.0,4.5
绿林山风景区,湖北,京山,京山,45.0,4.8
玄天玉虚宫,湖北,丹江口,丹江口 · 武当山风景区/武当一梦,免费,4.5
【武汉】《消失的法老》沉浸式探索体验,湖北,武汉,武汉 · 江汉路步行街/汉口江滩,158.0,5.0
神农溪,湖北,巴东,巴东,免费,4.0
鸡公岭飞拉达,湖北,建始,建始,398.0,4.7
zoolungzoolung动物主题公园(东湖店),湖北,武汉,武汉 · 楚河汉街/东湖风景区/省博物馆,100.0,4.8
滨江公园,湖北,宜昌,宜昌 · 滨江万达广场/三峡游客中心,免费,4.6
龙降坪国际滑雪场,湖北,神农架,神农架,免费,3.6
陆水湖风景区,湖北,赤壁,赤壁,免费,4.2
班河大峡谷,湖北,谷城,谷城,125.0,4.3
咸宁易汤温泉养心谷,湖北,咸宁,咸宁,免费,4.7
古琴号游船,湖北,武汉,武汉 · 江汉路步行街/汉口江滩,99.0,4.3
汉口历史文化风貌区,湖北,武汉,武汉 · 江汉路步行街/汉口江滩,免费,4.0
沧浪海旅游港,湖北,丹江口,丹江口 · 丹江口大坝景区/丹江口市政府,免费,3.6
月湖风景区-古琴台,湖北,武汉,武汉 · 武汉国际博览中心/王家湾,免费,4.5
武汉大学-樱花城堡,湖北,武汉,武汉 · 街道口/武汉大学/南湖,免费,5.0
镇江阁,湖北,宜昌,宜昌 · CBD购物中心/解放路步行街,免费,4.2
屏山,湖北,鹤峰,鹤峰,免费,4.3
古昭公路,湖北,兴山,兴山,免费,4.8
白兆山李白文化旅游区,湖北,安陆,安陆,49.0,4.1
神农谷,湖北,神农架,神农架,免费,4.6
江汉关大楼,湖北,武汉,武汉 · 江汉路步行街/汉口江滩,免费,4.6
黄仙洞,湖北,钟祥,钟祥,65.0,4.5
长春观,湖北,武汉,武汉 · 黄鹤楼/粮道街/武昌火车站,20.0,4.5
南岩宫,湖北,丹江口,丹江口 · 武当山风景区/武当一梦,免费,4.7
洈水景区,湖北,松滋,松滋,免费,4.6
185观景平台,湖北,宜昌,宜昌 · 三峡大坝/三斗坪镇,免费,4.6
双泉寨温泉,湖北,兴山,兴山,98.0,4.5
苏马荡风景区,湖北,利川,利川,免费,4.6
黄冈桃花冲滑雪场,湖北,英山,英山,300.0,4.0
腾龙洞风景区-腾龙洞世界地质公园,湖北,利川,利川,免费,4.0
东湖绿道,湖北,武汉,武汉 · 楚河汉街/东湖风景区/省博物馆,免费,4.7
五叠水大峡谷景区,湖北,秭归,秭归,70.0,4.5
三峡橘醋文化旅游区,湖北,宜都,宜都,免费,5.0
襄阳华侨城奇幻度假区奇妙镇,湖北,襄阳,襄阳 · 襄阳东站/华侨城奇幻度假区,免费,5.0
梵高星空美术馆(江汉路旗舰店),湖北,武汉,武汉 · 江汉路步行街/汉口江滩,免费,4.9
华侨城奇趣童年亲子乐园-松林童话,湖北,襄阳,襄阳 · 襄阳东站/华侨城奇幻度假区,免费,5.0
老澴河水上旅游,湖北,孝感,孝感,免费,5.0
九号宇宙航天探索中心,湖北,松滋,松滋,59.0,4.9
长江文明馆,湖北,武汉,武汉 · 汉口火车站/泛海CBD/园博园,免费,4.8
龙之谷探险漂流,湖北,武汉,武汉 · 江夏大学城/藏龙岛,免费,5.0
神农架民俗风情篝火晚会,湖北,神农架,神农架 · 木鱼商圈,98.0,4.9
堤角公园,湖北,武汉,武汉 · 汉口北/百步亭,免费,4.9
汤池温泉,湖北,应城,应城,免费,4.6
武汉桃源集水乐园,湖北,武汉,武汉 · 天河机场/盘龙城,88.0,4.9
鸳鸯溪漂流,湖北,京山,京山,168.0,4.8
黄石恐龙水世界,湖北,大冶,大冶,120.0,4.8
空山洞景区,湖北,京山,京山,55.0,4.8
武汉大学-珞珈山,湖北,武汉,武汉 · 街道口/武汉大学/南湖,免费,4.8
武汉大学-图书馆(总馆),湖北,武汉,武汉 · 街道口/武汉大学/南湖,免费,4.9
襄阳华侨城奇趣童年超级飞侠探索基地,湖北,襄阳,襄阳 · 襄阳东站/华侨城奇幻度假区,免费,5.0
黄鹤楼酒文化博览园,湖北,武汉,武汉 · 武汉国际博览中心/王家湾,免费,4.7
悦兮半岛温泉,湖北,洪湖,洪湖,免费,4.6
华侨城·趣野生态公园,湖北,襄阳,襄阳 · 襄阳东站/华侨城奇幻度假区,免费,5.0
蜜泉湖旅游度假区,湖北,嘉鱼,嘉鱼,60.0,4.7
隐水洞,湖北,通山,通山,107.0,4.6
神农天池景区,湖北,神农架,神农架,29.0,4.8
中国地质大学-逸夫博物馆,湖北,武汉,武汉 · 光谷广场/武昌高校区,40.0,4.7
武汉杂技厅,湖北,武汉,武汉 · 武汉万象城/万松园路,80.0,4.8
金卉庄园,湖北,孝感,孝感,68.0,4.8
绝壁长廊,湖北,恩施市,恩施市 · 恩施大峡谷/鹿院坪,免费,4.8
对天河漂流,湖北,红安,红安,220.0,4.8
沙湖公园,湖北,武汉,武汉 · 楚河汉街/东湖风景区/省博物馆,免费,4.7
武当山风景区-紫霄宫,湖北,丹江口,丹江口 · 武当山风景区/武当一梦,免费,4.7
黄石磁湖省级风景名胜区,湖北,黄石,黄石,免费,4.8
武汉两江游览·粤汉码头(夜游长江),湖北,武汉,武汉,120.0,4.6
天屿湖温泉,湖北,汉川,汉川,108.0,4.7
红安烈士陵园,湖北,红安,红安,免费,暂无评分
武汉体育中心,湖北,武汉,武汉 · 沌口/武汉体育中心/江汉大学,免费,4.8
毕昇温泉,湖北,英山,英山,98.0,4.6
清江湾·青林休闲旅游区,湖北,宜都,宜都,免费,4.8
恩施苗族土家族自治州文化生态保护中心,湖北,恩施市,恩施市 · 学院路/新天地,免费,4.9
荆州园博园,湖北,荆州,荆州 · 火车站/方特商圈,免费,4.6
绿林寨景区,湖北,京山,京山,45.0,4.9
两江游览游船(中华路2号码头),湖北,武汉,武汉 · 黄鹤楼/粮道街/武昌火车站,免费,4.8
黄冈遗爱湖国家湿地公园,湖北,黄冈,黄冈,免费,4.6
四祖寺,湖北,黄梅,黄梅,免费,4.6
四季花海花乐汤温泉,湖北,英山,英山,278.0,4.8
青龙峡漂流,湖北,宜昌,宜昌,免费,4.7
十堰市人民公园,湖北,十堰,十堰 · 人民路购物中心/五堰人商/人民公园,免费,4.8
陆羽故园,湖北,天门,天门,免费,4.7
鄂州市美术馆,湖北,鄂州,鄂州,免费,4.9
阳光沙滩,湖北,荆门,荆门,17.8,4.6
武汉中华奇石馆,湖北,武汉,武汉 · 武汉国际博览中心/王家湾,免费,4.7
板壁岩,湖北,神农架,神农架,免费,4.7
月湖桥,湖北,武汉,武汉 · 武汉国际博览中心/王家湾,免费,4.9
五峰国际滑雪场,湖北,五峰,五峰,免费,4.7
横鼎漂流,湖北,远安,远安,180.0,4.7
横冲景区,湖北,保康,保康,59.0,4.9
莫愁湖国家湿地公园,湖北,钟祥,钟祥,免费,4.6
汉口江滩芦苇荡,湖北,武汉,武汉 · 江汉路步行街/汉口江滩,免费,4.7
荆州海洋世界·海底乐园,湖北,荆州,荆州 · 人信汇/新天地商圈,138.0,4.5
袋鼠玩趣城,湖北,武汉,武汉 · 武汉国际博览中心/王家湾,免费,4.2
夷陵长江大桥,湖北,宜昌,宜昌,免费,4.9
紫薇都市田园,湖北,武汉,武汉,65.0,4.5
农讲所旧址纪念馆,湖北,武汉,武汉 · 黄鹤楼/粮道街/武昌火车站,免费,暂无评分
汉江旅游码头,湖北,武汉,武汉,免费,5.0
临江大道,湖北,武汉,武汉 · 武汉火车站/欢乐谷/青山工业区,免费,4.8
西北湖绿化广场,湖北,武汉,武汉 · 武汉万象城/万松园路,免费,4.7
西山风景区,湖北,鄂州,鄂州,免费,4.7
湖北潜江曹禺公园-曹禺纪念馆,湖北,潜江,潜江,免费,4.7
梵高星空艺术馆(武汉旗舰店),湖北,武汉,武汉 · 汉口火车站/泛海CBD/园博园,39.9,4.7
三角山四季滑雪场,湖北,浠水,浠水,128.0,4.8
中山公园,湖北,武汉,武汉 · 武汉万象城/万松园路,免费,4.6
汇源农谷体验园,湖北,钟祥,钟祥,98.0,4.7
三里畈温泉旅游度假区,湖北,罗田,罗田,128.0,4.2
金狮洞风景区,湖北,宜昌,宜昌,45.0,4.6
山湖温泉,湖北,嘉鱼,嘉鱼,88.0,4.3
动物主题公园(武汉天地壹方购物中心店),湖北,武汉,武汉 · 江汉路步行街/汉口江滩,130.0,4.6
鄂州市博物馆,湖北,鄂州,鄂州,免费,4.6
江夏体育馆,湖北,武汉,武汉 · 江夏大学城/藏龙岛,免费,5.0
沙市市中山公园,湖北,荆州,荆州 · 人信汇/新天地商圈,免费,4.6
中共五大会址纪念馆,湖北,武汉,武汉 · 黄鹤楼/粮道街/武昌火车站,免费,暂无评分
大地山川,湖北,恩施市,恩施市 · 恩施大峡谷/鹿院坪,免费,4.6
黄鹤归来铜雕,湖北,武汉,武汉 · 黄鹤楼/粮道街/武昌火车站,免费,4.8
湖北省图书馆,湖北,武汉,武汉 · 楚河汉街/东湖风景区/省博物馆,免费,4.5
龙潭河,湖北,郧西,郧西,59.8,4.6
武汉大学(文理学部)-凌波门,湖北,武汉,武汉 · 街道口/武汉大学/南湖,免费,4.7
大柴湖移民纪念馆,湖北,钟祥,钟祥,免费,5.0
汉口近代建筑群,湖北,武汉,武汉 · 江汉路步行街/汉口江滩,免费,4.7
恩施坪坝营国家森林公园景区,湖北,咸丰,咸丰,30.0,4.4
崇阳浪口森林温泉,湖北,崇阳,崇阳,68.0,4.2
襄阳海洋世界,湖北,襄阳,襄阳 · 襄阳东站/华侨城奇幻度假区,88.0,4.6
十堰博物馆,湖北,十堰,十堰 · 北京路大学城/客运站/太和医院,免费,4.6
西陵峡快乐谷,湖北,宜昌,宜昌 · 三峡人家/西陵峡风景区,26.0,4.7
清江湾·三峡长颈鹿乐园,湖北,宜都,宜都,60.0,4.7
武当山风景区-龙头香,湖北,丹江口,丹江口 · 武当山风景区/武当一梦,免费,4.6
关陵,湖北,当阳,当阳,免费,4.6
常青人才公园,湖北,武汉,武汉 · 汉口火车站/泛海CBD/园博园,免费,4.8
三湖连江,湖北,嘉鱼,嘉鱼,免费,4.8
王家墩公园,湖北,武汉,武汉 · 汉口火车站/泛海CBD/园博园,免费,4.7
九女墩,湖北,武汉,武汉 · 楚河汉街/东湖风景区/省博物馆,免费,4.7
韶山旅游区,湖南,韶山,韶山,免费,暂无评分
张家界国家森林公园,湖南,张家界,张家界 · 张家界国家森林公园/武陵源,232.0,4.6
南岳衡山风景名胜区,湖南,衡阳,衡阳 · 南岳衡山度假区,110.0,4.5
天门山国家森林公园,湖南,张家界,张家界 · 天门山索道/天门山森林公园,285.0,4.6
芙蓉镇,湖南,永顺,永顺 · 芙蓉古镇,98.0,4.4
橘子洲景区,湖南,长沙,长沙 · 五一广场/橘子洲景区,免费,4.6
湖南省博物馆,湖南,长沙,长沙 · 湖南博物馆/北辰三角洲,免费,4.8
岳麓山,湖南,长沙,长沙 · 岳麓山/梅溪湖公园,免费,4.6
杜甫江阁,湖南,长沙,长沙 · 五一广场/橘子洲景区,18.0,4.6
凤凰古城,湖南,凤凰县,凤凰县,免费,4.3
岳阳楼景区,湖南,岳阳,岳阳 · 岳阳楼景区,56.0,4.6
高椅岭旅游区,湖南,郴州,郴州,95.0,4.5
张家界七十二奇楼,湖南,张家界,张家界 · 七十二奇楼/大庸古城,48.0,4.1
张家界大峡谷,湖南,慈利,慈利 · 张家界国家森林公园/武陵源,53.0,4.7
仰天湖大草原,湖南,郴州,郴州,118.0,4.5
东江湖旅游区,湖南,资兴,资兴,80.0,4.5
李自健美术馆,湖南,长沙,长沙 · 洋湖公园/大王山度假区,免费,4.9
黄龙洞景区,湖南,张家界,张家界 · 张家界国家森林公园/武陵源,118.0,4.6
莽山五指峰景区,湖南,宜章,宜章,278.0,4.5
岳麓书院,湖南,长沙,长沙 · 岳麓山/梅溪湖公园,免费,4.6
铜官窑国风乐园,湖南,长沙,长沙 · 铜官窑度假区,123.0,4.9
百龙天梯,湖南,张家界,张家界 · 张家界国家森林公园/武陵源,65.0,4.3
武陵源,湖南,张家界,张家界 · 张家界国家森林公园/武陵源,232.0,4.6
长沙世界之窗,湖南,长沙,长沙 · 芒果馆/世界之窗,79.0,4.8
天心阁,湖南,长沙,长沙 · 五一广场/橘子洲景区,28.0,4.3
五一广场,湖南,长沙,长沙 · 五一广场/橘子洲景区,免费,4.6
湖南省植物园,湖南,长沙,长沙 · 德思勤广场/省政府,免费,4.7
小东江景区,湖南,资兴,资兴,80.0,4.5
南岳大庙,湖南,衡阳,衡阳 · 南岳衡山度假区,58.0,4.7
湘江游轮,湖南,长沙,长沙 · 五一广场/橘子洲景区,118.0,4.4
张家界大峡谷景区(玻璃桥),湖南,慈利,慈利 · 张家界国家森林公园/武陵源,178.0,4.7
长沙海底世界,湖南,长沙,长沙 · 芒果馆/世界之窗,149.0,4.6
边城茶峒景区,湖南,花垣,花垣 · 边城茶峒,免费,4.5
张家界千古情,湖南,张家界,张家界 · 张家界国家森林公园/武陵源,152.8,4.7
飞天山景区,湖南,郴州,郴州,55.0,4.4
飞天山翠江旅游区,湖南,郴州,郴州,55.0,4.3
七星山飞拉达,湖南,张家界,张家界,380.0,4.8
桃花源,湖南,桃源,桃源,88.0,4.7
天门山索道,湖南,张家界,张家界 · 天门山索道/天门山森林公园,285.0,4.6
华谊兄弟(长沙)电影小镇,湖南,长沙,长沙 · 洋湖公园/大王山度假区,55.0,4.6
长沙方特东方神画,湖南,宁乡,宁乡,96.0,4.8
沱江,湖南,凤凰县,凤凰县,85.0,4.5
马王堆汉墓遗址,湖南,长沙,长沙 · 万家丽/扬帆夜市,免费,4.4
矮寨奇观旅游区,湖南,吉首,吉首 · 矮寨奇观旅游区,78.0,4.6
矮寨大桥,湖南,吉首,吉首 · 矮寨奇观旅游区,95.0,4.6
天子山索道,湖南,张家界,张家界 · 张家界国家森林公园/武陵源,72.0,4.7
岳阳中华大熊猫苑,湖南,岳阳,岳阳,54.0,4.6
崀山国家级风景区,湖南,新宁,新宁,130.0,4.6
毛泽东同志故居,湖南,韶山,韶山,免费,暂无评分
君山岛景区,湖南,岳阳,岳阳,62.0,4.2
黔阳古城,湖南,洪江,洪江 · 黔阳古城度假区,55.0,4.7
长沙湘江海洋王国,湖南,长沙,长沙 · 洋湖公园/大王山度假区,99.0,4.6
德夯大峡谷,湖南,吉首,吉首 · 矮寨奇观旅游区,80.0,4.4
长沙生态动物园,湖南,长沙,长沙 · 长沙理工云塘校区/长沙生态动物园,68.0,4.3
天门山国家森林公园-天门洞,湖南,张家界,张家界 · 天门山索道/天门山森林公园,免费,4.7
十里画廊,湖南,张家界,张家界 · 张家界国家森林公园/武陵源,免费,4.2
湘江,湖南,长沙,长沙 · 长沙理工云塘校区/长沙生态动物园,免费,4.6
宝峰湖景区,湖南,张家界,张家界 · 张家界国家森林公园/武陵源,107.0,4.1
潮宗街历史文化街区,湖南,长沙,长沙 · 五一广场/橘子洲景区,免费,4.9
莽山旅游区国家森林公园,湖南,宜章,宜章,80.0,4.4
湖南常德野生动物世界,湖南,汉寿,汉寿,201.0,4.5
天门山玻璃栈道,湖南,张家界,张家界 · 天门山索道/天门山森林公园,免费,4.5
长沙湘江冰雪世界,湖南,长沙,长沙 · 洋湖公园/大王山度假区,158.0,4.7
洞庭湖,湖南,岳阳县,岳阳县,免费,4.5
云冰山旅游景区,湖南,蓝山,蓝山,59.9,4.4
土家风情园,湖南,张家界,张家界 · 天门山索道/天门山森林公园,17.0,4.1
红石林国家地质公园,湖南,古丈,古丈,100.0,4.1
苏仙岭,湖南,郴州,郴州 · 北湖公园/苏仙岭,免费,3.8
炭河千古情,湖南,宁乡,宁乡,55.0,4.7
东洲岛,湖南,衡阳,衡阳,免费,4.6
长沙湘江水上乐园,湖南,长沙,长沙 · 洋湖公园/大王山度假区,120.0,4.7
大王山国际旅游度假区,湖南,长沙,长沙 · 洋湖公园/大王山度假区,免费,4.7
炎帝陵,湖南,炎陵,炎陵,60.0,4.2
天子山风景区,湖南,张家界,张家界 · 张家界国家森林公园/武陵源,72.0,4.6
夜游七十二奇楼,湖南,张家界,张家界 · 七十二奇楼/大庸古城,免费,3.8
洪江古商城,湖南,洪江,洪江,免费,4.6
张家界七星山景区,湖南,张家界,张家界,239.0,4.2
黄石寨索道,湖南,张家界,张家界 · 张家界国家森林公园/武陵源,65.0,4.6
长沙博物馆,湖南,长沙,长沙 · 湖南博物馆/北辰三角洲,免费,4.5
黄兴广场,湖南,长沙,长沙 · 五一广场/橘子洲景区,免费,4.7
柳子庙,湖南,永州,永州,20.0,4.3
靖港古镇,湖南,长沙,长沙 · 铜官窑度假区,58.0,4.6
南山牧场,湖南,城步,城步,免费,4.2
德夯苗寨,湖南,吉首,吉首 · 矮寨奇观旅游区,免费,4.8
长沙之眼,湖南,长沙,长沙 · 岳麓山/梅溪湖公园,29.9,4.1
凤凰磁浮观光快线,湖南,凤凰县,凤凰县,68.0,4.3
南山国家公园,湖南,城步,城步,68.0,4.0
圣安寺,湖南,岳阳,岳阳,16.0,4.7
莽山森林温泉,湖南,宜章,宜章,137.0,4.6
株洲方特欢乐世界,湖南,株洲,株洲,98.0,4.9
株洲方特旅游度假区,湖南,株洲,株洲,98.0,4.8
白廊景区,湖南,资兴,资兴,免费,4.5
零陵古城旅游区,湖南,永州,永州,免费,4.1
神农谷国家森林公园,湖南,炎陵,炎陵,58.0,4.4
醴陵陶瓷博物馆,湖南,醴陵,醴陵,免费,4.6
柳宗元文化旅游区,湖南,永州,永州,免费,3.7
南岳里,湖南,衡阳,衡阳 · 南岳衡山度假区,免费,4.0
大围山国家森林公园,湖南,浏阳,浏阳,68.0,4.4
紫鹊界梯田,湖南,新化,新化,63.0,4.4
九嶷山景区,湖南,宁远,宁远,30.0,4.5
谢子龙影像艺术馆,湖南,长沙,长沙 · 洋湖公园/大王山度假区,30.0,4.1
乾州古城,湖南,吉首,吉首 · 乾州古城,免费,4.0
湘江游轮(三馆一厅码头),湖南,长沙,长沙 · 湖南博物馆/北辰三角洲,118.0,4.5
张谷英村,湖南,岳阳县,岳阳县,35.78,4.1
八面山景区,湖南,龙山,龙山,免费,4.4
万佛山,湖南,通道,通道,60.0,4.8
金鞭溪峡谷,湖南,张家界,张家界 · 张家界国家森林公园/武陵源,免费,4.5
古开福寺,湖南,长沙,长沙 · 湖南博物馆/北辰三角洲,免费,4.4
湘见·沱江沉浸式艺术游船,湖南,凤凰县,凤凰县,免费,4.7
江永上甘棠古村景区,湖南,江永,江永,免费,4.6
张家界大峡谷蹦极,湖南,慈利,慈利 · 张家界国家森林公园/武陵源,1998.0,4.8
芙蓉镇大瀑布,湖南,永顺,永顺 · 芙蓉古镇,免费,4.6
滴水洞,湖南,韶山,韶山,40.0,暂无评分
株洲方特梦幻王国,湖南,株洲,株洲,98.0,4.9
柳叶湖旅游度假区,湖南,常德,常德 · 大小河街/柳叶湖旅游度假区,免费,4.4
洋湖湿地公园,湖南,长沙,长沙 · 洋湖公园/大王山度假区,免费,4.8
南岳金月湖,湖南,衡阳,衡阳,免费,暂无评分
万家丽世界名人蜡像馆,湖南,长沙,长沙 · 万家丽/扬帆夜市,免费,4.4
东江湖回龙山,湖南,资兴,资兴,64.0,4.3
龙津风雨桥,湖南,芷江,芷江,免费,4.8
杨家界索道,湖南,张家界,张家界 · 张家界国家森林公园/武陵源,76.0,4.5
桃花江竹海景区,湖南,桃江,桃江,免费,4.3
阳明山国家森林公园,湖南,双牌,双牌,43.9,4.1
惹巴拉旅游景区,湖南,龙山,龙山,100.0,4.0
韶山毛泽东同志纪念馆,湖南,韶山,韶山,免费,暂无评分
奇梁洞,湖南,凤凰县,凤凰县,91.0,4.3
梅溪湖公园,湖南,长沙,长沙 · 岳麓山/梅溪湖公园,免费,4.6
7级穿山自动扶梯,湖南,张家界,张家界 · 天门山索道/天门山森林公园,免费,4.6
万家丽世界文化大观园,湖南,长沙,长沙 · 万家丽/扬帆夜市,免费,4.6
茶马古道风景区,湖南,安化,安化,104.0,4.5
通道芋头古侗寨,湖南,通道,通道,免费,4.7
马皇丘大峡谷,湖南,郴州,郴州,免费,4.8
袁家界景区,湖南,张家界,张家界 · 张家界国家森林公园/武陵源,免费,4.6
屈子文化园,湖南,汨罗,汨罗,56.0,4.0
墨戎鼓镇,湖南,古丈,古丈,24.5,3.9
长沙动趣王国,湖南,长沙,长沙,99.9,4.1
零食王国,湖南,长沙,长沙 · 五一广场/橘子洲景区,免费,4.7
爱晚亭,湖南,长沙,长沙 · 岳麓山/梅溪湖公园,免费,4.7
湘西猛洞河漂流,湖南,永顺,永顺,198.0,4.2
大庸古城,湖南,张家界,张家界 · 七十二奇楼/大庸古城,免费,4.0
桐子坳,湖南,双牌,双牌,40.0,4.3
祝融峰,湖南,衡阳,衡阳 · 南岳衡山度假区,免费,4.7
巴陵广场,湖南,岳阳,岳阳 · 岳阳楼景区,免费,4.5
长沙扬帆夜市,湖南,长沙,长沙 · 万家丽/扬帆夜市,免费,4.5
湖南博物馆-马王堆展厅,湖南,长沙,长沙 · 湖南博物馆/北辰三角洲,免费,4.5
石鼓书院,湖南,衡阳,衡阳 · 解放路商圈,免费,4.5
汝城温泉福泉汤谷,湖南,汝城,汝城,158.0,4.7
万洋山景区,湖南,桂东,桂东,免费,4.8
汴河街,湖南,岳阳,岳阳 · 岳阳楼景区,免费,4.1
曾国藩故居,湖南,双峰,双峰,60.0,4.6
天下第一桥,湖南,张家界,张家界 · 张家界国家森林公园/武陵源,免费,4.5
小东江观雾栈道,湖南,资兴,资兴,免费,4.7
花果山景区,湖南,衡山县,衡山县,109.9,3.7
隆平水稻博物馆,湖南,长沙,长沙 · 万家丽/扬帆夜市,免费,4.9
星城之眼摩天轮,湖南,长沙,长沙 · 五一广场/橘子洲景区,70.0,4.3
周洛大峡谷,湖南,浏阳,浏阳,49.9,4.5
十八洞村,湖南,花垣,花垣,免费,3.4
平江石牛寨景区,湖南,平江,平江,148.0,4.8
虹桥风雨楼,湖南,凤凰县,凤凰县,免费,4.3
怀化大峡谷,湖南,中方,中方,免费,4.1
黄石寨,湖南,张家界,张家界 · 张家界国家森林公园/武陵源,免费,4.5
梵高星空艺术馆（长沙旗舰店）,湖南,长沙,长沙 · 五一广场/橘子洲景区,39.9,4.9
热市云顶温泉旅游度假区,湖南,桃源,桃源,99.0,4.6
贺龙体育场,湖南,长沙,长沙 · 五一广场/橘子洲景区,免费,4.7
龙景峡谷,湖南,资兴,资兴,免费,4.5
凤凰中华大熊猫苑,湖南,凤凰县,凤凰县,62.5,4.2
南华山神凤文化景区,湖南,凤凰县,凤凰县,88.0,4.3
白沙广场,湖南,长沙,长沙 · 五一广场/橘子洲景区,免费,4.7
沈从文故居,湖南,凤凰县,凤凰县,免费,暂无评分
花明楼景区,湖南,宁乡,宁乡,免费,暂无评分
板梁古村,湖南,永兴,永兴,32.0,4.3
湖南烈士公园,湖南,长沙,长沙 · 湖南博物馆/北辰三角洲,免费,暂无评分
一脚踏三省地标,湖南,花垣,花垣 · 边城茶峒,免费,4.5
溪布街,湖南,张家界,张家界 · 张家界国家森林公园/武陵源,免费,3.8
中国人民抗日战争胜利受降纪念旧址,湖南,芷江,芷江,免费,暂无评分
湘江游轮(岳麓山码头),湖南,长沙,长沙 · 岳麓山/梅溪湖公园,120.0,4.4
时光之城1944,湖南,衡阳,衡阳 · 南岳衡山度假区,88.0,3.9
恰同学少年广场,湖南,长沙,长沙 · 恰同学少年广场/南郊公园,免费,4.8
湘江观光巴士,湖南,长沙,长沙 · 恰同学少年广场/南郊公园,10.0,4.7
梅山龙宫,湖南,新化,新化,96.0,4.2
桃花源古镇,湖南,桃源,桃源,免费,3.9
武陵源标志门,湖南,张家界,张家界 · 张家界国家森林公园/武陵源,免费,5.0
火宫殿牌楼,湖南,长沙,长沙 · 五一广场/橘子洲景区,免费,4.3
大小河街,湖南,常德,常德 · 大小河街/柳叶湖旅游度假区,免费,4.6
空中田园,湖南,张家界,张家界 · 张家界国家森林公园/武陵源,免费,4.3
万华岩,湖南,郴州,郴州,47.0,4.4
榆树湾,湖南,怀化,怀化 · 高铁站/体育中心商圈,免费,5.0
张家界万福温泉冷泉冰泉水世界,湖南,慈利,慈利,119.0,4.4
德茹村,湖南,吉首,吉首,免费,5.0
柳庄(左宗棠故居),湖南,湘阴,湘阴,28.8,4.6
岳麓山索道,湖南,长沙,长沙 · 岳麓山/梅溪湖公园,免费,4.1
灰汤温泉华天城旅游度假区,湖南,宁乡,宁乡,128.0,4.6
瓦窑坪历史文化街区,湖南,郴州,郴州,免费,3.0
莽山大峡谷漂流,湖南,宜章,宜章,198.0,4.4
流沙瀑布,湖南,花垣,花垣 · 矮寨奇观旅游区,免费,4.5
天岳幕阜山,湖南,平江,平江,免费,4.4
浏阳·烟花嘉年华,湖南,浏阳,浏阳,198.0,3.0
万名塔,湖南,凤凰县,凤凰县,免费,4.4
辛追遗体,湖南,长沙,长沙 · 湖南博物馆/北辰三角洲,免费,4.3
竹山苗寨,湖南,凤凰县,凤凰县,128.0,3.8
沱龙峡漂流,湖南,平江,平江,免费,4.5
萍洲书院,湖南,永州,永州,40.0,4.0
万楼,湖南,湘潭,湘潭 · 湘潭站,免费,4.1
凤凰凤仙境温德姆豪廷温泉,湖南,凤凰县,凤凰县,89.0,4.6
韶峰,湖南,韶山,韶山,60.0,4.7
衡山渡·湘江渡口民俗文化印象体验地,湖南,衡山县,衡山县,免费,5.0
御笔峰,湖南,张家界,张家界 · 张家界国家森林公园/武陵源,免费,4.7
益阳明清古巷,湖南,益阳,益阳,免费,4.5
古苗河百瀑大峡谷景区,湖南,花垣,花垣,88.0,4.5
芙蓉广场,湖南,长沙,长沙 · 五一广场/橘子洲景区,免费,4.7
石燕湖,湖南,长沙,长沙,99.0,4.7
巨石阵景点,湖南,资兴,资兴,免费,4.3
张家界大峡谷-高空滑索,湖南,慈利,慈利 · 张家界国家森林公园/武陵源,免费,4.0
长沙园林生态园,湖南,长沙,长沙,13.8,4.0
《凤凰样子》大型传统实景篝火晚会,湖南,凤凰县,凤凰县,168.0,3.1
凤凰样子文化村,湖南,凤凰县,凤凰县,188.0,5.0
袁家界景区-乾坤柱,湖南,张家界,张家界 · 张家界国家森林公园/武陵源,免费,4.5
铜官古镇,湖南,长沙,长沙 · 铜官窑度假区,免费,5.0
江永勾蓝瑶寨,湖南,江永,江永,免费,3.8
岳阳博物馆,湖南,岳阳,岳阳 · 南湖广场,免费,4.5
云台山风景区,湖南,安化,安化,免费,4.8
灰汤温泉职工疗养院,湖南,宁乡,宁乡,118.0,4.5
白水洞风景区,湖南,新邵,新邵,40.0,4.1
长沙大王山国际大马戏,湖南,长沙,长沙 · 洋湖公园/大王山度假区,49.0,4.9
Zoolung Zoolung动物主题公园(海信广场店),湖南,长沙,长沙 · 五一广场/橘子洲景区,免费,5.0
橘子洲头,湖南,长沙,长沙 · 五一广场/橘子洲景区,免费,暂无评分
中国土家织锦艺术馆,湖南,张家界,张家界,1.0,5.0
大围山峡谷漂流,湖南,浏阳,浏阳,178.0,4.5
黔阳古城芙蓉楼,湖南,洪江,洪江 · 黔阳古城度假区,免费,4.8
舜帝陵景区,湖南,宁远,宁远,60.0,4.5
城头山旅游景区,湖南,澧县,澧县,免费,4.0
云梦仙顶,湖南,张家界,张家界 · 天门山索道/天门山森林公园,免费,4.4
刘少奇故里,湖南,宁乡,宁乡,免费,暂无评分
汨罗江,湖南,汨罗,汨罗,免费,4.7
酒仙湖,湖南,攸县,攸县,62.0,4.6
酒埠江旅游区,湖南,攸县,攸县,免费,4.2
杨家界景区,湖南,张家界,张家界 · 张家界国家森林公园/武陵源,免费,4.7
老司城,湖南,永顺,永顺,68.2,4.4
湖南省立第一师范大学旧址,湖南,长沙,长沙 · 五一广场/橘子洲景区,免费,4.6
宁乡灰汤紫龙湾温泉度假区,湖南,宁乡,宁乡,92.0,4.1
橘子洲景区-观景台,湖南,长沙,长沙 · 五一广场/橘子洲景区,免费,4.5
迷魂台,湖南,张家界,张家界 · 张家界国家森林公园/武陵源,免费,4.4
张家界慈利地缝景区,湖南,慈利,慈利,88.0,4.5
里耶古城,湖南,龙山,龙山,免费,4.6
燕子岩风景区,湖南,宜章,宜章,29.0,4.6
梅溪湖艺术博物馆,湖南,长沙,长沙 · 岳麓山/梅溪湖公园,128.0,4.3
湖南松雅湖国家湿地公园,湖南,长沙县,长沙县 · 星沙经济开发区/松雅湖,免费,4.8
长沙简牍博物馆,湖南,长沙,长沙 · 五一广场/橘子洲景区,免费,4.5
永州武庙,湖南,永州,永州,35.0,4.6
常德卡乐星球欢乐世界,湖南,常德,常德 · 大小河街/柳叶湖旅游度假区,67.9,4.5
万寿大鼎景区,湖南,衡阳,衡阳 · 南岳衡山度假区,29.5,4.5
蔡伦竹海,湖南,耒阳,耒阳,45.0,4.1
通道皇都侗民族文化村,湖南,通道,通道,50.0,4.0
地笋苗寨,湖南,靖州,靖州,免费,4.9
盘龙大观园,湖南,湘潭,湘潭,68.0,4.1
衡阳玛雅海滩水公园,湖南,衡阳,衡阳,120.0,5.0
炭河里国家考古遗址公园,湖南,宁乡,宁乡,36.0,4.9
向警予同志纪念馆,湖南,溆浦,溆浦,免费,暂无评分
梵高星空艺术馆(黄兴广场旗舰店),湖南,长沙,长沙 · 五一广场/橘子洲景区,免费,4.8
湖南暖水温泉度假区,湖南,汝城,汝城,138.0,4.9
花湖谷景区,湖南,茶陵,茶陵,38.0,4.9
代远文化旅游景区滕代远纪念馆,湖南,麻阳,麻阳,免费,5.0
长沙石燕湖生态旅游景区-天空玻璃桥,湖南,长沙,长沙,免费,5.0
白马湖文化公园,湖南,常德,常德 · 常德万达广场/和瑞欢乐城,免费,4.9
湘西州酒鬼酒生态文化产业园,湖南,吉首,吉首,免费,5.0
株洲云龙水上乐园,湖南,株洲,株洲,138.0,4.5
连云山大峡谷漂流,湖南,平江,平江,218.0,4.6
宇艺木国,湖南,益阳,益阳,69.9,4.6
三珍虎园,湖南,长沙县,长沙县,85.0,4.7
炎帝广场,湖南,株洲,株洲,免费,4.7
益阳现代农业示范园,湖南,益阳,益阳,免费,4.6
毛泽东铜像,湖南,韶山,韶山,免费,暂无评分
南岳忠烈祠,湖南,衡阳,衡阳 · 南岳衡山度假区,免费,暂无评分
橘子洲烟火,湖南,长沙,长沙,免费,4.6
沩山风景名胜区,湖南,宁乡,宁乡,免费,5.0
九龙江国家森林公园,湖南,汝城,汝城,68.0,4.5
东江湖凤凰岛景区,湖南,资兴,资兴,85.0,4.5
长沙石燕湖生态旅游景区-金龟岛,湖南,长沙,长沙,免费,4.9
通程温泉,湖南,宁乡,宁乡,149.0,4.5
东塔公园,湖南,桂阳,桂阳,免费,4.9
湘江风光带,湖南,长沙,长沙 · 五一广场/橘子洲景区,免费,4.7
南郊公园,湖南,长沙,长沙 · 恰同学少年广场/南郊公园,免费,4.9
白鹿寺,湖南,益阳,益阳,免费,4.7
益阳奥林匹克公园,湖南,益阳,益阳,免费,4.7
天门山国家森林公园-鬼谷栈道,湖南,张家界,张家界 · 天门山索道/天门山森林公园,免费,4.6
老磨湾大氧吧广场,湖南,张家界,张家界 · 张家界国家森林公园/武陵源,免费,4.4
上天梯,湖南,张家界,张家界 · 天门山索道/天门山森林公园,免费,4.4
西湖公园,湖南,长沙,长沙 · 岳麓山/梅溪湖公园,免费,4.8
常德欢乐水世界,湖南,常德,常德 · 大小河街/柳叶湖旅游度假区,130.0,4.2
徐特立故居,湖南,长沙县,长沙县,免费,暂无评分
向日葵美术馆,湖南,长沙,长沙 · 渔人码头/长沙万象城,免费,4.9
南湖,湖南,岳阳,岳阳,免费,4.8
平江亚马逊水上乐园,湖南,平江,平江,128.0,4.5
通天大道,湖南,张家界,张家界 · 天门山索道/天门山森林公园,免费,4.5
绿岛蓝湾景区,湖南,津市,津市,98.0,4.8
湖南雷锋纪念馆,湖南,长沙,长沙 · 岳麓山/梅溪湖公园,免费,暂无评分
玉女岩,湖南,新宁,新宁,58.0,5.0
不二门国家森林公园,湖南,永顺,永顺,免费,4.8
杨家界景区-天波府,湖南,张家界,张家界 · 张家界国家森林公园/武陵源,免费,4.8
砂岩峰林地质公园,湖南,张家界,张家界 · 张家界国家森林公园/武陵源,免费,5.0
常德诗墙公园,湖南,常德,常德 · 武陵阁步行街,免费,4.7
湘潭市湘乡东山书院旅游区,湖南,湘乡,湘乡,免费,4.7
梅溪海洋公园(步步高梅溪新天地店),湖南,长沙,长沙 · 岳麓山/梅溪湖公园,59.9,4.5
月湖公园,湖南,长沙,长沙 · 芒果馆/世界之窗,免费,4.8
橘子洲景区-百米高喷,湖南,长沙,长沙,免费,4.8
黄桑国家级自然保护区,湖南,城步,城步,免费,4.8
张家界国家森林公园-金鞭岩,湖南,张家界,张家界 · 张家界国家森林公园/武陵源,免费,4.7
祁阳浯溪碑林风景名胜区,湖南,祁阳,祁阳,免费,4.6
神农公园,湖南,株洲,株洲,免费,4.8
索溪峪,湖南,张家界,张家界 · 张家界国家森林公园/武陵源,免费,4.6
顺湖公园,湖南,耒阳,耒阳,免费,4.8
神农城炎帝文化主题公园,湖南,株洲,株洲,免费,4.6
状元洲文化公园,湖南,醴陵,醴陵,免费,4.4
南塔公园(香雪路),湖南,郴州,郴州 · 裕后街,免费,4.6
沱江跳岩,湖南,凤凰县,凤凰县,免费,4.5
湖南省地质博物馆,湖南,长沙,长沙 · 德思勤广场/省政府,免费,4.7
影珠山抗战遗址公园,湖南,长沙县,长沙县,免费,暂无评分
中南大学(岳麓山校区),湖南,长沙,长沙 · 岳麓山/梅溪湖公园,免费,4.5
纯溪小镇,湖南,平江,平江,68.0,4.7
观音崖,湖南,涟源,涟源,免费,4.8
湖南图书馆,湖南,长沙,长沙 · 五一广场/橘子洲景区,免费,4.9
红莲兵寨·仙侠谷,湖南,平江,平江,40.0,5.0
火宫殿,湖南,龙山,龙山,免费,5.0
株洲大桥,湖南,株洲,株洲,免费,4.9
谁主沉浮雕像群,湖南,长沙,长沙,免费,暂无评分
坐龙峡风景区,湖南,古丈,古丈,免费,4.5
中南大学(潇湘校区),湖南,长沙,长沙 · 岳麓山/梅溪湖公园,免费,4.7
采药老人,湖南,张家界,张家界 · 张家界国家森林公园/武陵源,免费,4.5
阳山古村旅游区,湖南,桂阳,桂阳,免费,4.9
平江起义纪念馆,湖南,平江,平江,免费,暂无评分
会龙公园-栖霞寺,湖南,益阳,益阳,免费,4.6
沙湾景区,湖南,凤凰县,凤凰县,免费,4.6
江垭温泉,湖南,慈利,慈利,98.0,4.2
浏阳大围山瀑布漂流,湖南,浏阳,浏阳,168.0,4.8
永乐江国家湿地公园,湖南,安仁,安仁,免费,4.6
龙王洞,湖南,石门,石门,50.0,4.5
昭阳公园,湖南,邵东,邵东,免费,4.9
桃花雪缘室内滑雪场,湖南,桃源,桃源,128.0,4.5
彭德怀纪念馆,湖南,湘潭县,湘潭县,免费,暂无评分
芙蓉国里君山野生荷花世界,湖南,岳阳,岳阳,免费,4.6
东方红广场,湖南,长沙,长沙 · 岳麓山/梅溪湖公园,免费,4.9
排牙山,湖南,靖州,靖州,免费,4.7
湘潭市博物馆,湖南,湘潭,湘潭 · 步步高广场/万达广场,免费,4.7
五雷山,湖南,慈利,慈利,免费,4.5
桃花岭公园,湖南,长沙,长沙 · 岳麓山/梅溪湖公园,免费,4.7
回龙阁吊脚楼,湖南,凤凰县,凤凰县,免费,4.5
清水塘毛泽东杨开慧故居,湖南,长沙,长沙 · 五一广场/橘子洲景区,免费,暂无评分
生态公园,湖南,衡阳,衡阳 · 华新开发区,免费,4.7
罗荣桓故居,湖南,衡东,衡东,免费,暂无评分
张家界国家森林公园-母子峰,湖南,张家界,张家界 · 张家界国家森林公园/武陵源,免费,4.1
丹霞山,广东,仁化,仁化,80.0,4.6
万绿湖风景区,广东,东源,东源,158.0,4.7
赤坎·广东华侨国际旅游度假区,广东,开平,开平,150.0,4.6
白水寨风景名胜区,广东,广州,广州 · 白水寨风景名胜区,48.0,4.6
广东罗浮山风景名胜区,广东,博罗,博罗 · 罗浮山度假区,43.0,4.6
珠海长隆海洋王国,广东,珠海,珠海 · 长隆旅游度假区,373.0,4.8
长隆野生动物世界,广东,广州,广州 · 番禺长隆/广州南站附近,298.0,4.8
广州长隆度假区,广东,广州,广州 · 番禺长隆/广州南站附近,100.0,4.7
广州塔,广东,广州,广州 · 琶洲会展/广州塔/客村,135.0,4.6
深圳世界之窗,广东,深圳,深圳 · 深圳世界之窗/深圳欢乐谷,118.0,4.6
广州长隆国际大马戏,广东,广州,广州 · 番禺长隆/广州南站附近,240.0,4.7
南越王博物院(王墓展区),广东,广州,广州 · 火车站/越秀公园附近,8.0,4.6
珠江夜游,广东,广州,广州 · 海珠广场/北京路步行街,73.0,4.5
长隆飞船乐园,广东,珠海,珠海 · 长隆旅游度假区,325.0,4.9
南澳岛,广东,南澳县,南澳县 · 南澳后宅镇/山海汇,免费,4.4
长隆欢乐世界,广东,广州,广州 · 番禺长隆/广州南站附近,240.0,4.7
甘坑古镇,广东,深圳,深圳 · 布吉/深圳东站,免费,4.5
潮州古城,广东,潮州,潮州 · 牌坊街/潮州古城/广济桥,免费,4.5
越秀公园,广东,广州,广州 · 火车站/越秀公园附近,免费,4.5
景山公园,广东,珠海,珠海 · 情侣路/海滨泳场/珠海大剧院,免费,4.4
深圳平安金融中心云际观光层,广东,深圳,深圳 · 会展中心/CBD,180.0,4.9
广济桥,广东,潮州,潮州,免费,4.6
长隆水上乐园,广东,广州,广州 · 番禺长隆/广州南站附近,69.0,4.8
韩文公祠,广东,潮州,潮州 · 韩文公祠/开元寺泰佛殿,免费,4.7
广东省博物馆,广东,广州,广州 · 珠江新城/省博物馆,免费,4.7
清远长隆森林王国,广东,清远,清远 · 清远长隆森林王国/清远新银盏温泉,245.0,4.9
欢乐港湾,广东,深圳,深圳 · 宝安商业区,免费,4.6
港珠澳大桥游,广东,珠海,珠海,188.0,4.5
南越王博物院(王宫展区),广东,广州,广州 · 海珠广场/北京路步行街,免费,4.7
礐石风景区,广东,汕头,汕头 · 潮博馆/礐石风景区,免费,4.5
陈家祠,广东,广州,广州 · 永庆坊/上下九步行街,免费,4.6
巽寮湾,广东,惠东,惠东 · 巽寮湾,免费,4.5
珠海横琴《长隆秀》,广东,珠海,珠海 · 长隆旅游度假区,350.0,4.8
连州地下河,广东,连州,连州,108.0,4.8
西樵山风景名胜区,广东,佛山,佛山 · 西樵山/广东千古情,38.0,4.4
佛山市祖庙博物馆,广东,佛山,佛山 · 祖庙/岭南天地,16.0,4.6
沙面,广东,广州,广州 · 永庆坊/上下九步行街,免费,4.7
珠海长隆度假区,广东,珠海,珠海 · 长隆旅游度假区,69.0,4.7
深圳欢乐谷,广东,深圳,深圳 · 深圳世界之窗/深圳欢乐谷,159.0,4.8
广州塔460米摩天轮,广东,广州,广州 · 琶洲会展/广州塔/客村,283.0,4.6
锦绣中华民俗村,广东,深圳,深圳 · 深圳世界之窗/深圳欢乐谷,215.0,4.7
广东科学中心,广东,广州,广州 · 广州大学城附近,54.0,4.6
千年瑶寨,广东,连南,连南,105.0,4.7
古龙峡,广东,清远,清远 · 古龙峡/清远万达广场,90.0,4.7
东澳岛,广东,珠海,珠海 · 东澳岛/格力东澳度假区,157.0,4.3
小梅沙海洋世界,广东,深圳,深圳 · 大梅沙海滨公园/小梅沙海滨乐园,230.0,4.6
古龙峡漂流,广东,清远,清远 · 古龙峡/清远万达广场,90.0,4.7
长隆飞鸟乐园,广东,广州,广州 · 番禺长隆/广州南站附近,100.0,4.7
广州中山纪念堂,广东,广州,广州 · 火车站/越秀公园附近,10.0,暂无评分
深圳野生动物园,广东,深圳,深圳 · 大学城/西丽动物园,129.0,4.4
广东千古情,广东,佛山,佛山 · 西樵山/广东千古情,159.0,4.7
大佛古寺,广东,广州,广州 · 海珠广场/北京路步行街,免费,4.8
深圳科学技术馆,广东,深圳,深圳 · 光明农场商圈,50.0,4.4
双月湾,广东,惠东,惠东 · 双月湾,免费,4.4
大梅沙海滨公园,广东,深圳,深圳 · 大梅沙海滨公园/小梅沙海滨乐园,免费,4.6
湖光岩风景区,广东,湛江,湛江 · 湖光岩风景区,40.0,4.3
华发前海冰雪世界,广东,深圳,深圳 · 深圳国际会展中心商圈,201.0,4.6
海珠有轨电车1号线,广东,广州,广州 · 琶洲会展/广州塔/客村,6.9,4.5
沙湾古镇,广东,广州,广州 · 番禺市桥/亚运城,30.0,4.4
正佳极地海洋世界,广东,广州,广州 · 天河体育中心/太古汇,96.0,4.5
黄埔军校旧址纪念馆,广东,广州,广州 · 广州大学城附近,免费,暂无评分
潮汕历史文化博览中心,广东,汕头,汕头 · 潮博馆/礐石风景区,免费,4.1
汕头小公园,广东,汕头,汕头 · 小公园/滨海长廊,免费,4.5
外伶仃岛,广东,珠海,珠海 · 外伶仃岛,160.0,4.4
广州博物馆,广东,广州,广州 · 火车站/越秀公园附近,免费,4.7
圆明新园,广东,珠海,珠海 · 前山,免费,4.2
汕头老城,广东,汕头,汕头 · 小公园/滨海长廊,免费,4.5
珠江夜游天字码头,广东,广州,广州 · 海珠广场/北京路步行街,128.0,4.5
海龟湾,广东,惠东,惠东 · 双月湾,免费,4.2
正佳广场商贸旅游区,广东,广州,广州 · 天河体育中心/太古汇,免费,4.6
中国大陆南极村,广东,徐闻,徐闻,免费,4.5
湛江军事文化博览园,广东,湛江,湛江,39.0,4.2
清远长隆度假区,广东,清远,清远 · 清远长隆森林王国/清远新银盏温泉,245.0,4.5
澳门环岛游,广东,珠海,珠海 · 珠海国际会展中心,158.0,4.5
深圳湾公园,广东,深圳,深圳 · 深圳湾口岸/蛇口,免费,4.6
清晖园博物馆,广东,佛山,佛山 · 清晖园度假区/顺德欢乐海岸PLUS,26.0,4.3
牌坊街,广东,潮州,潮州 · 牌坊街/潮州古城/广济桥,免费,4.7
湾区之光摩天轮,广东,深圳,深圳 · 前海自贸区,140.0,4.6
顺德欢乐海岸PLUS,广东,佛山,佛山 · 清晖园度假区/顺德欢乐海岸PLUS,80.0,4.4
清远笔架山旅游度假区,广东,清远,清远 · 笔架山旅游度假区/黄腾峡生态旅游区,78.0,4.6
招商蛇口邮轮母港游览,广东,深圳,深圳 · 深圳湾口岸/蛇口,198.0,4.6
广州圣心大教堂,广东,广州,广州 · 海珠广场/北京路步行街,免费,4.6
广州动物园,广东,广州,广州 · 淘金/环市东/广州动物园,20.0,4.4
陈慈黉故居,广东,汕头,汕头,免费,4.2
中国科学院华南国家植物园,广东,广州,广州 · 白云同和/龙洞地区,16.0,4.7
黄满寨瀑布,广东,揭西,揭西,85.0,4.5
海上世界,广东,深圳,深圳 · 深圳湾口岸/蛇口,免费,4.6
沉浸式形体剧《交易人生》,广东,深圳,深圳 · 深圳湾口岸/蛇口,680.0,4.8
珠海景山观光索道,广东,珠海,珠海 · 情侣路/海滨泳场/珠海大剧院,65.0,4.5
湛江红嘴鸥游船,广东,湛江,湛江 · 金沙湾风景区,158.0,4.4
广州热雪奇迹,广东,广州,广州 · 花都融创文旅城及周边,198.0,4.5
开平碉楼文化旅游区,广东,开平,开平,177.0,4.5
白云山,广东,广州,广州 · 广州体育馆/白云山,5.0,4.7
珠江夜游广州塔码头,广东,广州,广州 · 琶洲会展/广州塔/客村,83.0,4.5
广州融创文旅城,广东,广州,广州 · 花都融创文旅城及周边,免费,4.4
赤坎老街景区,广东,湛江,湛江 · 赤坎老街/湛江西站,免费,4.7
七星岩,广东,肇庆,肇庆 · 七星岩景区/星湖风景区/肇庆站,70.0,4.5
江门古劳水乡旅游区,广东,鹤山,鹤山,75.0,4.7
南风古灶,广东,佛山,佛山 · 祖庙/岭南天地,20.0,4.4
佛山岭南新天地,广东,佛山,佛山 · 祖庙/岭南天地,免费,4.7
惠州西湖,广东,惠州,惠州 · 惠州西湖/水东街,免费,4.7
珠海拱北口岸,广东,珠海,珠海 · 拱北口岸/富华里,免费,4.5
中英街,广东,深圳,深圳 · 盐田区政府/沙头角,免费,4.2
雁南飞茶田景区,广东,梅州,梅州 · 雁南飞茶田度假村,70.0,4.4
青澳湾,广东,南澳县,南澳县 · 南澳青澳湾,免费,4.7
海陵岛,广东,阳江,阳江 · 恒大海上夏威夷,免费,4.5
桔钓沙,广东,深圳,深圳 · 杨梅坑/桔钓沙,免费,4.5
湟川三峡,广东,连州,连州,45.0,4.9
开元寺,广东,潮州,潮州 · 牌坊街/潮州古城/广济桥,免费,4.6
珠海御温泉,广东,珠海,珠海 · 御温泉/金台寺,198.0,4.5
小梅沙海滨乐园,广东,深圳,深圳 · 大梅沙海滨公园/小梅沙海滨乐园,45.0,4.7
龙湖古寨,广东,潮州,潮州 · 东山湖/龙湖古寨,免费,4.0
洞天仙境,广东,英德,英德 · 英西峰林走廊,95.0,4.4
蛇口港珠海游轮,广东,深圳,深圳 · 深圳湾口岸/蛇口,130.0,4.7
宝墨园,广东,广州,广州 · 番禺市桥/亚运城,54.0,4.7
桂山岛,广东,珠海,珠海 · 桂山岛,120.0,4.3
鼎龙湾国际海洋度假区,广东,吴川,吴川 · 鼎龙湾国际海洋度假区,免费,4.5
星湖旅游景区,广东,肇庆,肇庆 · 七星岩景区/星湖风景区/肇庆站,70.0,4.5
日出情人湾风景区,广东,惠东,惠东 · 双月湾,38.0,4.9
观音山旅游风景区,广东,东莞,东莞 · 观音山度假区,39.0,4.5
珠海太空中心,广东,珠海,珠海 · 珠海金湾机场附近,102.0,4.5
中山詹园,广东,中山,中山 · 中山南区/詹园,49.8,4.3
情侣路,广东,珠海,珠海 · 唐家湾/中山大学,免费,4.7
鼎湖山,广东,肇庆,肇庆 · 鼎湖山景区/肇庆东站,70.0,4.4
客天下客家小镇景区,广东,梅州,梅州 · 客天下景区,29.0,3.9
地王观光·深港之窗,广东,深圳,深圳 · 万象城/京基100,79.0,4.3
硇洲岛,广东,湛江,湛江 · 硇洲岛旅游区,免费,3.8
深圳罗湖口岸,广东,深圳,深圳 · 罗湖口岸/火车站,免费,4.4
总兵府,广东,南澳县,南澳县,10.0,4.2
云门山旅游度假区,广东,乳源,乳源,79.0,4.2
玫瑰海岸文化旅游度假区,广东,深圳,深圳 · 官湖沙滩/玫瑰海岸文化旅游度假区,28.0,4.5
花城广场,广东,广州,广州 · 珠江新城/省博物馆,免费,4.7
长鹿旅游休博园,广东,佛山,佛山 · 长鹿旅游休博园/三洲市场,128.0,4.7
揭阳古城,广东,揭阳,揭阳 · 进贤门城楼商圈,免费,3.7
岭南印象园,广东,广州,广州 · 广州大学城附近,48.0,4.3
妈阁庙,广东,澳门,澳门,免费,4.7
青岚怪臼谷国家地质公园,广东,饶平,饶平,58.0,4.5
香炉湾沙滩,广东,珠海,珠海 · 情侣路/海滨泳场/珠海大剧院,免费,4.7
仙门奇峡,广东,乳源,乳源,43.0,4.9
中国第一滩旅游度假区,广东,茂名,茂名 · 中国第一滩,免费,4.6
南澳北回归线标志自然之门,广东,南澳县,南澳县 · 南澳青澳湾,免费,4.6
红海湾旅游区,广东,汕尾,汕尾 · 红海湾遮浪旅游区,免费,4.1
杨梅坑,广东,深圳,深圳 · 杨梅坑/桔钓沙,免费,4.3
广州海洋馆,广东,广州,广州 · 淘金/环市东/广州动物园,168.0,4.6
大潮归来·入梦潮州,广东,潮州,潮州 · 牌坊街/潮州古城/广济桥,118.0,4.0
帽子峰旅游景区,广东,南雄,南雄,50.0,4.1
莲花山公园,广东,深圳,深圳 · 深业上城/莲花山公园,免费,暂无评分
广东海上丝绸之路博物馆,广东,阳江,阳江 · 保利银滩,56.0,4.4
深圳人才公园,广东,深圳,深圳 · 深圳湾万象城/深圳人才公园,免费,4.7
揭阳学宫,广东,揭阳,揭阳 · 进贤门城楼商圈,免费,4.1
顺德容桂渔人码头,广东,佛山,佛山 · 容桂,免费,4.6
南头古城,广东,深圳,深圳 · 科技园,免费,4.4
珠江夜游大沙头码头,广东,广州,广州 · 海珠广场/北京路步行街,73.0,4.5
大亚湾,广东,惠州,惠州,免费,4.6
大鹏所城,广东,深圳,深圳 · 较场尾/大鹏所城,免费,4.5
西溪古村,广东,东莞,东莞,免费,3.6
大良华盖路商业步行街,广东,佛山,佛山 · 清晖园度假区/顺德欢乐海岸PLUS,免费,4.5
深圳博物馆,广东,深圳,深圳 · 会展中心/CBD,免费,暂无评分
潮汕英歌舞表演,广东,汕头,汕头 · 潮博馆/礐石风景区,免费,4.3
长隆横琴湾水世界,广东,珠海,珠海 · 长隆旅游度假区,69.0,4.4
千灯湖,广东,佛山,佛山 · 千灯湖度假区,免费,4.5
自力村碉楼群,广东,开平,开平,75.0,4.4
十里银滩,广东,阳江,阳江 · 保利银滩,免费,4.4
海上看港珠澳大桥,广东,珠海,珠海 · 情侣路/海滨泳场/珠海大剧院,178.0,4.5
海陵岛大角湾海上丝路旅游区,广东,阳江,阳江 · 闸坡,48.0,4.4
横琴口岸,广东,珠海,珠海 · 横琴口岸,免费,4.5
峰林晓镇,广东,英德,英德 · 英西峰林走廊,98.0,4.4
大鹏半岛,广东,深圳,深圳 · 东涌/西涌,免费,4.6
浪漫海岸国际旅游度假区,广东,茂名,茂名,50.0,4.7
南昆山云顶温泉,广东,龙门,龙门 · 南昆山旅游区,99.0,4.7
孙中山故居纪念馆,广东,中山,中山 · 孙中山故居/崖口村,免费,暂无评分
深圳市天文台,广东,深圳,深圳 · 东涌/西涌,免费,4.6
中山影视城,广东,中山,中山 · 孙中山故居/崖口村,39.9,4.3
龙潭度假区,广东,连州,连州,免费,4.3
永庆坊,广东,广州,广州 · 永庆坊/上下九步行街,免费,4.5
华侨城大鹏所城旅游区,广东,深圳,深圳 · 较场尾/大鹏所城,免费,4.5
珠江夜游海心沙西区码头,广东,广州,广州 · 珠江新城/省博物馆,128.0,4.4
南沙天后宫,广东,广州,广州 · 南沙万达广场/天后宫商圈,16.0,4.5
阿卡那拉,广东,深圳,深圳 · 南澳,免费,5.0
广州融创乐园,广东,广州,广州 · 花都融创文旅城及周边,170.0,4.2
孙中山故里旅游区,广东,中山,中山 · 孙中山故居/崖口村,免费,暂无评分
较场尾,广东,深圳,深圳 · 较场尾/大鹏所城,300.0,4.4
盈香心动乐园,广东,佛山,佛山,149.0,4.6
中山大学(广州校区南校园),广东,广州,广州 · 江南西/中大南校区,免费,4.7
广州兰圃,广东,广州,广州 · 火车站/越秀公园附近,8.0,4.6
梅关古道,广东,南雄,南雄,32.0,4.5
珠澳海湾夜游,广东,珠海,珠海 · 横琴口岸,198.0,4.3
余荫山房,广东,广州,广州 · 番禺长隆/广州南站附近,免费,4.7
许驸马府,广东,潮州,潮州 · 牌坊街/潮州古城/广济桥,免费,4.1
长洲岛,广东,广州,广州 · 广州大学城附近,免费,4.4
西华路美食街,广东,广州,广州 · 永庆坊/上下九步行街,免费,4.4
深圳市民中心,广东,深圳,深圳 · 会展中心/CBD,免费,4.5
金沙湾观海长廊,广东,湛江,湛江 · 金沙湾风景区,免费,4.6
深圳观光巴士,广东,深圳,深圳 · 深圳世界之窗/深圳欢乐谷,50.0,4.6
珠海长隆海洋王国·鲸鲨馆,广东,珠海,珠海 · 长隆旅游度假区,免费,4.9
湛江市金沙湾滨海休闲旅游区,广东,湛江,湛江 · 金沙湾风景区,免费,4.5
大湾区一号(港珠澳大桥航线),广东,深圳,深圳 · 深圳湾口岸/蛇口,198.0,4.5
三角洲岛,广东,惠东,惠东 · 巽寮湾,128.0,4.0
南社明清古村落,广东,东莞,东莞,27.0,4.1
华润小径湾沙滩,广东,惠州,惠州 · 大亚湾/小径湾,免费,4.5
莲花山旅游区,广东,广州,广州 · 番禺市桥/亚运城,43.0,4.7
五矿哈施塔特文旅小镇,广东,博罗,博罗,免费,4.0
深圳玛雅海滩水公园,广东,深圳,深圳 · 深圳世界之窗/深圳欢乐谷,127.0,4.4
从化碧水湾温泉,广东,广州,广州 · 从化温泉风景区,149.28,4.9
潮州西湖,广东,潮州,潮州 · 西湖公园,免费,4.5
特呈岛,广东,湛江,湛江 · 特呈岛,免费,4.1
小鸟天堂,广东,江门,江门,20.0,4.0
森林海嬉水乐园,广东,广州,广州 · 白水寨风景名胜区,118.0,4.5
珠玑古巷,广东,南雄,南雄,32.0,3.9
珠海渔女,广东,珠海,珠海 · 情侣路/海滨泳场/珠海大剧院,免费,4.6
逢简水乡,广东,佛山,佛山 · 逢简水乡度假区,免费,4.4
海珠国家湿地公园,广东,广州,广州 · 琶洲会展/广州塔/客村,19.8,4.5
金町湾沙滩,广东,汕尾,汕尾 · 金町湾旅游度假区,免费,3.9
珠海横琴长隆《卡卡虎奇遇记》,广东,珠海,珠海 · 长隆旅游度假区,260.0,4.4
深圳欢乐海岸,广东,深圳,深圳 · 深圳世界之窗/深圳欢乐谷,免费,4.4
东部华侨城,广东,深圳,深圳 · 大梅沙海滨公园/小梅沙海滨乐园,200.0,4.1
珠海海泉湾旅游度假区,广东,珠海,珠海 · 海泉湾旅游度假区,58.0,4.9
黄腾峡生态旅游区,广东,清远,清远 · 笔架山旅游度假区/黄腾峡生态旅游区,免费,4.5
古龙峡云天玻霸,广东,清远,清远 · 古龙峡/清远万达广场,48.0,4.5
世界之窗-阿尔卑斯冰雪世界,广东,深圳,深圳 · 深圳世界之窗/深圳欢乐谷,70.0,4.6
湾仔旅游码头,广东,珠海,珠海 · 横琴口岸,免费,4.4
松山湖生态景区,广东,东莞,东莞 · 松山湖度假区,免费,4.6
顺峰山公园,广东,佛山,佛山 · 清晖园度假区/顺德欢乐海岸PLUS,免费,4.7
九洲港口岸,广东,珠海,珠海 · 情侣路/海滨泳场/珠海大剧院,免费,4.5
南澳岛宋井,广东,南澳县,南澳县 · 南澳云澳镇/海泉湾,13.0,4.0
广州十三行博物馆,广东,广州,广州 · 永庆坊/上下九步行街,免费,4.7
隐贤山庄,广东,东莞,东莞 · 隐贤山庄度假区,129.0,4.5
清远长隆动物大越野,广东,清远,清远,192.0,5.0
深圳会展中心（福田馆）,广东,深圳,深圳 · 会展中心/CBD,免费,4.4
珠海海泉湾海洋温泉,广东,珠海,珠海 · 海泉湾旅游度假区,168.0,4.9
仙湖植物园,广东,深圳,深圳 · 罗湖体育馆/梧桐山风景区,10.0,4.5
中旅·阿那亚·九龙湖,广东,广州,广州 · 花都融创文旅城及周边,免费,3.8
妈屿岛旅游区,广东,汕头,汕头 · 东海岸/汕头体育中心,免费,4.3
南华禅寺,广东,韶关,韶关 · 南华寺,20.0,4.7
大梅沙海滩,广东,深圳,深圳 · 大梅沙海滨公园/小梅沙海滨乐园,免费,4.7
大鹏半岛洲际游艇航海中心,广东,深圳,深圳 · 杨梅坑/桔钓沙,免费,5.0
法拉帝游艇海钓俱乐部,广东,深圳,深圳 · 杨梅坑/桔钓沙,免费,5.0
仙门奇峡竹筏漂流,广东,乳源,乳源,108.0,5.0
凤凰乐土·山水丽人,广东,清远,清远 · 笔架山旅游度假区/黄腾峡生态旅游区,96.0,5.0
汤臣倍健营养探索馆,广东,珠海,珠海 · 珠海金湾机场附近,免费,5.0
珠海海泉湾神秘岛乐园,广东,珠海,珠海 · 海泉湾旅游度假区,98.0,4.9
法拉帝游艇航海俱乐部,广东,惠东,惠东 · 十里银滩/亚婆角,免费,5.0
清远玄真漂流,广东,清远,清远 · 古龙峡/清远万达广场,108.0,4.9
汤臣倍健透明工厂,广东,珠海,珠海 · 珠海金湾机场附近,免费,4.9
深圳中心公园-A区,广东,深圳,深圳 · 会展中心/CBD,免费,5.0
贺江碧道画廊景区,广东,封开,封开,免费,5.0
鹏飞公园,广东,深圳,深圳 · 较场尾/大鹏所城,免费,5.0
小鹏汽车广州智造基地,广东,广州,广州 · 中新广州知识城,120.0,4.9
中信城开金沙湾水世界,广东,深圳,深圳 · 较场尾/大鹏所城,238.0,4.8
横琴创新方亲子研学中心,广东,珠海,珠海 · 长隆旅游度假区,130.0,4.7
深圳天宫阙航天乐园,广东,深圳,深圳 · 笋岗/八卦岭,139.0,5.0
南丹山森林王国,广东,佛山,佛山,49.0,4.9
宝晶宫飞拉达,广东,英德,英德,158.0,4.9
广东阳江跳伞基地,广东,阳江,阳江,免费,5.0
智联梦工场,广东,肇庆,肇庆 · 七星岩景区/星湖风景区/肇庆站,免费,5.0
梵高星空艺术馆(珠海旗舰店),广东,珠海,珠海 · 印象城山姆会员商店/ 珠海市体育中心,53.0,4.8
塘厦三正半山酒店温泉,广东,东莞,东莞,138.0,4.8
从化碧泉空中温泉,广东,广州,广州 · 从化温泉风景区,188.0,4.7
禅泉温泉,广东,新兴,新兴,168.0,4.7
广州飞越丛林探险乐园,广东,广州,广州 · 宝能演艺中心/天河智慧城,65.0,4.8
中信城开金沙湾,广东,深圳,深圳 · 较场尾/大鹏所城,免费,4.9
广州塔阿尔法探索乐园,广东,广州,广州 · 琶洲会展/广州塔/客村,368.0,4.8
擎天玻璃桥,广东,连州,连州,99.0,4.8
韶关嘉华半溪温泉,广东,翁源,翁源,98.0,4.9
深圳高空跳伞基地,广东,深圳,深圳 · 会展中心/CBD,免费,5.0
美的鹭湖半山汤谷,广东,佛山,佛山 · 美的鹭湖度假区,98.0,4.8
大野牧乡国际牧场,广东,广州,广州,88.0,4.9
长隆海洋王国-企鹅馆,广东,珠海,珠海 · 长隆旅游度假区,免费,4.8
华家班汽车特技表演,广东,惠东,惠东 · 巽寮湾,120.0,4.8
海心沙亚运公园,广东,广州,广州 · 珠江新城/省博物馆,免费,4.8
锦绣香江温泉城(原香江健康山谷),广东,广州,广州 · 白水寨风景名胜区,88.0,4.5
李小龙乐园,广东,佛山,佛山,30.0,4.9
广州云岭湖酒店心湖会所,广东,广州,广州 · 从化区中心,76.0,4.9
广州好普艺术博物馆,广东,广州,广州 · 宝能演艺中心/天河智慧城,免费,4.9
农夫山泉(河源工厂),广东,河源,河源,免费,4.4
天鹿湖森林公园,广东,广州,广州 · 宝能演艺中心/天河智慧城,5.0,4.8
九洲船说·相约大海,广东,珠海,珠海 · 情侣路/海滨泳场/珠海大剧院,免费,4.8
头号玩家跳伞俱乐部(深圳店),广东,深圳,深圳 · 龙岗中心区/大运新城,免费,5.0
中山泉眼温泉,广东,中山,中山 · 中山温泉度假区,117.0,4.6
南国热带花园,广东,湛江,湛江 · 万达广场,免费,4.8
悦城龙母祖庙(龙母庙),广东,德庆,德庆,50.0,4.6
孙中山大元帅府纪念馆,广东,广州,广州 · 江南西/中大南校区,免费,暂无评分
客天下温泉小镇,广东,河源,河源 · 巴伐利亚庄园/客天下国际旅游度假区,198.0,4.8
水底山温泉,广东,海丰,海丰 · 深汕特别合作区,128.0,4.6
湾中上城·魔法世界,广东,中山,中山,免费,5.0
海洋大街,广东,珠海,珠海 · 长隆旅游度假区,免费,4.8
宝晶宫旅游景区,广东,英德,英德,76.0,4.7
白水寨嘉华温泉,广东,广州,广州 · 白水寨风景名胜区,116.0,4.7
二沙岛,广东,广州,广州 · 珠江新城/省博物馆,免费,4.8
广东阳江海陵岛海景跳伞基地,广东,阳江,阳江 · 保利银滩,免费,5.0
恩平锦江温泉,广东,恩平,恩平,103.0,4.6
红树林海滨生态公园,广东,深圳,深圳 · 深圳世界之窗/深圳欢乐谷,免费,4.7
广东大峡谷,广东,乳源,乳源,50.0,4.6
三英温泉,广东,广州,广州 · 白水寨风景名胜区,158.0,4.6
西樵山森吧飞越树上探险乐园,广东,佛山,佛山 · 西樵山/广东千古情,68.0,4.8
广东美术馆,广东,广州,广州 · 珠江新城/省博物馆,免费,4.7
中山大学(广州校区南校园)-北门广场,广东,广州,广州 · 江南西/中大南校区,免费,4.9
潮州市慈宝庵,广东,潮州,潮州,免费,5.0
清远玄真溪降,广东,清远,清远 · 古龙峡/清远万达广场,免费,4.7
金海湾嘉华度假酒店温泉,广东,惠东,惠东 · 巽寮湾,388.0,4.9
鸦片战争博物馆,广东,东莞,东莞 · 虎门站/虎门万达,免费,暂无评分
中山温泉,广东,中山,中山 · 中山温泉度假区,105.0,4.5
长廊欢乐园,广东,江门,江门,186.0,3.9
广州海洋世界,广东,广州,广州 · 番禺长隆/广州南站附近,99.9,4.8
南昆山温德姆温泉水乐园度假区,广东,龙门,龙门 · 南昆山旅游区,88.0,4.7
大雁山飞越丛林探险乐园,广东,鹤山,鹤山,35.0,4.9
大通街,广东,湛江,湛江 · 赤坎老街/湛江西站,免费,4.8
石头记矿物园,广东,广州,广州 · 花都融创文旅城及周边,55.0,4.7
广东省立中山图书馆,广东,广州,广州 · 海珠广场/北京路步行街,免费,4.8
从化都喜泰丽度假温泉,广东,广州,广州 · 从化温泉风景区,129.0,4.4
长隆海洋王国-海牛馆,广东,珠海,珠海 · 长隆旅游度假区,免费,4.9
丹霞山索道,广东,仁化,仁化,免费,4.7
二沙岛体育公园,广东,广州,广州 · 珠江新城/省博物馆,免费,4.8
丹霞山水上丹霞,广东,仁化,仁化,120.0,4.8
广东梧桐山国家森林公园,广东,深圳,深圳 · 罗湖体育馆/梧桐山风景区,免费,4.7
圆玄道观,广东,广州,广州 · 花都融创文旅城及周边,15.0,4.7
飞霞风景名胜区,广东,清远,清远,37.0,4.7
顺德博物馆,广东,佛山,佛山 · 清晖园度假区/顺德欢乐海岸PLUS,免费,4.8
广州钧明欢乐世界,广东,广州,广州,79.0,4.6
黄腾峡漂流,广东,清远,清远 · 笔架山旅游度假区/黄腾峡生态旅游区,85.0,4.5
长隆海洋王国-北极熊馆,广东,珠海,珠海 · 长隆旅游度假区,免费,4.7
华南农业大学-湿地公园,广东,广州,广州 · 广州东站/五山,免费,4.6
珠海长隆海洋王国-海豚湾,广东,珠海,珠海 · 长隆旅游度假区,免费,4.8
南岭国家森林公园,广东,乳源,乳源,免费,4.4
深圳大学城,广东,深圳,深圳 · 大学城/西丽动物园,免费,4.7
茂名市华侨城谯国夫人实景拍摄影视城(有福城),广东,茂名,茂名,68.0,4.9
东湖公园,广东,江门,江门 · 五邑大学/三十三墟街,免费,4.5
珠江公园,广东,广州,广州 · 珠江新城/省博物馆,免费,4.7
绿梦欢乐世界,广东,汕头,汕头,68.9,4.3
东山湖公园,广东,广州,广州 · 海珠广场/北京路步行街,免费,4.6
丰渚园,广东,惠州,惠州 · 惠州西湖/水东街,免费,4.7
西郊游泳场,广东,广州,广州 · 永庆坊/上下九步行街,34.8,4.7
河源市博物馆,广东,河源,河源,免费,4.7
英国伦敦塔桥,广东,深圳,深圳 · 深圳世界之窗/深圳欢乐谷,免费,4.8
深圳中心公园,广东,深圳,深圳 · 会展中心/CBD,免费,4.8
2026年粤港澳大湾区灯会,广东,广州,广州,168.0,4.6
广州国际金融中心-西塔,广东,广州,广州 · 珠江新城/省博物馆,免费,4.7
大沙河生态长廊,广东,深圳,深圳 · 深圳世界之窗/深圳欢乐谷,免费,4.9
红花湖,广东,惠州,惠州,免费,4.6
海印大桥,广东,广州,广州,免费,4.7
孙中山纪念馆,广东,广州,广州 · 江南西/中大南校区,免费,暂无评分
茂名森林公园,广东,茂名,茂名,27.0,4.5
东莞植物园,广东,东莞,东莞,免费,4.5
江门古兜温泉小镇温泉谷,广东,江门,江门 · 古兜温泉/银湖湾公园,免费,4.3
广州国际会展中心,广东,广州,广州 · 琶洲会展/广州塔/客村,免费,4.7
广东省凉茶博物馆,广东,广州,广州 · 宝能演艺中心/天河智慧城,免费,4.8
宏城公园,广东,广州,广州 · 珠江新城/省博物馆,免费,4.6
中环广场-南塔,广东,广州,广州 · 淘金/环市东/广州动物园,免费,4.8
乐从文化公园,广东,佛山,佛山 · 佛山世纪莲体育中心/国际体育文化演艺中心,免费,4.7
和美术馆,广东,佛山,佛山 · 美的悦然广场/潭洲国际会展中心,150.0,4.6
象鼻山景区,广西,桂林,桂林 · 城中心/象鼻山/两江四湖,免费,4.6
德天跨国瀑布景区,广西,大新,大新 · 德天瀑布/硕龙镇,110.0,4.7
通灵大峡谷,广西,靖西,靖西,109.0,4.5
峒那屿湾景区,广西,大新,大新,60.0,4.5
伏那秘境,广西,大新,大新,88.0,4.7
涠洲岛,广西,北海,北海 · 涠洲岛北岸/贝壳沙滩,96.0,4.4
青秀山,广西,南宁,南宁 · 国际会展中心/万象城/青秀山,19.0,4.8
龙脊梯田,广西,龙胜,龙胜,80.0,4.5
漓江三星游船,广西,灵川,灵川,215.0,4.5
独秀峰王城景区,广西,桂林,桂林 · 城中心/象鼻山/两江四湖,免费,4.9
遇龙河竹筏漂游,广西,阳朔,阳朔 · 遇龙河国家级旅游度假区,350.0,4.4
桂林两江四湖景区,广西,桂林,桂林 · 城中心/象鼻山/两江四湖,免费,4.5
北海银滩景区,广西,北海,北海 · 北海银滩旅游度假区,免费,4.5
明仕田园,广西,大新,大新 · 明仕田园,110.0,4.2
桂林漓江景区,广西,阳朔,阳朔,215.0,4.6
漓江四星游船,广西,桂林,桂林,360.0,4.5
南宁方特东盟神画,广西,南宁,南宁 · 国际会展中心/万象城/青秀山,162.0,4.9
银子岩,广西,荔浦,荔浦,62.0,4.5
阳朔如意峰索道景区,广西,阳朔,阳朔,208.0,4.7
鹅泉,广西,靖西,靖西,46.0,4.5
三门海,广西,凤山,凤山,98.0,4.5
古龙山大峡谷,广西,靖西,靖西,99.0,4.5
桂林千古情景区,广西,阳朔,阳朔 · 宋城千古情景区,230.0,4.7
广西壮族自治区博物馆,广西,南宁,南宁 · 朝阳广场/中山路,免费,4.7
阳朔西街,广西,阳朔,阳朔 · 西街/阳朔公园商业区,免费,4.5
桂海晴岚,广西,桂林,桂林 · 尧山景区/电子科大商圈,50.0,4.5
漓江竹筏游,广西,阳朔,阳朔 · 二十元背景风景区/阳朔高铁站,90.0,4.4
北海海底世界,广西,北海,北海 · 北海老街/金滩,159.0,4.6
黄姚古镇,广西,昭平,昭平 · 黄姚古镇/古戏台,61.0,4.3
白头叶猴生态旅游区,广西,崇左,崇左,80.0,4.8
遇龙河景区,广西,阳朔,阳朔 · 遇龙河国家级旅游度假区,免费,4.5
南宁动物园,广西,南宁,南宁 · 广西大学/民族大学/动物园,50.0,4.4
北海涠洲岛游船,广西,北海,北海 · 侨港海滩/风情街,150.0,4.2
百魔洞,广西,巴马,巴马,75.0,4.4
相公山景区,广西,阳朔,阳朔 · 相公山度假区,90.0,4.4
芦笛岩,广西,桂林,桂林 · 芦笛岩/鲁家村,81.0,4.6
芦笛景区,广西,桂林,桂林 · 芦笛岩/鲁家村,免费,4.7
三娘湾,广西,钦州,钦州 · 三娘湾风景度假区,免费,4.9
北海金海湾红树林生态旅游区,广西,北海,北海,90.0,4.6
程阳八寨,广西,三江,三江,88.5,4.5
友谊关景区,广西,凭祥,凭祥,42.0,4.5
宁明花山岩画景区,广西,宁明,宁明,免费,4.8
七星景区,广西,桂林,桂林 · 会展中心/七星公园景区,55.0,4.8
浩坤湖,广西,凌云,凌云,免费,4.3
兴坪古镇,广西,阳朔,阳朔 · 二十元背景风景区/阳朔高铁站,免费,4.4
巴马百鸟岩,广西,巴马,巴马,85.0,4.5
姑婆山,广西,贺州,贺州,66.0,4.4
十里画廊,广西,阳朔,阳朔 · 遇龙河国家级旅游度假区,免费,4.1
邕州古城·三街两巷历史文化街区,广西,南宁,南宁 · 朝阳广场/中山路,免费,4.6
邕江夜游,广西,南宁,南宁 · 朝阳广场/中山路,88.0,4.4
千里江山图大型水墨画打卡地,广西,阳朔,阳朔,免费,4.9
世外桃源,广西,阳朔,阳朔,60.0,4.5
海丝首港景区,广西,合浦,合浦,142.0,4.2
渠洋湖,广西,靖西,靖西,66.0,4.3
南宁园博园,广西,南宁,南宁 · 仙葫经济开发区,39.5,4.5
河池小三峡,广西,河池,河池,免费,4.5
十万大山布透温泉,广西,上思,上思,69.0,4.0
北海老街,广西,北海,北海 · 北海老街/金滩,免费,4.8
大瑶山盘王界景区,广西,金秀,金秀,免费,4.6
北海老城,广西,北海,北海 · 北海老街/金滩,免费,4.9
叠彩山,广西,桂林,桂林 · 城中心/象鼻山/两江四湖,25.0,4.6
瑶望天下,广西,南丹,南丹,128.0,4.4
北帝山旅游区,广西,平南,平南,100.0,4.1
鹿寨香桥岩溶国家地质公园,广西,鹿寨,鹿寨,60.0,4.4
日月双塔文化公园,广西,桂林,桂林 · 城中心/象鼻山/两江四湖,30.0,4.4
南宁极地海洋世界,广西,南宁,南宁 · 江南万达,96.0,4.6
崇左太平古城景区,广西,崇左,崇左,免费,4.3
盘阳河景区,广西,巴马,巴马,免费,4.2
红树林天天赶海,广西,北海,北海 · 红树林/园博园,38.0,4.5
罗城棉花天坑,广西,罗城,罗城,80.0,4.0
旧州景区,广西,靖西,靖西,46.0,4.6
九马画山,广西,阳朔,阳朔 · 相公山度假区,免费,4.6
窑埠古镇,广西,柳州,柳州 · 窑埠古镇/万象城,免费,4.1
云天文化城,广西,玉林,玉林 · 玉林汽车总站/市中心,150.0,4.1
南宁火秀,广西,南宁,南宁 · 朝阳广场/中山路,55.0,4.9
大石围天坑群,广西,乐业,乐业,90.0,4.0
罗妹莲花洞,广西,乐业,乐业,80.0,4.1
万尾金滩,广西,东兴,东兴 · 万尾金滩,免费,4.4
侨港风情街,广西,北海,北海 · 侨港海滩/风情街,免费,3.8
广旅海豚湾出海寻豚,广西,钦州,钦州 · 三娘湾风景度假区,168.0,4.4
南宁亭子码头,广西,南宁,南宁 · 江南万达,免费,4.4
百里柳江旅游景区,广西,柳州,柳州 · 窑埠古镇/万象城,免费,4.5
广西民族博物馆,广西,南宁,南宁 · 国际会展中心/万象城/青秀山,免费,4.7
东西巷,广西,桂林,桂林 · 城中心/象鼻山/两江四湖,免费,4.4
涠洲岛火山国家地质公园,广西,北海,北海 · 涠洲岛南湾/五彩滩,96.0,4.4
巴马水晶宫,广西,巴马,巴马,120.0,4.6
漓江五星游船,广西,桂林,桂林,免费,4.6
龙宫仙境旅游区,广西,大新,大新,59.0,4.2
桂林猫儿山,广西,兴安县,兴安县,130.0,4.5
桂林尧山景区,广西,桂林,桂林 · 尧山景区/电子科大商圈,125.0,4.2
三街两巷文化艺术中心,广西,南宁,南宁 · 朝阳广场/中山路,免费,4.4
冠头岭,广西,北海,北海 · 冠头岭/南万海滩,免费,3.8
20元人民币背景观景台,广西,阳朔,阳朔 · 二十元背景风景区/阳朔高铁站,免费,4.4
蓝刀鱼风暴角,广西,天峨,天峨,免费,5.0
龙潭公园,广西,柳州,柳州 · 马鞍山公园/龙潭公园,免费,4.7
北海金滩,广西,北海,北海 · 北海老街/金滩,免费,4.7
玉石林风景区,广西,贺州,贺州,免费,4.4
涠洲岛南湾海洋运动公园,广西,北海,北海 · 涠洲岛南湾/五彩滩,免费,4.8
蓝洞瀑布咖啡主题园区,广西,大新,大新 · 德天瀑布/硕龙镇,免费,4.7
桂林古东景区,广西,灵川,灵川,54.0,4.6
南宁大明山风景旅游区,广西,南宁,南宁,90.0,4.5
侨港海滩,广西,北海,北海 · 侨港海滩/风情街,免费,4.4
南湖公园,广西,南宁,南宁 · 金湖广场/医科大学/南湖公园,免费,4.7
独秀峰,广西,桂林,桂林 · 城中心/象鼻山/两江四湖,免费,4.9
金秀圣堂山景区,广西,金秀,金秀,58.0,4.5
广西大瑶山国家级自然保护区,广西,金秀,金秀,免费,4.3
长寿村,广西,巴马,巴马,免费,4.2
南湖广场,广西,南宁,南宁 · 金湖广场/医科大学/南湖公园,免费,暂无评分
北海园博园,广西,北海,北海 · 红树林/园博园,28.1,3.8
南宁之夜,广西,南宁,南宁 · 五象新区总部基地/体育中心,免费,4.3
娜美游艇海钓俱乐部(涠洲岛店),广西,北海,北海 · 涠洲岛南湾/五彩滩,免费,5.0
东兴国门景区,广西,东兴,东兴,免费,4.6
邕江,广西,南宁,南宁,免费,4.7
正阳步行街,广西,桂林,桂林 · 城中心/象鼻山/两江四湖,免费,4.3
龙颈河漂流,广西,阳朔,阳朔,128.0,4.6
北海国际客运港,广西,北海,北海 · 侨港海滩/风情街,免费,4.1
恭城红岩村,广西,恭城,恭城,免费,4.5
木达木弄景区,广西,金秀,金秀,免费,3.0
广西龙虎山风景区,广西,隆安,隆安,69.9,4.5
桂林丹霞八角寨景区,广西,资源,资源,138.0,4.5
锦绣古镇,广西,靖西,靖西,免费,4.5
骑楼城,广西,梧州,梧州 · 骑楼城老字号小吃街,免费,4.4
明仕田园壮族民居博物园,广西,大新,大新 · 明仕田园,免费,4.1
冠岩,广西,桂林,桂林,48.0,4.2
通天地下河景区,广西,平果,平果,158.0,4.6
大连城,广西,凭祥,凭祥,10.0,4.4
大容山国家森林公园,广西,北流,北流,58.0,4.2
南湾鳄鱼山景区,广西,北海,北海 · 涠洲岛南湾/五彩滩,免费,4.5
相思小镇,广西,南宁,南宁 · 广西大学/民族大学/动物园,免费,4.1
冠头岭海滩,广西,北海,北海 · 冠头岭/南万海滩,免费,4.2
钦州老街景区,广西,钦州,钦州,免费,4.3
洞天酒海景区,广西,南丹,南丹,85.0,4.6
西山风景名胜区,广西,桂平,桂平,80.0,4.5
滴水丹屏,广西,北海,北海 · 涠洲岛南湾/五彩滩,免费,4.4
柳州工业博物馆,广西,柳州,柳州 · 窑埠古镇/万象城,免费,4.8
马鞍山公园,广西,柳州,柳州 · 马鞍山公园/龙潭公园,免费,4.6
九曲湾温泉度假村,广西,南宁,南宁 · 温泉度假区,176.0,4.6
伏波山,广西,桂林,桂林 · 城中心/象鼻山/两江四湖,22.0,4.3
五彩滩,广西,北海,北海 · 涠洲岛南湾/五彩滩,免费,4.3
西溪森林温泉度假村,广西,贺州,贺州,198.0,4.6
灵渠,广西,兴安县,兴安县,115.0,4.4
猫儿山·窝囊漂度假村,广西,兴安县,兴安县,免费,5.0
云顶观光,广西,南宁,南宁 · 金湖广场/医科大学/南湖公园,40.0,4.2
北海航海者游艇海钓俱乐部(涠洲岛店),广西,北海,北海 · 北海站/主城区,58.0,5.0
洞天盛境,广西,南丹,南丹,免费,4.9
穿山景区,广西,桂林,桂林 · 高新万达广场/高新区商圈,60.0,4.7
龙脊梯田风景名胜区-金坑梯田,广西,龙胜,龙胜,免费,4.4
石景林景区,广西,崇左,崇左 · 市政府/太平古城,32.0,3.8
石螺口海滩,广西,北海,北海 · 涠洲岛南湾/五彩滩,免费,4.5
北海·印象李泰山,广西,北海,北海 · 侨港海滩/风情街,80.0,4.9
十万大山国家森林公园,广西,上思,上思,35.0,3.9
富里桥,广西,阳朔,阳朔,免费,4.3
梧州龙母庙,广西,梧州,梧州,28.0,4.2
水之星游船(东堤码头),广西,柳州,柳州 · 窑埠古镇/万象城,80.0,4.3
柳州云顶观光,广西,柳州,柳州 · 五星商业街/地王公馆,48.0,4.5
仙人山景区,广西,三江,三江,免费,4.4
柳州印象游船(市中心南车渡旅游码头),广西,柳州,柳州 · 马鞍山公园/龙潭公园,108.0,5.0
涠洲岛扬帆观鲸海钓俱乐部(涠洲岛店),广西,北海,北海 · 涠洲岛北岸/贝壳沙滩,免费,5.0
东兴口岸,广西,东兴,东兴,免费,4.5
三叠岭瀑布,广西,靖西,靖西,免费,4.7
八寨沟,广西,钦州,钦州,45.0,4.3
东漓古村,广西,灵川,灵川,40.0,4.7
斜阳岛,广西,北海,北海,免费,4.6
百色起义纪念馆,广西,百色,百色,免费,暂无评分
德天跨国瀑布景区-全景观瀑台,广西,大新,大新 · 德天瀑布/硕龙镇,免费,4.9
朝阳广场,广西,南宁,南宁 · 朝阳广场/中山路,免费,4.6
涠洲盛塘天主教堂,广西,北海,北海 · 涠洲岛北岸/贝壳沙滩,免费,4.3
容州古城,广西,容县,容县,60.0,3.8
巴马仁寿源,广西,巴马,巴马,68.0,4.6
百色起义纪念园,广西,百色,百色,免费,暂无评分
黄洛红瑶寨,广西,龙胜,龙胜,免费,4.5
云观天旅游景区,广西,南丹,南丹,30.0,4.8
江洲地下长廊,广西,凤山,凤山,免费,5.0
南丹温泉,广西,南丹,南丹,118.0,4.7
柳州博物馆,广西,柳州,柳州 · 五星商业街/地王公馆,免费,4.5
刘三姐故里景区,广西,河池,河池,免费,4.0
北海鱼骨沙洲,广西,北海,北海 · 冠头岭/南万海滩,免费,3.0
漓江兴坪段游船,广西,阳朔,阳朔 · 二十元背景风景区/阳朔高铁站,免费,4.7
天琴壮寨,广西,龙州,龙州,70.0,4.7
柳侯公园,广西,柳州,柳州 · 五星商业街/地王公馆,免费,4.6
簕山古渔村,广西,防城港,防城港 · 簕山古渔村,免费,3.0
遇龙桥,广西,阳朔,阳朔 · 遇龙河国家级旅游度假区,免费,4.5
凤山三门海天窗群景区,广西,凤山,凤山,免费,4.8
来此遇龙(遇龙河竹筏夜游),广西,阳朔,阳朔 · 遇龙河国家级旅游度假区,免费,3.9
九顿溢流天窗群,广西,都安,都安,免费,4.7
双龙沟,广西,融水,融水,80.0,4.0
北海酷奇游艇海钓俱乐部,广西,北海,北海 · 北海银滩旅游度假区,免费,4.9
歌娅思谷,广西,南丹,南丹,免费,4.4
黑水河景区,广西,大新,大新,免费,4.3
百色大王岭漂流景区,广西,百色,百色,108.0,4.5
流下村,广西,北海,北海 · 冠头岭/南万海滩,免费,3.9
通灵大瀑布,广西,靖西,靖西,免费,4.9
大榕树,广西,阳朔,阳朔 · 遇龙河国家级旅游度假区,26.0,3.7
丹炉山景区,广西,南丹,南丹,78.0,4.7
紫云仙境景区,广西,贺州,贺州,40.0,4.1
龙脊梯田金坑大寨,广西,龙胜,龙胜 · 龙脊金坑大瑶寨,免费,4.8
白浪滩,广西,防城港,防城港 · 江山半岛/白浪滩,免费,4.3
七星岩,广西,桂林,桂林 · 会展中心/七星公园景区,免费,4.4
海洋之窗,广西,北海,北海 · 北海站/主城区,98.0,3.9
吞榜天窗,广西,都安,都安,免费,4.2
鱼鳞坝,广西,苍梧,苍梧,免费,5.0
明仕村,广西,大新,大新 · 明仕田园,免费,3.7
燕莎热气球飞行体验,广西,阳朔,阳朔 · 遇龙河国家级旅游度假区,135.0,3.9
阳朔燕莎航空运动营地,广西,阳朔,阳朔 · 遇龙河国家级旅游度假区,135.0,3.9
相公山观景台,广西,阳朔,阳朔 · 相公山度假区,免费,3.9
钟山水墨田园,广西,钟山,钟山,免费,4.0
大王岭原始森林,广西,百色,百色,免费,4.3
月也侗寨,广西,三江,三江,免费,5.0
紫霞湾旅游景区,广西,北海,北海 · 冠头岭/南万海滩,免费,4.9
龙门水都,广西,南宁,南宁,28.64,3.9
南宁丽紫欢乐水世界,广西,南宁,南宁 · 国际会展中心/万象城/青秀山,49.9,4.0
瑶寨九龙潭漂流,广西,防城港,防城港,166.0,4.6
瑶寨九龙潭,广西,防城港,防城港,免费,5.0
德保矮马王国,广西,德保,德保,65.0,4.0
贝壳沙滩,广西,北海,北海 · 涠洲岛北岸/贝壳沙滩,免费,4.2
丹洲景区,广西,三江,三江,免费,4.0
凤岭儿童公园,广西,南宁,南宁 · 国际会展中心/万象城/青秀山,免费,4.2
三江鼓楼,广西,三江,三江,免费,4.5
龙胜温泉,广西,龙胜,龙胜 · 温泉度假区,100.0,4.0
九灵天窗,广西,都安,都安,免费,4.3
程阳风雨桥,广西,三江,三江,免费,4.5
广西药用植物园,广西,南宁,南宁 · 南宁东站/琅东车站,20.0,4.5
天籁·蝴蝶泉,广西,阳朔,阳朔 · 遇龙河国家级旅游度假区,69.0,4.1
怪石滩,广西,防城港,防城港 · 江山半岛/白浪滩,免费,3.5
中国三江大侗寨景区,广西,三江,三江,免费,4.4
明仕田园风景区-竹筏游客上船码头,广西,大新,大新 · 明仕田园,免费,5.0
雄森旅游度假区,广西,平南,平南,85.0,4.6
山水甲天下,广西,阳朔,阳朔 · 遇龙河国家级旅游度假区,免费,4.8
新和龙腾漂流,广西,崇左,崇左,免费,4.1
扬美古镇,广西,南宁,南宁,10.0,4.0
步步高豪华游轮,广西,柳州,柳州,80.0,4.6
大圩古镇,广西,灵川,灵川,免费,4.1
逍遥楼,广西,桂林,桂林 · 城中心/象鼻山/两江四湖,免费,4.6
犀丽湾,广西,钦州,钦州,免费,3.8
天门山,广西,罗城,罗城,60.0,4.6
天龙顶国家山地公园,广西,岑溪,岑溪,40.0,4.4
北部湾海上游,广西,北海,北海 · 北海老街/金滩,178.0,4.1
桂林西山景区,广西,桂林,桂林 · 芦笛岩/鲁家村,27.5,4.2
柳州动物园,广西,柳州,柳州 · 柳南万达/市动物园,25.0,4.4
桂林博物馆,广西,桂林,桂林 · 临桂新区/两江机场,免费,4.7
稻那里,广西,大新,大新 · 明仕田园,免费,4.8
广西梧州白云山景区,广西,梧州,梧州,免费,4.3
大龙湖景区,广西,上林,上林,免费,4.2
漓江风景区-黄布倒影,广西,阳朔,阳朔 · 二十元背景风景区/阳朔高铁站,免费,4.8
防城港世界风情步行街,广西,防城港,防城港 · 龙光阳光海岸/仙人山公园,免费,4.0
旧州老街,广西,靖西,靖西,免费,3.6
月亮水岩,广西,阳朔,阳朔,516.0,5.0
江山半岛风景名胜区,广西,防城港,防城港 · 江山半岛/白浪滩,免费,4.6
左江斜塔,广西,崇左,崇左,免费,3.7
北部湾广场,广西,北海,北海 · 北海老街/金滩,免费,4.5
合那高速,广西,天等,天等,免费,4.7
红水河第一湾,广西,东兰,东兰,免费,4.9
山水园,广西,阳朔,阳朔 · 西街/阳朔公园商业区,20.0,4.5
平陆运河景区,广西,钦州,钦州,免费,暂无评分
谢鲁山庄风景名胜区,广西,陆川,陆川,25.4,4.2
聚龙潭,广西,阳朔,阳朔 · 遇龙河国家级旅游度假区,50.0,3.6
龙江第一湾景区,广西,河池,河池,9.9,3.9
贺州姑婆山伴山温泉度假村,广西,贺州,贺州,98.0,4.7
伊岭岩,广西,南宁,南宁,60.0,4.3
螺蛳粉特色小镇,广西,柳州,柳州,免费,4.4
桂林十二滩漂流,广西,桂林,桂林,107.0,4.2
良江游泳场,广西,来宾,来宾,免费,暂无评分
都峤山风景区,广西,容县,容县,40.0,4.0
南宁民歌湖景区,广西,南宁,南宁 · 金湖广场/医科大学/南湖公园,免费,4.5
一院两馆,广西,桂林,桂林 · 临桂新区/两江机场,免费,5.0
大清国一号界碑,广西,东兴,东兴,免费,4.6
巴马赐福湖君澜地磁温泉,广西,巴马,巴马,128.0,5.0
陇卡赖,广西,德保,德保,免费,3.0
漓江万程号游船,广西,桂林,桂林,免费,4.8
右江民族博物馆,广西,百色,百色,免费,5.0
东望洋赛道室内卡丁车(阳朔经营部),广西,阳朔,阳朔 · 乌布小镇/阳朔汽车总站,免费,5.0
北海银滩洲际游艇旅游中心,广西,北海,北海 · 北海银滩旅游度假区,800.0,5.0
涠洲岛法拉帝游艇帆船俱乐部,广西,北海,北海 · 涠洲岛北岸/贝壳沙滩,免费,5.0
桂林市訾洲岛景区,广西,桂林,桂林 · 城中心/象鼻山/两江四湖,30.0,4.9
五彩田园农业嘉年华,广西,玉林,玉林,50.0,4.0
北海启航游艇俱乐部,广西,北海,北海 · 侨港海滩/风情街,免费,5.0
漓江盛景号游船,广西,灵川,灵川,980.0,4.2
名树博览园,广西,南宁,南宁 · 金湖广场/医科大学/南湖公园,免费,4.8
凤岭摩天轮,广西,南宁,南宁 · 国际会展中心/万象城/青秀山,60.0,4.7
桂花公社,广西,桂林,桂林 · 桂林火车站/万象城,22.8,4.8
青秀山风景区-苏铁园,广西,南宁,南宁 · 国际会展中心/万象城/青秀山,免费,4.8
榕湖公园,广西,桂林,桂林 · 城中心/象鼻山/两江四湖,免费,4.7
丰鱼岩,广西,荔浦,荔浦,45.0,4.6
马鞍山公园-马鞍山,广西,柳州,柳州 · 马鞍山公园/龙潭公园,免费,4.6
桂林市榕杉湖景区,广西,桂林,桂林 · 城中心/象鼻山/两江四湖,免费,4.8
漓江源大峡谷,广西,兴安县,兴安县,40.0,4.6
广西飞越丛林探险乐园,广西,南宁,南宁,78.0,4.6
牛角寨瀑布群景区,广西,环江,环江,60.0,4.8
龙脊大瑶寨梯田观景区,广西,龙胜,龙胜 · 龙脊金坑大瑶寨,免费,4.7
南宁青秀山兰园,广西,南宁,南宁 · 国际会展中心/万象城/青秀山,免费,4.8
桂林园林植物园,广西,桂林,桂林 · 桂林火车站/万象城,免费,4.6
广西壮族自治区南宁市金花茶公园,广西,南宁,南宁 · 朝阳广场/中山路,免费,4.7
邓颖超纪念馆,广西,南宁,南宁 · 朝阳广场/中山路,免费,暂无评分
柳州奇石园,广西,柳州,柳州 · 窑埠古镇/万象城,免费,4.8
柳州水上公交,广西,柳州,柳州 · 马鞍山公园/龙潭公园,免费,4.7
水上相思林,广西,罗城,罗城,免费,4.9
野人谷,广西,防城港,防城港,免费,4.7
白石山,广西,桂平,桂平,免费,4.7
南湖大桥,广西,南宁,南宁 · 金湖广场/医科大学/南湖公园,免费,4.6
七星伴月观景台,广西,龙胜,龙胜 · 龙脊平安壮寨,免费,4.6
九龙五虎观景台,广西,龙胜,龙胜 · 龙脊平安壮寨,免费,4.8
江滨公园,广西,柳州,柳州 · 马鞍山公园/龙潭公园,免费,4.6
龙象塔,广西,南宁,南宁 · 国际会展中心/万象城/青秀山,免费,4.8
鱼峰公园,广西,柳州,柳州 · 马鞍山公园/龙潭公园,免费,4.5
龙脊梯田风景名胜区-古壮寨,广西,龙胜,龙胜 · 龙脊平安壮寨,免费,4.8
南宁市人民公园,广西,南宁,南宁 · 朝阳广场/中山路,免费,4.6
南宁孔庙,广西,南宁,南宁 · 国际会展中心/万象城/青秀山,免费,4.5
狮山公园,广西,南宁,南宁 · 朝阳广场/中山路,免费,4.5
蟠龙山公园,广西,柳州,柳州 · 马鞍山公园/龙潭公园,免费,4.7
阳朔电视塔,广西,阳朔,阳朔 · 乌布小镇/阳朔汽车总站,免费,4.9
八路军桂林办事处旧址,广西,桂林,桂林 · 城中心/象鼻山/两江四湖,免费,暂无评分
南宁国际会展中心,广西,南宁,南宁 · 国际会展中心/万象城/青秀山,免费,4.5
柳州奇石馆,广西,柳州,柳州 · 窑埠古镇/万象城,免费,4.6
龙潭国家森林公园,广西,桂平,桂平,60.0,4.5
广西体育馆,广西,南宁,南宁 · 江南万达,免费,4.8
柳航游船码头,广西,柳州,柳州,免费,4.5
桂林融创海世界,广西,桂林,桂林 · 融创国际旅游度假区/大学城商圈,168.0,4.5
老寨山公园,广西,阳朔,阳朔 · 二十元背景风景区/阳朔高铁站,免费,4.5
龙脊峡漂流,广西,龙胜,龙胜,99.0,4.6
广西革命纪念馆,广西,南宁,南宁 · 南宁东站/琅东车站,免费,暂无评分
柳侯祠,广西,柳州,柳州 · 五星商业街/地王公馆,免费,4.3
龙谷湾旅游休闲度假区,广西,扶绥,扶绥,29.8,4.2
柳州文庙,广西,柳州,柳州 · 马鞍山公园/龙潭公园,免费,4.6
桂湖,广西,桂林,桂林 · 城中心/象鼻山/两江四湖,免费,4.6
带龙桥,广西,昭平,昭平 · 黄姚古镇/古戏台,免费,4.6
三千漓中国山水人文度假区,广西,阳朔,阳朔 · 二十元背景风景区/阳朔高铁站,免费,3.9
鹅山公园,广西,柳州,柳州 · 柳州站/汽车总站,免费,4.5
花花大世界,广西,南宁,南宁,40.0,4.2
灵渠水街景区,广西,兴安县,兴安县,免费,4.9
北斗桥,广西,桂林,桂林 · 城中心/象鼻山/两江四湖,免费,4.9
古南门,广西,桂林,桂林 · 城中心/象鼻山/两江四湖,免费,4.7
民族广场,广西,南宁,南宁 · 朝阳广场/中山路,免费,4.5
南宁市动物园-加勒比旋风·水世界,广西,南宁,南宁 · 广西大学/民族大学/动物园,150.0,3.7
南宁昆仑关旅游风景区,广西,南宁,南宁,免费,4.5
雀儿山公园,广西,柳州,柳州 · 柳钢工业区/柳北生态新区,免费,4.9
广西科技馆,广西,南宁,南宁 · 朝阳广场/中山路,免费,4.5
老君洞,广西,融水,融水,85.0,4.6
红军长征湘江战役纪念馆,广西,全州,全州,免费,暂无评分
龙爪榕,广西,昭平,昭平 · 黄姚古镇/古戏台,免费,4.5
炮龙老庙,广西,宾阳,宾阳,免费,4.3
红树林赶海服务中心,广西,北海,北海 · 红树林/园博园,38.0,4.6
桃花江,广西,桂林,桂林 · 桂林火车站/万象城,免费,4.7
六峰山,广西,灵山,灵山,18.0,4.5
古象温泉度假村,广西,象州,象州,98.0,4.1
都乐公园,广西,柳州,柳州,免费,4.4
泰禾游船(东堤旅游码头),广西,柳州,柳州,免费,4.0
大龙潭水库,广西,靖西,靖西,免费,4.8
狗蛋露营基地,广西,阳朔,阳朔 · 二十元背景风景区/阳朔高铁站,免费,4.9
资江天门山,广西,资源,资源,28.0,4.2
柳州音乐喷泉,广西,柳州,柳州 · 五星商业街/地王公馆,免费,4.5
兴隆热带植物园,海南,万宁,万宁,49.0,4.7
巴厘村,海南,万宁,万宁 · 石梅湾/兴隆旅游度假区,44.0,4.0
蜈支洲岛,海南,三亚,三亚 · 蜈支洲岛,140.0,4.6
七仙岭温泉国家森林公园,海南,保亭,保亭,48.0,4.3
分界洲岛,海南,陵水,陵水 · 分界洲岛,122.0,4.5
三亚亚特兰蒂斯水世界,海南,三亚,三亚 · 海棠湾/三亚免税店/后海,188.0,4.9
三亚亚特兰蒂斯度假区,海南,三亚,三亚 · 海棠湾/三亚免税店/后海,免费,4.7
西岛,海南,三亚,三亚 · 三亚湾/凤凰机场/西岛,95.0,4.6
三亚南山文化旅游区,海南,三亚,三亚 · 南山寺/崖州湾科技城,129.0,4.7
亚龙湾热带天堂森林公园,海南,三亚,三亚 · 亚龙湾/热带天堂森林公园/博后村,158.0,4.6
三亚亚特兰蒂斯失落的空间水族馆,海南,三亚,三亚 · 海棠湾/三亚免税店/后海,187.0,4.7
天涯海角,海南,三亚,三亚 · 三亚湾/凤凰机场/西岛,免费,4.5
鹿回头风景区,海南,三亚,三亚 · 大东海/鹿回头风景区/半山半岛,免费,4.7
三亚千古情,海南,三亚,三亚 · 市区火车站/海旅免税城/千古情景区,255.0,4.6
雷琼海口火山群世界地质公园,海南,海口,海口,48.0,4.6
南山海上观音,海南,三亚,三亚 · 南山寺/崖州湾科技城,免费,4.8
呀诺达热带雨林,海南,保亭,保亭 · 呀诺达雨林文化旅游区/槟榔谷,208.0,4.6
南湾猴岛生态旅游区,海南,陵水,陵水,96.0,4.3
海南海洋欢乐世界度假区,海南,陵水,陵水 · 海南海洋欢乐世界度假区,158.0,4.8
海南海洋欢乐世界,海南,陵水,陵水 · 海南海洋欢乐世界度假区,158.0,4.7
艇盟豪华游艇俱乐部,海南,三亚,三亚 · 市区火车站/海旅免税城/千古情景区,128.0,4.9
三亚亚特兰蒂斯C秀,海南,三亚,三亚 · 海棠湾/三亚免税店/后海,198.0,4.6
海南槟榔谷黎苗文化旅游区,海南,保亭,保亭 · 呀诺达雨林文化旅游区/槟榔谷,53.0,4.5
观澜湖华谊冯小刚电影公社,海南,海口,海口 · 美兰机场/观澜湖/江东新区,116.0,4.5
亚龙湾国家旅游度假区,海南,三亚,三亚 · 亚龙湾/热带天堂森林公园/博后村,免费,4.7
海南铜鼓岭景区,海南,文昌,文昌 · 铜鼓岭国家级自然保护区/文昌航天城,45.0,4.4
海南热带野生动植物园,海南,海口,海口,135.0,4.5
海南省博物馆,海南,海口,海口 · 省政府/市中心/日月广场免税店,免费,4.8
小猫钓鱼海钓俱乐部,海南,三亚,三亚 · 大东海/鹿回头风景区/半山半岛,168.0,5.0
南山寺,海南,三亚,三亚 · 南山寺/崖州湾科技城,免费,4.8
文昌航天观礼中心,海南,文昌,文昌,368.0,4.6
石梅湾,海南,万宁,万宁 · 石梅湾/兴隆旅游度假区,免费,4.6
世界热带水果之窗,海南,琼海,琼海,56.0,4.8
骑楼老街,海南,海口,海口 · 世纪大桥/骑楼老街/解放西,免费,4.6
文昌航天科普中心,海南,文昌,文昌,98.0,4.1
海棠湾,海南,三亚,三亚 · 海棠湾/三亚免税店/后海,免费,4.6
海花岛旅游度假区,海南,儋州,儋州 · 海花岛,免费,4.7
椰梦长廊,海南,三亚,三亚 · 三亚湾/凤凰机场/西岛,免费,4.6
大东海,海南,三亚,三亚 · 大东海/鹿回头风景区/半山半岛,398.0,4.6
三亚湾,海南,三亚,三亚 · 三亚湾/凤凰机场/西岛,免费,4.6
日月湾,海南,万宁,万宁 · 日月湾,免费,4.7
呆呆岛,海南,陵水,陵水,96.0,4.5
西沙群岛,海南,三沙,三沙,免费,4.6
海南商业航天发射场,海南,文昌,文昌,199.0,4.0
后海村,海南,三亚,三亚 · 蜈支洲岛,免费,4.6
三亚海棠湾塔赫跳伞基地,海南,三亚,三亚 · 海棠湾/三亚免税店/后海,4999.0,4.9
猴岛公园,海南,陵水,陵水,154.0,4.2
亚龙湾海底世界,海南,三亚,三亚 · 亚龙湾/热带天堂森林公园/博后村,150.0,4.2
博鳌亚洲论坛永久会址景区,海南,琼海,琼海 · 博鳌,58.0,4.2
神州半岛,海南,万宁,万宁 · 神州半岛旅游度假区/神州站,免费,4.7
五指山水满河热带雨林风景区,海南,五指山,五指山,41.8,4.2
海南热带雨林国家公园五指山景区,海南,五指山,五指山,免费,4.3
凤凰岭海誓山盟景区,海南,三亚,三亚 · 市区火车站/海旅免税城/千古情景区,106.0,4.6
东坡书院,海南,儋州,儋州,37.0,4.5
三亚海昌梦幻海洋不夜城,海南,三亚,三亚 · 海棠湾/三亚免税店/后海,免费,4.1
海南白石岭旅游区,海南,琼海,琼海 · 官塘/白石岭,30.0,4.6
加井岛,海南,万宁,万宁,免费,4.4
石头公园,海南,文昌,文昌 · 铜鼓岭国家级自然保护区/文昌航天城,24.0,4.6
长影奇幻乐园,海南,海口,海口 · 海口秀英港码头/秀英万达广场,46.9,4.1
法拉帝游艇俱乐部,海南,三亚,三亚 · 海棠湾/三亚免税店/后海,126.0,5.0
海花岛海洋乐园,海南,儋州,儋州 · 海花岛,168.0,4.8
三亚亚特兰蒂斯海豚小岛,海南,三亚,三亚 · 海棠湾/三亚免税店/后海,128.0,5.0
天涯小镇,海南,三亚,三亚 · 三亚湾/凤凰机场/西岛,免费,4.2
全富岛,海南,三沙,三沙,免费,4.7
蜈支洲岛潜水,海南,三亚,三亚 · 蜈支洲岛,550.0,4.4
西岛渔村,海南,三亚,三亚 · 三亚湾/凤凰机场/西岛,95.0,4.7
乐天归心居陆龟农场,海南,陵水,陵水,66.0,4.4
儋州东坡文化旅游区,海南,儋州,儋州,37.0,4.2
假日海滩,海南,海口,海口 · 假日海滩/五源河体育场,免费,4.6
文昌孔庙,海南,文昌,文昌 · 文昌市区,15.0,4.6
海口云洞图书馆,海南,海口,海口 · 万绿园/友谊阳光城,免费,4.4
亚马逊丛林水乐园,海南,三亚,三亚 · 三亚湾/凤凰机场/西岛,48.0,4.6
后浪冲浪俱乐部(日月湾店),海南,万宁,万宁 · 日月湾,198.0,5.0
三亚游艇旅游中心,海南,三亚,三亚 · 市区火车站/海旅免税城/千古情景区,298.0,4.6
亚龙湾爱琴海PADI潜水度假村,海南,三亚,三亚 · 亚龙湾/热带天堂森林公园/博后村,360.0,4.8
红峡谷漂流,海南,五指山,五指山,168.0,4.6
清水湾旅游区,海南,陵水,陵水 · 清水湾,免费,4.7
海南百花岭热带雨林文化旅游区,海南,琼中,琼中,88.0,4.5
海南热带雨林国家公园吊罗山景区,海南,陵水,陵水,65.0,4.3
文昌宋氏祖居,海南,文昌,文昌,14.0,4.4
万绿园,海南,海口,海口 · 万绿园/友谊阳光城,免费,4.7
三亚丝路欢乐世界,海南,三亚,三亚,免费,4.9
电瓶车环岛,海南,三亚,三亚 · 蜈支洲岛,138.0,4.6
中旅逐浪冲浪乐园,海南,万宁,万宁 · 日月湾,388.0,4.8
文笔峰,海南,定安,定安,46.0,4.6
海南海洋水上乐园,海南,陵水,陵水 · 海南海洋欢乐世界度假区,158.0,4.9
春光椰子王国,海南,文昌,文昌,35.0,4.6
天鹅湖动物基地,海南,海口,海口 · 美兰机场/观澜湖/江东新区,90.0,4.6
三亚澜海海钓俱乐部,海南,三亚,三亚 · 市区火车站/海旅免税城/千古情景区,198.0,4.9
三亚鸿洲国际游艇会,海南,三亚,三亚,198.0,4.9
东寨港红树林,海南,海口,海口 · 美兰机场/观澜湖/江东新区,54.0,4.3
万宁日月湾海上跳伞基地,海南,万宁,万宁 · 日月湾,免费,5.0
航天神舟科技馆,海南,文昌,文昌 · 铜鼓岭国家级自然保护区/文昌航天城,60.0,4.8
中国(海南)南海博物馆,海南,琼海,琼海,免费,4.8
九游游艇帆船出海体验中心,海南,三亚,三亚 · 市区火车站/海旅免税城/千古情景区,128.0,5.0
东郊椰林风景区,海南,文昌,文昌 · 东郊椰林风景区,免费,4.0
全海景玻璃栈桥,海南,三亚,三亚 · 亚龙湾/热带天堂森林公园/博后村,256.0,4.6
富力红树湾湿地公园,海南,澄迈,澄迈,45.0,4.1
太阳湾,海南,三亚,三亚 · 亚龙湾/热带天堂森林公园/博后村,免费,4.2
海口观澜湖火山温泉谷,海南,海口,海口 · 美兰机场/观澜湖/江东新区,158.0,4.7
陵水希尔顿逸林温泉,海南,陵水,陵水 · 清水湾,167.0,4.6
亚龙湾潜水,海南,三亚,三亚,360.0,4.6
棋子湾,海南,昌江,昌江,免费,4.7
五公祠,海南,海口,海口 · 省政府/市中心/日月广场免税店,28.0,4.3
小东海,海南,三亚,三亚 · 大东海/鹿回头风景区/半山半岛,免费,4.4
凤凰岛,海南,三亚,三亚 · 三亚湾/凤凰机场/西岛,免费,4.2
南海列车,海南,陵水,陵水 · 海南海洋欢乐世界度假区,免费,4.3
香水湾,海南,陵水,陵水 · 香水湾,免费,4.5
海之语海洋世界,海南,海口,海口 · 美兰机场/观澜湖/江东新区,90.0,4.0
石花水洞,海南,儋州,儋州,免费,4.6
瑶光火箭发射观礼平台,海南,文昌,文昌,350.0,3.9
麓湾牧场,海南,万宁,万宁 · 石梅湾/兴隆旅游度假区,免费,4.4
鱼鳞洲风景区,海南,东方,东方,免费,4.5
水稻国家公园,海南,三亚,三亚 · 海棠湾/三亚免税店/后海,39.0,4.2
分界洲岛PADI潜水度假村,海南,陵水,陵水 · 分界洲岛,980.0,5.0
牛奶海,海南,琼海,琼海,免费,4.7
三亚海棠湾赶海俱乐部,海南,三亚,三亚 · 海棠湾/三亚免税店/后海,免费,4.5
西秀海滩公园,海南,海口,海口 · 假日海滩/五源河体育场,免费,4.5
神龙谷温泉公园,海南,三亚,三亚 · 海棠湾/三亚免税店/后海,198.0,4.1
博鳌海上跳伞基地,海南,琼海,琼海,2999.0,4.7
海口钟楼,海南,海口,海口 · 世纪大桥/骑楼老街/解放西,免费,4.6
东山岭文化旅游区,海南,万宁,万宁,40.0,4.5
石梅湾加井岛自由鹿游艇出海俱乐部,海南,万宁,万宁 · 石梅湾/兴隆旅游度假区,158.0,4.9
阿那亚·三亚,海南,三亚,三亚 · 市区火车站/海旅免税城/千古情景区,免费,5.0
海口万豪酒店温泉,海南,海口,海口 · 海口秀英港码头/秀英万达广场,72.0,4.5
半山半岛帆船港,海南,三亚,三亚 · 大东海/鹿回头风景区/半山半岛,免费,4.5
三亚亚龙湾国际玫瑰谷,海南,三亚,三亚 · 亚龙湾/热带天堂森林公园/博后村,48.0,3.3
文昌鲁能山海天淇水湾,海南,文昌,文昌 · 铜鼓岭国家级自然保护区/文昌航天城,免费,4.5
文昌航天科普馆,海南,文昌,文昌,55.0,3.1
海棠湾后海冲浪基地,海南,三亚,三亚 · 蜈支洲岛,免费,4.7
三亚海棠湾直升机观光基地(林阳通航),海南,三亚,三亚 · 海棠湾/三亚免税店/后海,399.0,4.8
夜游三亚湾,海南,三亚,三亚 · 市区火车站/海旅免税城/千古情景区,61.0,3.8
崖州古城,海南,三亚,三亚 · 南山寺/崖州湾科技城,免费,4.4
红色娘子军纪念园,海南,琼海,琼海,免费,暂无评分
看见三亚沉浸式夜游部落,海南,三亚,三亚 · 海棠湾/三亚免税店/后海,368.0,5.0
石梅湾加井岛潜水基地,海南,万宁,万宁,130.0,3.9
假日海滩旅游景区-观海台,海南,海口,海口 · 假日海滩/五源河体育场,免费,4.6
琼州海峡,海南,海口,海口,免费,4.0
亚龙通航海棠广场直升机基地,海南,三亚,三亚 · 海棠湾/三亚免税店/后海,97.0,4.6
cdf三亚国际免税城,海南,三亚,三亚 · 海棠湾/三亚免税店/后海,免费,4.7
文南老街,海南,文昌,文昌 · 文昌市区,免费,4.3
海南万宁神州半岛跳伞基地,海南,万宁,万宁 · 神州半岛旅游度假区/神州站,2690.0,4.8
海洋之星,海南,三亚,三亚 · 蜈支洲岛,140.0,4.7
百福岛,海南,三亚,三亚 · 亚龙湾/热带天堂森林公园/博后村,490.0,3.8
大小洞天小月湾海上娱乐中心,海南,三亚,三亚 · 南山寺/崖州湾科技城,免费,4.4
海棠广场,海南,三亚,三亚 · 海棠湾/三亚免税店/后海,免费,4.9
神州半岛旅游区-灯塔,海南,万宁,万宁,免费,4.6
文昌航天卫星发射中心,海南,文昌,文昌,免费,3.7
蜈支洲岛海滨浴场,海南,三亚,三亚 · 蜈支洲岛,140.0,4.6
华润石梅湾国际游艇会,海南,万宁,万宁,2980.0,4.8
海花岛水上王国,海南,儋州,儋州 · 海花岛,168.0,4.9
分界洲岛潜水,海南,陵水,陵水 · 分界洲岛,580.0,4.4
土福湾,海南,陵水,陵水 · 海棠湾/三亚免税店/后海,免费,4.7
三亚酷奇游艇海钓俱乐部,海南,三亚,三亚 · 亚龙湾/热带天堂森林公园/博后村,168.0,4.9
赤岭风景区,海南,陵水,陵水 · 清水湾,免费,4.5
海南热带植物园,海南,儋州,儋州,26.0,4.2
三亚特缔思潜水中心(天房洲际店),海南,三亚,三亚 · 海棠湾/三亚免税店/后海,330.0,4.7
海花岛五国温泉城,海南,儋州,儋州 · 海花岛,128.0,4.7
儋州千年古盐田,海南,儋州,儋州 · 洋浦港/千年古盐田,免费,4.2
娥仙岭生态文化旅游区,海南,东方,东方,76.0,4.3
赵述岛,海南,三沙,三沙,免费,暂无评分
尖峰岭国家森林公园,海南,乐东,乐东,免费,4.2
日月湾海岛礼堂,海南,万宁,万宁 · 日月湾,免费,4.6
玉带滩,海南,琼海,琼海,免费,4.4
神玉岛,海南,保亭,保亭,50.0,4.3
自由灯塔,海南,陵水,陵水,免费,3.9
西岛潜水基地,海南,三亚,三亚 · 三亚湾/凤凰机场/西岛,232.0,3.3
山钦湾,海南,万宁,万宁,免费,4.2
山钦湾-燕子洞,海南,万宁,万宁,免费,4.0
过江龙索桥,海南,三亚,三亚 · 亚龙湾/热带天堂森林公园/博后村,免费,4.7
木兰湾,海南,文昌,文昌,免费,4.5
五指山方诺寨热带雨林,海南,五指山,五指山,48.0,4.2
假日海滩温泉亲水乐园,海南,海口,海口 · 海口秀英港码头/秀英万达广场,30.0,4.0
南天一柱石,海南,三亚,三亚 · 三亚湾/凤凰机场/西岛,免费,4.6
永兴岛,海南,三沙,三沙,免费,4.3
黎安镇,海南,陵水,陵水 · 海南海洋欢乐世界度假区,免费,4.0
桥海牧场,海南,万宁,万宁 · 石梅湾/兴隆旅游度假区,免费,4.3
牙胡梯田,海南,五指山,五指山,免费,4.7
海棠湾红树林动力滑翔伞飞行营地,海南,三亚,三亚 · 海棠湾/三亚免税店/后海,616.0,4.8
万泉河,海南,琼海,琼海,免费,4.4
高隆湾,海南,文昌,文昌 · 高隆湾旅游度假区,免费,4.4
大洲岛,海南,万宁,万宁,免费,4.8
狂欢水世界,海南,海口,海口 · 美兰机场/观澜湖/江东新区,99.0,4.3
夜游海口湾,海南,海口,海口 · 海甸岛/海南大学,免费,4.3
西沙群岛邮轮中心,海南,三亚,三亚 · 三亚湾/凤凰机场/西岛,免费,5.0
潭门中心渔港,海南,琼海,琼海,免费,4.5
雅居乐清水湾沙滩,海南,陵水,陵水 · 清水湾,免费,5.0
永庆寺,海南,澄迈,澄迈,免费,4.1
三亚躁浪尾波冲浪俱乐部,海南,三亚,三亚 · 市区火车站/海旅免税城/千古情景区,1699.0,5.0
国家地质公园-石山,海南,海口,海口,免费,4.7
三角梅科博园,海南,三亚,三亚 · 南山寺/崖州湾科技城,免费,5.0
七仙岭全球热带水果博览中心,海南,保亭,保亭,21.0,4.7
莺歌海盐场,海南,乐东,乐东,免费,3.9
三亚恐龙博物馆,海南,三亚,三亚 · 市区火车站/海旅免税城/千古情景区,39.0,3.9
陵水疍家渔排码头,海南,陵水,陵水,免费,3.7
鸭公岛,海南,三沙,三沙,免费,4.6
世纪公园,海南,海口,海口 · 万绿园/友谊阳光城,免费,4.5
见山本院,海南,三亚,三亚 · 市区火车站/海旅免税城/千古情景区,免费,5.0
亚龙湾滨海世界,海南,三亚,三亚 · 亚龙湾/热带天堂森林公园/博后村,免费,4.8
霸王岭,海南,昌江,昌江,48.0,4.3
火箭之眼观礼平台,海南,文昌,文昌,338.0,3.9
大小洞天,海南,三亚,三亚 · 南山寺/崖州湾科技城,免费,4.7
大小洞天-小洞天,海南,三亚,三亚 · 南山寺/崖州湾科技城,免费,4.3
高空滑索,海南,三亚,三亚 · 亚龙湾/热带天堂森林公园/博后村,免费,4.0
海南小桂林,海南,东方,东方,免费,3.9
红石滩,海南,琼海,琼海 · 博鳌,免费,4.3
大东海潜水,海南,三亚,三亚 · 大东海/鹿回头风景区/半山半岛,536.0,4.4
博鳌东屿岛温泉,海南,琼海,琼海 · 博鳌,128.0,4.2
海上图书馆,海南,文昌,文昌 · 高隆湾旅游度假区,免费,4.0
海口市老爸茶巴士,海南,海口,海口 · 世纪大桥/骑楼老街/解放西,免费,4.8
世纪大桥,海南,海口,海口 · 万绿园/友谊阳光城,免费,4.6
隆苑咖啡庄园,海南,万宁,万宁 · 石梅湾/兴隆旅游度假区,免费,4.8
加井岛酷奇游艇俱乐部,海南,万宁,万宁,168.0,4.9
罗驿村,海南,澄迈,澄迈,免费,4.6
清水湾游艇会,海南,陵水,陵水 · 清水湾,88.0,4.4
临高角旅游区,海南,临高,临高,免费,4.7
海瑞文化公园,海南,海口,海口 · 龙湖海南海口天街/金牛岭公园,免费,4.6
日月湾·雨林溯溪·椰林桨板·运动基地,海南,万宁,万宁 · 日月湾,免费,5.0
文昌航天超算科技馆,海南,文昌,文昌,200.0,4.7
椰子大观园,海南,文昌,文昌 · 高隆湾旅游度假区,免费,4.5
鳄珍鳄鱼园,海南,东方,东方,38.8,4.7
博鳌亚洲论坛成立会址,海南,琼海,琼海 · 博鳌,免费,4.0
海南花梨谷文化旅游区,海南,东方,东方,90.0,4.4
海花岛蔚蓝跳伞基地,海南,儋州,儋州,4380.0,5.0
海南科技馆,海南,海口,海口 · 假日海滩/五源河体育场,免费,4.6
云舍松涛·海南中国村,海南,儋州,儋州,23.0,3.5
万宁海景跳伞(直营旗舰店),海南,万宁,万宁,2190.0,5.0
海口观澜湖旅游度假区,海南,海口,海口 · 美兰机场/观澜湖/江东新区,免费,4.5
乐东莺歌海跳伞基地,海南,乐东,乐东,1888.0,5.0
福山咖啡文化风情镇,海南,澄迈,澄迈 · 福山,免费,4.4
沧海楼,海南,三亚,三亚 · 亚龙湾/热带天堂森林公园/博后村,免费,4.6
鲛子号潜水体验中心,海南,三亚,三亚 · 大东海/鹿回头风景区/半山半岛,488.0,5.0
三十三观音堂,海南,三亚,三亚 · 南山寺/崖州湾科技城,免费,4.9
梦幻香山旅游区,海南,屯昌,屯昌,66.6,4.6
阿文冲浪俱乐部(香水湾店),海南,陵水,陵水 · 香水湾,500.0,4.9
海花岛珍奇特色植物园,海南,儋州,儋州 · 海花岛,59.0,4.6
海花岛双子沙滩,海南,儋州,儋州 · 海花岛,免费,4.9
情人岛,海南,三亚,三亚 · 蜈支洲岛,140.0,4.7
三亚市体育中心-白鹭体育场,海南,三亚,三亚 · 市区火车站/海旅免税城/千古情景区,免费,5.0
海花岛博物馆群,海南,儋州,儋州 · 海花岛,38.0,4.7
古银瀑布,海南,临高,临高,免费,4.8
海南大学(海甸校区),海南,海口,海口 · 海甸岛/海南大学,免费,4.5
万泉河峡谷景区,海南,琼海,琼海,98.0,4.3
三亚蜈支洲岛旅游区-观日岩,海南,三亚,三亚 · 蜈支洲岛,140.0,4.8
五源河体育场,海南,海口,海口 · 假日海滩/五源河体育场,免费,5.0
西沙群岛自由鹿游艇帆船俱乐部,海南,三亚,三亚 · 市区火车站/海旅免税城/千古情景区,3980.0,5.0
水满乡,海南,五指山,五指山,免费,3.3
博后村,海南,三亚,三亚 · 亚龙湾/热带天堂森林公园/博后村,免费,4.0
雷琼世界地质公园(海口园区)-仙人洞,海南,海口,海口,免费,3.4
海南热带飞禽世界,海南,定安,定安,38.0,4.4
疍家赶海湾,海南,陵水,陵水,免费,5.0
兴隆南药园,海南,万宁,万宁,12.0,4.6
白查村黎族传统聚落,海南,东方,东方,免费,3.8
三亚大小洞天旅游区-观景台,海南,三亚,三亚 · 南山寺/崖州湾科技城,免费,5.0
三亚千古情二号馆,海南,三亚,三亚 · 市区火车站/海旅免税城/千古情景区,免费,5.0
大东海海水浴场,海南,三亚,三亚 · 大东海/鹿回头风景区/半山半岛,免费,4.6
大东海滨海水运动乐园,海南,三亚,三亚 · 大东海/鹿回头风景区/半山半岛,180.0,4.9
三亚舞马天涯,海南,三亚,三亚 · 海棠湾/三亚免税店/后海,168.0,4.6
月亮湾海滩,海南,文昌,文昌,免费,4.4
儋阳楼森林公园,海南,儋州,儋州,免费,4.4
黎安港,海南,陵水,陵水,免费,5.0
三亚猫猫岛,海南,三亚,三亚 · 市区火车站/海旅免税城/千古情景区,88.0,4.8
跨海索道,海南,陵水,陵水,免费,4.9
白沙门公园,海南,海口,海口 · 海甸岛/海南大学,免费,4.6
亚龙湾明亮赶海体验区,海南,三亚,三亚 · 亚龙湾/热带天堂森林公园/博后村,免费,5.0
龙沐湾,海南,乐东,乐东 · 龙沐湾,免费,4.2
红树林亲子潮汐营地,海南,陵水,陵水,免费,暂无评分
情人桥,海南,三亚,三亚 · 蜈支洲岛,140.0,4.5
大花角,海南,万宁,万宁,免费,3.1
海旅游船(东坡老码头),海南,海口,海口 · 海甸岛/海南大学,免费,4.3
富力湾旅游度假区,海南,陵水,陵水 · 香水湾,免费,暂无评分
海上书房,海南,三亚,三亚 · 三亚湾/凤凰机场/西岛,免费,4.3
美亭美榔姐妹塔,海南,澄迈,澄迈,免费,4.2
嘉艇汇三亚游艇帆船俱乐部,海南,三亚,三亚 · 市区火车站/海旅免税城/千古情景区,99.0,5.0
一天游艇俱乐部,海南,三亚,三亚 · 市区火车站/海旅免税城/千古情景区,598.0,5.0
四海通游艇俱乐部,海南,三亚,三亚 · 大东海/鹿回头风景区/半山半岛,398.0,5.0
迷你营,海南,三亚,三亚 · 海棠湾/三亚免税店/后海,免费,5.0
三亚领帆游艇俱乐部,海南,三亚,三亚 · 市区火车站/海旅免税城/千古情景区,960.0,5.0
椰子游艇俱乐部,海南,三亚,三亚 · 市区火车站/海旅免税城/千古情景区,108.0,5.0
三亚亿达游艇俱乐部,海南,三亚,三亚 · 市区火车站/海旅免税城/千古情景区,免费,5.0
六个芒果游艇俱乐部,海南,三亚,三亚 · 市区火车站/海旅免税城/千古情景区,128.0,4.9
梦想起航游艇俱乐部,海南,三亚,三亚 · 市区火车站/海旅免税城/千古情景区,免费,5.0
亚特游艇俱乐部,海南,三亚,三亚 · 市区火车站/海旅免税城/千古情景区,698.0,4.9
三亚俏江南游艇海钓俱乐部,海南,三亚,三亚 · 市区火车站/海旅免税城/千古情景区,108.0,4.9
海旅三亚游艇游船俱乐部,海南,三亚,三亚 · 大东海/鹿回头风景区/半山半岛,128.0,5.0
三亚果宝游艇出海俱乐部,海南,三亚,三亚 · 大东海/鹿回头风景区/半山半岛,199.0,5.0
富磊游艇俱乐部,海南,三亚,三亚 · 大东海/鹿回头风景区/半山半岛,免费,5.0
九级浪尾波冲浪俱乐部,海南,三亚,三亚 · 市区火车站/海旅免税城/千古情景区,880.0,4.9
正手浪尾波冲浪俱乐部(半山半岛店),海南,三亚,三亚 · 大东海/鹿回头风景区/半山半岛,2349.0,4.9
陵水富力湾酷奇游艇俱乐部,海南,陵水,陵水,免费,5.0
三亚享程游艇俱乐部,海南,三亚,三亚 · 市区火车站/海旅免税城/千古情景区,免费,5.0
一浪尾波冲浪游艇潜水俱乐部,海南,三亚,三亚 · 三亚湾/凤凰机场/西岛,免费,5.0
万宁神州半岛俏江南游艇俱乐部,海南,万宁,万宁 · 神州半岛旅游度假区/神州站,398.0,5.0
亚龙湾龙仔岛,海南,三亚,三亚 · 亚龙湾/热带天堂森林公园/博后村,免费,5.0
龙玺冲浪俱乐部,海南,三亚,三亚 · 蜈支洲岛,160.0,4.9
三亚富鑫游艇出海俱乐部,海南,三亚,三亚 · 市区火车站/海旅免税城/千古情景区,98.0,5.0
三亚海钓海豚游艇俱乐部,海南,三亚,三亚 · 市区火车站/海旅免税城/千古情景区,498.0,4.9
三亚章鱼哥海钓俱乐部,海南,三亚,三亚 · 大东海/鹿回头风景区/半山半岛,免费,5.0
三亚自由鹿游艇俱乐部,海南,三亚,三亚 · 大东海/鹿回头风景区/半山半岛,78.0,4.9
西沙群岛慧旅联盟游艇帆船俱乐部,海南,三亚,三亚 · 大东海/鹿回头风景区/半山半岛,免费,5.0
万宁洲仔岛自由鹿游艇俱乐部,海南,万宁,万宁,免费,5.0
岛上飞摩托艇,海南,万宁,万宁 · 日月湾,免费,5.0
三亚极限玩家游艇俱乐部,海南,三亚,三亚 · 大东海/鹿回头风景区/半山半岛,78.0,4.9
波塞冬国际游艇俱乐部,海南,三亚,三亚 · 市区火车站/海旅免税城/千古情景区,免费,5.0
大热荒野三亚土福湾营地,海南,陵水,陵水 · 海棠湾/三亚免税店/后海,免费,5.0
呆呆岛潜水中心,海南,陵水,陵水 · 清水湾,免费,5.0
三亚游艇乐海俱乐部,海南,三亚,三亚 · 市区火车站/海旅免税城/千古情景区,免费,4.9
玉福宫·福如东海旅游区,海南,文昌,文昌,39.9,4.8
万宁法拉帝石梅湾加井岛游艇出海,海南,万宁,万宁 · 石梅湾/兴隆旅游度假区,免费,5.0
SHAKA SURF沙卡冲浪(日月湾店),海南,万宁,万宁 · 日月湾,298.0,4.9
海口锦都海甸岛,海南,海口,海口 · 海甸岛/海南大学,免费,4.6
西海岸带状公园,海南,海口,海口 · 假日海滩/五源河体育场,免费,4.6
临春岭森林公园,海南,三亚,三亚 · 市区火车站/海旅免税城/千古情景区,免费,4.5
神州半岛自由鹿游艇俱乐部,海南,万宁,万宁 · 神州半岛旅游度假区/神州站,免费,5.0
三亚梦幻水上乐园,海南,三亚,三亚 · 市区火车站/海旅免税城/千古情景区,180.0,4.5
海口巴萨世界,海南,海口,海口 · 美兰机场/观澜湖/江东新区,168.0,4.8
观海长廊,海南,三亚,三亚 · 蜈支洲岛,140.0,4.8
海口人民公园,海南,海口,海口 · 世纪大桥/骑楼老街/解放西,免费,4.6
乐程游艇俱乐部,海南,三亚,三亚 · 市区火车站/海旅免税城/千古情景区,278.0,4.9
万宁洲仔岛极限玩家游艇俱乐部,海南,万宁,万宁 · 神州半岛旅游度假区/神州站,免费,5.0
铭风游艇俱乐部,海南,三亚,三亚 · 市区火车站/海旅免税城/千古情景区,免费,5.0
七仙岭君澜野溪温泉,海南,保亭,保亭 · 七仙岭旅游度假区,88.0,3.6
滨海公园,海南,海口,海口 · 世纪大桥/骑楼老街/解放西,免费,4.7
SHAKA SURF沙卡冲浪(后海店),海南,三亚,三亚 · 蜈支洲岛,328.0,5.0
热带雨林广场,海南,三亚,三亚 · 大东海/鹿回头风景区/半山半岛,免费,4.6
三亚蓝峰游艇海钓俱乐部,海南,三亚,三亚 · 市区火车站/海旅免税城/千古情景区,68.0,4.8
三亚南山文化旅游区-长寿谷,海南,三亚,三亚 · 南山寺/崖州湾科技城,免费,4.6
凤凰岛直升机基地,海南,三亚,三亚 · 三亚湾/凤凰机场/西岛,198.0,4.5
SHAKA SURF沙卡冲浪(石梅湾店),海南,万宁,万宁 · 石梅湾/兴隆旅游度假区,368.0,5.0
亚龙湾中心广场图腾柱,海南,三亚,三亚 · 亚龙湾/热带天堂森林公园/博后村,免费,4.7
环岛摩托艇俱乐部,海南,三亚,三亚 · 大东海/鹿回头风景区/半山半岛,免费,5.0
九里旅拍露营基地,海南,万宁,万宁 · 石梅湾/兴隆旅游度假区,免费,5.0
陵水河,海南,陵水,陵水,免费,4.8
金龟探海,海南,三亚,三亚 · 蜈支洲岛,140.0,4.9
水满毛纳生态旅游区,海南,五指山,五指山,免费,4.8
半岭温泉,海南,三亚,三亚 · 市区火车站/海旅免税城/千古情景区,198.0,4.0
清水湾自由鹿游艇俱乐部,海南,陵水,陵水 · 清水湾,免费,5.0
锋辉游艇俱乐部,海南,三亚,三亚 · 市区火车站/海旅免税城/千古情景区,免费,5.0
亚龙湾中心广场,海南,三亚,三亚 · 亚龙湾/热带天堂森林公园/博后村,免费,4.6
红树林探险王国童玩中心,海南,三亚,三亚 · 三亚湾/凤凰机场/西岛,39.0,4.6
槟榔河温泉,海南,三亚,三亚 · 三亚湾/凤凰机场/西岛,98.0,3.8
三亚红树林公园,海南,三亚,三亚 · 市区火车站/海旅免税城/千古情景区,免费,4.9
大白鲸游艇俱乐部,海南,三亚,三亚 · 市区火车站/海旅免税城/千古情景区,免费,5.0
三亚慧旅联盟国际游艇俱乐部,海南,三亚,三亚 · 市区火车站/海旅免税城/千古情景区,免费,5.0
大东海旅游区-沙滩躺椅区,海南,三亚,三亚 · 大东海/鹿回头风景区/半山半岛,免费,4.6
海口湾,海南,海口,海口 · 万绿园/友谊阳光城,免费,4.7
海口南洋骑楼老街文化展示馆,海南,海口,海口 · 世纪大桥/骑楼老街/解放西,免费,4.6
三亚河,海南,三亚,三亚 · 市区火车站/海旅免税城/千古情景区,免费,4.7
金牛岭公园,海南,海口,海口 · 龙湖海南海口天街/金牛岭公园,免费,4.6
海月广场,海南,三亚,三亚 · 三亚湾/凤凰机场/西岛,免费,4.6
重庆动物园,重庆,重庆,杨家坪/重庆动物园,24.0,4.7
816工程景区,重庆,重庆,重庆,55.0,4.7
人民大礼堂,重庆,重庆,上清寺/人民大礼堂/李子坝,8.0,4.4
钓鱼城,重庆,重庆,重庆,58.0,4.6
大足石刻,重庆,重庆,大足石刻度假区,110.0,4.6
洪崖洞民俗风貌区,重庆,重庆,解放碑/洪崖洞,免费,4.6
武隆天生三桥,重庆,重庆,仙女山国家森林公园/仙女山街道,155.0,4.6
武隆喀斯特旅游区,重庆,重庆,武隆区人民政府/武隆喀斯特旅游区,50.0,4.6
长江索道,重庆,重庆,解放碑/洪崖洞,30.0,4.2
解放碑步行街,重庆,重庆,解放碑/洪崖洞,免费,4.7
重庆云端之眼观景台,重庆,重庆,解放碑/洪崖洞,68.0,4.8
白帝城·瞿塘峡景区,重庆,奉节,奉节,100.0,4.6
重庆两江游,重庆,重庆,解放碑/洪崖洞,153.0,4.4
磁器口古镇,重庆,重庆,磁器口古镇,免费,4.6
长江三峡,重庆,宜昌,三峡人家/西陵峡风景区,免费,4.8
仙女山国家森林公园,重庆,重庆,仙女山国家森林公园/仙女山街道,50.0,4.5
三峡之巅景区,重庆,奉节,奉节,70.0,4.7
重庆湖广会馆,重庆,重庆,解放碑/洪崖洞,32.0,4.5
巫山小三峡,重庆,巫山,巫山,120.0,4.5
重庆欢乐谷,重庆,重庆,礼嘉/欢乐谷,120.0,4.8
三峡博物馆,重庆,重庆,上清寺/人民大礼堂/李子坝,免费,4.6
乌江画廊,重庆,彭水,彭水,免费,4.5
龙水峡地缝,重庆,重庆,重庆,105.0,4.7
探索舱·云端乐园,重庆,重庆,解放碑/洪崖洞,128.0,4.6
渣滓洞,重庆,重庆,磁器口古镇,免费,4.5
朝天门广场,重庆,重庆,解放碑/洪崖洞,免费,4.6
来福士广场,重庆,重庆,解放碑/洪崖洞,免费,4.7
武陵山大裂谷,重庆,重庆,重庆,145.0,4.6
丰都鬼城名山景区,重庆,丰都,丰都鬼城,133.0,4.4
白鹤梁水下博物馆,重庆,重庆,涪陵商业中心区,50.0,4.6
蚩尤九黎城,重庆,彭水,彭水,68.0,4.0
两江小渡,重庆,重庆,解放碑/洪崖洞,15.0,4.7
观音桥步行街,重庆,重庆,观音桥/九街,免费,4.6
金佛山,重庆,重庆,金佛山度假区,89.0,4.4
巫峡·神女景区,重庆,巫山,巫山,免费,4.4
重庆长江索道南站,重庆,重庆,南滨路/弹子石,30.0,4.2
山城步道,重庆,重庆,解放碑/洪崖洞,免费,4.6
重庆山城巷传统风貌区,重庆,重庆,解放碑/洪崖洞,免费,4.6
重庆夜景游船,重庆,重庆,解放碑/洪崖洞,免费,4.4
重庆十八梯传统风貌区,重庆,重庆,解放碑/洪崖洞,免费,4.5
重庆三峡游船,重庆,重庆,解放碑/洪崖洞,699.0,4.4
白公馆,重庆,重庆,磁器口古镇,免费,4.6
南滨路,重庆,重庆,南坪商业中心区,免费,4.7
李子坝轻轨站,重庆,重庆,上清寺/人民大礼堂/李子坝,免费,4.5
朝天门号两江夜景游轮,重庆,重庆,解放碑/洪崖洞,130.0,4.2
重庆乌江龚滩旅游度假区,重庆,酉阳,酉阳,免费,4.3
李子坝单轨穿楼观景平台,重庆,重庆,上清寺/人民大礼堂/李子坝,免费,4.7
重庆大轰炸“六五”隧道惨案史实展馆,重庆,重庆,解放碑/洪崖洞,免费,4.7
万州大瀑布,重庆,重庆,重庆,95.0,4.8
酉阳桃花源景区,重庆,酉阳,酉阳,85.0,4.4
南山一棵树观景台,重庆,重庆,南山度假区,28.0,4.4
乐和乐都动物主题乐园,重庆,重庆,乐和乐都度假区,212.0,4.9
十八梯,重庆,重庆,解放碑/洪崖洞,免费,4.3
大圆祥博物馆,重庆,重庆,重庆,35.0,4.6
芙蓉洞,重庆,重庆,重庆,98.0,4.6
沐光森林(光环购物公园店),重庆,重庆,礼嘉/欢乐谷,免费,4.2
WFC会仙楼观景台,重庆,重庆,解放碑/洪崖洞,118.0,4.6
巫峡,重庆,巫山,巫山,免费,4.8
云阳龙缸国家地质公园,重庆,云阳,龙缸度假区,95.0,4.6
小红船,重庆,巫山,巫山,免费,4.7
地心探险极地,重庆,重庆,重庆,免费,4.6
下浩里,重庆,重庆,南滨路/弹子石,免费,4.9
黑山谷风景区,重庆,重庆,黑山谷/奥陶纪度假区,80.0,4.4
三峡龙脊,重庆,巫山,巫山,免费,5.0
四面山,重庆,重庆,四面山度假区,85.0,4.5
融汇温泉城,重庆,重庆,沙坪坝站/三峡广场,179.0,4.6
重庆欢乐海底世界,重庆,重庆,大坪/时代天街,78.8,4.4
瞿塘峡,重庆,奉节,奉节,免费,4.7
重庆建川海疆博物馆,重庆,重庆,杨家坪/重庆动物园,45.0,4.5
重庆建川博物馆聚落,重庆,重庆,大坪/时代天街,45.0,4.7
二厂文创公园,重庆,重庆,上清寺/人民大礼堂/李子坝,免费,4.4
鹅岭公园,重庆,重庆,上清寺/人民大礼堂/李子坝,免费,4.7
金刀峡,重庆,重庆,金刀峡度假区,69.9,4.5
长江三峡-世纪系列游船,重庆,重庆,解放碑/洪崖洞,699.0,5.0
【重庆】世贸·天台131高空观景台,重庆,重庆,解放碑/洪崖洞,98.0,4.7
宝顶山景区,重庆,重庆,大足石刻度假区,110.0,4.6
嘉陵小渡,重庆,重庆,磁器口古镇,10.0,4.7
罗汉寺,重庆,重庆,解放碑/洪崖洞,免费,4.6
重庆玛雅海滩水公园,重庆,重庆,礼嘉/欢乐谷,200.0,5.0
濯水古镇,重庆,重庆,濯水古镇度假区,免费,4.3
濯水景区,重庆,重庆,濯水古镇度假区,129.0,4.6
南山风景区,重庆,重庆,南山度假区,免费,4.6
夜游两江,重庆,重庆,解放碑/洪崖洞,153.0,4.4
红池坝风景区,重庆,巫溪,巫溪,30.0,4.6
石宝寨,重庆,忠县,忠县,45.0,4.5
北山石刻,重庆,重庆,大足石刻度假区,58.0,4.6
重庆统景温泉风景区,重庆,重庆,统景度假区,98.0,4.5
统景风景区,重庆,重庆,统景度假区,免费,4.7
天福官驿,重庆,重庆,仙女山国家森林公园/仙女山街道,免费,4.6
千厮门大桥,重庆,重庆,解放碑/洪崖洞,免费,4.6
魁星楼,重庆,重庆,解放碑/洪崖洞,免费,4.3
小小三峡,重庆,巫山,巫山,免费,4.3
重庆小渡,重庆,重庆,万州万达广场,98.0,4.6
乌江画廊（涪陵段）,重庆,重庆,重庆,免费,5.0
人民解放纪念碑,重庆,重庆,解放碑/洪崖洞,免费,暂无评分
阿依河景区,重庆,彭水,彭水,59.0,3.8
重庆都市观光巴士,重庆,重庆,解放碑/洪崖洞,36.0,4.3
濯水景区-蒲花暗河,重庆,重庆,重庆,129.0,4.3
重庆汉海海洋公园,重庆,重庆,巴南万达/华熙鱼洞,69.0,4.2
重庆两江游-金碧系列,重庆,重庆,解放碑/洪崖洞,118.0,4.1
龚滩古镇乌江画廊,重庆,酉阳,酉阳,免费,4.8
海棠晓月圣地温泉,重庆,重庆,南滨路/弹子石,98.0,4.6
白帝城,重庆,奉节,奉节白帝城,免费,4.6
三峡之光,重庆,巫山,巫山,免费,4.5
边城洪安景区-洪安古镇,重庆,秀山,秀山,免费,4.5
重庆融创海世界,重庆,重庆,大学城/融创文旅城,138.0,4.7
南天湖景区,重庆,丰都,丰都,58.0,4.2
龙门浩老街,重庆,重庆,南滨路/弹子石,免费,4.5
重庆融创文旅城,重庆,重庆,大学城/融创文旅城,免费,4.5
重庆园博园,重庆,重庆,礼嘉/欢乐谷,免费,4.7
老君洞,重庆,重庆,南山度假区,免费,4.5
夔门,重庆,奉节,奉节白帝城,免费,4.7
长江游轮,重庆,重庆,解放碑/洪崖洞,免费,4.9
乌江,重庆,重庆,重庆,免费,4.9
梦幻奥陶纪景区,重庆,重庆,黑山谷/奥陶纪度假区,168.0,4.2
神女峰,重庆,巫山,巫山,免费,4.6
嘉陵江,重庆,重庆,重庆,免费,4.7
重庆动物园-熊猫馆,重庆,重庆,杨家坪/重庆动物园,免费,5.0
神女溪景区,重庆,巫山,巫山,免费,3.8
芙蓉江,重庆,重庆,重庆,100.0,4.6
张飞庙,重庆,云阳,云阳,32.0,4.3
长嘉汇弹子石老街,重庆,重庆,南滨路/弹子石,免费,4.6
美心红酒小镇,重庆,重庆,重庆,68.0,4.3
鸿恩寺公园,重庆,重庆,冉家坝/龙溪,免费,4.5
重庆南山植物园,重庆,重庆,南山度假区,15.5,4.2
重庆科技馆,重庆,重庆,江北嘴/北滨路,免费,4.7
金刚碑·温泉老村,重庆,重庆,西南大学/缙云山度假区,免费,4.2
丰都雪玉洞景区,重庆,丰都,丰都,68.0,4.2
1941茶馆·戏院,重庆,重庆,解放碑/洪崖洞,免费,4.7
皇冠大扶梯,重庆,重庆,上清寺/人民大礼堂/李子坝,免费,4.3
重庆野生动物世界,重庆,重庆,乐和乐都度假区,免费,4.5
重庆融创渝乐小镇,重庆,重庆,大学城/融创文旅城,79.0,4.7
重庆抗战遗址博物馆,重庆,重庆,南山度假区,17.0,暂无评分
重庆国际马戏城,重庆,重庆,南滨路/弹子石,100.0,4.5
北仓文创街区,重庆,重庆,观音桥/九街,免费,4.8
天生三桥玻璃眺台,重庆,重庆,仙女山国家森林公园/仙女山街道,免费,4.3
长江三峡-大美华夏游轮,重庆,忠县,忠县,2167.0,4.0
歌乐山国家森林公园,重庆,重庆,磁器口古镇,免费,4.6
大足石刻博物馆,重庆,重庆,大足石刻度假区,免费,4.6
华岩寺,重庆,重庆,重庆火车西站/巴国城,免费,4.4
重庆中央公园,重庆,重庆,国际博览中心/中央公园,免费,4.5
重庆两江游-朝天系列,重庆,重庆,解放碑/洪崖洞,130.0,4.2
叠石花谷,重庆,酉阳,酉阳,85.0,4.4
华生园金色蛋糕梦幻王国,重庆,重庆,大渡口商业中心区,免费,3.4
七星岗,重庆,重庆,解放碑/洪崖洞,免费,4.8
天眼洞花岭风景区,重庆,重庆,金刀峡度假区,98.0,3.8
白象街,重庆,重庆,解放碑/洪崖洞,免费,4.5
夔州古城,重庆,奉节,奉节白帝城,免费,4.7
洪崖洞民俗风貌区-观景台,重庆,重庆,解放碑/洪崖洞,免费,4.4
缙云山,重庆,重庆,西南大学/缙云山度假区,免费,4.6
长寿湖,重庆,重庆,长寿湖度假区,32.0,4.2
乌江赤壁观景台,重庆,重庆,重庆,免费,4.3
三峡移民纪念馆,重庆,重庆,万州万达广场,免费,暂无评分
重庆城上天幕乐游观光塔,重庆,重庆,南滨路/弹子石,免费,4.8
中国黔江城市大峡谷,重庆,重庆,黔江商业中心区,免费,4.0
武陵山国家森林公园,重庆,重庆,重庆,36.0,4.3
重庆奥体中心体育场,重庆,重庆,大坪/时代天街,免费,暂无评分
仙女山树顶漫步,重庆,重庆,仙女山国家森林公园/仙女山街道,69.0,4.8
黄桷垭老街,重庆,重庆,南山度假区,免费,4.1
重庆热雪奇迹,重庆,重庆,大学城/融创文旅城,148.0,4.7
庆渝宴,重庆,重庆,冉家坝/龙溪,免费,4.6
重庆柏联温泉,重庆,重庆,西南大学/缙云山度假区,348.0,4.4
磁器口古镇-宝轮寺,重庆,重庆,磁器口古镇,免费,4.6
佛影峡漂流,重庆,重庆,重庆,150.0,4.2
重庆自然博物馆,重庆,重庆,西南大学/缙云山度假区,免费,4.8
华熙生物·润百颜ECM中心,重庆,重庆,巴南万达/华熙鱼洞,免费,暂无评分
周公馆,重庆,重庆,上清寺/人民大礼堂/李子坝,免费,暂无评分
巫峡游船,重庆,巫山,巫山,免费,4.3
天赐温泉,重庆,重庆,海兰云天温泉度假区,39.0,4.6
重庆海洋动物世界,重庆,重庆,江北嘴/北滨路,49.0,4.6
重庆海洋世界,重庆,重庆,大坪/时代天街,59.9,4.1
金佛山北坡景区,重庆,重庆,金佛山度假区,150.0,4.5
江北嘴江滩公园,重庆,重庆,江北嘴/北滨路,免费,4.8
仙女山滑雪场,重庆,重庆,仙女山国家森林公园/仙女山街道,免费,2.8
兰英大峡谷,重庆,巫溪,巫溪,免费,5.0
天坪山云林天乡,重庆,重庆,东温泉度假区,28.8,4.7
中山四路,重庆,重庆,上清寺/人民大礼堂/李子坝,免费,4.6
黄葛古道,重庆,重庆,南山度假区,免费,4.6
重庆国际博览中心,重庆,重庆,国际博览中心/中央公园,免费,4.4
重庆融创水世界,重庆,重庆,大学城/融创文旅城,110.0,4.5
神龙峡风景区,重庆,重庆,金佛山度假区,40.0,4.3
重庆武隆天生三桥风景区-天龙桥,重庆,重庆,仙女山国家森林公园/仙女山街道,免费,4.7
安居古城,重庆,重庆,重庆,免费,3.4
鹅岭栈桥,重庆,重庆,上清寺/人民大礼堂/李子坝,免费,5.0
重庆北温泉,重庆,重庆,西南大学/缙云山度假区,免费,4.6
威尼斯电影节沉浸式VR体验《纸鹤》（Paper Birds）重庆站,重庆,重庆,沙坪坝站/三峡广场,免费,暂无评分
巫山神女大扶梯,重庆,巫山,巫山,免费,暂无评分
涂鸦一条街,重庆,重庆,杨家坪/重庆动物园,免费,4.3
联合国际大厦,重庆,重庆,解放碑/洪崖洞,免费,4.5
天坑寨子景区,重庆,重庆,仙女山国家森林公园/仙女山街道,免费,3.6
小三峡游船,重庆,巫山,巫山,免费,5.0
三峡云巅神女天路景区,重庆,巫山,巫山,免费,5.0
双桂山国家森林公园,重庆,丰都,丰都鬼城,免费,3.0
万盛石林,重庆,重庆,黑山谷/奥陶纪度假区,60.0,4.6
宝塔坪,重庆,奉节,奉节白帝城,免费,5.0
萤火虫港湾猫猫主题乐园,重庆,重庆,南坪商业中心区,免费,4.0
万灵古镇,重庆,重庆,重庆,免费,4.7
武隆天生三桥风景区-青龙桥,重庆,重庆,仙女山国家森林公园/仙女山街道,免费,4.5
山王坪喀斯特国家生态公园,重庆,重庆,金佛山度假区,58.0,4.4
红岩革命纪念馆,重庆,重庆,大坪/时代天街,免费,暂无评分
北泉风景区,重庆,重庆,西南大学/缙云山度假区,免费,4.2
天龙天坑,重庆,重庆,仙女山国家森林公园/仙女山街道,免费,4.7
天坑地缝国家重点风景名胜区,重庆,奉节,奉节,免费,4.0
来福士探索舱观景台,重庆,重庆,解放碑/洪崖洞,免费,暂无评分
半山崖线,重庆,重庆,大坪/时代天街,免费,5.0
大足石刻景区-圣寿寺,重庆,重庆,大足石刻度假区,免费,4.3
重庆海昌海洋馆,重庆,重庆,南滨路/弹子石,49.9,4.7
巫山县博物馆,重庆,巫山,巫山,免费,4.3
酉阳红石林景区,重庆,酉阳,酉阳,68.0,4.6
长寿古镇,重庆,重庆,长寿古镇,免费,4.4
天赐华汤森林温泉(重庆璧山店),重庆,重庆,璧山商业中心区,39.0,4.4
三峡之巅观景平台,重庆,奉节,奉节白帝城,免费,4.9
两江国际影视城(民国街),重庆,重庆,龙兴度假区,76.8,4.2
白马山天尺情缘景区,重庆,重庆,重庆,60.0,3.6
南天湖国际滑雪场,重庆,丰都,丰都,198.0,4.1
天下第一风雨廊桥,重庆,重庆,濯水古镇度假区,免费,4.8
IN南山·戏游江湖沉浸式演绎,重庆,重庆,南山度假区,免费,5.0
川河盖,重庆,秀山,秀山,免费,4.7
茶山竹海,重庆,重庆,茶山竹海度假区,免费,4.0
松溉古镇,重庆,重庆,重庆,免费,4.6
万州风景区,重庆,重庆,万州万达广场,免费,5.0
李子坝观景台,重庆,重庆,大坪/时代天街,免费,5.0
重庆国泰艺术中心,重庆,重庆,解放碑/洪崖洞,免费,4.5
神鹰天坑,重庆,重庆,仙女山国家森林公园/仙女山街道,免费,4.6
金佛山飞拉达,重庆,重庆,金佛山度假区,免费,4.7
旱夔门景区,重庆,奉节,奉节,免费,5.0
重庆北站-北广场,重庆,重庆,重庆北站地区,免费,4.4
仙女山观光火车站,重庆,重庆,仙女山国家森林公园/仙女山街道,免费,4.8
戴家巷老街,重庆,重庆,解放碑/洪崖洞,免费,5.0
铜锣花谷生态园,重庆,重庆,南山度假区,33.0,4.2
长江三峡-长江孚泰号游轮,重庆,重庆,解放碑/洪崖洞,免费,5.0
烽烟三国,重庆,忠县,忠县,免费,5.0
西沱古镇,重庆,石柱,石柱,免费,3.9
三峡龙脊登山步道-起点,重庆,巫山,巫山,免费,暂无评分
奉节龙桥河景区,重庆,奉节,奉节,50.0,4.2
中山古镇,重庆,重庆,重庆,免费,4.1
半岛小渡,重庆,重庆,解放碑/洪崖洞,40.0,4.8
地火村,重庆,重庆,重庆,免费,5.0
神龟峡,重庆,重庆,重庆,128.0,3.6
酉州古城,重庆,酉阳,酉阳,免费,4.0
忠县白公祠,重庆,忠县,忠县,25.0,4.2
偏岩古镇,重庆,重庆,金刀峡度假区,免费,3.9
金佛山天星国际温泉城,重庆,重庆,金佛山度假区,68.0,4.5
南温泉,重庆,重庆,重庆理工大学花溪校区,158.0,4.3
南温泉公园,重庆,重庆,重庆理工大学花溪校区,免费,3.9
四川美术学院(虎溪校区)-美术馆,重庆,重庆,大学城/融创文旅城,免费,4.9
下浩里瀑布,重庆,重庆,南滨路/弹子石,免费,5.0
大金鹰园,重庆,重庆,南山度假区,11.5,4.2
巫溪灵巫洞,重庆,巫溪,巫溪,48.0,4.7
庆隆南山温泉,重庆,重庆,茶园,59.0,4.6
重庆千野草场景区,重庆,石柱,石柱,45.0,3.9
渝州故事·重庆非遗文化体验基地(十八梯解放碑店),重庆,重庆,解放碑/洪崖洞,48.0,4.9
青年汇巅峰乐园,重庆,重庆,黑山谷/奥陶纪度假区,免费,5.0
重庆独角兽星空艺术馆,重庆,重庆,解放碑/洪崖洞,39.9,4.9
黑山谷亲子乐园,重庆,重庆,黑山谷/奥陶纪度假区,免费,5.0
重庆周君记火锅食品工业体验园,重庆,重庆,重庆火车西站/巴国城,免费,4.9
(重庆黄水旅游度假区)秘境黄水奇幻乐园,重庆,石柱,石柱,88.0,4.8
(重庆黄水旅游度假区)毕兹卡绿宫,重庆,石柱,石柱,20.0,4.9
韩礼臣运动街区,重庆,重庆,观音桥/九街,128.0,5.0
重庆火锅天下宴博物馆（北滨路店）,重庆,重庆,江北嘴/北滨路,免费,4.8
际华园极限运动中心,重庆,重庆,重庆,免费,4.7
贝迪颐园温泉旅游度假区,重庆,重庆,海兰云天温泉度假区,158.0,4.3
龙水湖旅游度假区,重庆,重庆,龙水湖旅游度假区,免费,4.5
瞰胜楼,重庆,重庆,上清寺/人民大礼堂/李子坝,免费,4.8
东水门及古城墙,重庆,重庆,解放碑/洪崖洞,免费,4.8
聂荣臻元帅陈列馆,重庆,重庆,江津客运中心商圈,免费,暂无评分
重庆图书馆,重庆,重庆,沙坪坝站/三峡广场,免费,4.6
碧津公园,重庆,重庆,江北国际机场地区,免费,4.7
照母山森林公园,重庆,重庆,大竹林/光电园,免费,4.7
红岩魂陈列馆,重庆,重庆,磁器口古镇,免费,暂无评分
合川游船,重庆,重庆,合川学院区,68.0,4.8
两江幸福广场,重庆,重庆,大竹林/光电园,免费,4.6
重庆环球游乐城,重庆,重庆,江北国际机场地区,160.0,4.2
菜园坝长江大桥,重庆,重庆,南坪商业中心区,免费,4.8
银杏大道,重庆,重庆,重庆,免费,4.5
汉丰湖旅游度假区,重庆,重庆,汉丰湖度假区,免费,4.8
重庆涪陵沙溪温泉,重庆,重庆,重庆,29.9,4.4
艾坪山公园,重庆,重庆,江津客运中心商圈,免费,4.6
亢家寨风景区,重庆,城口,城口,免费,4.8
乐和乐都水上乐园,重庆,重庆,乐和乐都度假区,60.0,4.5
三峡广场,重庆,重庆,沙坪坝站/三峡广场,免费,4.5
文峰古街,重庆,重庆,合川学院区,免费,4.5
江北嘴中央商务区-中央公园,重庆,重庆,江北嘴/北滨路,免费,4.7
潼南大佛寺景区,重庆,重庆,重庆,免费,4.5
南开中学,重庆,重庆,沙坪坝站/三峡广场,免费,4.4
铁山坪森林公园,重庆,重庆,铁山坪森林公园度假区,免费,4.7
刘伯承同志纪念馆,重庆,重庆,汉丰湖度假区,免费,暂无评分
邱少云烈士纪念馆,重庆,重庆,铜梁商业中心区,免费,暂无评分
世界昆虫博物园,重庆,重庆,金佛山度假区,78.0,4.8
十字金街,重庆,重庆,解放碑/洪崖洞,免费,4.6
重庆飞悦森林探险乐园,重庆,重庆,磁器口古镇,39.8,4.7
重庆海兰云天温泉度假区,重庆,重庆,海兰云天温泉度假区,128.0,4.7
重庆海昌加勒比海水世界,重庆,重庆,南山度假区,150.0,4.2
圣灯山森林公园,重庆,重庆,重庆,38.0,4.6
秀湖公园,重庆,重庆,璧山商业中心区,免费,4.7
磁器口转运楼,重庆,重庆,磁器口古镇,58.0,4.4
骆崃山风景名胜区,重庆,重庆,重庆,免费,4.9
渝北龙头寺公园,重庆,重庆,观音桥/九街,免费,4.5
海宇温泉,重庆,重庆,西南大学/缙云山度假区,198.0,4.6
钟家院,重庆,重庆,磁器口古镇,免费,4.7
洪崖洞重逢1980街区,重庆,重庆,解放碑/洪崖洞,免费,4.4
红岩村,重庆,重庆,大坪/时代天街,免费,4.5
云阳长江大桥,重庆,云阳,云阳,免费,4.4
古佛山生态休闲旅游区,重庆,重庆,重庆,免费,4.5
沙坪公园,重庆,重庆,沙坪坝站/三峡广场,免费,4.6
天生城遗址公园,重庆,重庆,万州万达广场,免费,3.1
李子坝公园,重庆,重庆,上清寺/人民大礼堂/李子坝,免费,4.6
奥悦湖畔滑雪场,重庆,重庆,金佛山度假区,免费,5.0
蟠龙湖公园,重庆,重庆,合川学院区,免费,4.9
重庆彩云湖湿地公园,重庆,重庆,重庆火车西站/巴国城,免费,4.7
龙美术馆(重庆馆),重庆,重庆,江北嘴/北滨路,免费,4.3
重庆大韩民国临时政府旧址陈列馆,重庆,重庆,解放碑/洪崖洞,免费,4.8
重庆保利高尔夫球会,重庆,重庆,汽博中心,免费,5.0
伏羲洞,重庆,酉阳,酉阳,免费,5.0
威特卡丝东温泉,重庆,重庆,东温泉度假区,免费,5.0
嘉陵江大桥,重庆,重庆,重庆,免费,4.9
嘉陵公园,重庆,重庆,观音桥/九街,免费,4.5
太白岩公园,重庆,重庆,万州万达广场,免费,4.4
重庆黄花园嘉陵江大桥,重庆,重庆,重庆,免费,4.6
重庆市花卉园,重庆,重庆,冉家坝/龙溪,免费,4.6
歌乐山烈士陵园,重庆,重庆,磁器口古镇,免费,暂无评分
慈云寺,重庆,重庆,万州万达广场,免费,4.4
武隆仙女峡漂流,重庆,重庆,重庆,180.0,4.2
重庆宋庆龄旧居陈列馆,重庆,重庆,上清寺/人民大礼堂/李子坝,免费,暂无评分
际华园滑雪馆,重庆,重庆,重庆,148.0,4.5
缙云山生态旅游观光索道,重庆,重庆,西南大学/缙云山度假区,免费,4.9
重庆长江大桥,重庆,重庆,重庆,免费,4.6
八一路景观大道,重庆,重庆,解放碑/洪崖洞,免费,4.4
武隆天生三桥风景区-黑龙桥,重庆,重庆,仙女山国家森林公园/仙女山街道,免费,4.7
西山公园,重庆,重庆,万州万达广场,免费,4.3
民俗文化村,重庆,重庆,江北国际机场地区,免费,4.5
潼南油菜花景区,重庆,重庆,重庆,免费,4.5
白鹤森林公园,重庆,重庆,涪陵商业中心区,免费,4.7
望州公园,重庆,重庆,涪陵商业中心区,免费,4.7
花田溪谷景区,重庆,忠县,忠县,免费,3.3
观音塘湿地公园,重庆,重庆,璧山商业中心区,免费,4.5
石子山体育公园,重庆,重庆,冉家坝/龙溪,免费,4.7
重庆欢乐谷-重庆之眼,重庆,重庆,礼嘉/欢乐谷,免费,4.8
重庆巴渝民俗博物馆民俗馆,重庆,重庆,江北国际机场地区,免费,4.6
朝天门长江大桥,重庆,重庆,重庆北站地区,免费,4.4
巴国城,重庆,重庆,重庆火车西站/巴国城,免费,4.5
花山公园,重庆,重庆,金佛山度假区,免费,4.5
中华美德公园,重庆,重庆,重庆火车西站/巴国城,免费,4.2
新华日报营业部旧址,重庆,重庆,解放碑/洪崖洞,免费,暂无评分
飞跃重庆(东方广场店),重庆,重庆,解放碑/洪崖洞,29.9,4.4
上新街,重庆,重庆,南滨路/弹子石,免费,4.8
重庆枇杷山公园,重庆,重庆,上清寺/人民大礼堂/李子坝,免费,4.7
涞滩古镇,重庆,重庆,重庆,免费,4.7
烟雨公园,重庆,重庆,南滨路/弹子石,免费,4.7
基德的奇幻花园,重庆,重庆,大坪/时代天街,免费,5.0
四姑娘山景区,四川,小金,小金,60.0,4.7
二郎山喇叭河风景区,四川,天全,天全,49.0,4.4
九寨沟风景区,四川,九寨沟,九寨沟,280.0,4.8
蒙顶山,四川,雅安,雅安 · 蒙顶山景区及周边,45.0,4.7
剑门关,四川,剑阁,剑阁,100.0,4.6
成都大熊猫繁育研究基地,四川,成都,成都 · 熊猫基地/西部战区总医院,54.0,4.6
都江堰景区,四川,都江堰,都江堰 · 都江堰景区及周边,78.0,4.7
青城山,四川,都江堰,都江堰 · 青城山前山景区及周边,80.0,4.6
杜甫草堂,四川,成都,成都 · 杜甫草堂/省人民医院,50.0,4.7
三星堆博物馆,四川,广汉,广汉,72.0,4.5
峨眉山,四川,峨眉山市,峨眉山市 · 雷洞坪/金顶,140.0,4.8
武侯祠,四川,成都,成都 · 锦里/武侯祠附近地区,50.0,4.6
乐山大佛,四川,乐山,乐山 · 乐山大佛景区,80.0,4.6
毕棚沟,四川,理县,理县,139.0,4.6
黄龙风景名胜区,四川,松潘,松潘,170.0,4.6
稻城亚丁,四川,稻城县,稻城县,免费,4.6
文殊坊,四川,成都,成都 · 文殊院/龙湖上城天街,免费,4.8
熊猫谷,四川,都江堰,都江堰,55.0,4.4
四姑娘山双桥沟景区,四川,小金,小金 · 双桥沟景区/双碉村,148.0,4.7
成都博物馆,四川,成都,成都 · 天府广场/成都博物馆,免费,4.8
漫花庄园,四川,成都,成都 · 熊猫基地/西部战区总医院,55.0,4.6
文殊院,四川,成都,成都 · 文殊院/龙湖上城天街,免费,4.8
成都自然博物馆,四川,成都,成都 · 建设路/东郊记忆公园,20.0,4.9
阆中古城,四川,阆中,阆中,免费,4.6
四川博物院,四川,成都,成都 · 杜甫草堂/省人民医院,免费,4.7
宽窄巷子,四川,成都,成都 · 宽窄巷子/中医学院附近地区,免费,4.6
卧龙中华大熊猫苑神树坪基地,四川,汶川,汶川 · 耿达镇,85.0,4.6
九寨千古情,四川,九寨沟,九寨沟 · 九寨千古情,202.13,4.4
成都动物园,四川,成都,成都 · 金牛万达/成都动物园,20.0,4.7
蜀南竹海,四川,长宁,长宁 · 蜀南竹海,100.0,4.4
春熙路,四川,成都,成都 · 春熙路/太古里商业区,免费,4.7
达古冰川风景名胜区,四川,黑水,黑水,190.0,4.6
康定木格措景区,四川,康定,康定 · 中谷村/木格措,180.0,4.6
西岭雪山（滑雪场景区）,四川,大邑,大邑 · 西岭雪山,免费,4.5
墨石公园景区,四川,道孚,道孚,60.0,4.3
金沙遗址博物馆,四川,成都,成都 · 金沙遗址/一品天下,70.0,4.8
四川科技馆,四川,成都,成都 · 天府广场/成都博物馆,免费,4.5
黄河九曲第一湾,四川,若尔盖,若尔盖,103.0,4.4
若尔盖花湖生态旅游区,四川,若尔盖,若尔盖,105.0,4.3
瓦屋山景区,四川,洪雅,洪雅,100.0,4.4
莲宝叶则景区,四川,阿坝县,阿坝县,118.0,4.7
成都夜游锦江,四川,成都,成都 · 九眼桥/四川大学附近地区,118.0,4.3
成都欢乐谷,四川,成都,成都 · 华侨城欢乐谷/西南交大,150.0,4.8
中国贡嘎山海螺沟,四川,泸定,泸定,160.0,4.4
锦里古街,四川,成都,成都 · 锦里/武侯祠附近地区,免费,4.6
泸山,四川,西昌,西昌 · 邛海西度假区,65.0,4.3
兴文石海,四川,兴文,兴文,80.0,4.6
碧峰峡景区,四川,雅安,雅安 · 碧峰峡,95.0,4.4
绵阳方特东方神画,四川,江油,江油 · 方特东方神画,299.0,4.9
《芙蓉国粹》变脸秀,四川,成都,成都 · 天府广场/成都博物馆,80.0,4.7
金顶索道,四川,峨眉山市,峨眉山市 · 雷洞坪/金顶,55.0,4.6
巴塘措普沟景区,四川,巴塘,巴塘,145.0,4.7
泸州老窖景区,四川,泸州,泸州 · 酒城乐园,35.0,4.8
东方佛都,四川,乐山,乐山 · 乐山大佛景区,80.0,4.9
乐山大佛白日游船,四川,乐山,乐山 · 乐山大佛景区,免费,4.6
光雾山旅游景区,四川,南江,南江,145.0,4.5
青城后山,四川,都江堰,都江堰 · 青城山后山/泰安古镇地区,20.0,4.4
千佛崖,四川,广元,广元,50.0,4.6
螺髻九十九里温泉瀑布风景区,四川,普格,普格,145.0,4.1
越王楼,四川,绵阳,绵阳 · 富乐山地区,45.0,4.7
东郊记忆,四川,成都,成都 · 建设路/东郊记忆公园,免费,4.6
眉山三苏祠博物馆,四川,眉山,眉山 · 眉山市中心,40.0,4.7
青城前山,四川,都江堰,都江堰 · 青城山前山景区及周边,80.0,4.6
四姑娘山长坪沟景区,四川,小金,小金 · 长坪沟景区/民族风情街,90.0,4.7
米仓山国家森林公园,四川,南江,南江,145.0,4.4
自贡方特恐龙王国,四川,自贡,自贡 · 方特恐龙王国/恐龙博物馆,168.0,4.8
天府广场,四川,成都,成都 · 天府广场/成都博物馆,免费,4.7
邛海,四川,西昌,西昌,免费,4.7
神仙池风景区,四川,九寨沟,九寨沟,100.0,4.6
盐业历史博物馆,四川,自贡,自贡 · 自贡市第一人民医院/彩灯公园,35.0,4.4
自贡·中华彩灯大世界,四川,自贡,自贡,118.0,4.6
海合安成都极地海洋公园,四川,成都,成都 · 华阳/海昌极地海洋公园,208.0,4.9
李庄文化旅游度假区,四川,宜宾,宜宾 · 李庄旅游度假区,免费,4.7
南桥,四川,都江堰,都江堰 · 都江堰景区及周边,免费,4.6
螺髻山,四川,普格,普格,90.0,4.5
昭化古城,四川,广元,广元,45.0,4.8
自贡恐龙博物馆,四川,自贡,自贡 · 方特恐龙王国/恐龙博物馆,40.0,4.6
蜀宴赋·成都(全国首店),四川,成都,成都 · 建设路/东郊记忆公园,498.0,4.8
川西竹海景区,四川,邛崃,邛崃,59.0,4.4
松潘古城,四川,松潘,松潘 · 松州古城/牟尼沟风景区,免费,3.9
皇泽寺,四川,广元,广元,免费,4.4
李白故居,四川,江油,江油,36.0,4.4
成都市人民公园,四川,成都,成都 · 宽窄巷子/中医学院附近地区,免费,4.6
牛背山,四川,荥经,荥经,115.0,4.9
巴山大峡谷,四川,宣汉,宣汉,105.0,4.7
新都桥,四川,康定,康定 · 新都桥,免费,4.7
安仁古镇,四川,大邑,大邑 · 安仁古镇,免费,4.5
成都蜀锦织绣博物馆,四川,成都,成都 · 杜甫草堂/省人民医院,免费,4.6
金顶,四川,峨眉山市,峨眉山市 · 雷洞坪/金顶,免费,4.7
平武报恩寺,四川,平武,平武,40.0,4.7
牟尼沟风景区,四川,松潘,松潘 · 松州古城/牟尼沟风景区,70.0,4.4
中华洞天,四川,江油,江油,80.0,4.6
青城前山-索道,四川,都江堰,都江堰 · 青城山前山景区及周边,免费,4.3
猫鼻梁,四川,小金,小金 · 长坪沟景区/民族风情街,免费,4.8
甲居藏寨,四川,丹巴,丹巴 · 甲居藏寨,50.0,4.1
都江堰中华大熊猫苑(原熊猫乐园),四川,都江堰,都江堰 · 青城外山/都江堰中华大熊猫苑,58.0,4.7
燊海井,四川,自贡,自贡,25.0,4.4
成都融创文旅城,四川,都江堰,都江堰 · 融创乐园/熊猫谷,273.0,4.4
成都热雪奇迹,四川,都江堰,都江堰 · 融创乐园/熊猫谷,128.0,4.7
西昌建昌古城,四川,西昌,西昌,免费,4.6
泸沽湖(四川)风景名胜区,四川,盐源,盐源 · 走婚桥/草海度假区,70.0,4.8
成都环球中心,四川,成都,成都 · 环球中心/世纪城新会展,免费,4.6
玉林西路,四川,成都,成都 · 华西医院/省体育馆商业区,免费,4.7
报国寺,四川,峨眉山市,峨眉山市 · 报国寺/峨眉山站,免费,4.6
九眼桥,四川,成都,成都 · 九眼桥/四川大学附近地区,免费,4.6
颛顼龙洞旅游景区,四川,米易,米易,50.0,4.7
灌县古城,四川,都江堰,都江堰 · 都江堰景区及周边,免费,4.6
合江门,四川,宜宾,宜宾 · 合江门/大观楼,免费,4.6
九寨华美胜地旅游度假区,四川,九寨沟,九寨沟 · 九寨华美胜地旅游度假区,免费,4.9
青羊宫,四川,成都,成都 · 宽窄巷子/中医学院附近地区,免费,4.6
翠云廊,四川,剑阁,剑阁,34.7,4.6
成都市美术馆,四川,成都,成都 · 华侨城欢乐谷/西南交大,免费,4.8
窦圌山景区,四川,江油,江油,49.9,4.5
环球中心海洋乐园,四川,成都,成都 · 环球中心/世纪城新会展,128.0,4.5
亚丁村,四川,稻城县,稻城县 · 亚丁村,免费,4.6
王朗国家级自然保护区,四川,平武,平武,免费,4.4
成都市天府艺术公园,四川,成都,成都 · 华侨城欢乐谷/西南交大,免费,4.8
海螺沟,四川,泸定,泸定,免费,4.1
成都天台山旅游景区,四川,邛崃,邛崃 · 天台山景区,55.0,4.6
亚拉雪山风景区,四川,道孚,道孚,150.0,4.5
大渡河金口大峡谷景区,四川,乐山,乐山,免费,4.5
阿惹妞民俗村寨,四川,西昌,西昌 · 火把广场/邛海17度,免费,4.3
唐家河自然风景区,四川,青川,青川,114.5,4.7
宜宾三江游,四川,宜宾,宜宾 · 合江门/大观楼,68.0,4.5
中查沟,四川,九寨沟,九寨沟 · 九寨华美胜地旅游度假区,免费,4.7
僰王山,四川,兴文,兴文,45.0,4.7
桃坪羌寨,四川,理县,理县,60.0,4.4
大石板古村,四川,西昌,西昌 · 大石板民宿村/核桃村,免费,4.3
格聂山,四川,理塘,理塘 · 则巴村/格聂山,免费,4.9
诺日朗瀑布,四川,九寨沟,九寨沟,免费,4.8
红原—若尔盖大草原,四川,若尔盖,若尔盖,免费,4.8
鱼子西,四川,康定,康定 · 鱼子西,免费,4.5
九皇山,四川,北川,北川,免费,4.2
中国保护大熊猫研究中心雅安碧峰峡基地,四川,雅安,雅安 · 碧峰峡,免费,4.5
太平古镇,四川,古蔺,古蔺,免费,4.8
苏稽古镇,四川,乐山,乐山 · 苏稽旅游区,免费,4.2
达瓦更扎,四川,宝兴,宝兴,60.0,4.1
万年寺,四川,峨眉山市,峨眉山市 · 清音阁/万年寺,免费,4.6
刘氏庄园博物馆,四川,大邑,大邑 · 安仁古镇,38.0,4.5
绵阳科技馆,四川,绵阳,绵阳 · 富乐山地区,免费,4.8
叠溪松坪沟景区,四川,茂县,茂县,70.0,4.2
十八月潭景区,四川,南江,南江,55.0,4.7
小熊猫森林公园,四川,都江堰,都江堰,98.0,4.5
绵阳中华大熊猫苑,四川,绵阳,绵阳,54.0,4.4
梅花剧社·非遗川剧变脸（太古里店）,四川,成都,成都 · 春熙路/太古里商业区,58.0,4.7
仰天窝广场,四川,都江堰,都江堰 · 都江堰景区及周边,免费,4.4
泸定桥景区,四川,泸定,泸定 · 泸定桥景区/泸定县人民政府,10.0,暂无评分
折多山,四川,康定,康定,免费,4.6
邛海国家湿地公园,四川,西昌,西昌 · 邛海西度假区,免费,4.4
王岗坪景区,四川,石棉,石棉,218.0,4.1
四川建川博物馆聚落,四川,大邑,大邑 · 安仁古镇,60.0,4.8
大慈寺,四川,成都,成都 · 春熙路/太古里商业区,免费,4.6
碧峰峡野生动物世界,四川,雅安,雅安 · 碧峰峡,170.0,4.4
红海子,四川,康定,康定,免费,3.7
中国古羌城,四川,茂县,茂县,48.0,4.1
猿猱道,四川,剑阁,剑阁,免费,4.7
都江堰景区鱼嘴分水堤,四川,都江堰,都江堰 · 都江堰景区及周边,免费,4.7
五彩池,四川,九寨沟,九寨沟,免费,4.8
资阳方特国色春秋,四川,资阳,资阳,240.0,4.8
中路藏寨,四川,丹巴,丹巴 · 中路藏寨,免费,4.4
格聂之眼,四川,理塘,理塘 · 下则通村/格聂之眼,免费,4.9
甲根坝镇,四川,康定,康定 · 亚弄村/提吾村托玛露营地,免费,4.1
世界之窗,四川,成都,成都 · 郫县地区,免费,5.0
华蓥山,四川,华蓥,华蓥,82.0,4.9
柳江古镇旅游风景区,四川,洪雅,洪雅,免费,4.6
红鼎艳,四川,成都,成都 · 环球中心/世纪城新会展,295.0,4.9
都江堰青城道温泉,四川,都江堰,都江堰 · 青城山前山景区及周边,138.0,4.3
黑竹沟风景名胜区,四川,峨边,峨边,48.0,4.5
彭祖山景区,四川,眉山,眉山,28.0,4.5
成都夜游锦江(东门码头),四川,成都,成都 · 春熙路/太古里商业区,免费,4.3
圣水寺,四川,绵阳,绵阳,免费,4.1
鸟道,四川,剑阁,剑阁,免费,4.3
明月峡,四川,广元,广元,63.0,4.5
塔公草原,四川,康定,康定 · 塔公草原,免费,4.1
月亮湖,四川,康定,康定,免费,4.2
两弹城,四川,梓潼,梓潼,40.0,4.7
三星堆国家考古遗址公园,四川,广汉,广汉,免费,4.5
成都永陵博物馆,四川,成都,成都 · 宽窄巷子/中医学院附近地区,20.0,4.5
勒通古镇·千户藏寨,四川,理塘,理塘 · 勒通古镇千户藏寨/理塘县人民政府,100.0,4.8
青城前山-观光车,四川,都江堰,都江堰 · 青城山前山景区及周边,免费,4.5
九寨沟-五花海,四川,九寨沟,九寨沟,免费,4.8
王朗大熊猫探秘营地,四川,平武,平武,免费,4.1
嘉阳小火车,四川,犍为,犍为,80.0,4.4
圆觉洞摩崖造像风景区,四川,安岳,安岳,28.0,5.0
洛带古镇,四川,成都,成都 · 蔚然花海/洛带古镇,免费,4.6
川主寺镇,四川,松潘,松潘,免费,4.0
康定情歌广场,四川,康定,康定 · 康定城区,免费,4.6
龙苍沟国家森林公园,四川,荥经,荥经,35.0,4.9
剑门关天赐温泉,四川,剑阁,剑阁,50.0,4.5
清音阁,四川,峨眉山市,峨眉山市 · 清音阁/万年寺,免费,4.9
雷洞坪,四川,峨眉山市,峨眉山市 · 雷洞坪/金顶,免费,4.6
街子古镇,四川,崇州,崇州,免费,4.6
金沙江大峡谷,四川,攀枝花,攀枝花,免费,4.6
色达县城,四川,色达,色达,免费,4.4
浣花溪公园,四川,成都,成都 · 杜甫草堂/省人民医院,免费,4.6
黄龙溪古镇,四川,成都,成都 · 黄龙溪古镇/欢乐田园,免费,4.5
恩阳古镇,四川,巴中,巴中,免费,4.4
成都植物园,四川,成都,成都 · 新都大学城,10.0,4.6
成都金融城双子塔,四川,成都,成都 · 金融城/双子塔附近地区,免费,5.0
映秀震中遗址,四川,汶川,汶川 · 映秀镇,免费,暂无评分
四川大学(望江校区),四川,成都,成都 · 九眼桥/四川大学附近地区,免费,4.7
元通古镇,四川,崇州,崇州,免费,4.6
花水湾温泉度假区,四川,大邑,大邑 · 花水湾温泉度假区,免费,4.8
卓克基土司官寨文化旅游景区,四川,马尔康,马尔康,29.0,4.4
四川省宜宾五粮液酒厂,四川,宜宾,宜宾 · 宜宾学院(江北)/五粮液生态园,免费,4.9
二滩国家森林公园,四川,盐边,盐边,免费,4.9
汉桓侯祠,四川,阆中,阆中,50.0,4.4
神木垒,四川,宝兴,宝兴,52.0,4.1
甲勿海·熊猫园景区,四川,九寨沟,九寨沟,65.0,4.6
海滨城浩海立方海洋公园,四川,成都,成都 · 海滨城/双流体育中心,188.0,4.5
黄龙溪欢乐田园,四川,成都,成都 · 黄龙溪古镇/欢乐田园,69.0,4.8
邛海泸山风景区,四川,西昌,西昌 · 邛海东度假区,免费,4.4
曾家山景区,四川,广元,广元,免费,4.6
蛟龙港·海滨城,四川,成都,成都 · 海滨城/双流体育中心,免费,4.5
萨武神山,四川,小金,小金,免费,5.0
空港花田,四川,成都,成都,32.0,3.9
三星堆遗址,四川,广汉,广汉,免费,4.8
罗浮山,四川,绵阳,绵阳 · 罗浮山风景区,35.0,4.9
漫泽塘,四川,阿坝县,阿坝县,60.0,4.7
则巴村,四川,理塘,理塘 · 则巴村/格聂山,免费,5.0
望江楼公园,四川,成都,成都 · 九眼桥/四川大学附近地区,34.0,4.6
奎星楼街,四川,成都,成都 · 宽窄巷子/中医学院附近地区,免费,4.6
四姑娘山海子沟风景区,四川,小金,小金,60.0,4.6
平乐古镇,四川,邛崃,邛崃 · 平乐古镇,免费,4.8
攀枝花中国三线建设博物馆,四川,攀枝花,攀枝花,免费,4.7
巨型睡佛,四川,乐山,乐山 · 乐山大佛景区,免费,4.6
麓湖水城,四川,成都,成都 · 天府新区/西博城地区,98.0,4.0
成都融创乐园,四川,都江堰,都江堰 · 融创乐园/熊猫谷,100.0,4.4
冷嘎措景区,四川,康定,康定 · 冷嘎措/子梅垭口,免费,4.6
江口沉银博物馆,四川,眉山,眉山,48.0,4.5
迤沙拉民族文化村,四川,攀枝花,攀枝花,免费,3.6
古尔沟景区,四川,理县,理县,免费,5.0
龙兴寺,四川,彭州,彭州,免费,4.7
FoxRiver狐河·渡边森林营地,四川,崇州,崇州,免费,1.0
古尔沟华美达酒店温泉,四川,理县,理县,158.0,4.4
金龙长城,四川,成都,成都 · 蔚然花海/洛带古镇,27.0,4.3
玛嘉沟,四川,小金,小金,免费,4.7
自贡彩灯公园,四川,自贡,自贡 · 自贡市第一人民医院/彩灯公园,免费,4.2
剑门蜀道,四川,剑阁,剑阁,100.0,4.6
牛奶海,四川,稻城县,稻城县,免费,4.6
大蜀道不夜三国城,四川,剑阁,剑阁,65.8,4.6
上里古镇,四川,雅安,雅安 · 上里古镇,免费,4.3
长海,四川,九寨沟,九寨沟,免费,4.7
党岭村,四川,丹巴,丹巴,免费,4.7
格底拉姆·天空之城,四川,康定,康定 · 鱼子西,免费,4.8
光头山,四川,旺苍,旺苍,免费,2.0
俄么塘花海景区,四川,红原,红原,免费,3.1
阆中古城游船,四川,阆中,阆中,55.0,4.3
天府源蓝眼泪,四川,都江堰,都江堰 · 都江堰景区及周边,免费,3.0
荣县大佛,四川,荣县,荣县,10.0,4.4
生机之塔,四川,成都,成都 · 环球中心/世纪城新会展,免费,4.8
八台山,四川,万源,万源,120.0,4.8
成都川菜博物馆,四川,成都,成都 · 郫县地区,58.5,4.7
贡嘎雪山,四川,康定,康定,免费,4.7
彭镇古镇,四川,成都,成都 · 海滨城/双流体育中心,免费,4.8
隐泉·温泉中心(成都海泉湾),四川,金堂,金堂,138.0,4.9
老君山,四川,成都,成都 · 新津地区/花舞人间景区,免费,4.5
伍须海,四川,九龙,九龙,44.0,4.5
磨西镇,四川,泸定,泸定,免费,4.4
离堆公园,四川,都江堰,都江堰 · 都江堰景区及周边,免费,4.7
中国彩灯博物馆,四川,自贡,自贡 · 自贡市第一人民医院/彩灯公园,免费,4.6
【成都站】舞蹈诗剧《只此青绿》-舞绘《千里江山图》,四川,成都,成都 · 九眼桥/四川大学附近地区,免费,4.1
严道古城,四川,荥经,荥经,免费,5.0
云峰山景区,四川,荥经,荥经,免费,5.0
古宇湖风景名胜区,四川,隆昌,隆昌,免费,5.0
宜宾幸福公社农耕文化生态园,四川,宜宾,宜宾,免费,5.0
凤仪湾中法农业科技园,四川,南充,南充,30.0,5.0
百万玫瑰成长田园,四川,华蓥,华蓥,免费,5.0
隆昌石牌坊群,四川,隆昌,隆昌,免费,5.0
卧佛院,四川,安岳,安岳,10.0,5.0
古宇湖孔子文化公园,四川,隆昌,隆昌,免费,5.0
六合丝厂,四川,南充,南充,免费,5.0
白塔耍街,四川,南充,南充 · 王府井购物中心/川东北金融中心,免费,5.0
栖凤峡旅游区,四川,广元,广元,免费,5.0
南关石牌坊古镇,四川,隆昌,隆昌,免费,5.0
雍湖公园,四川,什邡,什邡,免费,5.0
罗浮山会议中心温泉,四川,绵阳,绵阳 · 罗浮山风景区,80.0,5.0
牛碾坪万亩观光茶园,四川,雅安,雅安,免费,5.0
青溪古城,四川,青川,青川,免费,5.0
LACADIERE花园城,四川,成都,成都 · 天府新区/西博城地区,免费,5.0
君兰天下·花语谷,四川,华蓥,华蓥,免费,5.0
横江古镇,四川,宜宾,宜宾,免费,5.0
什邡蓥华山风景区,四川,什邡,什邡,免费,5.0
罗浮山羌王城,四川,绵阳,绵阳 · 罗浮山风景区,35.0,5.0
清漪湖旅游风景区,四川,雅安,雅安,免费,5.0
锦门·沉浸式民国景区,四川,成都,成都 · 新都大学城,免费,5.0
乐乐水世界,四川,绵阳,绵阳,150.0,5.0
云顶寨景区,四川,隆昌,隆昌,免费,5.0
东兴老街,四川,内江,内江 · 内江北站/内江师范学院,免费,5.0
宝森柠檬旅游区,四川,安岳,安岳,免费,5.0
鹤鸣山景区,四川,南充,南充 · 王府井购物中心/川东北金融中心,免费,5.0
白龙湖,四川,广元,广元,免费,5.0
昭化牛头山,四川,广元,广元,22.0,5.0
范长江故居,四川,内江,内江,免费,5.0
云顶水乡旅游度假区,四川,蒲江,蒲江,100.0,5.0
LACADIERE蔚蓝湖滨1号,四川,成都,成都 · 天府新区/西博城地区,免费,5.0
白衣古镇,四川,平昌,平昌,免费,5.0
南天门旅游景区,四川,平昌,平昌,17.94,5.0
北关石牌坊景区,四川,隆昌,隆昌,免费,5.0
小青龙河湿地公园,四川,内江,内江 · 内江北站/内江师范学院,免费,5.0
平乐旅游区,四川,广元,广元,免费,5.0
白水湖旅游景区,四川,绵阳,绵阳,9.9,5.0
茶马古城,四川,雅安,雅安 · 蒙顶山景区及周边,免费,5.0
花坞御景园,四川,什邡,什邡,免费,5.0
沱牌舍得文化旅游区,四川,射洪,射洪,29.9,4.9
平乐旅游区-平乐寺,四川,广元,广元,免费,5.0
剑门长歌,四川,剑阁,剑阁,免费,5.0
长江森林公园,四川,内江,内江,免费,5.0
大石童话景区,四川,平昌,平昌,免费,4.9
驷马水乡玻璃桥景区,四川,平昌,平昌,58.0,5.0
柏林古镇景区,四川,广元,广元,免费,5.0
宋井桃源,四川,大英,大英,免费,5.0
杨岭村荷花谷,四川,内江,内江,免费,5.0
皇家山景区,四川,平昌,平昌,免费,5.0
三十二梁风景区,四川,平昌,平昌,免费,5.0
佛头山旅游景区,四川,平昌,平昌,免费,5.0
会理古城,四川,会理,会理,免费,5.0
古佛顶,四川,威远,威远,20.0,4.9
陈子昂故里,四川,射洪,射洪,免费,5.0
宜宾东楼,四川,宜宾,宜宾 · 宜宾万达/南岸东区,免费,5.0
俩母山,四川,威远,威远,免费,5.0
巴灵台旅游风景区,四川,平昌,平昌,免费,5.0
凤凰古寨,四川,威远,威远,免费,5.0
驷马水乡大峡谷,四川,平昌,平昌,免费,5.0
双旗美村·云孚里度假区,四川,剑阁,剑阁,免费,4.9
太阳湖公园,四川,盐边,盐边,免费,5.0
凌云山风景区,四川,南充,南充,免费,5.0
箐河瀑布,四川,盐边,盐边,免费,5.0
穹窿植物园,四川,威远,威远,免费,5.0
静宁寺,四川,威远,威远,免费,5.0
友谊渡槽,四川,威远,威远,免费,5.0
长沙坝水库,四川,威远,威远,免费,5.0
威远杨梅基地,四川,威远,威远,免费,5.0
成都独角兽星空艺术馆,四川,成都,成都 · 春熙路/太古里商业区,99.9,4.9
昔格达村,四川,盐边,盐边,免费,5.0
资阳方特水世界,四川,资阳,资阳,180.0,4.9
船石湖风景区,四川,威远,威远,免费,5.0
内江海昌海洋探索馆,四川,内江,内江 · 内江北站/内江师范学院,98.0,4.9
二滩水电站观景台,四川,盐边,盐边,免费,5.0
张大千纪念馆,四川,内江,内江 · 内江万达广场,免费,4.9
联华梨园社·川剧变脸秀（春熙路店）,四川,成都,成都 · 春熙路/太古里商业区,39.9,4.9
阿坝州汶川特别旅游区,四川,汶川,汶川,免费,4.9
鑫达国际养生谷森林温泉,四川,万源,万源,128.0,5.0
云顶茶乡风景区,四川,南江,南江,免费,5.0
宜宾市翠屏山景区,四川,宜宾,宜宾 · 合江门/大观楼,免费,4.9
长江公园,四川,宜宾,宜宾 · 宜宾万达/南岸东区,免费,4.9
G318旅行记忆微博物馆,四川,理塘,理塘 · 勒通古镇千户藏寨/理塘县人民政府,免费,5.0
松风寨童话世界森林公园,四川,内江,内江,29.9,4.9
新山梯田,四川,米易,米易,免费,4.9
狂欢谷·绵阳野生动物园,四川,三台,三台,68.0,4.9
西江千户苗寨,贵州,雷山,雷山,90.0,4.3
织金洞,贵州,织金,织金,110.0,4.7
梵净山,贵州,江口,江口,112.0,4.6
黄果树景区,贵州,镇宁,镇宁 · 黄果树瀑布,160.0,4.6
荔波小七孔景区,贵州,荔波,荔波,120.0,4.7
花溪夜郎谷,贵州,贵阳,贵阳 · 花溪大学城,20.0,4.4
万峰林景区,贵州,兴义,兴义 · 万峰林风景区,70.0,4.7
中国天眼景区,贵州,平塘,平塘,148.0,4.5
青岩古镇,贵州,贵阳,贵阳 · 青岩古镇,60.0,4.3
马岭河峡谷景区,贵州,兴义,兴义,70.0,4.6
肇兴侗寨,贵州,黎平,黎平,78.0,4.4
天河潭旅游度假区,贵州,贵阳,贵阳 · 花溪公园/十里河滩,73.0,4.4
龙宫景区,贵州,安顺,安顺,150.0,4.5
乌蒙大草原,贵州,盘州,盘州,29.0,4.3
贵州乌江寨国际旅游度假区,贵州,遵义,遵义,120.0,4.2
镇远古城,贵州,镇远县,镇远县,免费,4.5
花江峡谷大桥桥旅融合服务区,贵州,贞丰,贞丰,99.0,4.6
高过河漂流,贵州,镇远县,镇远县,220.0,4.6
贵州高过河风景名胜区,贵州,镇远县,镇远县,免费,4.3
峰林布依景区,贵州,兴义,兴义,94.0,4.4
黔灵山公园,贵州,贵阳,贵阳 · 黔灵公园/省政府,免费,4.6
百里杜鹃风景区,贵州,大方,大方,免费,4.3
桃源河漂流,贵州,修文,修文,120.0,4.4
贵阳桃源河景区,贵州,修文,修文,免费,4.4
铜仁大峡谷,贵州,松桃,松桃,120.0,4.1
贵州省博物馆,贵州,贵阳,贵阳 · 观山湖会展城/金融城,免费,4.4
甲秀楼,贵州,贵阳,贵阳 · 河滨公园/甲秀楼/筑城广场,免费,4.6
梅花山旅游景区,贵州,六盘水,六盘水,免费,4.5
荔波大七孔景区,贵州,荔波,荔波 · 小七孔东门及大七孔景区,免费,4.6
织金大峡谷,贵州,织金,织金,45.0,4.4
九洞天,贵州,大方,大方,70.0,4.2
荔波酷玩森林,贵州,荔波,荔波,免费,4.7
杉木河漂流,贵州,施秉,施秉,198.0,4.5
杉木河,贵州,施秉,施秉,198.0,4.2
万峰湖,贵州,兴义,兴义,80.0,4.3
阿西里西大草原,贵州,赫章,赫章,18.0,4.4
赤水丹霞,贵州,赤水,赤水,45.0,4.5
赤水丹霞旅游区·大瀑布,贵州,赤水,赤水,80.0,4.6
贵阳欢乐世界,贵州,贵阳,贵阳 · 白云公园/白云地区,138.0,4.6
郎德苗寨景区,贵州,雷山,雷山,50.0,4.4
黄果树坝陵河大桥,贵州,关岭,关岭 · 黄果树瀑布,100.0,4.8
黄果树大瀑布夜游,贵州,关岭,关岭 · 黄果树瀑布,200.0,4.7
荔波樟江风景名胜区,贵州,荔波,荔波,免费,4.7
紫云格凸河风景名胜区,贵州,紫云,紫云,50.0,4.8
花果园国际文化艺术交流中心,贵州,贵阳,贵阳 · 花果园地区,48.0,4.6
青云市集,贵州,贵阳,贵阳 · 河滨公园/甲秀楼/筑城广场,免费,4.6
十二背后·双河洞景区,贵州,绥阳,绥阳,138.0,4.6
茅台镇,贵州,仁怀,仁怀 · 茅台镇,免费,4.6
阿西里西韭菜坪,贵州,赫章,赫章,42.0,4.4
猴耳天坑·极限酷玩公园,贵州,开阳,开阳,28.0,4.3
亚木沟风景区,贵州,江口,江口 · 梵净山景区,100.0,4.1
遵义会议会址,贵州,遵义,遵义 · 遵义会议会址商圈,免费,暂无评分
都匀秦汉影视城,贵州,都匀,都匀,59.0,4.3
贵安樱花园,贵州,安顺,安顺,免费,4.2
南江大峡谷,贵州,开阳,开阳,65.0,4.4
贵州长征文化数字艺术馆(红飘带),贵州,贵阳,贵阳 · 龙洞堡机场/东客站,208.0,4.8
加榜梯田,贵州,从江,从江,125.0,4.6
花溪高坡云顶花海,贵州,贵阳,贵阳,9.9,4.6
青龙洞,贵州,镇远县,镇远县,55.0,4.4
平坝农场,贵州,安顺,安顺,免费,4.2
黄果树瀑布景区-水帘洞,贵州,镇宁,镇宁 · 黄果树瀑布,免费,4.5
中国酒文化城,贵州,仁怀,仁怀 · 茅台镇,60.0,4.3
娄山关景区,贵州,遵义,遵义,免费,暂无评分
朱砂古镇,贵州,铜仁,铜仁 · 朱砂古镇,80.0,4.3
安顺古城历史文化街区,贵州,安顺,安顺 · 安顺古城历史文化街区/顾府街,免费,4.9
花江大峡谷,贵州,关岭,关岭,30.0,4.7
贵州九仙旅游景区,贵州,关岭,关岭,65.0,4.8
飞越黄果树-360极限飞球,贵州,镇宁,镇宁 · 黄果树瀑布,59.0,4.4
岜沙苗寨,贵州,从江,从江,60.0,4.3
多彩贵州城极地海洋世界,贵州,贵阳,贵阳 · 龙洞堡机场/东客站,158.0,4.5
下司古镇,贵州,凯里,凯里 · 下司古镇,免费,4.3
高荡千年布依古寨文化旅游景区,贵州,镇宁,镇宁,25.0,4.6
荔波茂兰自然保护区,贵州,荔波,荔波,50.0,4.5
兴义市吉隆堡度假村,贵州,兴义,兴义,60.0,4.3
天龙屯堡景区,贵州,安顺,安顺 · 旧州古镇/天龙屯堡,79.0,4.1
铜仁古城,贵州,铜仁,铜仁 · 铜仁市中心,免费,4.5
多彩贵州城,贵州,贵阳,贵阳 · 龙洞堡机场/东客站,免费,4.3
荔波古镇,贵州,荔波,荔波 · 荔波县城地区,免费,4.9
奢香古镇,贵州,大方,大方,免费,4.3
清镇石龙洞,贵州,清镇,清镇,免费,4.2
六盘水梅花山国际滑雪场,贵州,六盘水,六盘水,268.0,4.6
黄龙洞,贵州,贵阳,贵阳,免费,5.0
十二背后·地下河谷景区,贵州,绥阳,绥阳,免费,4.5
瑶山古寨,贵州,荔波,荔波,50.0,3.9
贵州将军洞,贵州,安龙,安龙,免费,4.5
关岭冰臼,贵州,关岭,关岭,免费,5.0
野玉海山地旅游度假区,贵州,六盘水,六盘水,免费,4.6
陡坡塘瀑布,贵州,关岭,关岭 · 黄果树瀑布,免费,4.6
喷水池,贵州,贵阳,贵阳 · 喷水池/太平路,免费,4.7
观山湖公园,贵州,贵阳,贵阳 · 观山湖会展城/金融城,免费,4.7
巨人山·三生洞,贵州,兴义,兴义,免费,5.0
天星桥,贵州,关岭,关岭 · 黄果树瀑布,免费,4.3
龙里油画大草原,贵州,龙里,龙里,40.0,4.1
水城古镇,贵州,六盘水,六盘水 · 水城古镇,免费,4.4
黄鹤营洞,贵州,紫云,紫云,免费,5.0
大小井风景名胜区,贵州,罗甸,罗甸,免费,4.4
九龙洞,贵州,铜仁,铜仁,70.0,4.4
安龙坝盘浆板基地,贵州,安龙,安龙,免费,4.3
西江千户苗寨景区-观景台,贵州,雷山,雷山,免费,4.3
花溪公园,贵州,贵阳,贵阳 · 花溪公园/十里河滩,免费,4.7
黄果树柏联酒店温泉,贵州,关岭,关岭 · 黄果树瀑布,276.0,4.7
韭菜坪,贵州,六盘水,六盘水,19.0,4.7
云舍景区,贵州,江口,江口 · 梵净山景区,免费,4.6
龙里飞龙洞,贵州,龙里,龙里,488.0,4.6
贵州森林野生动物园,贵州,修文,修文,109.0,4.1
海龙屯,贵州,遵义,遵义,58.8,4.3
文昌阁,贵州,贵阳,贵阳 · 大十字/小十字/省人民医院,免费,4.5
六盘水乌蒙山国家地质公园,贵州,六盘水,六盘水 · 人民广场/万达广场/六盘水站,免费,4.3
赤水丹霞旅游区·佛光岩,贵州,赤水,赤水,80.0,4.6
花果园白宫,贵州,贵阳,贵阳 · 花果园地区,免费,3.5
妥乐古银杏,贵州,盘州,盘州,免费,4.1
镇远石屏山,贵州,镇远县,镇远县,25.0,4.2
玉舍国家森林公园,贵州,六盘水,六盘水,20.0,4.5
花果园湿地公园,贵州,贵阳,贵阳 · 花果园地区,免费,4.5
大瀑布,贵州,关岭,关岭 · 黄果树瀑布,免费,4.9
白水河马鞭田桨板运动基地,贵州,安龙,安龙,358.0,4.7
北盘江大桥,贵州,六盘水,六盘水,免费,4.6
FAST(中国天眼500米口径球面射电望远镜‌),贵州,平塘,平塘,598.0,4.7
洛北河漂流,贵州,贵定,贵定,238.0,3.9
梅花山索道旅游景区,贵州,六盘水,六盘水,免费,4.0
下纳灰村,贵州,兴义,兴义 · 万峰林风景区,免费,4.9
黄果树×B.Duck小黄鸭多彩漂流乐园,贵州,关岭,关岭 · 黄果树瀑布,免费,4.3
黄果树景区天星桥区域-银链坠潭瀑布,贵州,镇宁,镇宁 · 黄果树瀑布,免费,4.8
平塘天硐,贵州,平塘,平塘,免费,4.9
中国阳明文化园,贵州,修文,修文,30.0,4.4
草海国家级自然保护区,贵州,威宁,威宁,免费,4.3
云峰屯堡景区,贵州,安顺,安顺 · 旧州古镇/天龙屯堡,免费,4.2
南江大峡谷漂流,贵州,开阳,开阳,135.0,4.3
安顺旧州古镇,贵州,安顺,安顺 · 旧州古镇/天龙屯堡,免费,4.2
堂安梯田,贵州,黎平,黎平,免费,4.4
丙安古镇,贵州,赤水,赤水,免费,4.4
小七孔景区-卧龙潭,贵州,荔波,荔波,免费,4.5
天下苗城·苗王城,贵州,松桃,松桃,78.0,3.8
堂安侗寨,贵州,黎平,黎平,免费,4.7
天空之桥景区,贵州,平塘,平塘,免费,4.9
石阡佛顶山温泉小镇,贵州,石阡,石阡,118.0,4.4
贵州省地质博物馆,贵州,贵阳,贵阳 · 观山湖世纪城/地质博物馆,免费,4.1
铜鼓荡,贵州,安顺,安顺,免费,3.5
乌江源百里画廊,贵州,织金,织金,免费,4.4
红云金顶,贵州,江口,江口,免费,4.7
石阡古温泉,贵州,石阡,石阡,88.0,4.3
安顺龙宫大圣之眼,贵州,安顺,安顺,免费,5.0
榕江县大利侗寨景区,贵州,榕江,榕江,免费,4.4
贵阳车田问仙谷,贵州,贵阳,贵阳 · 贵安新区,29.9,4.5
贵州毕节鸡鸣三省旅游景区,贵州,毕节,毕节,20.0,4.2
四洞沟景区,贵州,赤水,赤水,75.0,4.4
遵义古城,贵州,遵义,遵义 · 遵义古城,免费,3.9
上纳灰村,贵州,兴义,兴义 · 万峰林风景区,免费,4.9
酷玩秘境峡谷探险公园,贵州,清镇,清镇,免费,4.9
东山寺遗址,贵州,贵阳,贵阳 · 喷水池/太平路,免费,4.8
独山天洞景区,贵州,独山,独山,59.9,4.3
花溪夜郎谷宋式古堡,贵州,贵阳,贵阳 · 花溪大学城,免费,4.7
黔灵山动物园,贵州,贵阳,贵阳 · 黔灵公园/省政府,免费,4.8
燕子洞洞穴探险公园,贵州,贵定,贵定,免费,5.0
坝盘风吟户外运动桨板俱乐部,贵州,安龙,安龙,298.0,5.0
梵净山景区-蘑菇石,贵州,江口,江口,免费,4.6
关岭化石群国家地质公园,贵州,关岭,关岭,80.0,4.3
茅台天酿,贵州,仁怀,仁怀 · 茅台镇,30.0,4.3
贵州红石林,贵州,松桃,松桃,免费,3.9
贵州龙里白玉洞,贵州,龙里,龙里,588.0,4.9
贵州奢渡河峡谷景区,贵州,六盘水,六盘水,免费,3.0
平远古镇,贵州,织金,织金,免费,4.2
乌纸坊,贵州,遵义,遵义,免费,暂无评分
十二背后·地下裂缝景区,贵州,绥阳,绥阳,130.0,4.6
鸳鸯湖,贵州,荔波,荔波,免费,4.4
万峰湖游船,贵州,兴义,兴义,58.0,4.1
贵州通天河秀水漂流,贵州,普定,普定,免费,暂无评分
贵阳奥林匹克体育中心体育场,贵州,贵阳,贵阳 · 观山湖世纪城/地质博物馆,免费,5.0
明湖国家湿地公园,贵州,六盘水,六盘水 · 六盘水师范学院,免费,4.4
花溪国家城市湿地公园十里河滩景区,贵州,贵阳,贵阳 · 花溪公园/十里河滩,免费,4.4
溯溪公园,贵州,开阳,开阳,免费,4.8
贵州梅园,贵州,安顺,安顺,免费,3.9
羊驼小镇,贵州,黔西,黔西,98.0,4.0
玉皇顶风景区,贵州,兴义,兴义,免费,4.1
二十四道拐,贵州,晴隆,晴隆,59.0,暂无评分
剑河仰阿莎温泉小镇,贵州,剑河,剑河,128.0,4.7
红果树,贵州,绥阳,绥阳,60.0,4.2
寻龙洞,贵州,安顺,安顺,488.0,4.8
翁布洞穴瀑布,贵州,安顺,安顺,免费,暂无评分
黄果树国家湿地公园,贵州,关岭,关岭 · 黄果树瀑布,免费,4.7
小七孔景区-翠谷瀑布,贵州,荔波,荔波,免费,4.5
雨补鲁天坑风景区,贵州,兴义,兴义,免费,4.2
万象温泉,贵州,贵阳,贵阳 · 贵阳东站/新添寨/乌当地区,99.0,4.3
云门囤景区,贵州,遵义,遵义 · 新蒲新区,32.0,4.0
贵州省民族博物馆,贵州,贵阳,贵阳 · 河滨公园/甲秀楼/筑城广场,免费,4.5
香火岩景区,贵州,开阳,开阳,免费,4.1
六盘水动物园,贵州,六盘水,六盘水 · 人民广场/万达广场/六盘水站,32.0,4.5
贵州龙里大草原景区,贵州,龙里,龙里,58.0,3.7
舞阳河,贵州,镇远县,镇远县,免费,4.0
中国天眼·星洞探险,贵州,平塘,平塘,398.0,4.9
恐龙小镇·欢乐王国,贵州,清镇,清镇,268.0,4.8
马岭河瀑布群,贵州,兴义,兴义,免费,4.8
飞云崖,贵州,黄平,黄平,免费,5.0
莲花古洞,贵州,普定,普定,880.0,5.0
红枫湖风景区,贵州,清镇,清镇,免费,3.8
㵲阳河风景名胜区,贵州,施秉,施秉,40.0,4.4
夜郎洞,贵州,镇宁,镇宁,免费,3.9
阳光谷旅游度假区,贵州,兴义,兴义,免费,4.6
老王山,贵州,六盘水,六盘水,免费,5.0
凯里苗侗风情园,贵州,凯里,凯里 · 凯里市区,免费,4.5
海坪彝族文化小镇,贵州,六盘水,六盘水,免费,4.7
野洞河漂流,贵州,黄平,黄平,238.0,4.4
罗秧河,贵州,关岭,关岭,免费,5.0
双栖洞·地心酷玩研学基地,贵州,兴义,兴义,免费,4.3
清水河风景区,贵州,兴义,兴义,免费,4.2
遵义市仁怀茅台酒镇旅游景区,贵州,仁怀,仁怀 · 茅台镇,免费,4.7
寨沙侗寨,贵州,江口,江口 · 梵净山景区,免费,4.4
碧江天生桥景区,贵州,铜仁,铜仁,免费,4.5
杉木湖景区,贵州,都匀,都匀,100.0,4.5
丹寨万达小镇,贵州,丹寨,丹寨,免费,4.8
大明边城,贵州,铜仁,铜仁,免费,3.8
都匀绿博园,贵州,都匀,都匀,20.0,4.2
天印山,贵州,镇宁,镇宁,免费,3.3
南山天沐温泉,贵州,息烽,息烽,59.9,4.9
赤水丹霞旅游区·燕子岩,贵州,赤水,赤水,45.0,4.7
双乳峰景区,贵州,贞丰,贞丰,48.0,4.1
贵州宣慰府,贵州,大方,大方,免费,4.5
滴水滩瀑布景区,贵州,关岭,关岭 · 黄果树瀑布,免费,暂无评分
乌东苗寨,贵州,雷山,雷山,免费,4.7
旧州古镇,贵州,黄平,黄平,免费,4.5
阳明祠,贵州,贵阳,贵阳,免费,4.6
翡翠洞,贵州,普安,普安,免费,5.0
油杉河景区,贵州,大方,大方,30.0,4.0
红水河,贵州,罗甸,罗甸,免费,4.2
云台山,贵州,施秉,施秉,40.0,4.5
乌江源百里画廊化屋风景区,贵州,黔西,黔西,免费,5.0
六十八级跌水瀑布,贵州,荔波,荔波 · 小七孔东门及大七孔景区,免费,4.3
贵阳北天主教堂,贵州,贵阳,贵阳 · 喷水池/太平路,免费,4.4
天河潭风景区-水洞,贵州,贵阳,贵阳 · 贵安新区,免费,4.9
北盘江大峡谷,贵州,贞丰,贞丰,免费,4.7
吊水岩瀑布,贵州,纳雍,纳雍,免费,4.4
阿云朵仓,贵州,贵阳,贵阳 · 观山湖会展城/金融城,免费,4.5
双狮洞,贵州,兴义,兴义,免费,5.0
中国凉都·梅花山旅游景区-瑶池,贵州,六盘水,六盘水,免费,4.5
万峰林景区-万佛寺,贵州,兴义,兴义 · 万峰林风景区,免费,4.2
镇远古城水上游,贵州,镇远县,镇远县,60.0,4.3
龙泉洞,贵州,兴仁,兴仁,免费,4.9
贵阳云顶滑雪场,贵州,贵阳,贵阳,300.0,4.2
河万村万锋顶,贵州,安顺,安顺,免费,3.3
百草坪,贵州,威宁,威宁,免费,4.6
镇山村,贵州,贵阳,贵阳 · 花溪公园/十里河滩,免费,3.8
祝圣桥,贵州,镇远县,镇远县,免费,4.5
黄果树陡坡塘夜游《再回西游》,贵州,镇宁,镇宁 · 黄果树瀑布,215.0,4.5
赤水竹海公园,贵州,赤水,赤水,45.0,4.1
青岩古镇-定广门,贵州,贵阳,贵阳 · 青岩古镇,免费,4.7
花江峡谷大桥二号观景台,贵州,关岭,关岭,免费,暂无评分
刘氏庄园,贵州,兴义,兴义 · 兴义市政府/人民医院,免费,4.4
土城古镇景区,贵州,习水,习水,免费,4.6
小七孔桥,贵州,荔波,荔波 · 小七孔东门及大七孔景区,免费,4.5
中国茶海景区(湄潭茶海),贵州,湄潭,湄潭,48.0,4.2
西江千户苗寨-田园观光区,贵州,雷山,雷山,免费,4.5
香炉山,贵州,凯里,凯里,免费,4.5
老金顶,贵州,江口,江口,免费,4.7
星火洞户外运动基地,贵州,兴义,兴义,免费,5.0
掌布景区,贵州,平塘,平塘,58.0,4.3
黔灵山公园-弘福寺,贵州,贵阳,贵阳 · 黔灵公园/省政府,免费,4.7
肇兴侗寨-鼓楼群,贵州,黎平,黎平,免费,4.5
黄果树景区天星桥区域-高老庄,贵州,关岭,关岭 · 黄果树瀑布,免费,4.3
花江峡谷大桥蹦极,贵州,贞丰,贞丰,免费,暂无评分
八卦田,贵州,兴义,兴义 · 万峰林风景区,免费,4.5
灵汐洞秘境探险基地,贵州,安龙,安龙,免费,5.0
十二背后·清溪峡景区,贵州,绥阳,绥阳,120.0,4.3
龙洞堡,贵州,贵阳,贵阳 · 龙洞堡机场/东客站,免费,4.4
坝盘布依古寨,贵州,安龙,安龙,388.0,5.0
织金麝香洞,贵州,织金,织金,免费,暂无评分
牂牁江风景名胜区,贵州,六盘水,六盘水,免费,4.4
云从朵花温泉度假中心,贵州,龙里,龙里,103.0,4.9
花江大峡谷风景名胜区-观景台,贵州,关岭,关岭,免费,暂无评分
铜仁龙游锦江,贵州,铜仁,铜仁 · 铜仁市中心,免费,4.9
小七孔景区-拉雅瀑布,贵州,荔波,荔波 · 小七孔东门及大七孔景区,免费,4.1
卧龙谷漂流,贵州,荔波,荔波,50.0,4.5
贵州省坝陵河桥梁博物馆,贵州,关岭,关岭 · 黄果树瀑布,免费,4.2
四渡赤水纪念馆,贵州,习水,习水,免费,暂无评分
汇川大院,贵州,遵义,遵义 · 遵义古城,免费,5.0
朵芳阁桃源河温泉,贵州,修文,修文,69.9,5.0
丹寨万达锦华温泉酒店云沁温泉,贵州,丹寨,丹寨,68.0,4.9
泉湖公园,贵州,贵阳,贵阳 · 白云公园/白云地区,免费,5.0
观湖温泉,贵州,贵阳,贵阳 · 观山湖会展城/金融城,免费,5.0
水春河漂流,贵州,荔波,荔波,30.0,4.6
四季贵州山地温泉水世界,贵州,清镇,清镇,218.0,4.6
楠竹林公园,贵州,仁怀,仁怀 · 仁怀市政府/超一时代广场,免费,4.9
古风博物馆-乐殿,贵州,独山,独山,免费,4.9
时光贵州古镇,贵州,清镇,清镇,免费,4.6
南沙洲公园,贵州,都匀,都匀,免费,4.8
阿哈湖国家湿地公园,贵州,贵阳,贵阳,免费,4.6
遵义红军烈士陵园-红军坟,贵州,遵义,遵义 · 遵义会议会址商圈,免费,暂无评分
息烽温泉,贵州,息烽,息烽,88.0,4.4
甲秀广场,贵州,贵阳,贵阳 · 河滨公园/甲秀楼/筑城广场,免费,4.8
贵御温泉,贵州,贵阳,贵阳 · 贵阳东站/新添寨/乌当地区,75.0,4.5
地扪侗寨,贵州,黎平,黎平,免费,5.0
九天温泉,贵州,思南,思南,88.0,4.4
凤凰山森林公园,贵州,遵义,遵义 · 遵义会议会址商圈,免费,4.5
玉舍雪山滑雪场,贵州,六盘水,六盘水,268.0,4.0
花溪公园-百步桥,贵州,贵阳,贵阳 · 花溪公园/十里河滩,免费,4.8
平塘凉风洞户外营地,贵州,平塘,平塘,免费,5.0
黄果树景区-犀牛潭,贵州,镇宁,镇宁 · 黄果树瀑布,免费,4.5
黔贵六广温泉,贵州,修文,修文,118.0,4.7
遵义市博物馆,贵州,遵义,遵义 · 苏州路/时代天街,免费,4.6
黔东南州民族博物馆,贵州,凯里,凯里 · 凯里市区,免费,4.6
虹山湖公园,贵州,安顺,安顺 · 安顺古城历史文化街区/顾府街,免费,4.7
河滨公园,贵州,贵阳,贵阳 · 河滨公园/甲秀楼/筑城广场,免费,4.6
高坡苗族乡,贵州,贵阳,贵阳,免费,4.6
贵阳森林公园,贵州,贵阳,贵阳 · 龙洞堡机场/东客站,免费,4.6
达德学校旧址,贵州,贵阳,贵阳 · 大十字/小十字/省人民医院,免费,4.7
滑石哨景区,贵州,关岭,关岭 · 黄果树瀑布,免费,4.9
四季贵州极地冒险水世界,贵州,清镇,清镇,238.0,4.5
丹霞山,贵州,盘州,盘州,免费,4.3
水西公园,贵州,黔西,黔西,免费,4.9
小七孔景区-水上森林,贵州,荔波,荔波,免费,4.4
息烽集中营革命历史纪念馆,贵州,息烽,息烽,免费,暂无评分
古巷道,贵州,镇远县,镇远县,免费,4.5
贵州梵净山佛教文化苑,贵州,江口,江口 · 梵净山景区,免费,4.7
五彩洋山河景区,贵州,德江,德江,45.0,4.7
文峰园-文峰塔,贵州,都匀,都匀,免费,4.9
筑城广场,贵州,贵阳,贵阳 · 河滨公园/甲秀楼/筑城广场,免费,4.5
赤水白马溪景区,贵州,赤水,赤水,免费,4.7
凤凰山文化广场,贵州,遵义,遵义 · 遵义会议会址商圈,免费,4.3
招堤风景区,贵州,安龙,安龙,免费,4.4
赤水丹霞·红石野谷景区,贵州,赤水,赤水,60.0,4.4
云漫湖生态度假公园,贵州,安顺,安顺 · 贵安新区,27.0,4.3
湘山寺,贵州,遵义,遵义 · 遵义会议会址商圈,免费,4.5
红军总政治部旧址,贵州,遵义,遵义 · 遵义会议会址商圈,免费,暂无评分
水城国家杜鹃公园,贵州,六盘水,六盘水,49.0,5.0
锦江温泉,贵州,铜仁,铜仁 · 铜仁市中心,128.0,4.0
遵义冰雪海洋世界,贵州,遵义,遵义 · 遵义会议会址商圈,84.73,4.5
野生猕猴观赏园,贵州,贵阳,贵阳 · 黔灵公园/省政府,免费,4.7
乐湾温泉,贵州,贵阳,贵阳 · 贵阳东站/新添寨/乌当地区,58.0,3.5
天下第一壶中国茶文化博览园,贵州,湄潭,湄潭,免费,4.5
黄果树景区-盆景园,贵州,关岭,关岭 · 黄果树瀑布,免费,4.7
安顺文庙,贵州,安顺,安顺 · 安顺古城历史文化街区/顾府街,免费,4.5
花果园湿地公园阳光草坪,贵州,贵阳,贵阳 · 花果园地区,免费,4.7
黄果树奇石馆,贵州,镇宁,镇宁 · 黄果树瀑布,免费,4.5
黔明古寺,贵州,贵阳,贵阳 · 河滨公园/甲秀楼/筑城广场,免费,4.8
镇远古城-四方井巷,贵州,镇远县,镇远县,免费,4.7
贵阳喀斯特公园,贵州,贵阳,贵阳 · 观山湖世纪城/地质博物馆,免费,4.5
涟江公园,贵州,惠水,惠水,免费,4.9
黔西南州体育公园,贵州,兴义,兴义 · 兴义市政府/人民医院,免费,4.8
遵义酒文化博物馆,贵州,遵义,遵义 · 遵义站/客运站地区,免费,4.7
林青就义处,贵州,贵阳,贵阳 · 喷水池/太平路,免费,4.6
斗篷山景区,贵州,都匀,都匀,40.0,4.4
鹿冲关森林公园,贵州,贵阳,贵阳 · 贵阳东站/新添寨/乌当地区,免费,4.7
乌江,贵州,德江,德江,免费,4.7
红军四渡赤水纪念园,贵州,仁怀,仁怀 · 茅台镇,免费,暂无评分
赵以炯状元故居,贵州,贵阳,贵阳 · 青岩古镇,免费,4.6
保利国际温泉,贵州,贵阳,贵阳 · 贵阳东站/新添寨/乌当地区,88.0,4.2
赤水河,贵州,赤水,赤水,免费,4.7
水银河景区,贵州,桐梓,桐梓,免费,4.4
十里锦江,贵州,江口,江口 · 梵净山景区,免费,4.9
九龙洞温泉度假庄园,贵州,铜仁,铜仁,219.0,4.8
茅台镇1915广场,贵州,仁怀,仁怀 · 茅台镇,免费,4.6
世界恐龙谷,云南,禄丰,禄丰,160.0,4.5
东风韵景区,云南,弥勒,弥勒,80.0,4.4
泸沽湖,云南,宁蒗,宁蒗,70.0,4.7
玉龙雪山,云南,玉龙,玉龙 · 玉龙雪山度假区,免费,4.4
普达措国家公园,云南,香格里拉,香格里拉 · 普达措森林公园,136.0,4.4
滇池,云南,昆明,昆明,免费,4.7
香格里拉巴拉格宗风景名胜区,云南,香格里拉,香格里拉,165.0,4.5
中国科学院西双版纳热带植物园,云南,勐腊,勐腊 · 中国科学院西双版纳热带植物园,80.0,4.8
曼听御花园,云南,景洪,景洪 · 曼听公园/民族风情园,40.0,4.5
石林风景区,云南,石林,石林,130.0,4.7
野象谷,云南,景洪,景洪,58.0,4.3
虎跳峡(香格里拉段),云南,香格里拉,香格里拉 · 虎跳峡,45.0,4.6
腾冲热海风景区,云南,腾冲,腾冲,免费,4.5
苍山,云南,大理市,大理市 · 苍山风景区,130.0,4.5
西双版纳原始森林公园,云南,景洪,景洪,45.0,4.3
云南民族村,云南,昆明,昆明 · 滇池风景区/融创滇池后海,50.0,4.3
西双版纳傣族园,云南,景洪,景洪 · 傣族园风景区,45.0,4.4
崇圣寺三塔文化旅游区,云南,大理市,大理市 · 大理古城,73.0,4.7
太阳河森林公园,云南,普洱,普洱,免费,4.6
和顺古镇景区,云南,腾冲,腾冲 · 和顺古镇,27.5,4.4
洱海,云南,大理市,大理市 · 洱海挖色小普陀风景区,免费,4.6
橄榄坝,云南,景洪,景洪 · 傣族园风景区,免费,5.0
锦屏山风景区,云南,弥勒,弥勒,30.0,4.6
丽江千古情,云南,玉龙,玉龙 · 丽江火车站地区,280.0,4.6
噶丹松赞林寺,云南,香格里拉,香格里拉 · 松赞林寺景区,55.0,4.4
松赞林景区,云南,香格里拉,香格里拉 · 松赞林寺景区,55.0,4.5
基诺山雨林徒步,云南,景洪,景洪,59.0,4.7
云南省博物馆,云南,昆明,昆明 · 官渡古镇,免费,4.8
云南野生动物园,云南,昆明,昆明 · 昆明野生动物园/金殿风景区,100.0,4.7
建水小火车,云南,建水,建水 · 建水县人民政府/建水小火车,120.0,4.6
木府,云南,丽江,丽江 · 丽江古城,40.0,4.7
勐焕大金塔,云南,芒市,芒市,免费,4.5
北海湿地,云南,腾冲,腾冲,55.0,4.4
普洱茶马古道遗址公园,云南,普洱,普洱,免费,4.6
丽江古城,云南,丽江,丽江 · 丽江古城,免费,4.7
勐焕银塔,云南,芒市,芒市,38.0,4.5
一寨两国,云南,瑞丽,瑞丽,40.0,4.3
火山地热国家地质公园,云南,腾冲,腾冲,免费,4.2
大理古城,云南,大理市,大理市 · 大理古城,免费,4.7
朱家花园,云南,建水,建水 · 建水古城/朱家花园,35.0,4.7
玉龙雪山索道,云南,玉龙,玉龙 · 玉龙雪山度假区,60.0,4.4
热带花卉园,云南,景洪,景洪,40.0,4.4
西双版纳勐泐文化旅游区,云南,景洪,景洪 · 勐泐大佛寺/曼弄枫度假区,59.0,4.3
西双版纳热带雨林国家公园望天树景区,云南,勐腊,勐腊,55.0,4.8
昆明旅游索道,云南,昆明,昆明 · 滇池风景区/融创滇池后海,59.0,4.6
西山风景名胜区,云南,昆明,昆明 · 滇池风景区/融创滇池后海,免费,4.5
普者黑景区,云南,丘北,丘北 · 普者黑仙人洞,免费,4.5
苍山感通索道,云南,大理市,大理市 · 苍山风景区,130.0,4.4
喜洲,云南,大理市,大理市 · 喜洲古镇,免费,4.5
杨丽萍太阳宫艺术空间,云南,大理市,大理市 · 双廊风景区,免费,5.0
元阳哈尼梯田,云南,元阳,元阳,70.0,4.5
勐巴娜西珍奇园,云南,芒市,芒市,40.0,4.4
拉市海,云南,玉龙,玉龙 · 拉市海湿地度假区,29.0,4.3
双廊,云南,大理市,大理市 · 双廊风景区,免费,4.6
建水古城,云南,建水,建水 · 建水古城/朱家花园,免费,4.6
蓝月谷,云南,玉龙,玉龙 · 玉龙雪山度假区,免费,4.5
苍山洗马潭索道,云南,大理市,大理市 · 苍山风景区,320.0,4.6
抚仙湖,云南,澄江,澄江 · 抚仙湖风景区,免费,4.6
独克宗古城,云南,香格里拉,香格里拉 · 独克宗古城,免费,4.6
白水台,云南,香格里拉,香格里拉,30.0,4.5
洱海游船,云南,大理市,大理市 · 洱海公园景区,130.0,4.1
七彩云南欢乐世界,云南,昆明,昆明 · 七彩云南欢乐世界,203.0,4.7
莫里热带雨林景区,云南,瑞丽,瑞丽,35.0,4.6
告庄西双景,云南,景洪,景洪 · 告庄西双景/星光夜市,免费,4.4
冰川公园大索道,云南,玉龙,玉龙,免费,4.2
昆明老街,云南,昆明,昆明 · 南屏步行街/金马碧鸡坊,免费,4.7
太平湖国际生态旅游度假区,云南,弥勒,弥勒,75.0,4.5
可邑小镇,云南,弥勒,弥勒,40.0,4.1
束河古镇,云南,丽江,丽江 · 束河古镇,免费,4.6
西双版纳野生动物园,云南,景洪,景洪 · 曼听公园/民族风情园,39.0,4.4
西双版纳民族风情园,云南,景洪,景洪 · 曼听公园/民族风情园,免费,4.2
喜洲麦田小火车,云南,大理市,大理市,35.0,4.4
海埂大坝,云南,昆明,昆明 · 滇池风景区/融创滇池后海,免费,4.6
银杏村,云南,腾冲,腾冲 · 银杏村,30.0,4.1
七彩云南古滇度假区,云南,昆明,昆明 · 七彩云南欢乐世界,免费,4.8
碧色寨风景区,云南,蒙自,蒙自,免费,4.2
腾冲洞山温泉村,云南,腾冲,腾冲,88.0,4.6
湖泉半山温泉,云南,弥勒,弥勒 · 湖泉温泉水世界/湖泉半山温泉,128.0,4.4
墨江北回归线标志园,云南,墨江,墨江,40.0,4.3
西双版纳总佛寺,云南,景洪,景洪 · 曼听公园/民族风情园,免费,4.6
大理环洱海旅游观光巴士,云南,大理市,大理市 · 大理古城,免费,4.3
九龙瀑布群,云南,罗平,罗平,60.0,4.5
沙溪古镇,云南,剑川,剑川 · 沙溪古镇景区,免费,4.8
翠湖公园,云南,昆明,昆明 · 翠湖地区,免费,4.7
大理路极主题公园,云南,大理市,大理市 · 大理市主城区,128.0,4.8
理想邦,云南,大理市,大理市 · 海东/理想邦,免费,3.5
普洱国家公园犀牛坪景区,云南,普洱,普洱,免费,4.7
团山民居,云南,建水,建水,35.0,4.5
九乡风景区,云南,宜良,宜良,189.0,4.7
云杉坪索道,云南,玉龙,玉龙 · 玉龙雪山度假区,60.0,4.2
东山草原,云南,腾冲,腾冲,28.0,4.5
鸡足山,云南,宾川,宾川 · 鸡足山度假区,55.0,4.7
小人国主题公园,云南,昆明,昆明,105.0,4.2
昆明斗南花卉市场,云南,昆明,昆明 · 昆明斗南花卉市场,免费,4.6
梅里雪山国家公园,云南,德钦,德钦,55.0,4.7
西双版纳基诺山雨林徒步,云南,景洪,景洪,免费,5.0
白沙古镇,云南,玉龙,玉龙 · 白沙古镇/地中海国际度假区,免费,4.5
高黎贡山,云南,腾冲,腾冲,免费,4.8
纳帕海(依拉草原),云南,香格里拉,香格里拉 · 纳帕海景区,18.0,3.9
建水文庙,云南,建水,建水 · 建水古城/朱家花园,40.0,4.6
四方街,云南,丽江,丽江 · 丽江古城,免费,4.5
洱海生态廊道,云南,大理市,大理市 · 洱海S湾生态廊道上段,免费,4.6
湄公河星光夜市,云南,景洪,景洪 · 告庄西双景/星光夜市,免费,4.5
和顺柏联温泉,云南,腾冲,腾冲 · 和顺古镇,298.0,4.6
南诏风情岛,云南,大理市,大理市 · 双廊风景区,70.0,4.3
勐远仙境,云南,勐腊,勐腊,55.0,4.8
基诺山巴朵村雨林徒步,云南,景洪,景洪,免费,4.9
翁丁原始部落,云南,沧源,沧源,64.0,4.5
叠水河瀑布,云南,腾冲,腾冲 · 腾冲主城区,10.0,4.4
腾冲叠水河景区,云南,腾冲,腾冲 · 腾冲主城区,10.0,4.4
蝴蝶泉,云南,大理市,大理市 · 洱海S湾生态廊道上段,38.0,4.3
海埂公园,云南,昆明,昆明 · 滇池风景区/融创滇池后海,免费,4.5
张家花园,云南,大理市,大理市 · 苍山风景区,80.0,5.0
官渡古镇,云南,昆明,昆明 · 官渡古镇,免费,4.4
狮子山,云南,丽江,丽江 · 丽江古城,31.2,4.5
景迈山茶林文化景区,云南,澜沧,澜沧,免费,4.7
昆明植物园,云南,昆明,昆明 · 龙泉路/云南财经大学片区,10.0,4.5
腾冲悦椿温泉村,云南,腾冲,腾冲,238.0,4.3
大理苍海云上草原,云南,大理市,大理市 · 苍山风景区,19.9,4.4
明星鱼洞,云南,玉溪,玉溪 · 抚仙湖风景区,15.0,4.0
云杉坪,云南,玉龙,玉龙,60.0,4.3
元谋土林,云南,元谋,元谋,50.0,4.6
听花谷-丽江百花园,云南,玉龙,玉龙,88.0,4.3
雪嵩村(玉湖村),云南,玉龙,玉龙 · 玉龙雪山度假区,免费,3.8
傣族古镇,云南,芒市,芒市,免费,4.6
玛御谷温泉小镇,云南,腾冲,腾冲,免费,4.3
大理地热国,云南,洱源,洱源 · 茈碧湖风景区,198.0,4.8
基诺山寨,云南,景洪,景洪,142.0,4.2
圆通山,云南,昆明,昆明 · 翠湖地区,免费,4.5
昆明动物园,云南,昆明,昆明 · 翠湖地区,免费,4.1
中华普洱茶博览苑,云南,普洱,普洱,免费,4.2
丽江虎跳峡,云南,玉龙,玉龙 · 虎跳峡,15.0,4.8
尼珠河大峡谷,云南,宣威,宣威,免费,4.4
国殇墓园,云南,腾冲,腾冲 · 腾冲主城区,免费,4.8
“澜沧江·湄公河之夜”歌舞篝火晚会,云南,景洪,景洪 · 曼听公园/民族风情园,160.0,3.9
湄公河水底世界,云南,景洪,景洪,75.0,4.3
坝美世外桃源景区,云南,广南,广南,175.0,4.2
捞渔河国家湿地公园,云南,昆明,昆明 · 七彩云南欢乐世界,免费,4.5
荷花温泉,云南,腾冲,腾冲,免费,4.4
金鸡峰丛,云南,罗平,罗平,免费,4.6
巍宝山,云南,巍山,巍山,38.0,4.7
云南红酒庄,云南,弥勒,弥勒,免费,4.1
理想的花园,云南,大理市,大理市 · 海东/理想邦,98.0,4.5
石卡雪山,云南,香格里拉,香格里拉,30.0,4.5
雨崩村,云南,德钦,德钦,55.0,4.5
飞来寺,云南,德钦,德钦,免费,4.6
海舌生态公园,云南,大理市,大理市 · 洱海S湾生态廊道上段,免费,4.2
曼掌村,云南,景洪,景洪,免费,4.4
西双版纳纳卡雨林,云南,勐腊,勐腊,免费,5.0
昆明融创海世界,云南,昆明,昆明 · 滇池风景区/融创滇池后海,99.0,4.4
昆明融创乐园,云南,昆明,昆明 · 滇池风景区/融创滇池后海,170.0,4.7
普洱市博物馆,云南,普洱,普洱,免费,5.0
建水十七孔桥,云南,建水,建水,免费,4.6
糯干古寨,云南,澜沧,澜沧,免费,4.8
陆良彩色沙林,云南,陆良,陆良,65.0,4.3
蓝花楹主题公园,云南,昆明,昆明 · 莲花池/昆明理工大学片区,免费,4.6
湖泉生态园,云南,弥勒,弥勒 · 湖泉生态园/红河水乡,免费,4.6
建水燕子洞,云南,建水,建水,55.0,4.6
勐景来,云南,勐海,勐海,45.0,4.5
龙龛码头-观景台,云南,大理市,大理市 · 洱海才村/龙龛码头,免费,4.9
洋人街,云南,大理市,大理市 · 大理古城,免费,4.4
蚁工坊彩陶艺术工厂,云南,建水,建水,50.0,4.3
黄连河风景区,云南,大关,大关,45.0,4.6
龙门,云南,昆明,昆明 · 滇池风景区/融创滇池后海,免费,4.5
无底湖,云南,香格里拉,香格里拉,免费,4.5
物茂土林（虎跳滩土林）,云南,元谋,元谋,60.0,4.6
泸沽湖格姆女神山索道,云南,宁蒗,宁蒗 · 尼塞度假区/格姆女神山索道,100.0,4.5
贝山陶庄,云南,建水,建水,免费,3.5
江边夜市,云南,景洪,景洪 · 泼水广场,免费,4.4
般若寺,云南,景洪,景洪,免费,4.4
小石林景区-阿诗玛,云南,石林,石林,免费,4.6
天龙八部影视城,云南,大理市,大理市 · 苍山风景区,120.0,3.9
大山包景区,云南,昭通,昭通,免费,3.9
大山包黑颈鹤国家级自然保护区,云南,昭通,昭通,免费,4.4
冰川公园,云南,玉龙,玉龙 · 玉龙雪山度假区,免费,4.5
姐告口岸,云南,瑞丽,瑞丽,免费,4.5
轿子雪山,云南,禄劝,禄劝,235.0,4.5
磻溪村,云南,大理市,大理市 · 洱海S湾生态廊道上段,免费,4.6
茶马古城旅游小镇,云南,普洱,普洱 · 茶马古城及周边,免费,4.4
湄公河·六国水上市场,云南,景洪,景洪 · 告庄西双景/星光夜市,免费,4.5
文林街,云南,昆明,昆明 · 翠湖地区,免费,4.7
昆明世界园艺博览园,云南,昆明,昆明 · 昆明野生动物园/金殿风景区,免费,3.9
严家大院博物馆,云南,大理市,大理市 · 喜洲古镇,22.0,4.6
南腊河康养度假营地,云南,勐腊,勐腊,免费,4.6
拉市海湿地公园,云南,玉龙,玉龙 · 拉市海湿地度假区,29.0,4.1
树包塔,云南,芒市,芒市,免费,4.6
斗南七彩花海,云南,昆明,昆明 · 昆明斗南花卉市场,免费,暂无评分
大观公园,云南,昆明,昆明 · 滇池风景区/融创滇池后海,免费,4.7
多依树梯田,云南,元阳,元阳,免费,4.6
哈巴雪山,云南,香格里拉,香格里拉,1380.0,4.8
万古楼,云南,丽江,丽江 · 丽江古城,31.2,4.4
云想山风景区,云南,大理市,大理市 · 大理市主城区,免费,4.9
才村码头,云南,大理市,大理市 · 洱海才村/龙龛码头,免费,4.3
阿布吉措,云南,香格里拉,香格里拉,免费,4.5
洱海公园,云南,大理市,大理市 · 洱海公园景区,免费,4.6
澜沧江,云南,景洪,景洪,免费,4.2
云峰山,云南,腾冲,腾冲,免费,4.9
开远观光小火车,云南,开远,开远,48.8,4.7
才村,云南,大理市,大理市 · 洱海才村/龙龛码头,免费,4.4
绮罗古镇,云南,腾冲,腾冲 · 腾冲主城区,免费,4.3
基诺山巴朵幽谷雨林徒步,云南,景洪,景洪,免费,5.0
海洪湿地,云南,昆明,昆明 · 滇池风景区/融创滇池后海,免费,4.4
浪巴铺土林(新华土林),云南,元谋,元谋,50.0,4.7
明永冰川,云南,德钦,德钦,55.0,4.5
滇西抗战纪念馆,云南,腾冲,腾冲 · 腾冲主城区,免费,暂无评分
七彩云南古滇温泉山庄,云南,昆明,昆明 · 七彩云南欢乐世界,128.0,4.9
曼远村,云南,景洪,景洪,免费,4.4
荒野之国,云南,丽江,丽江 · 束河古镇,免费,4.2
巍山古城,云南,巍山,巍山 · 巍山古城,免费,4.8
野象谷索道,云南,景洪,景洪,107.0,4.4
石屏米轨小火车,云南,石屏,石屏,80.0,4.5
拉市海茶马古道,云南,玉龙,玉龙 · 拉市海湿地度假区,免费,4.4
澄江化石地自然博物馆,云南,澄江,澄江,免费,4.2
独克宗古城-龟山公园,云南,香格里拉,香格里拉 · 独克宗古城,免费,4.6
石宝山,云南,剑川,剑川,43.0,4.5
丽江雪山观光火车,云南,玉龙,玉龙,免费,4.8
芒市广场,云南,芒市,芒市,免费,4.6
金方森林温泉,云南,安宁,安宁,139.0,4.7
澜沧江游轮,云南,景洪,景洪 · 曼听公园/民族风情园,191.0,3.8
彝人古镇,云南,楚雄市,楚雄市 · 彝人古镇度假区,免费,4.4
海晏古渔村,云南,昆明,昆明 · 七彩云南欢乐世界,免费,4.1
独树成林景区,云南,勐海,勐海,35.0,4.4
朝阳楼,云南,建水,建水 · 建水古城/朱家花园,15.0,4.4
大海草山,云南,会泽,会泽,35.0,4.5
木石多肉·云朵花园,云南,大理市,大理市 · 大理古城,免费,5.0
南糯山,云南,勐海,勐海,免费,4.5
人民路,云南,大理市,大理市 · 大理古城,免费,4.4
香格里拉大经幡,云南,香格里拉,香格里拉 · 独克宗古城,免费,4.4
文海,云南,玉龙,玉龙,免费,4.5
寂照庵,云南,大理市,大理市 · 苍山风景区,免费,4.3
海趣花都海洋世界,云南,昆明,昆明 · 昆明斗南花卉市场,99.0,4.5
景洪市大金塔寺,云南,景洪,景洪 · 告庄西双景/星光夜市,免费,4.6
东川红土地,云南,昆明,昆明,免费,4.7
西双版纳原始森林公园丛林飞跃,云南,景洪,景洪,免费,4.3
金马碧鸡坊,云南,昆明,昆明 · 南屏步行街/金马碧鸡坊,免费,4.6
怒江大峡谷,云南,福贡,福贡,免费,4.8
三塔倒影公园,云南,大理市,大理市 · 大理古城,免费,4.4
学政考棚,云南,建水,建水 · 建水古城/朱家花园,20.0,4.4
文笔村风光景区,云南,大理市,大理市 · 海东/理想邦,免费,3.6
昭通古城,云南,昭通,昭通 · 昭通市中心商圈,免费,4.3
黑龙潭公园,云南,丽江,丽江 · 黑龙潭地区,免费,3.5
大观楼,云南,昆明,昆明 · 滇池风景区/融创滇池后海,免费,4.5
黄瓜箐温泉疗养院,云南,腾冲,腾冲,30.0,4.2
临安府署,云南,建水,建水 · 建水古城/朱家花园,32.0,4.4
罗平油菜花景区,云南,罗平,罗平,免费,4.7
月亮湾湿地公园,云南,澄江,澄江 · 抚仙湖风景区,免费,4.3
上虎跳峡,云南,香格里拉,香格里拉 · 虎跳峡,免费,4.5
龙龛码头,云南,大理市,大理市 · 洱海才村/龙龛码头,免费,3.0
湄公河快艇,云南,景洪,景洪 · 景洪港,188.0,4.3
金殿风景名胜区,云南,昆明,昆明 · 昆明野生动物园/金殿风景区,免费,4.7
那柯里村,云南,宁洱,宁洱,免费,4.6
剑川古城,云南,剑川,剑川,免费,4.8
诺邓古村,云南,云龙,云龙 · 诺邓古镇景区,免费,4.8
云南陆军讲武堂旧址,云南,昆明,昆明 · 翠湖地区,免费,暂无评分
大水车,云南,丽江,丽江 · 丽江古城,免费,4.6
大落水村,云南,宁蒗,宁蒗 · 大洛水码头商圈,免费,4.6
司莫拉佤族村,云南,腾冲,腾冲,免费,3.1
弥勒大佛,云南,弥勒,弥勒,免费,4.6
梅子湖公园,云南,普洱,普洱,免费,4.2
禄充风景区,云南,澄江,澄江 · 禄充风景区,免费,4.2
世外乡村高黎贡勐赫小镇,云南,保山,保山,免费,1.9
格姆女神山,云南,宁蒗,宁蒗 · 尼塞度假区/格姆女神山索道,免费,4.7
属都湖,云南,香格里拉,香格里拉 · 普达措森林公园,免费,4.5
抚仙湖国际旅游度假区,云南,澄江,澄江 · 抚仙湖风景区,免费,4.7
曼贺纳自然村寨,云南,景洪,景洪 · 勐泐大佛寺/曼弄枫度假区,免费,4.4
多依河,云南,罗平,罗平,40.0,4.0
滇金丝猴国家公园,云南,维西,维西,70.0,4.7
坝达景区,云南,元阳,元阳,免费,4.1
黑鱼河风景区,云南,腾冲,腾冲,免费,3.2
雾浓顶观景台,云南,德钦,德钦,免费,4.6
松山抗战遗址,云南,龙陵,龙陵,免费,4.9
花伴一生玫瑰庄园,云南,大理市,大理市 · 洱海S湾生态廊道上段,免费,4.9
FUN 星球玩创乐园(花之城店),云南,昆明,昆明 · 昆明野生动物园/金殿风景区,28.0,4.9
昆明热雪奇迹,云南,昆明,昆明 · 滇池风景区/融创滇池后海,169.0,4.8
未来也来公园,云南,石林,石林,98.0,4.9
艾尔西艺术馆,云南,昆明,昆明 · 莲花池/昆明理工大学片区,35.0,5.0
基诺山普希老寨雨林徒步,云南,景洪,景洪,免费,5.0
云南省茶文化博物馆,云南,昆明,昆明 · 南屏步行街/金马碧鸡坊,免费,4.9
小象雨林,云南,景洪,景洪,免费,5.0
泸沽湖风景区-观景台,云南,宁蒗,宁蒗,免费,4.5
大佛寺转经筒,云南,香格里拉,香格里拉 · 独克宗古城,免费,4.5
丙中洛风景区,云南,贡山,贡山,免费,4.8
大理大学,云南,大理市,大理市 · 苍山风景区,免费,4.7
独龙江,云南,贡山,贡山,免费,5.0
地下倒石林,云南,宜良,宜良,免费,4.9
洱海月湿地,云南,大理市,大理市 · 大理市主城区,免费,4.8
昆明动物博物馆,云南,昆明,昆明 · 莲花池/昆明理工大学片区,30.0,4.7
秀山历史文化公园,云南,通海,通海,8.9,4.8
里格半岛,云南,宁蒗,宁蒗 · 里格半岛商圈,免费,4.6
卡瓦格博峰,云南,德钦,德钦,免费,4.9
公园1903,云南,昆明,昆明 · 滇池风景区/融创滇池后海,免费,4.7
大理苍山石门关旅游度假区,云南,漾濞,漾濞,免费,4.5
宣科纳西古乐·非遗音乐(大水车店),云南,丽江,丽江 · 丽江古城,免费,4.8
湖泉温泉水世界,云南,弥勒,弥勒 · 湖泉温泉水世界/湖泉半山温泉,178.0,4.4
红塔山,云南,玉溪,玉溪,免费,4.8
热海大滚锅,云南,腾冲,腾冲,免费,4.6
昙华寺,云南,昆明,昆明 · 昆明万象城,免费,4.8
蒲塘秀色,云南,丘北,丘北 · 普者黑仙人洞,免费,4.6
圆通花潮,云南,昆明,昆明 · 翠湖地区,免费,4.8
蓝月湖,云南,玉龙,玉龙 · 玉龙雪山度假区,免费,4.5
白马雪山,云南,德钦,德钦,免费,4.6
高黎贡山国家级自然保护区,云南,泸水,泸水,免费,4.8
中国历史名校国立西南联合大学旧址,云南,昆明,昆明 · 莲花池/昆明理工大学片区,免费,暂无评分
香炉山,云南,曲靖,曲靖,免费,4.8
雨铜观音殿,云南,大理市,大理市 · 大理古城,免费,4.7
石林冰雪海洋世界,云南,石林,石林,198.0,4.4
大理古城-苍山门,云南,大理市,大理市 · 大理古城,免费,4.6
青龙山,云南,丘北,丘北 · 普者黑村/观音洞,免费,4.5
拉市海湿地.候鸟湾,云南,玉龙,玉龙 · 拉市海湿地度假区,免费,4.6
寺登街,云南,剑川,剑川 · 沙溪古镇景区,免费,4.7
崇圣寺-大雄宝殿,云南,大理市,大理市 · 大理古城,免费,4.8
雾里村,云南,贡山,贡山,免费,5.0
丽江古城-三眼井,云南,丽江,丽江 · 丽江古城,免费,4.3
七龙女池,云南,大理市,大理市 · 苍山风景区,免费,5.0
甸溪河,云南,弥勒,弥勒,免费,5.0
罗平坝子,云南,罗平,罗平,免费,5.0
沙甸大清真寺,云南,个旧,个旧,免费,4.6
丽江古城-许愿亭,云南,丽江,丽江 · 丽江古城,免费,4.5
南甸宣抚司署,云南,梁河,梁河,16.0,4.8
秋那桶,云南,贡山,贡山,免费,4.8
鸡足山索道,云南,宾川,宾川 · 鸡足山度假区,72.0,4.6
石林彝族自治县月湖风景区,云南,石林,石林,免费,4.5
龙江大桥,云南,腾冲,腾冲,免费,4.8
雨崩下村,云南,德钦,德钦,免费,4.7
螺丝田,云南,罗平,罗平,免费,4.6
南湖公园,云南,蒙自,蒙自 · 南湖公园,免费,4.6
天憙园,云南,大理市,大理市 · 大理古城,64.0,4.8
中缅边境公园,云南,勐海,勐海,免费,4.9
勐梭龙潭,云南,西盟,西盟,免费,4.7
抚仙湖奇石博物馆,云南,澄江,澄江 · 抚仙湖风景区,免费,5.0
普立特大桥,云南,宣威,宣威,免费,4.9
文山市西华公园,云南,文山市,文山市,免费,4.8
惊魂峡,云南,宜良,宜良,免费,4.6
花之城,云南,昆明,昆明 · 昆明野生动物园/金殿风景区,30.0,4.5
腾冲热气球飞行俱乐部,云南,腾冲,腾冲,免费,4.6
圆通寺,云南,昆明,昆明 · 翠湖地区,免费,4.7
感通寺,云南,大理市,大理市 · 苍山风景区,免费,4.4
永宁坝子,云南,宁蒗,宁蒗,免费,4.6
昂哦布山,云南,孟连,孟连,免费,4.7
碧塔海景区,云南,香格里拉,香格里拉 · 普达措森林公园,免费,4.7
拉市海骑马,云南,玉龙,玉龙 · 拉市海湿地度假区,免费,4.6
周总理视察纪念碑,云南,景洪,景洪,免费,暂无评分
滨江公园,云南,景洪,景洪 · 泼水广场,免费,4.7
大理古城-洱海门,云南,大理市,大理市 · 大理古城,免费,4.7
老君山黎明黎光丹霞地貌景区,云南,玉龙,玉龙,免费,4.6
西双版纳孔雀山庄,云南,景洪,景洪,免费,4.7
昆明古滇朵拉萌兽谷,云南,昆明,昆明 · 七彩云南欢乐世界,49.0,4.5
异龙湖,云南,石屏,石屏,免费,4.7
栖龙湾温泉,云南,禄丰,禄丰,138.0,4.7
山海洞,云南,大关,大关,90.0,4.6
巴松措,西藏,工布江达,工布江达,118.0,4.6
纳木措景区,西藏,当雄,当雄,210.0,4.5
雅鲁藏布大峡谷,西藏,米林,米林,140.0,4.6
羊卓雍错,西藏,浪卡子,浪卡子,100.0,4.6
扎什伦布寺,西藏,日喀则,日喀则,免费,4.6
布达拉宫,西藏,拉萨,拉萨 · 布达拉宫/太阳岛及附近地区,免费,4.7
纳木措国家公园,西藏,当雄,当雄,免费,4.4
大昭寺,西藏,拉萨,拉萨 · 八廓街/大昭寺及附近地区,免费,4.5
南迦巴瓦峰,西藏,米林,米林,免费,4.1
珠峰大本营,西藏,定日,定日,免费,4.7
《文成公主》大型史诗剧,西藏,拉萨,拉萨 · 文成公主实景剧场及附近地区,298.0,4.5
八廓街,西藏,拉萨,拉萨 · 八廓街/大昭寺及附近地区,免费,4.7
纳木措圣象天门,西藏,班戈,班戈,80.0,4.2
冈仁波齐,西藏,普兰,普兰,150.0,4.7
珠峰景区,西藏,定日,定日,免费,4.7
珠穆朗玛峰国家公园,西藏,定日,定日,免费,4.8
西藏博物馆,西藏,拉萨,拉萨 · 罗布林卡及附近地区,免费,4.5
索松村,西藏,米林,米林,免费,4.4
卡定沟景区,西藏,林芝,林芝,36.0,4.5
罗布林卡,西藏,拉萨,拉萨 · 罗布林卡及附近地区,188.0,4.5
珠穆朗玛峰,西藏,定日,定日,免费,4.6
卡若拉冰川,西藏,江孜,江孜,免费,4.3
色拉寺,西藏,拉萨,拉萨 · 色拉寺及附近地区,免费,4.5
川藏公路,西藏,墨竹工卡,墨竹工卡,免费,4.8
拉萨河,西藏,拉萨,拉萨,免费,4.7
纳木措扎西岛,西藏,当雄,当雄,210.0,4.6
鲁朗林海,西藏,林芝,林芝,免费,4.6
南伊沟,西藏,米林,米林,免费,4.4
古格王国遗址,西藏,札达,札达,免费,4.6
佛掌沙丘,西藏,米林,米林,30.0,4.3
果果塘大拐弯,西藏,墨脱,墨脱,免费,4.1
那根拉山口,西藏,当雄,当雄,免费,4.8
扎基寺,西藏,拉萨,拉萨 · 扎基寺及附近地区,免费,4.2
米堆冰川,西藏,波密,波密,免费,4.0
库拉岗日雪山,西藏,洛扎,洛扎,免费,4.8
萨普神山,西藏,比如,比如,免费,4.8
哲蚌寺,西藏,拉萨,拉萨 · 哲蚌寺/金珠西路及附近地区,免费,4.7
玛旁雍措,西藏,普兰,普兰,150.0,4.5
来古冰川,西藏,八宿,八宿,150.0,4.1
新措,西藏,工布江达,工布江达,免费,4.7
然乌湖,西藏,八宿,八宿,免费,4.6
药王山,西藏,拉萨,拉萨 · 布达拉宫/太阳岛及附近地区,免费,4.7
普莫雍错,西藏,浪卡子,浪卡子,免费,5.0
色季拉山,西藏,林芝,林芝,免费,4.5
小昭寺,西藏,拉萨,拉萨 · 八廓街/大昭寺及附近地区,免费,4.2
世界柏树王园林,西藏,林芝,林芝,40.0,4.4
奇林峡风景区,西藏,定结,定结,80.0,4.8
念青唐古拉山,西藏,当雄,当雄,免费,4.5
色林措,西藏,班戈,班戈,免费,4.9
湖心岛,西藏,工布江达,工布江达,免费,4.7
狮泉河,西藏,噶尔,噶尔,免费,4.4
佩枯错,西藏,吉隆,吉隆,免费,4.8
布达拉宫广场,西藏,拉萨,拉萨 · 布达拉宫/太阳岛及附近地区,免费,4.8
雅鲁藏布江,西藏,林芝,林芝,免费,4.6
桑耶寺,西藏,扎囊,扎囊,免费,4.5
苯日景区,西藏,林芝,林芝,70.0,4.6
藏北大草原,西藏,当雄,当雄,免费,4.8
古如拉措,西藏,措美,措美,免费,5.0
日托寺,西藏,贡嘎,贡嘎,免费,4.6
萨迦寺,西藏,萨迦,萨迦,免费,4.9
加乌拉,西藏,定日,定日,免费,4.9
鲁朗国际旅游小镇,西藏,林芝,林芝 · 鲁朗及附近地区,免费,4.7
孜珠寺,西藏,丁青,丁青,免费,4.8
岗巴拉山,西藏,亚东,亚东,免费,4.8
鲁朗景区,西藏,林芝,林芝,免费,4.5
岗云杉林,西藏,波密,波密,80.0,4.7
尼洋河风光带,西藏,林芝,林芝,免费,4.2
桃花沟风景区,西藏,波密,波密,免费,4.8
满拉水库,西藏,江孜,江孜,免费,5.0
宗角禄康公园,西藏,拉萨,拉萨 · 布达拉宫/太阳岛及附近地区,免费,4.9
318国道5000km纪念碑,西藏,拉孜,拉孜,免费,4.5
尼洋河,西藏,工布江达,工布江达,免费,4.7
嘎隆拉,西藏,墨脱,墨脱,免费,4.8
念青唐古拉观景台,西藏,当雄,当雄,免费,4.8
喜马拉雅山脉,西藏,墨脱,墨脱,免费,4.7
藏域星球天文体验馆,西藏,拉萨,拉萨 · 堆龙德庆区政府及附近地区,168.0,5.0
南山公园,西藏,拉萨,拉萨 · 罗布林卡及附近地区,免费,4.3
吉隆沟景区,西藏,吉隆,吉隆,免费,4.6
怒江72拐,西藏,八宿,八宿,免费,4.8
珠峰大本营绒布寺,西藏,定日,定日,免费,4.5
嘎拉桃花村,西藏,林芝,林芝,免费,4.5
西藏雅尼国家湿地公园,西藏,米林,米林,免费,4.6
雍布拉康,西藏,山南,山南,免费,4.7
札达土林国家地质公园‌,西藏,札达,札达,免费,4.8
羌塘国家级自然保护区,西藏,尼玛,尼玛,免费,4.8
扎叶巴寺,西藏,拉萨,拉萨,免费,4.4
扎日南木错,西藏,措勤,措勤,免费,4.2
墨脱县海市蜃楼观景台,西藏,墨脱,墨脱,免费,5.0
拉昂错,西藏,普兰,普兰,免费,4.8
冲巴雍错风景区,西藏,康马,康马,免费,5.0
盐井千年古盐田,西藏,芒康,芒康,免费,3.7
结巴村,西藏,工布江达,工布江达,免费,4.5
芝热寺,西藏,普兰,普兰,免费,暂无评分
古乡湖景区,西藏,波密,波密,免费,4.6
嘉措拉山口,西藏,拉孜,拉孜,免费,3.7
仁青崩寺,西藏,墨脱,墨脱,免费,4.7
班公湖,西藏,日土,日土,免费,4.9
念青唐古拉山脉,西藏,当雄,当雄,免费,5.0
三色湖,西藏,边坝,边坝,免费,4.7
甘丹寺,西藏,拉萨,拉萨,免费,4.6
琼穆岗日,西藏,尼木,尼木,免费,4.3
希夏邦马峰,西藏,聂拉木,聂拉木,免费,4.7
嘎瓦龙景区,西藏,波密,波密,免费,4.8
药王山-观景台,西藏,拉萨,拉萨 · 布达拉宫/太阳岛及附近地区,免费,4.8
白居寺,西藏,江孜,江孜,免费,4.8
色季拉山口,西藏,林芝,林芝,免费,5.0
祥格拉冰川,西藏,边坝,边坝,免费,4.0
鲁日拉观景台,西藏,浪卡子,浪卡子,免费,5.0
贡德林草原,西藏,桑日,桑日,免费,4.4
扎西岗村,西藏,林芝,林芝 · 鲁朗及附近地区,免费,4.9
白马林错,西藏,洛扎,洛扎,免费,4.7
羊湖,西藏,改则,改则,免费,4.7
拉鲁湿地国家级自然保护区,西藏,拉萨,拉萨,免费,3.8
宗山抗英遗址-江孜宗山古堡,西藏,江孜,江孜,免费,暂无评分
珠穆朗玛峰国家级自然保护区,西藏,定日,定日,免费,4.6
直贡梯寺,西藏,墨竹工卡,墨竹工卡,免费,4.8
雅江河谷观景台,西藏,贡嘎,贡嘎,免费,5.0
丙察察,西藏,察隅,察隅,免费,5.0
西藏百万农奴解放纪念馆,西藏,拉萨,拉萨 · 罗布林卡及附近地区,免费,4.8
当惹雍措,西藏,尼玛,尼玛,免费,4.8
比日神山生态景区,西藏,林芝,林芝,免费,4.5
达木寺骷髅墙,西藏,比如,比如,免费,3.4
达古峡谷风景区,西藏,桑日,桑日,免费,4.6
布达拉宫-红宫,西藏,拉萨,拉萨 · 布达拉宫/太阳岛及附近地区,免费,4.8
曲登尼玛冰川,西藏,岗巴,岗巴,免费,4.0
米拉山口,西藏,墨竹工卡,墨竹工卡,免费,4.6
思金拉措,西藏,桑日,桑日,免费,4.1
昌珠寺,西藏,山南,山南,免费,4.4
西藏阿里大地之树,西藏,改则,改则,免费,5.0
巴嘎镇,西藏,普兰,普兰,免费,4.5
秀巴千年古堡群,西藏,工布江达,工布江达,27.0,4.5
东达山,西藏,芒康,芒康,免费,4.8
珠峰小镇,西藏,定日,定日,免费,4.7
札达霞义沟土林景区,西藏,札达,札达,免费,2.3
强巴林寺,西藏,昌都,昌都,免费,4.4
喜马拉雅大断崖,西藏,吉隆,吉隆,免费,暂无评分
纳木那尼峰,西藏,普兰,普兰,免费,4.8
仲巴县五彩沙漠,西藏,仲巴,仲巴,免费,4.3
色季拉山观景台,西藏,林芝,林芝,免费,5.0
浪错,西藏,昂仁,昂仁,免费,4.5
羊卓雍错景区-1号观景台,西藏,贡嘎,贡嘎,免费,5.0
蓝色天国羊八井地热旅游区,西藏,当雄,当雄,198.0,4.2
推瓦村,西藏,浪卡子,浪卡子,免费,4.5
卡久寺,西藏,洛扎,洛扎,免费,4.2
嘎朗湖景区,西藏,波密,波密,免费,4.6
神山圣湖景区,西藏,普兰,普兰,150.0,4.6
恰央措旅游景区,西藏,浪卡子,浪卡子,免费,5.0
林则精灵谷,西藏,工布江达,工布江达,27.0,3.9
班公错,西藏,日土,日土,免费,4.8
托林寺,西藏,札达,札达,50.0,4.4
圣象天门三生石,西藏,班戈,班戈,免费,5.0
琼穆岗嘎雪山景区,西藏,尼木,尼木,免费,5.0
马卡鲁山,西藏,定日,定日,免费,4.0
大昭寺广场,西藏,拉萨,拉萨 · 八廓街/大昭寺及附近地区,免费,4.7
宗山小布达拉,西藏,日喀则,日喀则,免费,4.2
措木及日,西藏,林芝,林芝,170.0,4.6
怒江第一湾,西藏,比如,比如,免费,5.0
江河汇流,西藏,林芝,林芝,免费,4.3
天空之树,西藏,双湖,双湖,免费,4.0
然乌镇,西藏,八宿,八宿,免费,4.5
雅隆冰川,西藏,八宿,八宿,免费,5.0
卡定沟天佛瀑布,西藏,林芝,林芝,免费,4.6
阿玛直米雪山,西藏,定结,定结,免费,暂无评分
日喀则博物馆,西藏,日喀则,日喀则,免费,4.3
拉姆拉措,西藏,加查,加查,免费,4.5
古格王朝遗址-红殿,西藏,札达,札达,免费,4.0
纳木错国家风景区,西藏,当雄,当雄,免费,5.0
白普隆沟牧场,西藏,波密,波密,免费,5.0
直贡梯寺天葬台,西藏,墨竹工卡,墨竹工卡,免费,暂无评分
措那湖,西藏,安多,安多,免费,4.8
林拉公路,西藏,墨竹工卡,墨竹工卡,免费,5.0
塔钦,西藏,昌都,昌都,免费,暂无评分
卓奥友峰,西藏,定日,定日,免费,4.0
南迦巴瓦峰观景台,西藏,米林,米林,免费,4.4
文部村,西藏,尼玛,尼玛,免费,4.5
乃村,西藏,吉隆,吉隆,免费,4.8
扎布耶茶卡,西藏,仲巴,仲巴,免费,4.6
措宗贡巴寺,西藏,工布江达,工布江达,免费,4.3
巴松措休闲水上运动中心,西藏,工布江达,工布江达,免费,5.0
洛子I峰,西藏,定日,定日,免费,4.0
巴松措环湖游船,西藏,工布江达,工布江达,免费,4.9
嘎龙寺,西藏,波密,波密,免费,5.0
药王山-千佛山,西藏,拉萨,拉萨 · 布达拉宫/太阳岛及附近地区,免费,4.6
南迦巴瓦峰索松村最佳观景台,西藏,米林,米林,免费,暂无评分
功德林寺,西藏,拉萨,拉萨 · 布达拉宫/太阳岛及附近地区,免费,4.7
赞丹寺,西藏,索县,索县,免费,4.7
仙足岛,西藏,拉萨,拉萨 · 仙足岛及附近地区,免费,4.5
格林村观景台,西藏,墨脱,墨脱,免费,5.0
达格架喷泉,西藏,昂仁,昂仁,免费,4.0
怒江72拐大峡谷景区,西藏,八宿,八宿,免费,5.0
通麦天险,西藏,波密,波密,免费,4.5
物玛错,西藏,改则,改则,免费,5.0
穹窿银城,西藏,札达,札达,免费,暂无评分
佩枯措观景台,西藏,吉隆,吉隆,免费,暂无评分
色拉寺辩经场,西藏,拉萨,拉萨 · 色拉寺及附近地区,免费,4.7
帕邦喀,西藏,拉萨,拉萨,免费,4.5
苯日神山,西藏,林芝,林芝,免费,暂无评分
东达山垭口,西藏,芒康,芒康,免费,5.0
竹巴龙金沙江大桥,西藏,芒康,芒康,免费,4.3
布加雪山冰川,西藏,巴青,巴青,免费,5.0
西藏盐井景区,西藏,芒康,芒康,免费,4.8
沙琅国王峰,西藏,仲巴,仲巴,免费,暂无评分
皮央和东嘎遗址,西藏,札达,札达,免费,3.8
羊卓雍措雅布观景台,西藏,浪卡子,浪卡子,免费,暂无评分
公珠错,西藏,普兰,普兰,免费,3.0
南迦巴瓦峰大本营露营地,西藏,米林,米林,免费,5.0
阿里塔尔钦国际旅游特色小城镇,西藏,普兰,普兰,免费,暂无评分
帕隆藏布,西藏,波密,波密,免费,4.5
布达拉宫-白宫,西藏,拉萨,拉萨 · 布达拉宫/太阳岛及附近地区,免费,4.8
西藏旱地拔葱视频拍摄点,西藏,拉萨,拉萨 · 文成公主实景剧场及附近地区,免费,暂无评分
白朗沟,西藏,工布江达,工布江达,免费,5.0
普姆雍措,西藏,日喀则,日喀则,免费,暂无评分
藏王墓,西藏,琼结,琼结,免费,3.8
仁多乡,西藏,仲巴,仲巴,免费,4.0
鲁朗贡措湖景区,西藏,林芝,林芝,免费,4.0
楚布寺,西藏,拉萨,拉萨,免费,4.3
拉萨双层美食主题观光巴士,西藏,拉萨,拉萨 · 布达拉宫/太阳岛及附近地区,免费,5.0
扎日南木错湖心岛美人尖,西藏,措勤,措勤,免费,5.0
日弄巴冰川,西藏,八宿,八宿,免费,4.8
西藏非物质文化遗产博物馆,西藏,拉萨,拉萨 · 文成公主实景剧场及附近地区,免费,5.0
阿里暗夜公园,西藏,噶尔,噶尔,免费,4.5
林周县夏寺,西藏,林周,林周,免费,5.0
勒布沟国家级景区,西藏,错那,错那,免费,4.5
炯拉措,西藏,边坝,边坝,免费,4.0
当穹错,西藏,尼玛,尼玛,免费,4.5
帕羊镇,西藏,仲巴,仲巴,免费,4.5
盔甲山宋东巴热神山,西藏,波密,波密,免费,4.0
山南市桑日县亲猴台,西藏,桑日,桑日,免费,5.0
茶马广场,西藏,昌都,昌都,免费,5.0
墨脱门珞历史文化遗产博物馆,西藏,墨脱,墨脱,免费,4.6
米堆冰川景区-观景台,西藏,波密,波密,免费,暂无评分
朗秋冰川,西藏,波密,波密,免费,5.0
定结宗措湖,西藏,定结,定结,免费,暂无评分
定结县十万个沙丘,西藏,定结,定结,免费,暂无评分
鲁朗花海牧场景区,西藏,林芝,林芝,免费,4.6
巴木错,西藏,班戈,班戈,免费,4.6
‌普拉喜琼,西藏,萨嘎,萨嘎,免费,暂无评分
雪城,西藏,拉萨,拉萨 · 布达拉宫/太阳岛及附近地区,免费,5.0
摩崖石刻,西藏,拉萨,拉萨 · 布达拉宫/太阳岛及附近地区,免费,5.0
嘎隆拉冰川,西藏,波密,波密,免费,4.0
林多大拐弯,西藏,墨脱,墨脱,免费,4.5
KAMARIQU星空藏药浴(拉萨店),西藏,拉萨,拉萨 · 文成公主实景剧场及附近地区,免费,暂无评分
卓木拉日雪山,西藏,亚东,亚东,免费,4.4
西藏羊湖荒地星空营地,西藏,浪卡子,浪卡子,免费,4.8
桑桑高原牧场风景区,西藏,昂仁,昂仁,免费,暂无评分
羊八井地热温泉度假村,西藏,当雄,当雄,免费,暂无评分
萨普,西藏,比如,比如,免费,暂无评分
帕拉庄园,西藏,江孜,江孜,免费,4.6
拉萨滨河公园,西藏,拉萨,拉萨 · 罗布林卡及附近地区,免费,4.5
尼洋阁藏东南文化博览园,西藏,林芝,林芝,80.0,3.5
贡嘎蓝冰洞,西藏,边坝,边坝,免费,暂无评分
嘎朗王宫遗址,西藏,波密,波密,免费,4.3
如美村,西藏,芒康,芒康,免费,4.5
罗布林卡动物园,西藏,拉萨,拉萨 · 罗布林卡及附近地区,免费,4.3
多拉神山,西藏,八宿,八宿,免费,4.3
冈底斯山,西藏,措勤,措勤,免费,4.7
措嘉冰川,西藏,浪卡子,浪卡子,免费,4.8
珠穆朗玛峰观景平台,西藏,定日,定日,免费,5.0
拉萨山庄网红S弯,西藏,拉萨,拉萨,免费,5.0
雅鲁藏布大峡谷热气球飞行营地,西藏,米林,米林,免费,暂无评分
亲水叠瀑,西藏,墨脱,墨脱,免费,4.0
羊卓雍措(羊湖)国际滑翔伞基地,西藏,浪卡子,浪卡子,免费,5.0
莲花公园,西藏,墨脱,墨脱,免费,暂无评分
察瓦龙自驾游营地,西藏,察隅,察隅,免费,5.0
日土岩画,西藏,日土,日土,免费,4.3
西藏拉萨净土健康动物保护园,西藏,曲水,曲水,免费,3.4
山南博物馆,西藏,山南,山南,免费,4.7
处迂,西藏,洛扎,洛扎,免费,5.0
藏东南文化遗产博物馆,西藏,林芝,林芝,免费,2.5
第十世班禅大师灵塔祀殿,西藏,日喀则,日喀则,免费,4.6
色季拉国家森林公园,西藏,林芝,林芝,免费,4.5
普若岗日,西藏,双湖,双湖,免费,4.7
悬空寺,西藏,普兰,普兰,免费,4.5
科迦寺,西藏,普兰,普兰,免费,4.4
尼洋河观景台,西藏,林芝,林芝,免费,暂无评分
直贡噶举西方三怙主殿,西藏,拉萨,拉萨 · 八廓街/大昭寺及附近地区,18.0,5.0
卧龙奇石,西藏,米林,米林,免费,4.8
业拉山,西藏,八宿,八宿,免费,4.6
天堂草原,西藏,拉萨,拉萨,免费,4.0
布久喇嘛岭寺,西藏,林芝,林芝,免费,3.8
多情错,西藏,亚东,亚东,免费,4.5
萨迦古城景区,西藏,萨迦,萨迦,免费,4.0
界山达坂,西藏,日土,日土,免费,4.2
怒江大桥,西藏,八宿,八宿,免费,5.0
藏医药文化馆,西藏,拉萨,拉萨 · 堆龙德庆区政府及附近地区,免费,1.0
推瓦寺,西藏,浪卡子,浪卡子,免费,暂无评分
雅江河谷,西藏,贡嘎,贡嘎,免费,5.0
洞错,西藏,改则,改则,免费,4.8
昌都市博物馆,西藏,昌都,昌都,免费,4.2
西藏自然科学博物馆,西藏,拉萨,拉萨 · 万达广场及附近地区,免费,4.6
廓琼岗日冰川,西藏,当雄,当雄,免费,4.9
多吉扎寺,西藏,贡嘎,贡嘎,免费,4.9
邦达草原,西藏,八宿,八宿,免费,4.8
雅鲁藏布江水葬台,西藏,贡嘎,贡嘎,免费,4.9
业拉山99道拐,西藏,八宿,八宿,免费,4.3
驻藏大臣衙门遗址,西藏,拉萨,拉萨 · 八廓街/大昭寺及附近地区,免费,4.5
和平解放纪念碑,西藏,拉萨,拉萨 · 布达拉宫/太阳岛及附近地区,免费,暂无评分
大昭寺弥勒殿,西藏,拉萨,拉萨 · 八廓街/大昭寺及附近地区,免费,4.5
青藏川藏公路纪念碑,西藏,拉萨,拉萨 · 罗布林卡及附近地区,免费,4.6
拉萨大桥,西藏,拉萨,拉萨 · 八廓街/大昭寺及附近地区,免费,4.9
福建园,西藏,林芝,林芝 · 林芝市人民政府/工布儿童公园,免费,4.0
仓姑寺,西藏,拉萨,拉萨 · 八廓街/大昭寺及附近地区,免费,4.6
青朴(青朴修行地),西藏,扎囊,扎囊,免费,4.4
多雄拉,西藏,米林,米林,免费,4.5
西藏芒康滇金丝猴国家级自然保护区,西藏,芒康,芒康,免费,4.8
西藏拉萨清真大寺,西藏,拉萨,拉萨 · 八廓街/大昭寺及附近地区,免费,4.3
澜沧江大峡谷,西藏,芒康,芒康,免费,5.0
巴嘎噶林,西藏,拉萨,拉萨 · 布达拉宫/太阳岛及附近地区,免费,4.5
夏珠林寺,西藏,贡嘎,贡嘎,免费,4.8
波咯尔寺,西藏,措美,措美,免费,4.7
湖心宫,西藏,拉萨,拉萨 · 罗布林卡及附近地区,免费,4.8
小昭寺路,西藏,拉萨,拉萨 · 八廓街/大昭寺及附近地区,免费,4.6
达扎路恭纪功碑,西藏,拉萨,拉萨 · 布达拉宫/太阳岛及附近地区,免费,5.0
西藏体育馆,西藏,拉萨,拉萨 · 色拉寺及附近地区,免费,4.9
安久拉山,西藏,八宿,八宿,免费,4.7
拉萨市拉萨河水利风景区,西藏,拉萨,拉萨 · 罗布林卡及附近地区,免费,4.7
樟木318国道,西藏,聂拉木,聂拉木,免费,4.7
西藏察隅慈巴沟国家级自然保护区,西藏,察隅,察隅,免费,4.8
米堆村,西藏,波密,波密,免费,4.5
觉巴山,西藏,芒康,芒康,免费,4.7
绒布冰川,西藏,定日,定日,免费,4.4
错高村,西藏,工布江达,工布江达,免费,4.8
樟木口岸,西藏,聂拉木,聂拉木,免费,4.5
唐蕃会盟碑,西藏,拉萨,拉萨 · 八廓街/大昭寺及附近地区,免费,4.5
敏珠林寺,西藏,扎囊,扎囊,免费,4.0
乃钦康桑雪山冰川旅游区,西藏,江孜,江孜,免费,4.6
琉璃桥,西藏,拉萨,拉萨 · 布达拉宫/太阳岛及附近地区,免费,2.0
中流砥柱,西藏,工布江达,工布江达,免费,3.0
下密寺,西藏,拉萨,拉萨 · 八廓街/大昭寺及附近地区,免费,4.0
直白村,西藏,林芝,林芝,免费,4.8
即乌寺,西藏,普兰,普兰,免费,4.4
扎达布日寺,西藏,噶尔,噶尔,免费,4.6
乃琼寺,西藏,拉萨,拉萨 · 哲蚌寺/金珠西路及附近地区,免费,3.5
太昭古城,西藏,工布江达,工布江达,免费,5.0
拉萨河特大桥,西藏,曲水,曲水,免费,4.7
羊巴井寺,西藏,当雄,当雄,免费,4.3
娘热民俗风情园,西藏,拉萨,拉萨,免费,4.5
象泉河,西藏,噶尔,噶尔,免费,4.0
关帝庙,西藏,拉萨,拉萨 · 布达拉宫/太阳岛及附近地区,免费,4.8
拉萨日多温泉山庄,西藏,墨竹工卡,墨竹工卡,免费,4.5
木如寺印经院,西藏,拉萨,拉萨 · 八廓街/大昭寺及附近地区,免费,4.0
喜德寺,西藏,拉萨,拉萨 · 八廓街/大昭寺及附近地区,免费,3.7
帕里草原,西藏,亚东,亚东,免费,4.4
热振寺,西藏,林周,林周,免费,4.0
强巴佛殿(弥勒殿),西藏,日喀则,日喀则,免费,4.5
纳木湖镇,西藏,当雄,当雄,免费,4.6
格桑花公园,西藏,拉萨,拉萨 · 布达拉宫/太阳岛及附近地区,免费,4.4
千年核桃王景区,西藏,林芝,林芝,免费,4.4
飞越西藏5D飞行体验馆,西藏,拉萨,拉萨,49.5,5.0
排龙天险,西藏,波密,波密,免费,3.7
西安博物院,陕西,西安,西安 · 永宁门/西安博物院,免费,4.6
陕西黄河壶口瀑布,陕西,宜川,宜川 · 黄河壶口风景区,73.0,4.6
甘泉大峡谷,陕西,甘泉,甘泉,166.0,4.7
太白山国家森林公园,陕西,眉县,眉县,180.0,4.5
黄帝陵,陕西,黄陵,黄陵,75.0,4.6
秦始皇帝陵博物院(兵马俑),陕西,西安,西安 · 兵马俑/华清宫旅游区,120.0,4.7
陕西历史博物馆,陕西,西安,西安 · 小寨/陕西历史博物馆,免费,4.8
西安城墙,陕西,西安,西安 · 钟鼓楼/西安古城,53.0,4.6
华清宫,陕西,西安,西安 · 兵马俑/华清宫旅游区,108.0,4.6
华山,陕西,华阴,华阴,80.0,4.7
大唐不夜城,陕西,西安,西安 · 大雁塔/大唐不夜城,免费,4.5
西安钟楼,陕西,西安,西安 · 钟鼓楼/西安古城,30.0,4.5
赳赳大秦,陕西,西安,西安 · 汉长安遗址公园/三桥,258.0,4.9
大唐芙蓉园,陕西,西安,西安 · 大雁塔/大唐不夜城,68.0,4.4
大雁塔,陕西,西安,西安 · 大雁塔/大唐不夜城,免费,4.7
长安十二时辰主题街区,陕西,西安,西安 · 大雁塔/大唐不夜城,68.0,4.1
西安碑林博物馆,陕西,西安,西安 · 钟鼓楼/西安古城,85.0,4.7
大雁塔文化休闲景区,陕西,西安,西安 · 大雁塔/大唐不夜城,免费,4.5
大明宫国家遗址公园,陕西,西安,西安 · 大明宫遗址公园/西安站,60.0,4.1
陕西波浪谷景区,陕西,靖边,靖边,85.0,4.6
西安鼓楼,陕西,西安,西安 · 钟鼓楼/西安古城,30.0,4.6
陕西考古博物馆,陕西,西安,西安 · 长安大学城,免费,4.8
宝塔山,陕西,延安,延安 · 宝塔山/中心街万达广场,免费,暂无评分
青木川古镇,陕西,宁强,宁强,54.0,4.5
回民街,陕西,西安,西安 · 钟鼓楼/西安古城,免费,4.3
《驼铃传奇》秀,陕西,西安,西安 · 国际会展中心/浐灞国际港务区,198.0,4.5
西安秦岭野生动物园,陕西,西安,西安 · 秦岭环山路/野生动物园,100.0,4.4
法门文化景区,陕西,扶风,扶风,76.0,4.5
大慈恩寺,陕西,西安,西安 · 大雁塔/大唐不夜城,免费,暂无评分
汉中龙头山国际旅游度假区,陕西,汉中,汉中,133.0,4.6
西安千古情,陕西,西安,西安 · 国际会展中心/浐灞国际港务区,201.0,4.6
兴汉胜境,陕西,汉中,汉中 · 汉中火车站/兴汉胜境,100.0,4.4
陕西历史博物馆秦汉馆,陕西,咸阳,咸阳,免费,4.8
高家大院,陕西,西安,西安 · 钟鼓楼/西安古城,14.91,4.3
乾陵,陕西,乾县,乾县,96.0,4.6
华山西峰索道,陕西,华阴,华阴,130.0,4.7
华夏文旅西安度假区,陕西,西安,西安 · 国际会展中心/浐灞国际港务区,免费,4.5
永兴坊,陕西,西安,西安 · 钟鼓楼/西安古城,免费,4.5
西安世博园,陕西,西安,西安 · 国际会展中心/浐灞国际港务区,免费,4.6
杨家岭革命旧址,陕西,延安,延安 · 延安大学/杨家岭/枣园革命旧址,免费,暂无评分
秦岭四宝科学公园,陕西,周至,周至,30.0,4.8
终南山南五台景区,陕西,西安,西安 · 秦岭环山路/野生动物园,45.0,4.6
陕西红碱淖风景区,陕西,神木,神木,55.0,4.2
小雁塔遗址公园,陕西,西安,西安 · 永宁门/西安博物院,免费,4.7
枣园革命旧址,陕西,延安,延安 · 延安大学/杨家岭/枣园革命旧址,免费,暂无评分
翠华山·秦岭终南山世界地质公园,陕西,西安,西安 · 秦岭环山路/野生动物园,65.0,4.7
终南山,陕西,西安,西安,免费,4.6
秦始皇兵马俑一号陪葬坑,陕西,西安,西安 · 兵马俑/华清宫旅游区,120.0,4.5
宝鸡青铜器博物院,陕西,宝鸡,宝鸡 · 陈仓老街/中华石鼓园,免费,4.7
曲江海洋极地公园,陕西,西安,西安 · 大雁塔/大唐不夜城,180.0,4.0
广仁寺,陕西,西安,西安 · 钟鼓楼/西安古城,免费,4.9
秦始皇兵马俑二号陪葬坑,陕西,西安,西安 · 兵马俑/华清宫旅游区,免费,4.5
关山草原,陕西,陇县,陇县,55.0,4.5
汉阳陵国家考古遗址公园,陕西,咸阳,咸阳,70.0,4.6
中华石鼓园,陕西,宝鸡,宝鸡 · 陈仓老街/中华石鼓园,免费,4.3
西安半坡博物馆,陕西,西安,西安 · 唐都医院/纺织城,55.0,4.7
金丝峡景区,陕西,商南,商南,100.0,4.4
延安革命纪念馆,陕西,延安,延安 · 延安大学/杨家岭/枣园革命旧址,免费,暂无评分
青龙寺,陕西,西安,西安 · 大雁塔/大唐不夜城,免费,4.6
茂陵博物馆,陕西,兴平,兴平,70.0,4.4
华夏文旅海洋公园,陕西,西安,西安 · 国际会展中心/浐灞国际港务区,230.0,4.5
大兴善寺,陕西,西安,西安 · 小寨/陕西历史博物馆,免费,4.6
丝路欢乐世界,陕西,咸阳,咸阳,198.0,4.2
骑行古城墙,陕西,西安,西安 · 永宁门/西安博物院,免费,4.5
西安大人国(原乐华恒业欢乐世界),陕西,泾阳,泾阳,156.0,4.5
陕西自然博物馆,陕西,西安,西安 · 电子城地区,30.0,4.5
勉县武侯祠博物馆,陕西,勉县,勉县,50.0,4.6
诸葛古镇,陕西,勉县,勉县,免费,4.1
大明宫宴(全景沉浸式唐文化餐秀),陕西,西安,西安 · 大明宫遗址公园/西安站,263.0,4.6
骊山,陕西,西安,西安 · 兵马俑/华清宫旅游区,免费,4.4
华山北峰索道,陕西,华阴,华阴,80.0,4.7
瀛湖风景区,陕西,安康,安康,108.0,4.1
秦始皇帝陵博物院-丽山园,陕西,西安,西安 · 兵马俑/华清宫旅游区,免费,4.6
延川黄河乾坤湾景区,陕西,延川,延川,72.0,4.6
二郎山,陕西,神木,神木,35.0,4.8
延安红街,陕西,延安,延安 · 宝塔山/中心街万达广场,免费,4.9
长安云·西安科技馆,陕西,西安,西安 · 国际会展中心/浐灞国际港务区,60.0,4.4
武侯墓,陕西,勉县,勉县,60.0,4.6
西影电影博物馆,陕西,西安,西安 · 大雁塔/大唐不夜城,68.9,4.6
壶口瀑布国家地质公园,陕西,宜川,宜川 · 黄河壶口风景区,免费,4.8
大唐秦王陵博物馆,陕西,宝鸡,宝鸡,免费,4.5
南泥湾风景区,陕西,延安,延安,免费,4.5
骊山索道,陕西,西安,西安 · 兵马俑/华清宫旅游区,30.0,4.3
秦岭,陕西,太白县,太白县,免费,4.6
西峰,陕西,华阴,华阴,免费,4.7
钟鼓楼广场,陕西,西安,西安 · 钟鼓楼/西安古城,免费,4.7
永宁门,陕西,西安,西安 · 永宁门/西安博物院,免费,4.5
黎坪森林公园,陕西,汉中,汉中,110.0,4.6
紫柏山国家森林公园,陕西,留坝,留坝,免费,4.3
榆林老街,陕西,榆林,榆林 · 榆林老城/夫子庙文化旅游步行街,免费,4.7
郑国渠旅游风景区,陕西,泾阳,泾阳,95.0,3.9
牛背梁国家森林公园,陕西,柞水,柞水,102.0,4.3
太平国家森林公园,陕西,西安,西安 · 秦岭环山路/野生动物园,58.0,4.7
镇北台长城景区,陕西,榆林,榆林 · 榆林老城/夫子庙文化旅游步行街,免费,4.6
五丈原诸葛亮庙,陕西,岐山,岐山,29.7,4.2
白鹿原·白鹿仓,陕西,西安,西安 · 白鹿原地区,免费,3.4
红石峡景区,陕西,榆林,榆林 · 榆林老城/夫子庙文化旅游步行街,30.0,4.5
张良庙,陕西,留坝,留坝,50.0,4.4
昭陵,陕西,礼泉,礼泉,29.9,4.3
西安事变纪念馆,陕西,西安,西安 · 钟鼓楼/西安古城,免费,暂无评分
西安交通大学(兴庆校区),陕西,西安,西安 · 西安交大/李家村,免费,4.7
西安城市观光车,陕西,西安,西安 · 大雁塔/大唐不夜城,29.9,4.5
水陆庵,陕西,蓝田,蓝田,免费,4.5
党家村,陕西,韩城,韩城,25.0,4.3
周至水街烟火巷子,陕西,周至,周至,59.0,3.9
红河谷森林公园,陕西,眉县,眉县,54.0,4.4
司马迁祠景区,陕西,韩城,韩城,40.0,4.5
武皇盛宴(大唐不夜城店),陕西,西安,西安 · 大雁塔/大唐不夜城,208.0,4.5
白鹿原影视城,陕西,蓝田,蓝田,免费,4.3
秦岭风景区,陕西,西安,西安,免费,4.9
汉中石门栈道风景区,陕西,勉县,勉县,70.0,4.2
巧克巧蔻·巧克力博物馆(西安大唐不夜城馆),陕西,西安,西安 · 大雁塔/大唐不夜城,29.6,4.6
2026长安灯会·西安城墙,陕西,西安,西安 · 钟鼓楼/西安古城,免费,4.2
西安欢乐谷·玛雅海滩,陕西,西安,西安 · 诗经里/西安欢乐谷,168.0,4.4
药王山,陕西,铜川,铜川,60.0,4.5
柞水溶洞,陕西,柞水,柞水,100.0,4.2
古观音禅寺,陕西,西安,西安 · 秦岭环山路/野生动物园,免费,4.3
统万城国家考古遗址公园,陕西,靖边,靖边,免费,4.1
白云山,陕西,佳县,佳县,58.0,4.4
大唐芙蓉园《大唐追梦》,陕西,西安,西安 · 大雁塔/大唐不夜城,免费,4.4
西安热雪奇迹,陕西,西安,西安 · 国际会展中心/浐灞国际港务区,228.0,4.9
兴庆宫公园,陕西,西安,西安 · 西安交大/李家村,免费,4.8
黄柏塬,陕西,太白县,太白县,60.0,3.9
朱雀国家森林公园,陕西,西安,西安,45.0,4.5
少华山国家森林公园,陕西,渭南,渭南,60.0,4.2
西安曲江池遗址公园,陕西,西安,西安 · 大雁塔/大唐不夜城,免费,4.8
南宫山国家森林公园,陕西,岚皋,岚皋,49.9,4.4
清凉山,陕西,延安,延安 · 宝塔山/中心街万达广场,40.0,暂无评分
秦岭天竺山生态文化旅游景区,陕西,山阳,山阳,49.9,4.5
韩城古城,陕西,韩城,韩城,免费,4.5
临潼悦椿温泉,陕西,西安,西安 · 兵马俑/华清宫旅游区,188.0,4.5
袁家村,陕西,礼泉,礼泉 · 袁家村地区,免费,4.5
华清御汤·宝积池温泉,陕西,西安,西安 · 兵马俑/华清宫旅游区,359.0,4.5
城固县博物馆,陕西,城固,城固,免费,4.7
西岳庙,陕西,华阴,华阴,15.0,4.7
潼关古城,陕西,潼关,潼关,免费,3.6
大雁塔北广场音乐喷泉,陕西,西安,西安 · 大雁塔/大唐不夜城,免费,4.5
中坝大峡谷,陕西,石泉,石泉,60.0,4.2
太白山凤凰温泉,陕西,眉县,眉县,79.0,4.6
汉武帝茂陵,陕西,兴平,兴平,免费,4.5
黄帝陵轩辕庙,陕西,黄陵,黄陵,75.0,4.6
九龙山景区,陕西,宝鸡,宝鸡,40.0,4.3
陕西唐三彩艺术博物馆,陕西,西安,西安 · 西安交大/李家村,50.0,4.9
佛坪熊猫谷旅游区,陕西,佛坪,佛坪,50.0,4.1
钟楼,陕西,西安,西安 · 西京医院/通化门,免费,4.9
炎帝陵,陕西,宝鸡,宝鸡,免费,4.4
石峁遗址,陕西,神木,神木,48.0,4.6
《古城烽火》秀,陕西,西安,西安,98.0,4.9
书院门步行街,陕西,西安,西安 · 钟鼓楼/西安古城,免费,4.5
汉中市博物馆,陕西,汉中,汉中 · 中心广场/万邦时代广场,免费,4.5
龙头山,陕西,汉中,汉中,免费,5.0
西安欢乐谷,陕西,西安,西安 · 诗经里/西安欢乐谷,99.0,4.5
永宁山古寨,陕西,志丹,志丹,39.0,4.8
红秀《延安延安》,陕西,延安,延安 · 延安大学/杨家岭/枣园革命旧址,214.0,4.6
长空栈道,陕西,华阴,华阴,免费,4.5
天汉楼,陕西,汉中,汉中 · 桥北广场/天汉湿地公园,10.0,4.4
乔家大院,陕西,神木,神木,免费,3.3
西安城墙护城河智能游船,陕西,西安,西安 · 永宁门/西安博物院,免费,4.5
麻黄梁黄土地质公园,陕西,榆林,榆林,免费,4.2
翠华山滑雪场,陕西,西安,西安 · 秦岭环山路/野生动物园,免费,4.0
青峰峡森林公园,陕西,太白县,太白县,79.0,4.3
大唐西市博物馆,陕西,西安,西安 · 大唐西市,55.0,4.4
大雁塔北广场,陕西,西安,西安 · 大雁塔/大唐不夜城,免费,4.5
西安九号宇宙航天科普馆,陕西,西安,西安 · 大雁塔/大唐不夜城,98.0,4.6
太白山唐镇,陕西,眉县,眉县,免费,4.6
照金国际滑雪场,陕西,铜川,铜川,368.0,4.4
钟山石窟,陕西,子长,子长,30.0,4.7
猫巷大峡谷,陕西,志丹,志丹,免费,4.3
彬州市大佛寺石窟,陕西,彬州,彬州,20.0,4.4
张骞墓,陕西,城固,城固,免费,4.6
鳌山滑雪度假区,陕西,太白县,太白县,199.0,4.2
香积寺,陕西,西安,西安 · 长安大学城,免费,4.6
长青华阳景区,陕西,洋县,洋县,免费,4.2
法门寺博物馆,陕西,扶风,扶风,免费,4.2
德福巷,陕西,西安,西安 · 钟鼓楼/西安古城,免费,4.5
汉江源景区,陕西,宁强,宁强,65.0,3.8
榆林古城,陕西,榆林,榆林 · 榆林老城/夫子庙文化旅游步行街,免费,4.9
龙门洞,陕西,陇县,陇县,免费,4.1
秦陵地宫,陕西,西安,西安 · 兵马俑/华清宫旅游区,150.0,4.0
古汉台,陕西,汉中,汉中 · 中心广场/万邦时代广场,免费,5.0
华山风景名胜区-华山地质公园,陕西,华阴,华阴,免费,4.9
大明宫国家遗址公园丹凤门遗址博物馆,陕西,西安,西安 · 大明宫遗址公园/西安站,免费,4.3
大水川,陕西,宝鸡,宝鸡 · 大水川,83.8,4.2
华山北峰,陕西,华阴,华阴,免费,4.7
永宁门-南门城楼,陕西,西安,西安 · 永宁门/西安博物院,免费,5.0
秦兵马俑二号坑遗址大厅,陕西,西安,西安 · 兵马俑/华清宫旅游区,免费,4.7
塔云山景区,陕西,镇安,镇安,100.0,4.7
太白山御龙湾温泉,陕西,眉县,眉县,138.0,4.4
咸阳博物院,陕西,咸阳,咸阳,免费,4.5
秦兵马俑三号坑遗址,陕西,西安,西安 · 兵马俑/华清宫旅游区,免费,4.8
西安化觉巷清真大寺,陕西,西安,西安 · 钟鼓楼/西安古城,免费,4.6
大明宫国家遗址博物馆,陕西,西安,西安 · 大明宫遗址公园/西安站,免费,4.3
华阳古镇,陕西,洋县,洋县,免费,3.9
王家坪革命旧址,陕西,延安,延安 · 延安大学/杨家岭/枣园革命旧址,免费,暂无评分
西安植物园新区,陕西,西安,西安,20.0,4.3
青曲社,陕西,西安,西安 · 钟鼓楼/西安古城,68.0,4.5
狮子沟牧场,陕西,留坝,留坝,免费,4.2
张裕长歌酒庄,陕西,咸阳,咸阳 · 西安咸阳国际机场,96.0,4.4
拜将坛,陕西,汉中,汉中 · 中心广场/万邦时代广场,免费,4.0
秦岭国家植物园,陕西,周至,周至,免费,4.2
灞业3000m温泉,陕西,西安,西安 · 城东其他区域,78.0,4.7
瀛湖翠屏岛,陕西,安康,安康,70.0,3.5
唐乐宫《大唐女皇》,陕西,西安,西安 · 永宁门/西安博物院,268.0,4.3
中国·周原,陕西,岐山,岐山,免费,4.3
岐山周公庙景区,陕西,岐山,岐山,65.0,4.2
诗经里,陕西,西安,西安 · 诗经里/西安欢乐谷,29.9,3.3
毛乌素沙漠,陕西,靖边,靖边,免费,4.4
西安事变旧址五间厅,陕西,西安,西安 · 兵马俑/华清宫旅游区,免费,4.4
长恨歌广场,陕西,西安,西安 · 兵马俑/华清宫旅游区,免费,4.7
西部机场博物馆,陕西,咸阳,咸阳 · 西安咸阳国际机场,免费,4.2
杨家岭毛主席旧居,陕西,延安,延安 · 延安大学/杨家岭/枣园革命旧址,免费,暂无评分
湘子庙,陕西,西安,西安 · 钟鼓楼/西安古城,免费,4.5
高家堡古城,陕西,神木,神木,免费,4.4
波浪谷水上丹霞,陕西,靖边,靖边,免费,5.0
昭陵博物馆,陕西,礼泉,礼泉,37.9,4.2
终南山寨,陕西,柞水,柞水,免费,4.5
西安银基冰雪世界,陕西,西安,西安 · 城东其他区域,49.9,4.0
棣花古镇,陕西,丹凤,丹凤,免费,4.5
梁带村芮国遗址博物馆,陕西,韩城,韩城,25.0,4.6
白鹿原滑雪场,陕西,西安,西安 · 白鹿原地区,免费,3.8
陈炉古镇,陕西,铜川,铜川,免费,4.5
金延安旅游度假区,陕西,延安,延安 · 金延安,免费,3.9
秦始皇帝陵博物院-铜车马博物馆,陕西,西安,西安 · 兵马俑/华清宫旅游区,免费,4.6
李自成行宫,陕西,米脂,米脂,免费,4.6
西府老街,陕西,宝鸡,宝鸡 · 中山路/西府老街,免费,4.5
陕西壶口瀑布50元人民币取景处,陕西,宜川,宜川 · 黄河壶口风景区,免费,4.6
太白山唐镇·瑞斯丽温泉,陕西,眉县,眉县,159.0,4.7
华清宫-兵谏亭,陕西,西安,西安 · 兵马俑/华清宫旅游区,免费,4.3
溪山胜境景区,陕西,铜川,铜川,50.0,4.2
西安市明清皮影艺术博物馆,陕西,西安,西安 · 大雁塔/大唐不夜城,9.9,4.5
长乐塬抗战工业遗址,陕西,宝鸡,宝鸡,48.0,暂无评分
咸阳古渡廊桥,陕西,咸阳,咸阳,免费,4.9
海泉湾温泉,陕西,咸阳,咸阳,120.0,4.7
昆明池·七夕公园,陕西,西安,西安 · 诗经里/西安欢乐谷,免费,3.8
西安后海,陕西,西安,西安 · 国际会展中心/浐灞国际港务区,免费,4.3
金龙峡,陕西,西安,西安 · 秦岭环山路/野生动物园,39.9,4.0
黄土高坡观景台,陕西,延安,延安,免费,4.6
北京知青旧居,陕西,宜川,宜川,免费,3.4
西安海洋馆,陕西,西安,西安 · Gpark老城根/太奥广场,39.9,3.9
秦咸阳宫遗址博物馆,陕西,咸阳,咸阳,免费,4.7
汉长安城未央宫国家考古遗址公园,陕西,西安,西安 · 汉长安遗址公园/三桥,免费,3.9
地建南山(华山)温泉,陕西,华阴,华阴,88.0,4.4
西影风雷年代影视基地,陕西,西安,西安 · 秦岭环山路/野生动物园,60.0,4.5
《黄河大合唱》民族抗战史诗剧,陕西,宜川,宜川,免费,5.0
华清宫景区-九龙湖,陕西,西安,西安 · 兵马俑/华清宫旅游区,免费,4.7
西安美术馆,陕西,西安,西安 · 大雁塔/大唐不夜城,免费,4.5
尔林兔大草原,陕西,神木,神木,免费,2.5
太白山国家森林公园-天圆地方,陕西,周至,周至,免费,4.4
朱鹮生态园,陕西,洋县,洋县,40.0,4.0
大唐芙蓉园《鼓》,陕西,西安,西安 · 大雁塔/大唐不夜城,免费,4.9
石泉古街,陕西,石泉,石泉,免费,3.6
西安浐灞国家湿地公园,陕西,西安,西安 · 国际会展中心/浐灞国际港务区,免费,4.6
绥德双水村,陕西,绥德,绥德,免费,4.5
西安市镐金古金银铜器博物馆,陕西,西安,西安 · 大雁塔/大唐不夜城,45.0,4.9
太白山水温泉,陕西,眉县,眉县,78.0,5.0
鲜都猕猴桃园,陕西,周至,周至,100.0,5.0
西安国际创新人才交流中心,陕西,西安,西安 · 兵马俑/华清宫旅游区,138.0,4.9
陕西秦腔博物馆,陕西,西安,西安,免费,4.9
三原城隍庙,陕西,三原,三原,免费,4.9
华山风景名胜区-鹞子翻身,陕西,华阴,华阴,免费,4.4
中共中央西北局旧址,陕西,延安,延安 · 延安火车站/汽车南站,免费,暂无评分
东峰(朝阳峰),陕西,华阴,华阴,免费,4.7
延安国家森林公园凤凰山景区,陕西,延安,延安 · 宝塔山/中心街万达广场,免费,4.8
华山风景名胜区-苍龙岭,陕西,华阴,华阴,免费,4.7
小雁塔雁园皮影戏,陕西,西安,西安 · 永宁门/西安博物院,免费,4.6
秦始皇帝陵文物陈列厅,陕西,西安,西安 · 兵马俑/华清宫旅游区,免费,4.8
关中民俗艺术博物院,陕西,西安,西安 · 秦岭环山路/野生动物园,120.0,4.6
汉中油菜花海,陕西,洋县,洋县,免费,4.7
飞翔梦航空科技馆,陕西,西安,西安,99.0,4.8
略阳五龙洞国家森林公园,陕西,略阳,略阳,45.0,4.7
长安城市公园(樊川公园),陕西,西安,西安,免费,4.9
大秦温泉,陕西,西安,西安 · 汉长安遗址公园/三桥,129.0,4.5
沣东荷苑,陕西,西安,西安 · 诗经里/西安欢乐谷,19.9,4.5
西北农林科技大学博览园,陕西,咸阳,咸阳,50.0,4.7
西安城市运动公园,陕西,西安,西安 · 西安北站/市政府,免费,4.6
木塔寺生态遗址公园-2期,陕西,西安,西安 · 高新技术开发区,免费,4.8
曲江景园,陕西,西安,西安 · 大雁塔/大唐不夜城,免费,5.0
丰庆公园,陕西,西安,西安 · 大唐西市,免费,4.7
宝鸡植物园,陕西,宝鸡,宝鸡 · 公园路商圈,免费,4.7
华山南峰,陕西,华阴,华阴,免费,4.8
华清宫景区-芙蓉园,陕西,西安,西安 · 兵马俑/华清宫旅游区,免费,4.7
河滨公园(榆阳西路),陕西,榆林,榆林 · 榆林老城/夫子庙文化旅游步行街,免费,4.6
大皮院,陕西,西安,西安 · 钟鼓楼/西安古城,免费,4.6
茂陵博物馆-霍去病墓,陕西,兴平,兴平,免费,4.7
青龙寺遗址博物馆,陕西,西安,西安 · 大雁塔/大唐不夜城,免费,4.7
汉江三峡,陕西,石泉,石泉,免费,4.7
咸阳湖景区,陕西,咸阳,咸阳,免费,4.7
西安城墙·碑林历史文化景区-杨虎城将军纪念馆,陕西,西安,西安 · 钟鼓楼/西安古城,免费,暂无评分
八路军西安办事处纪念馆,陕西,西安,西安 · 钟鼓楼/西安古城,免费,暂无评分
永泰公主墓,陕西,乾县,乾县,免费,4.7
张学良将军公馆,陕西,西安,西安 · 钟鼓楼/西安古城,免费,暂无评分
薛家寨,陕西,铜川,铜川,免费,4.7
陕西省美术博物馆,陕西,西安,西安 · 永宁门/西安博物院,免费,4.5
乾陵博物馆,陕西,乾县,乾县,免费,4.8
薰衣草庄园,陕西,汉中,汉中,免费,4.6
刘志丹烈士陵园,陕西,志丹,志丹,免费,暂无评分
开元广场,陕西,西安,西安 · 大雁塔/大唐不夜城,免费,4.8
大唐芙蓉园-紫云楼,陕西,西安,西安 · 大雁塔/大唐不夜城,免费,4.5
凤堰古梯田,陕西,汉阴,汉阴,免费,4.8
洽川风景区,陕西,合阳,合阳,24.0,4.4
西安城墙-长乐门,陕西,西安,西安 · 西安交大/李家村,免费,4.7
马嵬驿民俗文化体验园,陕西,兴平,兴平,免费,4.7
清凉山森林公园欢乐城,陕西,西安,西安 · 长安大学城,免费,5.0
木塔寺生态遗址公园,陕西,西安,西安 · 高新技术开发区,免费,4.7
陕西省图书馆,陕西,西安,西安 · 永宁门/西安博物院,免费,4.6
长乐公园游乐场,陕西,西安,西安 · 西京医院/通化门,免费,4.6
大雁塔南广场,陕西,西安,西安 · 大雁塔/大唐不夜城,免费,4.5
西北农林科技大学昆虫博物馆,陕西,咸阳,咸阳,免费,4.5
云梯,陕西,华阴,华阴,免费,5.0
华山御温泉,陕西,华阴,华阴,119.0,4.5
新纪元公园,陕西,西安,西安 · 高新技术开发区,免费,4.7
安定门,陕西,西安,西安 · 西稍门机场大巴站/土门地区,免费,4.7
仓颉庙,陕西,白水,白水,40.0,4.6
巴山玉溶洞,陕西,镇巴,镇巴,免费,4.9
陕西师范大学(雁塔校区),陕西,西安,西安 · 大雁塔/大唐不夜城,免费,4.6
玉泉院,陕西,华阴,华阴,免费,4.5
长乐公园,陕西,西安,西安 · 西京医院/通化门,免费,4.5
金锁关,陕西,华阴,华阴,免费,4.5
西大街,陕西,西安,西安 · 钟鼓楼/西安古城,免费,4.5
荐福寺-藏经楼,陕西,西安,西安 · 永宁门/西安博物院,免费,4.8
照金香山,陕西,铜川,铜川,35.0,4.7
西安音乐厅,陕西,西安,西安 · 大雁塔/大唐不夜城,免费,4.7
吴起镇革命旧址,陕西,吴起,吴起,免费,暂无评分
城固钟楼,陕西,城固,城固,免费,4.8
祥峪森林公园,陕西,西安,西安 · 秦岭环山路/野生动物园,29.9,4.5
樱桃沟,陕西,西乡,西乡,免费,4.6
学习巷仿古商业街,陕西,西安,西安 · 钟鼓楼/西安古城,免费,4.7
唐代壁画珍品馆,陕西,西安,西安 · 小寨/陕西历史博物馆,免费,4.7
唐城墙遗址公园,陕西,西安,西安 · 高新技术开发区,免费,4.5
西安唐皇城墙含光门遗址博物馆,陕西,西安,西安 · 永宁门/西安博物院,免费,4.7
渭河公园,陕西,宝鸡,宝鸡 · 宝鸡站/经二路,免费,4.7
月亮洞,陕西,山阳,山阳,55.0,4.5
清凉山森林公园,陕西,西安,西安 · 长安大学城,免费,4.8
陕西广播电视塔,陕西,西安,西安 · 电子城地区,49.0,4.3
卧龙禅林,陕西,西安,西安 · 钟鼓楼/西安古城,免费,4.6
粉巷,陕西,西安,西安 · 钟鼓楼/西安古城,免费,4.4
护国兴教寺,陕西,西安,西安,免费,4.8
府州城,陕西,府谷,府谷,免费,4.6
西羊市,陕西,西安,西安 · 钟鼓楼/西安古城,免费,4.5
汉阳陵考古陈列馆,陕西,咸阳,咸阳,免费,5.0
天汉湿地公园,陕西,汉中,汉中 · 海洋城/3201医院/吾悦广场,免费,4.9
耀州窑博物馆,陕西,铜川,铜川,免费,4.7
永阳公园,陕西,西安,西安 · 高新技术开发区,免费,4.9
玄奘法师铜像,陕西,西安,西安 · 大雁塔/大唐不夜城,免费,4.6
陕西美术馆,陕西,西安,西安 · 钟鼓楼/西安古城,免费,4.3
流峪飞峡,陕西,蓝田,蓝田,免费,4.6
西安城墙-文昌门,陕西,西安,西安 · 永宁门/西安博物院,免费,4.5
陕西钱币博物馆(不对外开放),陕西,西安,西安 · 高新技术开发区,免费,4.7
汉城湖景区,陕西,西安,西安 · 汉长安遗址公园/三桥,免费,4.5
南山温泉,陕西,西安,西安 · 秦岭环山路/野生动物园,179.0,4.6
张掖七彩丹霞旅游景区,甘肃,张掖,张掖,108.0,4.7
鸣沙山月牙泉,甘肃,敦煌,敦煌 · 鸣沙山月牙泉景区,108.0,4.7
嘉峪关关城,甘肃,嘉峪关,嘉峪关,108.0,4.5
扎尕那,甘肃,迭部,迭部,80.0,4.3
天梯山石窟,甘肃,武威,武威,30.0,4.6
兰州水墨丹霞旅游景区,甘肃,永登,永登,80.0,4.5
莫高窟,甘肃,敦煌,敦煌,238.0,4.4
平山湖大峡谷,甘肃,张掖,张掖,127.0,4.7
甘肃省博物馆,甘肃,兰州,兰州 · 省博物馆/兰州中心,免费,4.6
祁连山冰沟河景区,甘肃,天祝,天祝,120.0,4.8
张掖大佛寺,甘肃,张掖,张掖 · 大佛寺,40.0,4.7
敦煌書局,甘肃,敦煌,敦煌 · 沙州市场,免费,4.8
马蹄石窟群旅游区,甘肃,肃南,肃南,52.0,4.6
敦煌博物馆,甘肃,敦煌,敦煌 · 鸣沙山月牙泉景区,免费,4.7
麦积山石窟,甘肃,天水,天水 · 麦积山石窟/仙人崖,105.0,4.5
麦积山风景名胜区,甘肃,天水,天水 · 麦积山石窟/仙人崖,117.0,4.5
阳关景区,甘肃,敦煌,敦煌,50.0,4.5
黄河楼,甘肃,兰州,兰州 · 奥体中心/兰州老街,30.0,4.6
官鹅沟大景区,甘肃,宕昌,宕昌,150.0,4.3
敦煌雅丹国家地质公园,甘肃,敦煌,敦煌,120.0,4.6
玉门关,甘肃,敦煌,敦煌,40.0,4.5
伏羲庙,甘肃,天水,天水 · 天水古城/兰天城市广场,20.0,4.6
崆峒山,甘肃,平凉,平凉,112.0,4.5
悬壁长城,甘肃,嘉峪关,嘉峪关,免费,4.5
兰州老街,甘肃,兰州,兰州 · 奥体中心/兰州老街,免费,4.5
中山桥,甘肃,兰州,兰州 · 黄河铁桥/西关,免费,4.7
兰州黄河游轮,甘肃,兰州,兰州 · 黄河铁桥/西关,49.0,4.3
嘉峪关方特丝路神画,甘肃,嘉峪关,嘉峪关,199.0,4.8
《乐动敦煌》沉浸体验剧,甘肃,敦煌,敦煌 · 敦煌机场/敦煌火车站,298.0,4.9
敦煌夜市,甘肃,敦煌,敦煌 · 沙州市场,免费,4.3
甘加秘境,甘肃,夏河,夏河,80.0,3.4
甘加草原,甘肃,夏河,夏河,免费,4.3
黄河石林国家地质公园,甘肃,景泰,景泰,40.0,4.3
炳灵寺石窟,甘肃,永靖,永靖,50.0,4.5
嘉峪关文物景区,甘肃,嘉峪关,嘉峪关,免费,暂无评分
文县天池国家森林公园,甘肃,文县,文县,免费,4.5
武威文庙,甘肃,武威,武威 · 武威步行街/文庙,30.0,4.6
拉卜楞寺,甘肃,夏河,夏河,免费,4.4
冰沟丹霞景区,甘肃,肃南,肃南,58.0,4.6
兰州野生动物园,甘肃,兰州,兰州,128.0,4.1
嘉峪关方特欢乐世界,甘肃,嘉峪关,嘉峪关 · 方特欢乐世界,260.0,4.8
雷台汉文化博物馆,甘肃,武威,武威 · 武威步行街/文庙,45.0,4.3
阿兰拉格达(丹霞夜游),甘肃,肃南,肃南,188.0,5.0
万象洞风景名胜区,甘肃,陇南,陇南,99.0,4.3
黄河母亲像,甘肃,兰州,兰州 · 小西湖/文化宫,免费,4.6
山丹军马场,甘肃,山丹,山丹,65.0,4.2
麦积山温泉,甘肃,天水,天水,168.0,4.6
白塔山公园,甘肃,兰州,兰州 · 黄河铁桥/西关,免费,4.7
刘家峡,甘肃,永靖,永靖,免费,4.7
天水古城,甘肃,天水,天水 · 天水古城/兰天城市广场,免费,4.6
敦煌古城,甘肃,敦煌,敦煌,46.0,4.0
金塔胡杨林,甘肃,金塔,金塔,65.0,4.5
阿克塞博罗转井影视基地,甘肃,阿克塞,阿克塞,29.0,4.2
凉州白塔寺,甘肃,武威,武威,20.0,4.6
长城第一墩,甘肃,嘉峪关,嘉峪关,免费,4.4
锁阳城遗址,甘肃,瓜州,瓜州,免费,4.2
乌鞘岭,甘肃,天祝,天祝,免费,4.6
巴尔斯雪山,甘肃,肃南,肃南,128.0,4.2
雕塑大地之子,甘肃,瓜州,瓜州,免费,4.3
张掖外星谷景区,甘肃,肃南,肃南,100.0,4.6
武威鸠摩罗什寺,甘肃,武威,武威 · 武威步行街/文庙,免费,4.8
敦煌印局,甘肃,敦煌,敦煌 · 沙州市场,免费,4.9
敦煌艺术馆,甘肃,兰州,兰州 · 东方红广场/兰州万象城,免费,4.6
西千佛洞,甘肃,敦煌,敦煌,免费,4.2
榆林窟,甘肃,瓜州,瓜州,免费,4.3
兰州极地海洋世界,甘肃,兰州,兰州 · 省博物馆/兰州中心,110.0,4.0
大峪沟风景区,甘肃,卓尼,卓尼,免费,4.4
祁连山,甘肃,肃南,肃南,免费,4.7
桑科草原,甘肃,夏河,夏河,免费,4.5
永泰古城,甘肃,景泰,景泰,免费,4.5
焉支山,甘肃,山丹,山丹,45.0,4.6
玉泉景区,甘肃,天水,天水 · 天水古城/兰天城市广场,20.0,4.6
安多合作寺院米拉日巴佛阁,甘肃,合作,合作,免费,4.5
仙人崖,甘肃,天水,天水 · 麦积山石窟/仙人崖,39.0,4.5
冶力关旅游区,甘肃,临潭,临潭,60.0,4.5
悬泉置遗址景区,甘肃,敦煌,敦煌,80.0,4.2
雷台公园-汉墓,甘肃,武威,武威 · 武威步行街/文庙,免费,3.9
三十三天石窟,甘肃,肃南,肃南,免费,4.8
郎木寺景区,甘肃,碌曲,碌曲,免费,4.2
渭河源景区,甘肃,渭源,渭源,45.0,4.5
西狭颂景区,甘肃,成县,成县,39.9,4.4
火星1号基地,甘肃,金昌,金昌,106.0,4.1
人间仙境文县天池,甘肃,文县,文县,免费,暂无评分
美仁大草原,甘肃,合作,合作,免费,4.9
黄洮交汇观景平台,甘肃,永靖,永靖,免费,3.8
敦煌光电博览园,甘肃,敦煌,敦煌,免费,4.9
马牙雪山,甘肃,天祝,天祝,免费,4.1
兰州水墨丹霞旅游景区-丝路古途,甘肃,永登,永登,免费,4.6
黄河羊皮筏子漂流中心,甘肃,兰州,兰州 · 万达广场/雁滩高新区,免费,4.5
八坊十三巷,甘肃,临夏市,临夏市,免费,4.7
武威市博物馆,甘肃,武威,武威 · 武威步行街/文庙,免费,4.5
阿万仓湿地,甘肃,玛曲,玛曲,免费,4.3
兰山公园,甘肃,兰州,兰州,免费,4.7
月牙泉小镇,甘肃,敦煌,敦煌 · 鸣沙山月牙泉景区,免费,5.0
兰州石佛沟国家森林公园,甘肃,兰州,兰州,免费,4.1
鹅嫚沟,甘肃,宕昌,宕昌,免费,4.3
甘肃尕海则岔自然保护区-尕海湖,甘肃,碌曲,碌曲,免费,3.9
兰州新区长城影视基地,甘肃,皋兰,皋兰 · 兰州新区,50.0,3.2
黄河索道,甘肃,兰州,兰州 · 黄河铁桥/西关,免费,4.5
敦煌鸣沙山沙漠露营越野基地(鸣漠野奢),甘肃,敦煌,敦煌 · 鸣沙山月牙泉景区,228.0,5.0
张掖丹霞国家地质公园,甘肃,肃南,肃南,免费,4.7
读者博物馆,甘肃,兰州,兰州 · 东方红广场/兰州万象城,免费,4.3
甘肃简牍博物馆,甘肃,兰州,兰州 · 奥体中心/兰州老街,免费,4.7
敦煌丝路遗产城,甘肃,敦煌,敦煌,免费,3.8
北石窟寺,甘肃,庆阳,庆阳,免费,4.1
西汉酒泉胜迹景区,甘肃,酒泉,酒泉,免费,4.9
扎尕那景区-仙女滩,甘肃,迭部,迭部,免费,4.4
河口古镇,甘肃,兰州,兰州,免费,3.8
雕塑无界,甘肃,瓜州,瓜州,免费,4.7
炳灵寺世界文化遗产旅游区,甘肃,永靖,永靖,免费,4.4
雷音寺,甘肃,敦煌,敦煌 · 鸣沙山月牙泉景区,免费,4.5
五泉山公园,甘肃,兰州,兰州,免费,4.8
周祖陵景区,甘肃,庆城,庆城,免费,4.7
洛克之路,甘肃,卓尼,卓尼,免费,暂无评分
七彩丹霞景区-观景台,甘肃,临泽,临泽,免费,4.7
宁玛寺,甘肃,玛曲,玛曲,免费,4.3
西晋壁画墓,甘肃,敦煌,敦煌,免费,4.1
张掖国家湿地公园,甘肃,张掖,张掖,免费,4.7
河西都会,甘肃,武威,武威 · 武威步行街/文庙,80.0,4.1
兰州水车博览园,甘肃,兰州,兰州 · 东方红广场/兰州万象城,免费,4.6
天水市博物馆,甘肃,天水,天水 · 天水古城/兰天城市广场,免费,4.5
竹子沟景区,甘肃,康乐,康乐,免费,4.5
张掖市博物馆,甘肃,张掖,张掖 · 大佛寺,免费,4.5
紫轩葡萄酒庄园,甘肃,嘉峪关,嘉峪关,45.0,3.9
木塔寺,甘肃,张掖,张掖 · 大佛寺,免费,4.5
郭莽湿地,甘肃,碌曲,碌曲,免费,4.4
南郭寺,甘肃,天水,天水 · 秦州万达,免费,4.3
净土寺,甘肃,天水,天水,免费,4.3
阳坝自然风景区,甘肃,康县,康县,免费,3.4
遮阳山旅游风景区,甘肃,漳县,漳县,免费,4.4
武威西夏博物馆,甘肃,武威,武威 · 武威步行街/文庙,免费,4.6
兰州黄河风情线大景区,甘肃,兰州,兰州 · 奥体中心/兰州老街,免费,5.0
骊靬古城,甘肃,永昌,永昌,免费,3.9
南关民族风味一条街,甘肃,兰州,兰州 · 正宁路小吃夜市/南关民族风味街,免费,4.4
柴尔龙海天池,甘肃,天祝,天祝,免费,5.0
敦煌莫高窟数字展示中心,甘肃,敦煌,敦煌 · 敦煌机场/敦煌火车站,免费,4.6
兰州市博物馆,甘肃,兰州,兰州 · 东方红广场/兰州万象城,免费,4.4
大众巷,甘肃,兰州,兰州 · 黄河铁桥/西关,免费,4.7
狼渡湿地草原,甘肃,岷县,岷县,免费,4.0
嘉峪关关城里景区,甘肃,嘉峪关,嘉峪关,免费,4.5
酒泉市博物馆,甘肃,酒泉,酒泉 · 万达广场/富康购物中心,免费,4.5
阿克塞多坝沟胡杨峡景区,甘肃,阿克塞,阿克塞,免费,4.6
丹霞口文旅小镇,甘肃,临泽,临泽,免费,4.9
刘家峡大桥,甘肃,东乡族,东乡族,免费,4.8
千坝牧场,甘肃,陇南,陇南,免费,2.8
抓喜秀龙草原,甘肃,天祝,天祝,免费,4.0
兰州海洋公园,甘肃,榆中,榆中,118.0,4.5
水帘洞石窟群,甘肃,武山,武山,免费,4.6
敦煌鸣沙山直升机飞行基地,甘肃,敦煌,敦煌 · 鸣沙山月牙泉景区,免费,5.0
永登县苦水镇丹霞自驾游营地,甘肃,永登,永登,免费,5.0
云崖寺国家森林公园,甘肃,庄浪,庄浪,50.0,4.0
敦煌鸣沙山国际沙漠露营基地,甘肃,敦煌,敦煌,免费,4.6
达日观景台,甘肃,迭部,迭部,免费,4.4
白马塔,甘肃,敦煌,敦煌 · 沙州市场,15.0,3.2
马蹄寺石窟,甘肃,肃南,肃南,免费,暂无评分
武威海藏寺,甘肃,武威,武威,免费,4.6
腊子口景区,甘肃,迭部,迭部,免费,4.7
敦煌画院,甘肃,敦煌,敦煌 · 鸣沙山月牙泉景区,免费,4.6
马蹄寺千佛洞,甘肃,肃南,肃南,免费,4.6
冶力关国家森林公园,甘肃,临潭,临潭,70.0,3.5
敦煌无界,甘肃,敦煌,敦煌 · 沙州市场,免费,5.0
兰州西关清真大寺,甘肃,兰州,兰州 · 黄河铁桥/西关,免费,4.5
三台阁,甘肃,兰州,兰州,免费,4.6
酒泉1969航天科技体验馆,甘肃,酒泉,酒泉,49.9,4.5
汉武雄风,甘肃,瓜州,瓜州,免费,3.4
当金山,甘肃,阿克塞,阿克塞,免费,4.8
西王母文化景区,甘肃,泾川,泾川,免费,4.3
江迭路,甘肃,卓尼,卓尼,免费,4.5
汉长城遗址,甘肃,敦煌,敦煌,免费,4.5
七彩丹霞景区-小布达拉宫,甘肃,临泽,临泽,免费,4.4
碧口古镇,甘肃,文县,文县,免费,2.9
黄河三峡,甘肃,永靖,永靖,免费,4.8
庆阳古城遗址,甘肃,庆城,庆城,免费,4.2
天水市摩崖石窟文化旅游区,甘肃,武山,武山,免费,4.8
莫高窟148窟,甘肃,敦煌,敦煌,免费,4.9
小西湖,甘肃,兰州,兰州 · 小西湖/文化宫,免费,4.5
诺尔丹营地Norden Camp,甘肃,夏河,夏河,免费,暂无评分
敦煌秘境观星团,甘肃,敦煌,敦煌,免费,暂无评分
大像山石窟寺,甘肃,甘谷,甘谷,免费,4.3
李家龙宫,甘肃,陇西,陇西,免费,4.7
杜甫草堂,甘肃,成县,成县,20.0,4.6
南城门楼,甘肃,武威,武威 · 武威步行街/文庙,免费,4.8
敦煌莫高窟-藏经洞,甘肃,敦煌,敦煌,免费,4.6
神鹿公园,甘肃,肃南,肃南,88.0,4.0
兰州羊皮筏子,甘肃,兰州,兰州 · 黄河铁桥/西关,免费,1.0
康乐草原,甘肃,肃南,肃南,免费,1.0
哈达铺红军长征纪念馆,甘肃,宕昌,宕昌,免费,暂无评分
月泉阁,甘肃,敦煌,敦煌 · 鸣沙山月牙泉景区,免费,4.3
天斧沙宫,甘肃,兰州,兰州,免费,3.9
张掖平山湖国家地质公园,甘肃,张掖,张掖,免费,暂无评分
鸡峰山国家森林公园,甘肃,成县,成县,49.9,4.2
鸣沙山月牙泉-药王洞遗址,甘肃,敦煌,敦煌 · 鸣沙山月牙泉景区,免费,4.8
西部恐龙水乐园,甘肃,皋兰,皋兰 · 兰州新区,180.0,4.0
西北大环线(罗九公路站),甘肃,兰州,兰州,免费,暂无评分
饮马沟大峡谷,甘肃,景泰,景泰,免费,5.0
嘉峪关长城博物馆,甘肃,嘉峪关,嘉峪关,免费,4.7
沙漠公园,甘肃,武威,武威,10.0,3.6
白石崖,甘肃,夏河,夏河,免费,4.3
七彩丹霞景区-热气球系留飞体验区,甘肃,临泽,临泽,免费,3.5
兴隆山滑雪场,甘肃,榆中,榆中,免费,4.1
中华裕固风情走廊,甘肃,肃南,肃南,免费,4.5
海寨沟旅游度假风景区,甘肃,平凉,平凉,免费,3.1
玉门魔山国家地质公园,甘肃,玉门,玉门,免费,5.0
云华山景区,甘肃,西和,西和,37.9,4.1
玛曲天下黄河第一弯旅游风景区,甘肃,玛曲,玛曲,免费,4.4
扁都口生态休闲旅游区,甘肃,山丹,山丹,免费,4.1
鸣沙山月牙泉-骆驼骑乘点,甘肃,敦煌,敦煌 · 鸣沙山月牙泉景区,免费,4.0
阳关玉门关旅游区,甘肃,敦煌,敦煌,免费,暂无评分
东湖生态旅游景区,甘肃,嘉峪关,嘉峪关 · 大唐美食街,免费,4.8
九层楼,甘肃,敦煌,敦煌,免费,4.7
河仓城遗址(大方盘),甘肃,敦煌,敦煌,免费,4.0
贵清山旅游风景区,甘肃,漳县,漳县,50.0,4.2
陇南阳坝梅园沟,甘肃,康县,康县,51.9,4.1
文殊山石窟群旅游景区,甘肃,嘉峪关,嘉峪关,42.0,3.8
夏河诺尔丹营地,甘肃,夏河,夏河,免费,4.3
平安草原,甘肃,张家川,张家川,30.0,4.7
南石窟寺,甘肃,泾川,泾川,免费,4.1
敦煌规局,甘肃,敦煌,敦煌 · 沙州市场,免费,5.0
新城魏晋壁画墓,甘肃,嘉峪关,嘉峪关,免费,4.2
金塔寺,甘肃,肃南,肃南,免费,3.8
大都麻河,甘肃,肃南,肃南,免费,暂无评分
李广墓,甘肃,天水,天水 · 天水古城/兰天城市广场,免费,4.3
敦煌醉美胡杨林,甘肃,敦煌,敦煌,40.0,5.0
耳子屲梁景区,甘肃,临夏县,临夏县,免费,5.0
武威温泉度假村,甘肃,武威,武威,128.0,4.4
庆阳市博物馆,甘肃,庆阳,庆阳,免费,4.6
当周草原风景区,甘肃,合作,合作,29.9,4.6
润吾沟峡谷,甘肃,迭部,迭部,免费,5.0
黑水国遗址,甘肃,张掖,张掖,免费,4.8
达尔宗湖,甘肃,夏河,夏河,40.0,4.3
八角城古遗址,甘肃,夏河,夏河,免费,4.6
平凉市博物馆,甘肃,平凉,平凉,免费,4.3
龙山国际滑雪场,甘肃,皋兰,皋兰,99.0,4.0
胡氏古民居建筑,甘肃,天水,天水 · 天水古城/兰天城市广场,免费,4.4
嘉峪关城市博物馆,甘肃,嘉峪关,嘉峪关 · 大唐美食街,免费,4.6
瑶寨沟风景区,甘肃,陇南,陇南,免费,暂无评分
龙泉寺,甘肃,崇信,崇信,35.0,4.3
沙漠雕塑公园,甘肃,民勤,民勤,免费,4.8
反弹琵琶雕像,甘肃,敦煌,敦煌 · 沙州市场,免费,4.8
苦水镇,甘肃,永登,永登,免费,4.7
金川国家矿山公园,甘肃,金昌,金昌,免费,3.8
松鸣岩,甘肃,和政,和政,45.0,4.2
敦煌鸣沙山野奢沙漠露营地,甘肃,敦煌,敦煌,免费,4.9
吐鲁沟国家森林公园,甘肃,永登,永登,免费,4.6
民勤沙漠公园,甘肃,民勤,民勤,免费,4.8
文殊山石窟,甘肃,酒泉,酒泉,免费,4.6
金沙湾沙漠旅游度假区,甘肃,临泽,临泽,免费,5.0
敦煌石窟文物保护研究陈列中心,甘肃,敦煌,敦煌,免费,4.7
兰州大学(榆中校区),甘肃,榆中,榆中,免费,4.4
红军会师楼,甘肃,会宁,会宁,免费,暂无评分
兰州奥体中心,甘肃,兰州,兰州 · 奥体中心/兰州老街,480.0,4.6
中国工农红军西路军纪念馆,甘肃,高台,高台,免费,暂无评分
甘肃科技馆,甘肃,兰州,兰州 · 兰州海关/吾悦广场,免费,4.9
徽县月亮峡,甘肃,徽县,徽县,免费,4.6
兰州水车园(南滨河中路北),甘肃,兰州,兰州 · 小西湖/文化宫,免费,4.8
崆峒古镇,甘肃,平凉,平凉,免费,4.3
中川小镇,甘肃,皋兰,皋兰 · 兰州新区,免费,4.6
天堂寺,甘肃,天祝,天祝,免费,4.4
白云观,甘肃,兰州,兰州 · 黄河铁桥/西关,免费,4.5
甘肃法台山景区,甘肃,和政,和政,20.0,3.8
刘家峡水库-观景台,甘肃,东乡族,东乡族,免费,4.0
白龙江,甘肃,陇南,陇南,免费,4.7
小崆峒景区,甘肃,庆阳,庆阳,免费,4.2
敦煌莫高窟复制窟中心,甘肃,敦煌,敦煌 · 沙州市场,免费,4.6
黄土高原,甘肃,合水,合水,免费,暂无评分
高台县骆驼城遗址,甘肃,高台,高台,免费,4.4
环州故城景区,甘肃,环县,环县,免费,4.6
九曲黄河第一湾,甘肃,夏河,夏河,免费,暂无评分
姜维墓,甘肃,甘谷,甘谷,免费,4.5
大佛寺-山西会馆,甘肃,张掖,张掖 · 大佛寺,免费,4.5
西部恐龙园度假区,甘肃,皋兰,皋兰 · 兰州新区,免费,3.6
讨赖河,甘肃,嘉峪关,嘉峪关,免费,4.7
鸣沙山玩友房车野奢露营地,甘肃,敦煌,敦煌 · 沙州市场,389.0,5.0
鸣沙山国际野奢营,甘肃,敦煌,敦煌 · 鸣沙山月牙泉景区,50.0,5.0
金城老码头,甘肃,兰州,兰州 · 黄河铁桥/西关,免费,5.0
祁连苇海景区,甘肃,酒泉,酒泉,免费,5.0
酒泉天宝景区,甘肃,酒泉,酒泉 · 万达广场/富康购物中心,65.0,4.3
敦煌鸣沙山沙漠观星露营野奢基地,甘肃,敦煌,敦煌,免费,4.9
南宅子,甘肃,天水,天水 · 天水古城/兰天城市广场,免费,4.8
紫荆花卉广场-紫金花城基地景区,甘肃,金昌,金昌,免费,4.6
贡唐宝塔,甘肃,夏河,夏河,免费,4.8
鸣沙山金驼户外沙漠露营基地,甘肃,敦煌,敦煌,免费,4.8
兰州银滩湿地公园,甘肃,兰州,兰州 · 兰州海关/吾悦广场,免费,4.8
滨河路绿色长廊,甘肃,兰州,兰州 · 东方红广场/兰州万象城,免费,4.8
兰州滨河公园,甘肃,兰州,兰州 · 小西湖/文化宫,免费,4.9
千手千眼,甘肃,敦煌,敦煌 · 鸣沙山月牙泉景区,免费,4.8
八路军驻兰办事处纪念馆,甘肃,兰州,兰州 · 正宁路小吃夜市/南关民族风味街,免费,暂无评分
酒泉鼓楼,甘肃,酒泉,酒泉 · 钟鼓楼,免费,4.6
甘肃地质博物馆,甘肃,兰州,兰州 · 万达广场/雁滩高新区,免费,4.8
党河水库,甘肃,敦煌,敦煌,免费,4.5
南梁革命纪念馆,甘肃,华池,华池,免费,暂无评分
东哇村,甘肃,迭部,迭部,免费,4.6
八一冰川,甘肃,肃南,肃南,免费,4.1
兴隆山自然保护区,甘肃,榆中,榆中,40.0,4.4
内城,甘肃,嘉峪关,嘉峪关,免费,4.6
甘肃画院,甘肃,兰州,兰州 · 东方红广场/兰州万象城,免费,4.8
党河风情线国家水利风景区,甘肃,敦煌,敦煌 · 沙州市场,免费,4.8
敦煌风情城,甘肃,敦煌,敦煌 · 沙州市场,免费,4.8
兰州植物园,甘肃,兰州,兰州 · 安宁高校区,免费,4.7
天下雄关碑,甘肃,嘉峪关,嘉峪关,免费,4.9
鲁土司衙门旧址,甘肃,永登,永登,免费,4.8
敦煌民俗博物馆,甘肃,敦煌,敦煌 · 鸣沙山月牙泉景区,免费,4.5
南城门广场,甘肃,武威,武威 · 武威步行街/文庙,免费,4.8
大地湾遗址,甘肃,秦安,秦安,免费,4.6
柳湖公园,甘肃,平凉,平凉,免费,4.6
太白山,甘肃,渭源,渭源,免费,4.9
敦煌莫高窟-院史陈列馆,甘肃,敦煌,敦煌,免费,4.8
三危圣境,甘肃,敦煌,敦煌,免费,5.0
金城公园,甘肃,兰州,兰州 · 西固开发区,免费,4.2
和政古生物化石文旅旅游区·古动物化石博物馆,甘肃,和政,和政,免费,4.9
东公馆,甘肃,临夏市,临夏市,免费,4.4
大像山-大佛,甘肃,甘谷,甘谷,免费,4.7
府城隍庙,甘肃,兰州,兰州 · 黄河铁桥/西关,免费,4.5
抱龙山凤凰岭滑雪场,甘肃,永靖,永靖,140.0,4.9
阳关烽燧,甘肃,敦煌,敦煌,免费,4.8
雁滩黄河大桥,甘肃,兰州,兰州 · 甘肃大剧院/国际会展中心,免费,4.7
首阳山景区,甘肃,渭源,渭源,30.0,4.7
什川古梨园,甘肃,皋兰,皋兰,免费,4.3
威远楼,甘肃,陇西,陇西,免费,4.5
勅赐禅定寺,甘肃,卓尼,卓尼,免费,4.4
雁滩公园,甘肃,兰州,兰州 · 万达广场/雁滩高新区,免费,4.4
游击将军府,甘肃,嘉峪关,嘉峪关,免费,4.7
金昌花文化博览馆,甘肃,金昌,金昌,免费,4.6
塞赤寺,甘肃,碌曲,碌曲,免费,4.7
法泉寺,甘肃,靖远,靖远,免费,4.9
猪驮山,甘肃,永登,永登,50.0,4.8
白衣寺塔,甘肃,兰州,兰州 · 东方红广场/兰州万象城,免费,4.7
西旅乐可龙神奇动物城,甘肃,兰州,兰州 · 奥体中心/兰州老街,168.0,5.0
红石崖,甘肃,碌曲,碌曲,免费,4.8
秦腔博物馆,甘肃,兰州,兰州,免费,4.3
亚欧国际观光体验厅,甘肃,兰州,兰州 · 正宁路小吃夜市/南关民族风味街,120.0,4.5
嘉峪关文物景区-九眼泉湖,甘肃,嘉峪关,嘉峪关,免费,4.5
庄浪梯田,甘肃,庄浪,庄浪,免费,4.7
藉河风情线,甘肃,天水,天水 · 天水古城/兰天城市广场,免费,4.9
嘉峪关文物景区-关帝庙,甘肃,嘉峪关,嘉峪关,免费,4.8
兰州非物质文化遗产陈列馆,甘肃,兰州,兰州 · 黄河铁桥/西关,免费,4.5
甘肃国际会展中心,甘肃,兰州,兰州 · 甘肃大剧院/国际会展中心,免费,4.8
龙汇世界,甘肃,永靖,永靖,免费,5.0
潜夫山,甘肃,镇原,镇原,免费,4.8
仁寿山,甘肃,兰州,兰州 · 安宁高校区,免费,4.6
柔远楼,甘肃,嘉峪关,嘉峪关,免费,4.7
卦台山,甘肃,天水,天水,免费,4.5
红军长征胜利景园,甘肃,会宁,会宁,免费,暂无评分
红崖山水库,甘肃,民勤,民勤,免费,4.4
晚霞湖景区,甘肃,西和,西和,免费,4.5
玛曲草原,甘肃,玛曲,玛曲,免费,4.6
天主堂,甘肃,兰州,兰州 · 东方红广场/兰州万象城,免费,4.5
成县金莲洞风景区,甘肃,成县,成县,免费,4.6
荆山森林公园,甘肃,灵台,灵台,免费,4.6
至公堂,甘肃,兰州,兰州 · 黄河铁桥/西关,免费,5.0
青海藏文化博物院,青海,西宁,西宁 · 青海藏文化博物院/北川万达广场,免费,4.8
茶卡盐湖,青海,乌兰,乌兰,59.0,4.3
青海湖景区,青海,共和,共和,50.0,4.5
察尔汗盐湖,青海,格尔木,格尔木,102.0,4.7
大柴旦翡翠湖旅游景区,青海,海西,海西,60.0,4.5
塔尔寺,青海,西宁,西宁,70.0,4.7
青海湖二郎剑景区,青海,共和,共和,190.0,4.3
青藏高原野生动物园,青海,西宁,西宁 · 青海省博物馆/西宁野生动物园,30.0,4.6
乌素特水上雅丹地质公园,青海,格尔木,格尔木,54.0,4.5
日月山,青海,湟源,湟源,54.0,4.5
卓尔山,青海,祁连,祁连,78.0,4.6
黑独山,青海,茫崖,茫崖,免费,4.2
茶卡盐湖-茶卡天空壹号景区,青海,乌兰,乌兰,60.0,4.3
祁连山草原,青海,祁连,祁连,免费,4.4
茫崖艾肯泉,青海,茫崖,茫崖,40.0,4.0
坎布拉景区,青海,尖扎,尖扎,免费,4.2
青海湖圣泉湾,青海,刚察,刚察,免费,4.6
门源百里油菜花海,青海,门源,门源,330.0,4.4
青海省博物馆,青海,西宁,西宁 · 青海省博物馆/西宁野生动物园,免费,4.4
青海湖·黑马河,青海,共和,共和,免费,4.6
青藏高原自然博物馆,青海,西宁,西宁 · 青海藏文化博物院/北川万达广场,54.0,4.2
祁连山·岗什卡雪峰景区,青海,门源,门源,免费,4.3
高原明珠,青海,西宁,西宁,29.0,4.5
丹噶尔古城,青海,湟源,湟源,免费,4.4
可可西里国家级自然保护区,青海,格尔木,格尔木,免费,4.7
西宁市东关清真大寺,青海,西宁,西宁 · 东关清真大寺/下南关街,免费,4.4
莫家街,青海,西宁,西宁 · 莫家街/大新街夜市,免费,3.8
西宁电视塔,青海,西宁,西宁,免费,4.4
东台吉乃尔湖,青海,格尔木,格尔木,免费,4.3
彩虹丹霞·星之谷,青海,都兰,都兰,免费,4.3
贵德国家地质公园阿什贡七彩峰丛景区,青海,贵德,贵德,免费,4.6
冷湖镇,青海,茫崖,茫崖,免费,4.3
龙羊峡生态旅游度假区,青海,共和,共和,35.0,4.5
托素湖,青海,德令哈,德令哈,免费,4.6
冷湖石油基地遗址,青海,茫崖,茫崖,免费,4.5
哈拉湖,青海,德令哈,德令哈,免费,5.0
生命树取景点(柯鲁柯镇),青海,德令哈,德令哈,免费,2.5
祁连山大草原,青海,门源,门源,免费,暂无评分
U型公路,青海,海西,海西,免费,4.7
柴达木盆地,青海,茫崖,茫崖,免费,4.8
互助土族故土园,青海,互助,互助,58.0,4.3
茫崖翡翠湖,青海,茫崖,茫崖,免费,4.7
冰沟林海,青海,祁连,祁连,免费,3.8
西宁新华联童梦乐园综合旅游度假区,青海,西宁,西宁,173.0,4.7
可可西里,青海,格尔木,格尔木,免费,5.0
俄博梁,青海,茫崖,茫崖,免费,4.4
小柴旦湖,青海,海西,海西,免费,4.6
青海湖仙女湾,青海,刚察,刚察,50.0,4.2
琉璃之境·如意湖,青海,茫崖,茫崖,免费,3.2
南八仙魔鬼城,青海,海西,海西,免费,4.6
祁连天境山-伦布夏果旅游景区,青海,祁连,祁连,32.0,4.4
拉脊山,青海,贵德,贵德,免费,4.7
南山公园,青海,西宁,西宁,免费,4.4
阿尼玛卿山,青海,玛沁,玛沁,免费,4.8
金银滩草原,青海,海晏,海晏,免费,4.4
青海藏医药文化博物馆-北馆,青海,西宁,西宁 · 青海藏文化博物院/北川万达广场,免费,4.7
西王母瑶池,青海,格尔木,格尔木,免费,4.6
西台吉乃尔湖,青海,海西,海西,免费,4.8
雅丹地貌,青海,海西,海西,免费,4.9
青海湖环湖西路,青海,共和,共和,免费,4.5
北山国家森林公园,青海,互助,互助,免费,4.5
昆仑山口,青海,曲麻莱,曲麻莱,免费,4.8
海子诗歌馆,青海,德令哈,德令哈,免费,4.6
瞿昙寺,青海,海东,海东,免费,4.4
万丈盐桥,青海,格尔木,格尔木,免费,4.2
土楼观,青海,西宁,西宁 · 城北吾悦广场/西宁市博物馆,免费,4.0
南关清真寺,青海,西宁,西宁 · 东关清真大寺/下南关街,免费,4.3
可鲁克湖景区,青海,德令哈,德令哈,免费,3.5
柏树山德都蒙古文化原生态旅游区,青海,德令哈,德令哈,免费,4.6
昆仑山脉,青海,格尔木,格尔木,免费,暂无评分
宗喀拉则景区,青海,西宁,西宁,免费,4.2
三江源国家级自然保护区,青海,称多,称多,免费,4.5
金银滩原子城景区,青海,海晏,海晏,免费,暂无评分
青藏高原野生动物园-大型珍稀动物馆,青海,西宁,西宁 · 青海省博物馆/西宁野生动物园,免费,4.0
阿柔大寺,青海,祁连,祁连,免费,3.8
峨堡古城遗址公园,青海,祁连,祁连,免费,3.3
祁连天桥山风景区,青海,祁连,祁连,免费,4.7
寄畅园,青海,格尔木,格尔木,免费,3.0
天空之镜体验区,青海,乌兰,乌兰,免费,暂无评分
火星一号公路,青海,茫崖,茫崖,免费,4.6
G315,青海,海西,海西,免费,4.5
祁连山风光旅游景区,青海,祁连,祁连,免费,4.8
西宁市人民公园,青海,西宁,西宁 · 青海省博物馆/西宁野生动物园,免费,4.6
文迦牧场,青海,海晏,海晏,免费,4.2
可可西里国家级自然保护区索南达杰保护站,青海,曲麻莱,曲麻莱,免费,4.6
胭脂山景区,青海,茫崖,茫崖,免费,暂无评分
彩绘大观厅,青海,西宁,西宁 · 青海藏文化博物院/北川万达广场,免费,4.8
岗什卡七彩冰瀑布,青海,门源,门源,免费,4.3
天峻石林,青海,天峻,天峻,免费,4.3
青海倒淌河景区,青海,共和,共和,免费,3.1
嘎结古寺,青海,玉树市,玉树市,免费,4.7
昆仑圣泉,青海,格尔木,格尔木,免费,5.0
日月山-文成公主纪念馆,青海,湟源,湟源,免费,3.0
群加国家级森林公园,青海,西宁,西宁,免费,5.0
仙米国家森林公园,青海,门源,门源,免费,4.5
三江源国家公园,青海,杂多,杂多,免费,4.5
隆务寺,青海,同仁,同仁,60.0,4.6
无极龙凤宫,青海,格尔木,格尔木,免费,4.4
唐古拉山,青海,格尔木,格尔木,免费,暂无评分
西宁熊猫馆,青海,西宁,西宁,32.0,4.8
火星营地,青海,格尔木,格尔木,免费,暂无评分
青海湖东格尔观景台,青海,共和,共和,免费,4.8
海西州博物馆,青海,德令哈,德令哈,免费,5.0
橡皮山,青海,共和,共和,免费,4.2
青海藏文化博物院-南馆,青海,西宁,西宁 · 青海藏文化博物院/北川万达广场,免费,5.0
西宁夏都博汇温泉水乐园,青海,西宁,西宁 · 城南新区会展中心,66.0,4.4
阿咪东索景区,青海,祁连,祁连,54.0,4.0
酥油花馆,青海,西宁,西宁,免费,4.6
冬格措纳湖景区,青海,玛多,玛多,免费,4.4
祁连9号公路自驾打卡点,青海,祁连,祁连,免费,暂无评分
青藏高原,青海,治多,治多,免费,5.0
龙羊大峡谷·悬崖览胜,青海,共和,共和,免费,4.7
黄河源景区,青海,玛多,玛多,免费,4.3
西宁植物园,青海,西宁,西宁,免费,4.6
马步芳公馆,青海,西宁,西宁 · 西宁火车站,免费,3.9
察尔汗盐湖观景台,青海,格尔木,格尔木,免费,暂无评分
大柴旦光影之城景区,青海,海西,海西,免费,5.0
彩虹部落土族园,青海,互助,互助,58.0,4.1
白马寺,青海,互助,互助,免费,4.3
青海门源万亩花海,青海,门源,门源,免费,暂无评分
昆仑圣境不夜城,青海,格尔木,格尔木,免费,5.0
青藏高原野生动物园-雪豹馆,青海,西宁,西宁 · 青海省博物馆/西宁野生动物园,免费,暂无评分
祁连山国家公园,青海,祁连,祁连,免费,5.0
南禅寺,青海,西宁,西宁 · 莫家街/大新街夜市,免费,4.6
新寨嘉那嘛呢石经城,青海,玉树市,玉树市,免费,4.5
茶卡盐湖景区-观光塔,青海,乌兰,乌兰,免费,4.5
大柴旦五彩山谷景区,青海,海西,海西,免费,暂无评分
雅丹之眼,青海,格尔木,格尔木,免费,暂无评分
将军楼公园,青海,格尔木,格尔木,免费,4.2
青海省自然资源博物馆,青海,西宁,西宁 · 海湖新区万达广场/唐道637,免费,5.0
西宁市博物馆,青海,西宁,西宁 · 城北吾悦广场/西宁市博物馆,免费,4.1
玉珠峰冰川观景点,青海,格尔木,格尔木,免费,5.0
尕尔寺大峡谷生态旅游区,青海,囊谦,囊谦,免费,4.4
玉珠峰,青海,曲麻莱,曲麻莱,免费,4.4
大柴旦红崖火星地貌景观区,青海,海西,海西,免费,3.5
北山国家森林公园浪士当中心景区,青海,互助,互助,47.0,4.6
清清黄河景区,青海,贵德,贵德,免费,5.0
青海原子城纪念馆,青海,海晏,海晏,免费,暂无评分
通天河,青海,称多,称多,免费,4.7
青海湖金沙湾自然保护区,青海,海晏,海晏,免费,4.8
青海藏文化馆,青海,西宁,西宁,60.0,4.4
青海湖国家重点风景名胜区-尕日拉寺,青海,共和,共和,免费,3.6
夏琼寺,青海,化隆,化隆,免费,5.0
天空之境广场,青海,乌兰,乌兰,免费,4.8
拉脊山口,青海,西宁,西宁,免费,4.2
达坂山观景台,青海,门源,门源,免费,4.0
唐蕃古道,青海,西宁,西宁 · 青海省博物馆/西宁野生动物园,免费,4.0
大柴旦雪山温泉旅游度假区,青海,海西,海西,110.0,4.1
沱沱河,青海,格尔木,格尔木,免费,4.1
玉树市文成公主纪念馆,青海,玉树市,玉树市,免费,4.5
俄博梁硫磺湖,青海,茫崖,茫崖,免费,5.0
西宁野生动物园海洋馆,青海,西宁,西宁,50.0,4.2
大黑沟森林公园,青海,湟源,湟源,29.9,3.0
青海省三江源玛多国家公园,青海,玛多,玛多,免费,4.9
扎龙沟,青海,互助,互助,46.5,3.8
二郎剑游船,青海,共和,共和,免费,4.5
唐古拉山口,青海,格尔木,格尔木,免费,4.5
尕斯库勒湖,青海,茫崖,茫崖,免费,3.7
西宁市力盟步行街-文化旅游区,青海,西宁,西宁 · 青海省博物馆/西宁野生动物园,免费,4.7
冷湖火星小镇,青海,茫崖,茫崖,免费,5.0
宗家沟文化旅游景区,青海,湟源,湟源,40.0,3.4
热水墓群,青海,都兰,都兰,免费,4.5
大冬树山垭口,青海,祁连,祁连,免费,4.0
柏树山星空露营地,青海,德令哈,德令哈,免费,暂无评分
北川河湿地公园,青海,西宁,西宁 · 青海藏文化博物院/北川万达广场,免费,3.8
宏觉寺,青海,西宁,西宁 · 莫家街/大新街夜市,免费,4.1
民和七里花海景区,青海,民和,民和,40.0,5.0
德令哈市外星人遗址景区,青海,德令哈,德令哈,免费,3.9
孟达天池,青海,循化,循化,免费,4.6
昆仑大峡谷,青海,格尔木,格尔木,免费,暂无评分
星星海景区,青海,玛多,玛多,免费,5.0
边麻沟花海,青海,大通,大通,28.8,4.2
巴音郭勒河,青海,德令哈,德令哈,免费,4.4
翡翠步行街,青海,海西,海西,免费,4.7
扎陵湖,青海,玛多,玛多,免费,4.0
岗十卡,青海,门源,门源,免费,暂无评分
仙女湖景区,青海,久治,久治,免费,暂无评分
德令哈奶子湖,青海,德令哈,德令哈,免费,暂无评分
龙羊湖景区,青海,共和,共和,35.0,4.0
郭麻日古堡,青海,同仁,同仁,免费,4.5
茶卡天空壹号景区-观光小火车乘车点,青海,乌兰,乌兰,免费,暂无评分
同宝山,青海,海晏,海晏,免费,暂无评分
可可西里雪山观景台,青海,治多,治多,免费,暂无评分
聊斋宫,青海,西宁,西宁 · 青海省博物馆/西宁野生动物园,30.0,4.7
黑河大峡谷,青海,祁连,祁连,免费,4.7
热贡艺术博物馆,青海,同仁,同仁,免费,5.0
塔尔寺-八宝如意塔,青海,西宁,西宁,免费,4.6
拉加寺,青海,玛沁,玛沁,免费,5.0
玉皇阁景区,青海,贵德,贵德,免费,4.6
塔尔寺大金瓦殿,青海,西宁,西宁,免费,4.6
青海久治年保玉则国家地质公园,青海,久治,久治,免费,4.5
佑宁寺,青海,互助,互助,免费,4.6
尕海,青海,德令哈,德令哈,免费,4.5
喇家国家考古遗址公园,青海,民和,民和,27.0,5.0
青海湖-鸟岛景区(不对外开放),青海,刚察,刚察,免费,4.7
牧羲赤·大地之血,青海,海西,海西,免费,暂无评分
热气球(青海湖二郎剑景区站),青海,共和,共和,免费,5.0
千紫缘农业科技博览园,青海,西宁,西宁,49.9,3.4
青海贵德黄河清国家湿地公园,青海,贵德,贵德,免费,3.4
龙羊峡土林景区,青海,共和,共和,35.0,3.3
冷湖,青海,茫崖,茫崖,免费,4.8
塔尔寺-菩提树,青海,西宁,西宁,免费,4.7
冷湖俄博梁省级雅丹地貌风景名胜区,青海,茫崖,茫崖,免费,5.0
北关清真寺,青海,西宁,西宁 · 东关清真大寺/下南关街,免费,4.0
照壁山,青海,门源,门源,免费,5.0
中国原子城爆轰实验场,青海,海晏,海晏,免费,4.3
贵德古城,青海,贵德,贵德,免费,4.4
平安驿·河湟民俗文化体验地,青海,海东,海东,免费,4.4
牛心山,青海,祁连,祁连,免费,5.0
祁连天境圣湖托茂部落景区,青海,祁连,祁连,免费,暂无评分
青海湖南山观景台,青海,共和,共和,免费,5.0
西宁市文庙,青海,西宁,西宁 · 莫家街/大新街夜市,免费,4.5
茶卡盐湖景区-小火车天空之镜站,青海,乌兰,乌兰,免费,暂无评分
昆仑公园,青海,格尔木,格尔木,免费,4.0
黑泉水库,青海,大通,大通,免费,4.4
圆山观景台,青海,门源,门源,免费,暂无评分
西宁之眼,青海,西宁,西宁,免费,暂无评分
十二盘坡,青海,互助,互助,免费,5.0
中国工商银行石油小镇遗址,青海,茫崖,茫崖,免费,5.0
青海湖金沙湾,青海,海晏,海晏,免费,暂无评分
达坂山,青海,门源,门源,免费,4.2
格尔木市博物馆,青海,格尔木,格尔木,免费,4.0
可可西里藏羚羊观景台,青海,治多,治多,免费,4.4
昆仑山世界地质公园,青海,格尔木,格尔木,免费,4.8
环湖东路,青海,海晏,海晏,免费,4.0
杂多昂赛大峡谷,青海,杂多,杂多,免费,5.0
龙羊峡水库,青海,共和,共和,免费,4.6
慕容古寨,青海,西宁,西宁,免费,5.0
老爷山,青海,大通,大通,免费,4.2
坎布拉国家森林公园-南宗寺,青海,尖扎,尖扎,免费,5.0
长江源头,青海,格尔木,格尔木,免费,4.3
年保玉则冰川观景点,青海,久治,久治,免费,暂无评分
明长城遗址公园,青海,大通,大通,免费,4.0
九天玄女祖宫,青海,西宁,西宁,免费,1.0
达玉民俗村景区,青海,海晏,海晏,29.9,4.0
阿咪东索林海露营基地,青海,祁连,祁连,免费,5.0
年保玉则主峰,青海,久治,久治,免费,4.3
同仁县-热贡艺术之乡,青海,同仁,同仁,免费,5.0
大柴达木湖,青海,海西,海西,免费,4.6
拉茂智合寺,青海,尖扎,尖扎,免费,5.0
尕朵觉悟神山,青海,曲麻莱,曲麻莱,免费,5.0
吾屯下寺,青海,同仁,同仁,免费,4.1
莲湖公园,青海,西宁,西宁,免费,4.0
大通国家森林公园鹞子沟景区,青海,大通,大通,免费,3.7
天文历算展厅,青海,西宁,西宁 · 青海藏文化博物院/北川万达广场,免费,4.3
九天圣都扎麻隆凤凰山,青海,西宁,西宁,免费,1.0
青海省科学技术馆,青海,西宁,西宁 · 海湖新区万达广场/唐道637,免费,4.1
台吉乃尔野奢文旅小镇,青海,格尔木,格尔木,免费,1.0
河湟文化博物馆,青海,海东,海东,免费,5.0
花海芬芳浴,青海,门源,门源,免费,4.5
德令哈尕海国家湿地公园,青海,德令哈,德令哈,免费,暂无评分
花石峡,青海,玛多,玛多,免费,4.8
茶卡盐湖景区-观景台,青海,乌兰,乌兰,免费,5.0
都兰县博物馆,青海,都兰,都兰,免费,4.5
格萨尔王广场,青海,玉树市,玉树市,免费,4.3
三江源纪念碑,青海,称多,称多,免费,暂无评分
鄂陵湖,青海,玛多,玛多,免费,4.8
澜沧江源头,青海,杂多,杂多,免费,4.0
洪水泉清真寺,青海,海东,海东,免费,5.0
南凉虎台遗址公园,青海,西宁,西宁 · 青海省博物馆/西宁野生动物园,免费,4.4
青海高原,青海,西宁,西宁 · 莫家街/大新街夜市,免费,暂无评分
麒麟湾公园,青海,西宁,西宁 · 莫家街/大新街夜市,免费,4.6
中华福运轮,青海,贵德,贵德,免费,4.4
可可西里自然保护区不冻泉,青海,治多,治多,免费,4.5
泉吉乡观鱼台,青海,刚察,刚察,免费,4.8
青海美术馆,青海,西宁,西宁 · 青海省博物馆/西宁野生动物园,免费,4.8
纳赤台,青海,格尔木,格尔木,免费,4.7
湟鱼家园,青海,刚察,刚察,60.0,3.7
青海湖国家重点风景名胜区-月牙湖,青海,海晏,海晏,免费,暂无评分
格萨尔大王狮龙宫殿,青海,达日,达日,免费,5.0
喇日寺,青海,玛沁,玛沁,免费,暂无评分
德吉村景区,青海,化隆,化隆,免费,5.0
湟水,青海,西宁,西宁,免费,4.7
金银滩原子城原子弹纪念碑,青海,海晏,海晏,免费,5.0
李家峡水库,青海,化隆,化隆,免费,4.6
花海鸳鸯,青海,门源,门源,免费,4.2
三岔河大桥,青海,格尔木,格尔木,免费,3.5
塔尔寺-寺院,青海,西宁,西宁,免费,暂无评分
都兰县香日德班禅寺,青海,都兰,都兰,免费,5.0
岗山秘境景区,青海,化隆,化隆,免费,5.0
措龙滩村,青海,门源,门源,免费,暂无评分
德令哈天文科普馆,青海,德令哈,德令哈,免费,4.6
拱辰门,青海,西宁,西宁 · 莫家街/大新街夜市,免费,4.5
布哈河,青海,刚察,刚察,免费,暂无评分
天下黄河贵德清,青海,贵德,贵德,免费,5.0
胡杨林省级自然保护区,青海,格尔木,格尔木,免费,4.0
卓尔山风景区-煨桑台,青海,祁连,祁连,免费,暂无评分
冷湖火星地质公园,青海,茫崖,茫崖,免费,4.0
湟源峡,青海,湟源,湟源,免费,4.6
昆仑山门纪念碑,青海,格尔木,格尔木,免费,暂无评分
骆驼泉,青海,循化,循化,32.0,2.5
西宁云上群加金陵山水,青海,西宁,西宁,免费,5.0
尕丁寺,青海,囊谦,囊谦,免费,5.0
沙岛,青海,海晏,海晏,免费,4.4
西宁绿道,青海,西宁,西宁,免费,4.9
海心山,青海,共和,共和,免费,4.8
黄河路小游园,青海,西宁,西宁 · 莫家街/大新街夜市,免费,4.6
湟水森林公园,青海,西宁,西宁 · 海湖新区万达广场/唐道637,免费,4.4
金塔寺,青海,西宁,西宁 · 莫家街/大新街夜市,免费,4.6
班禅行宫,青海,西宁,西宁,免费,4.7
水车广场,青海,贵德,贵德,免费,4.3
朝阳公园,青海,西宁,西宁 · 城北吾悦广场/西宁市博物馆,免费,4.8
青海大学,青海,西宁,西宁 · 青海藏文化博物院/北川万达广场,免费,4.2
新华联国际旅游城,青海,西宁,西宁,免费,4.7
巴颜喀拉山主峰,青海,玛多,玛多,免费,4.8
隆格山垭口,青海,久治,久治,免费,4.9
油菜花观花台,青海,门源,门源,免费,4.8
青海湖洱海,青海,共和,共和,免费,4.0
青唐城遗址,青海,西宁,西宁 · 东关清真大寺/下南关街,免费,4.5
桥头公园,青海,大通,大通,免费,4.5
西宁市烈士陵园,青海,西宁,西宁 · 香格里拉城市花园,免费,暂无评分
八瓣莲花非物质文化遗产传承体验中心,青海,西宁,西宁,免费,3.4
乐都南山,青海,海东,海东,免费,5.0
法幢寺,青海,西宁,西宁 · 莫家街/大新街夜市,免费,4.8
夏都大街清真寺,青海,西宁,西宁 · 西宁火车站,免费,4.5
木格滩沙漠景区,青海,贵南,贵南,免费,5.0
新宁广场,青海,西宁,西宁 · 青海省博物馆/西宁野生动物园,免费,4.8
玉带桥清真寺,青海,西宁,西宁 · 西宁火车站,免费,4.3
王洛宾音乐艺术馆,青海,海晏,海晏,免费,4.0
贵德黄河大桥,青海,贵德,贵德,免费,4.7
红军沟,青海,班玛,班玛,免费,暂无评分
水城门清真寺,青海,西宁,西宁 · 东关清真大寺/下南关街,免费,4.6
塔尔寺-小金瓦寺,青海,西宁,西宁,免费,4.7
沙陀寺,青海,刚察,刚察,免费,5.0
娘娘山,青海,大通,大通,免费,5.0
昆仑文化旅游景区,青海,格尔木,格尔木,免费,4.6
西宁市教场街基督教堂,青海,西宁,西宁 · 莫家街/大新街夜市,免费,4.7
龙羊大峡谷悬崖览胜景区,青海,贵德,贵德,免费,4.6
莫河盐厂,青海,乌兰,乌兰,免费,4.3
日月山-日月亭,青海,湟源,湟源,免费,4.6
格尔木河,青海,格尔木,格尔木,免费,4.5
白玉巷清真寺,青海,西宁,西宁 · 东关清真大寺/下南关街,免费,4.5
山陕会馆,青海,西宁,西宁 · 莫家街/大新街夜市,免费,4.8
西来寺,青海,海东,海东,免费,5.0
旦斗寺,青海,化隆,化隆,免费,4.7
普济寺,青海,西宁,西宁 · 东关清真大寺/下南关街,免费,4.7
鲁青水上公园,青海,西宁,西宁 · 青海省博物馆/西宁野生动物园,免费,4.5
东吉多卡寺,青海,甘德,甘德,免费,5.0
西宁湟水国家湿地公园-文化公园,青海,西宁,西宁 · 青海省博物馆/西宁野生动物园,免费,4.6
青海省图书馆,青海,西宁,西宁 · 青海省博物馆/西宁野生动物园,免费,4.7
星宿海,青海,玛多,玛多,免费,4.0
沙柳河景区,青海,刚察,刚察,免费,4.1
西宁小峡,青海,西宁,西宁,免费,4.6
玉树草原,青海,玉树市,玉树市,免费,5.0
西大滩景区,青海,格尔木,格尔木,免费,4.3
金子海景区,青海,乌兰,乌兰,免费,4.0
郭麻日寺,青海,同仁,同仁,免费,4.8
廖霭庭旧居,青海,西宁,西宁 · 莫家街/大新街夜市,免费,4.8
昆仑花园广场,青海,格尔木,格尔木,免费,4.5
和日寺院,青海,泽库,泽库,免费,5.0
沙坡头,宁夏,中卫,中卫 · 沙坡头旅游景区,40.0,4.8
青铜峡黄河大峡谷旅游区,宁夏,青铜峡,青铜峡,40.0,4.7
西夏陵,宁夏,银川,银川,免费,4.6
贺兰山岩画,宁夏,贺兰,贺兰,65.0,4.6
宁夏水洞沟旅游区,宁夏,灵武,灵武,60.0,4.6
镇北堡西部影城,宁夏,银川,银川 · 漫葡·看见贺兰演艺小镇/镇北堡西部影城度假区,76.0,4.5
宁夏博物馆,宁夏,银川,银川 · 宁夏博物馆/市中心,免费,4.8
宁夏贺兰山国家森林公园,宁夏,贺兰,贺兰,75.0,4.5
沙湖生态旅游区,宁夏,平罗,平罗,198.0,4.5
看见贺兰,宁夏,银川,银川 · 漫葡·看见贺兰演艺小镇/镇北堡西部影城度假区,158.0,4.8
宁夏地质博物馆,宁夏,银川,银川 · 宁夏博物馆/市中心,免费,4.8
腾格里沙漠,宁夏,中卫,中卫,免费,4.7
六盘山国家森林公园,宁夏,泾源,泾源,176.0,4.3
览山公园,宁夏,银川,银川 · 览山公园/阅彩城,免费,4.5
沙坡头旅游景区时空之门,宁夏,中卫,中卫,40.0,4.9
黄沙古渡原生态旅游区,宁夏,银川,银川,1055.0,4.4
西夏陵博物馆,宁夏,银川,银川,免费,4.6
须弥山石窟,宁夏,固原,固原,48.0,4.1
龙谕酒庄,宁夏,银川,银川,免费,4.6
源石酒庄,宁夏,银川,银川,免费,4.7
腾格里•金沙海旅游度假区,宁夏,中卫,中卫,174.0,4.3
火石寨国家地质(森林)公园,宁夏,西吉,西吉,44.0,4.3
黄河宿集,宁夏,中卫,中卫 · 沙坡头旅游景区,免费,3.8
沙坡头旅游区黄河区,宁夏,中卫,中卫 · 沙坡头旅游景区,免费,5.0
66号公路,宁夏,中卫,中卫,免费,4.5
羊皮筏子,宁夏,中卫,中卫 · 沙坡头旅游景区,免费,5.0
银川鸣翠湖国家湿地公园,宁夏,银川,银川,40.0,3.9
鼓楼,宁夏,银川,银川 · 鼓楼/南门广场,免费,4.5
青铜峡108塔,宁夏,青铜峡,青铜峡,免费,4.7
月亮门,宁夏,银川,银川 · 漫葡·看见贺兰演艺小镇/镇北堡西部影城度假区,免费,4.6
西夏风情园,宁夏,银川,银川,39.9,4.4
漫葡天沐温泉,宁夏,银川,银川 · 漫葡·看见贺兰演艺小镇/镇北堡西部影城度假区,168.0,4.6
六盘山红军长征旅游区,宁夏,隆德,隆德,免费,暂无评分
看见闽宁·戏剧村落,宁夏,永宁,永宁,238.0,5.0
黄河军事文化博览园,宁夏,银川,银川,50.0,3.8
滚钟口风景区,宁夏,银川,银川,30.0,4.3
高庙保安寺,宁夏,中卫,中卫,免费,4.6
吴忠市董府景区,宁夏,吴忠,吴忠,50.0,4.1
一叶星空帐篷营地,宁夏,中卫,中卫,免费,5.0
寺口子,宁夏,中卫,中卫,75.0,4.4
漫葡小镇,宁夏,银川,银川 · 漫葡·看见贺兰演艺小镇/镇北堡西部影城度假区,免费,5.0
藏兵洞,宁夏,灵武,灵武,免费,4.4
野荷谷,宁夏,泾源,泾源,免费,4.2
雁门关,宁夏,银川,银川 · 漫葡·看见贺兰演艺小镇/镇北堡西部影城度假区,免费,5.0
玉皇阁,宁夏,银川,银川 · 鼓楼/南门广场,免费,4.5
中卫鼓楼,宁夏,中卫,中卫,免费,4.5
三关口明长城,宁夏,永宁,永宁,免费,3.1
腾格里沙漠-大漠星河营地,宁夏,中卫,中卫,免费,5.0
美贺庄园,宁夏,银川,银川 · 漫葡·看见贺兰演艺小镇/镇北堡西部影城度假区,免费,5.0
西夏陵国家考古遗址公园-三号陵,宁夏,银川,银川,免费,4.5
银川韩美林艺术馆,宁夏,贺兰,贺兰,免费,4.4
稻渔空间,宁夏,贺兰,贺兰,38.0,4.7
宁夏幻太奇海洋公园,宁夏,银川,银川 · 宁夏博物馆/市中心,118.0,3.9
清城大门,宁夏,银川,银川 · 漫葡·看见贺兰演艺小镇/镇北堡西部影城度假区,免费,4.7
腾格里金沙岛旅游区,宁夏,中卫,中卫,45.0,4.1
西夏陵遗址区,宁夏,银川,银川,免费,4.6
银川世界岩画馆,宁夏,贺兰,贺兰,免费,4.7
海宝塔寺,宁夏,银川,银川 · 海宝公园/民族北街,免费,4.4
利思酒庄,宁夏,银川,银川 · 怀远观光夜市/西夏万达广场,免费,5.0
六盘山红军长征纪念馆,宁夏,隆德,隆德,免费,暂无评分
水洞沟遗址博物馆,宁夏,灵武,灵武,免费,4.5
哈巴湖生态旅游区,宁夏,盐池,盐池,50.0,3.9
牛首山旅游景区,宁夏,青铜峡,青铜峡,免费,4.2
固原博物馆,宁夏,固原,固原,免费,4.7
老巷子景区,宁夏,隆德,隆德,免费,4.3
老龙潭,宁夏,泾源,泾源,免费,3.7
老银川一条街,宁夏,银川,银川 · 漫葡·看见贺兰演艺小镇/镇北堡西部影城度假区,免费,4.6
百瑞源殷红子熟枸杞庄园,宁夏,贺兰,贺兰 · 漫葡·看见贺兰演艺小镇/镇北堡西部影城度假区,50.0,5.0
北长滩,宁夏,中卫,中卫,免费,4.4
银川花博园,宁夏,银川,银川 · 览山公园/阅彩城,免费,4.5
阅海滑雪场,宁夏,银川,银川 · 览山公园/阅彩城,免费,3.6
北武当生态旅游区,宁夏,石嘴山,石嘴山,免费,4.8
黄羊古落旅游度假区,宁夏,中宁,中宁,免费,2.7
银川文化城·凤凰幻城,宁夏,银川,银川 · 宁夏博物馆/市中心,免费,4.8
沙坡头旅游区黄河区南区,宁夏,中卫,中卫 · 沙坡头旅游景区,免费,4.8
MOLIAN沙漠美术馆,宁夏,中卫,中卫,免费,5.0
沙湖景区-楼兰古城,宁夏,平罗,平罗,免费,5.0
东风大峡谷,宁夏,盐池,盐池,免费,暂无评分
拜寺口双塔,宁夏,贺兰,贺兰,免费,4.5
六盘山,宁夏,泾源,泾源,免费,5.0
贺兰山东麓国际葡萄酒博物馆,宁夏,银川,银川 · 览山公园/阅彩城,免费,3.4
辰漠128,宁夏,中卫,中卫,免费,1.0
贺兰山阙,宁夏,贺兰,贺兰,免费,5.0
中阿之轴,宁夏,银川,银川 · 览山公园/阅彩城,免费,4.7
阅海公园,宁夏,银川,银川 · 览山公园/阅彩城,免费,3.4
银川当代美术馆,宁夏,永宁,永宁,20.0,4.7
华夏河图银川艺术小镇,宁夏,永宁,永宁,免费,3.9
贺兰山东麓旅游度假区,宁夏,银川,银川 · 漫葡·看见贺兰演艺小镇/镇北堡西部影城度假区,免费,5.0
贺兰山博物馆,宁夏,贺兰,贺兰,免费,5.0
黄河坛,宁夏,青铜峡,青铜峡,45.0,4.3
宁夏枸杞博物馆,宁夏,贺兰,贺兰,免费,5.0
南门楼,宁夏,银川,银川 · 鼓楼/南门广场,免费,4.3
西夏古城,宁夏,银川,银川 · 怀远观光夜市/西夏万达广场,免费,1.0
银川南关清真寺,宁夏,银川,银川 · 鼓楼/南门广场,免费,3.4
腾格里沙漠大漠星河旅游度假区,宁夏,中卫,中卫,免费,4.7
黄沙古渡·原生态旅游区-黄河古渡口,宁夏,银川,银川,免费,暂无评分
西鸽酒庄,宁夏,青铜峡,青铜峡,免费,暂无评分
金鸡坪梯田公园,宁夏,彭阳,彭阳,免费,5.0
海宝公园,宁夏,银川,银川 · 海宝公园/民族北街,免费,4.7
中山公园,宁夏,银川,银川 · 鼓楼/南门广场,免费,4.3
同心清真大寺,宁夏,同心,同心,免费,5.0
漠西戈·沙漠宿集露营地,宁夏,中卫,中卫,免费,1.0
沙坡头·大漠星空市集,宁夏,中卫,中卫,免费,暂无评分
银川动物园,宁夏,银川,银川 · 鼓楼/南门广场,免费,4.5
沙坡头-黄河滑索,宁夏,中卫,中卫 · 沙坡头旅游景区,免费,5.0
石炭井工业文旅影视小镇,宁夏,石嘴山,石嘴山,免费,暂无评分
阅海滑草场,宁夏,银川,银川 · 览山公园/阅彩城,86.0,4.3
黄河国家湿地公园,宁夏,吴忠,吴忠,免费,5.0
沙坡头旅游区沙漠区,宁夏,中卫,中卫,免费,5.0
吴忠市博物馆,宁夏,吴忠,吴忠,免费,3.8
贺兰山宿集,宁夏,银川,银川 · 漫葡·看见贺兰演艺小镇/镇北堡西部影城度假区,免费,暂无评分
阅海湾水上公园,宁夏,银川,银川 · 览山公园/阅彩城,免费,4.4
中卫博物馆,宁夏,中卫,中卫,免费,4.1
宁园,宁夏,银川,银川 · 鼓楼/南门广场,免费,4.0
丝路骑士腾格里探索家营地,宁夏,中卫,中卫,免费,5.0
明城,宁夏,银川,银川 · 漫葡·看见贺兰演艺小镇/镇北堡西部影城度假区,免费,5.0
中宁清水河小壶口瀑布,宁夏,中宁,中宁,免费,4.0
彭阳县茹河瀑布风景区,宁夏,彭阳,彭阳,免费,4.9
宁夏薰衣草庄园(兴庆区沙漠运动公园),宁夏,银川,银川,免费,2.3
鸣翠湖滑雪场,宁夏,银川,银川,免费,3.9
沙坡头-骑骆驼,宁夏,中卫,中卫 · 沙坡头旅游景区,免费,5.0
盐池县长城关,宁夏,盐池,盐池,免费,5.0
翡翠湖,宁夏,银川,银川,免费,暂无评分
银川黄河军事文化博览园-和平广场,宁夏,银川,银川,免费,4.6
向阳街夜市,宁夏,中卫,中卫,免费,5.0
固原古城墙遗址公园,宁夏,固原,固原,免费,5.0
盐州古城历史文化旅游区,宁夏,盐池,盐池,免费,5.0
大武口洗煤厂工业遗址公园,宁夏,石嘴山,石嘴山,免费,4.7
宁夏图兰朵葡萄酒小镇,宁夏,贺兰,贺兰 · 漫葡·看见贺兰演艺小镇/镇北堡西部影城度假区,免费,5.0
中卫太空舱露营地,宁夏,中卫,中卫 · 沙坡头旅游景区,免费,暂无评分
梦幻海洋企鹅馆,宁夏,银川,银川 · 览山公园/阅彩城,97.0,4.3
承天寺塔,宁夏,银川,银川 · 鼓楼/南门广场,免费,4.2
中国工农红军西征纪念园,宁夏,同心,同心,免费,4.8
银川森林公园,宁夏,银川,银川 · 宁夏博物馆/市中心,免费,5.0
常乐胜境旅居度假村,宁夏,中卫,中卫,免费,暂无评分
沙坡头-滑沙场,宁夏,中卫,中卫 · 沙坡头旅游景区,免费,5.0
灵武恐龙地质公园,宁夏,灵武,灵武,免费,3.9
盐池古长城遗址公园,宁夏,盐池,盐池,免费,4.5
星海湖,宁夏,石嘴山,石嘴山,免费,4.3
沙坡头-长城遗址,宁夏,中卫,中卫 · 沙坡头旅游景区,免费,5.0
宁夏中卫腾格里沙漠营地,宁夏,中卫,中卫,免费,暂无评分
天山海世界黄河明珠,宁夏,银川,银川,168.0,3.7
纳家户寺,宁夏,永宁,永宁,免费,4.0
双龙石窟石空大佛寺,宁夏,中宁,中宁,免费,4.0
阅海欢乐岛,宁夏,银川,银川 · 览山公园/阅彩城,108.0,3.0
宁夏科技馆,宁夏,银川,银川 · 宁夏博物馆/市中心,免费,4.8
宁夏农旅产业园,宁夏,贺兰,贺兰,免费,4.1
银川文化艺术博览中心,宁夏,银川,银川 · 建发悠阅城/宝湖公园,免费,4.3
沙坡头景区-沙漠天梯,宁夏,中卫,中卫 · 沙坡头旅游景区,免费,5.0
兰一生态园,宁夏,银川,银川,免费,5.0
兰多多亲自然乐园,宁夏,银川,银川 · 漫葡·看见贺兰演艺小镇/镇北堡西部影城度假区,58.0,4.5
小南川,宁夏,泾源,泾源,免费,5.0
胭脂峡,宁夏,泾源,泾源,35.0,4.6
甘露寺,宁夏,灵武,灵武,免费,暂无评分
沙里瓦度假露营地,宁夏,中卫,中卫 · 沙坡头旅游景区,免费,5.0
红玛瑙枸杞观光园,宁夏,银川,银川,16.0,5.0
香山公园,宁夏,中卫,中卫,免费,4.2
石嘴山市博物馆,宁夏,石嘴山,石嘴山,免费,4.5
将台堡红军会师纪念馆,宁夏,西吉,西吉,免费,暂无评分
宝湖国家城市湿地公园,宁夏,银川,银川 · 建发悠阅城/宝湖公园,免费,4.7
中卫沙漠星空露营基地,宁夏,中卫,中卫,免费,暂无评分
【宁夏银川】《贺兰山盛典》表演,宁夏,银川,银川 · 漫葡·看见贺兰演艺小镇/镇北堡西部影城度假区,免费,4.7
银色高地酒庄,宁夏,贺兰,贺兰 · 漫葡·看见贺兰演艺小镇/镇北堡西部影城度假区,免费,暂无评分
沙坡头沙漠传奇,宁夏,中卫,中卫,免费,5.0
王维观景台,宁夏,中卫,中卫 · 沙坡头旅游景区,免费,4.5
中宁县丰安屯文化生态园,宁夏,中宁,中宁,免费,4.3
奇石山文化旅游区,宁夏,石嘴山,石嘴山,免费,3.7
腾格里金沙海沙漠营地,宁夏,中卫,中卫,免费,暂无评分
腾格里研学大本营露营地,宁夏,中卫,中卫,免费,5.0
青铜峡黄河楼-牌楼,宁夏,青铜峡,青铜峡,免费,暂无评分
须弥山博物馆,宁夏,固原,固原,免费,4.3
黄河,宁夏,银川,银川,免费,5.0
青铜峡黄河大峡谷旅游区-大禹文化园,宁夏,青铜峡,青铜峡,免费,4.5
黄河3D玻璃桥,宁夏,中卫,中卫 · 沙坡头旅游景区,免费,4.6
宁夏湿地博物馆,宁夏,平罗,平罗,免费,4.8
银川文化园,宁夏,银川,银川 · 建发悠阅城/宝湖公园,免费,暂无评分
沙漠星谷露营地,宁夏,中卫,中卫 · 沙坡头旅游景区,免费,暂无评分
黄河外滩国家湿地公园,宁夏,银川,银川,免费,3.8
龙谕酒庄-酿酒葡萄观光园,宁夏,银川,银川,免费,5.0
腾格里沙漠星辰沙漠露营地,宁夏,中卫,中卫 · 沙坡头旅游景区,免费,5.0
六盘玩美乐园,宁夏,固原,固原,80.0,3.8
中卫大星之夜沙漠露营地,宁夏,中卫,中卫,免费,暂无评分
青铜峡黄河大峡谷旅游区-观景台,宁夏,青铜峡,青铜峡,免费,5.0
吴忠美食文化中心,宁夏,吴忠,吴忠,免费,暂无评分
星海湖国家湿地公园,宁夏,石嘴山,石嘴山,免费,5.0
北塔湖,宁夏,银川,银川 · 海宝公园/民族北街,免费,暂无评分
北武当庙,宁夏,石嘴山,石嘴山,免费,暂无评分
黄河楼博物馆,宁夏,青铜峡,青铜峡,免费,暂无评分
漫和·养眠温泉,宁夏,银川,银川,178.0,暂无评分
明长城-中卫段,宁夏,中卫,中卫,免费,暂无评分
东岳山,宁夏,固原,固原,免费,4.9
秦汉萧关,宁夏,泾源,泾源,免费,4.8
沙关古道,宁夏,中卫,中卫 · 沙坡头旅游景区,免费,4.7
黄河楼-角楼,宁夏,青铜峡,青铜峡,免费,暂无评分
灵武高庙,宁夏,灵武,灵武,免费,3.0
秦长城遗址,宁夏,固原,固原,免费,暂无评分
银川国际会展中心,宁夏,银川,银川 · 宁夏博物馆/市中心,免费,4.6
无量山石窟,宁夏,彭阳,彭阳,免费,3.0
时之沙大漠露营地,宁夏,中卫,中卫,免费,4.9
中宁万亩枸杞观光园,宁夏,中宁,中宁,免费,暂无评分
墓道,宁夏,银川,银川,免费,4.6
黄河横城旅游休闲度假区,宁夏,银川,银川,免费,2.9
沙湖古镇,宁夏,石嘴山,石嘴山,免费,3.5
沙漠星空冰雪乐园,宁夏,中卫,中卫,免费,暂无评分
冶家村,宁夏,泾源,泾源,免费,4.8
大漠黄河(沙坡头)旅游度假区,宁夏,中卫,中卫 · 沙坡头旅游景区,免费,5.0
66号公路此生必到,宁夏,中卫,中卫,免费,5.0
南长滩村,宁夏,中卫,中卫,免费,4.5
西吉梯田,宁夏,西吉,西吉,免费,4.0
西夏王玉泉国际酒庄,宁夏,永宁,永宁,免费,4.8
南薰门,宁夏,银川,银川 · 鼓楼/南门广场,免费,暂无评分
石嘴山翡翠湖,宁夏,石嘴山,石嘴山,免费,暂无评分
视城一条街,宁夏,银川,银川 · 漫葡·看见贺兰演艺小镇/镇北堡西部影城度假区,免费,4.4
天山海世界黄河明珠-天山海世界戏水乐园,宁夏,银川,银川,免费,1.0
宁夏移民博物馆,宁夏,吴忠,吴忠,免费,暂无评分
中国花卉博览园生态湿地区,宁夏,银川,银川 · 览山公园/阅彩城,免费,暂无评分
凤凰公园,宁夏,银川,银川 · 宁夏博物馆/市中心,免费,3.0
南门广场,宁夏,银川,银川 · 鼓楼/南门广场,免费,4.5
金沙湾,宁夏,青铜峡,青铜峡,免费,5.0
水洞沟旅游区-魔鬼城,宁夏,灵武,灵武,免费,5.0
侏罗纪恐龙游乐园,宁夏,银川,银川 · 宁夏博物馆/市中心,免费,暂无评分
嘉地酒园,宁夏,贺兰,贺兰,免费,暂无评分
战国秦长城博物馆,宁夏,固原,固原,免费,4.0
沙坡头缆车,宁夏,中卫,中卫 · 沙坡头旅游景区,免费,4.9
中卫星遇沙漠露营地,宁夏,中卫,中卫 · 沙坡头旅游景区,免费,暂无评分
西吉震湖,宁夏,西吉,西吉,免费,4.5
大漠星空国际露营基地,宁夏,中卫,中卫,免费,暂无评分
沙坡头-沙漠博物馆,宁夏,中卫,中卫 · 沙坡头旅游景区,免费,暂无评分
盐湖,宁夏,海原,海原,免费,3.0
市外淘园生态农业观光园,宁夏,银川,银川,免费,暂无评分
夜宿漠港星空国际露营地,宁夏,中卫,中卫,免费,暂无评分
宁夏美术馆,宁夏,银川,银川 · 览山公园/阅彩城,免费,4.0
青松岭景区,宁夏,贺兰,贺兰,免费,5.0
宁夏雅豪国际滑雪度假区,宁夏,泾源,泾源,免费,4.3
金贵牡丹花乡,宁夏,贺兰,贺兰,免费,5.0
省嵬城遗址,宁夏,石嘴山,石嘴山,免费,5.0
四旗梁子拱北,宁夏,吴忠,吴忠,免费,暂无评分
星星故乡露营地,宁夏,中卫,中卫,免费,暂无评分
腾格里沙漠露营,宁夏,中卫,中卫,免费,暂无评分
古雁岭,宁夏,固原,固原,免费,5.0
西夏公园,宁夏,银川,银川 · 怀远观光夜市/西夏万达广场,免费,4.2
沙坡头星星故乡帐篷营地,宁夏,中卫,中卫 · 沙坡头旅游景区,免费,暂无评分
夏木酒庄,宁夏,贺兰,贺兰,免费,暂无评分
罗山国家级自然保护区,宁夏,同心,同心,免费,1.0
水洞沟旅游区-明长城遗址,宁夏,灵武,灵武,免费,暂无评分
古城湾旅游区,宁夏,吴忠,吴忠,免费,4.2
银川阅海清真寺,宁夏,银川,银川 · 览山公园/阅彩城,免费,3.3
海原清真大寺,宁夏,海原,海原,免费,暂无评分
中卫市腾格里大漠星途露营基地,宁夏,中卫,中卫,免费,暂无评分
银川美术馆,宁夏,银川,银川 · 宁夏博物馆/市中心,免费,4.6
阅海湖畔星空露营地,宁夏,银川,银川 · 览山公园/阅彩城,免费,暂无评分
三沙源国际生态文化旅游度假区,宁夏,永宁,永宁,免费,5.0
黄沙古渡·原生态旅游区-月牙湖,宁夏,银川,银川,免费,暂无评分
中卫沙之都沙漠星空露营营地(沙坡头景区店),宁夏,中卫,中卫,免费,暂无评分
星星故乡沙漠露营地,宁夏,中卫,中卫,免费,暂无评分
马鞍山生态园,宁夏,灵武,灵武,免费,5.0
腾格里沙漠湿地金沙岛旅游区-薰衣草主题公园,宁夏,中卫,中卫,免费,暂无评分
星野沙舍腾格里沙漠露营地,宁夏,中卫,中卫,免费,暂无评分
中卫沙坡头腾格里星舍星光露营地,宁夏,中卫,中卫,免费,暂无评分
北武当地质公园,宁夏,石嘴山,石嘴山,免费,5.0
龙王坝村,宁夏,西吉,西吉,免费,暂无评分
固原战国长城遗址,宁夏,固原,固原,免费,暂无评分
银川东关清真寺,宁夏,银川,银川 · 鼓楼/南门广场,免费,5.0
田州古塔,宁夏,平罗,平罗,免费,5.0
兴庆公园,宁夏,银川,银川 · 怀远观光夜市/西夏万达广场,免费,5.0
六盘山国家森林公园-安西王府,宁夏,泾源,泾源,免费,4.5
宁夏云雾山国家级自然保护区,宁夏,固原,固原,免费,4.5
西北农耕博物馆,宁夏,固原,固原,免费,2.0
中卫沙坡头沙之海露营地(东湖草原景区店),宁夏,中卫,中卫,免费,暂无评分
金沙海洋沙漠帐篷露营营地(沙坡头店),宁夏,中卫,中卫,免费,暂无评分
沙坡头水镇,宁夏,中卫,中卫,免费,5.0
花马池,宁夏,盐池,盐池,免费,暂无评分
宁夏南华山国家级自然保护区,宁夏,海原,海原,免费,5.0
长流水生态旅游区,宁夏,灵武,灵武,免费,4.1
贺兰山自然造像,宁夏,贺兰,贺兰,免费,暂无评分
银川舰纪念馆,宁夏,银川,银川,免费,暂无评分
青铜峡旅游区-牛首山庙,宁夏,青铜峡,青铜峡,免费,2.5
漠贝酒庄,宁夏,中卫,中卫 · 沙坡头旅游景区,免费,5.0
国务院直属口五七干校博物馆,宁夏,石嘴山,石嘴山,免费,暂无评分
财神楼,宁夏,固原,固原,免费,暂无评分
青铜峡黄河大峡谷旅游区-青镇团结清真大寺,宁夏,青铜峡,青铜峡,免费,5.0
苏峪口滑雪场,宁夏,贺兰,贺兰,免费,5.0
青山公园,宁夏,石嘴山,石嘴山,免费,5.0
红山堡,宁夏,灵武,灵武,免费,4.5
沙漠大扶梯,宁夏,中卫,中卫 · 沙坡头旅游景区,免费,4.6
大武口森林公园,宁夏,石嘴山,石嘴山,免费,4.6
塔林,宁夏,银川,银川 · 漫葡·看见贺兰演艺小镇/镇北堡西部影城度假区,免费,4.5
领新耘智·3D打印创新基地,宁夏,贺兰,贺兰,免费,5.0
黄河宫,宁夏,中卫,中卫,免费,3.9
秦渠公园,宁夏,吴忠,吴忠,免费,4.6
白马拉缰,宁夏,中卫,中卫 · 沙坡头旅游景区,免费,4.7
宁夏邮政博物馆,宁夏,银川,银川 · 鼓楼/南门广场,免费,4.6
灵州兴唐苑,宁夏,灵武,灵武,免费,4.6
宁夏川民俗园,宁夏,永宁,永宁,免费,4.4
西夏风情园滑雪场,宁夏,银川,银川,158.0,3.6
沙温泉度假村,宁夏,银川,银川,168.0,4.3
月亮山,宁夏,西吉,西吉,免费,4.9
鹤泉湖,宁夏,永宁,永宁,免费,暂无评分
银川景城公园,宁夏,银川,银川,免费,4.6
万亩荷花苑,宁夏,平罗,平罗,免费,4.4
石嘴子公园,宁夏,石嘴山,石嘴山,免费,5.0
韭菜沟,宁夏,石嘴山,石嘴山,免费,4.7
六盘山滑雪场,宁夏,泾源,泾源,免费,2.0
西夏王宫,宁夏,银川,银川,免费,3.0
水洞沟旅游区-红山湖,宁夏,灵武,灵武,免费,4.2
金水园,宁夏,灵武,灵武,免费,4.8
毓秀公园,宁夏,银川,银川 · 宁夏博物馆/市中心,免费,4.8
柳州城址,宁夏,海原,海原,免费,暂无评分
檀溪谷温泉水世界,宁夏,银川,银川,免费,2.5
西夏史话塑像馆,宁夏,银川,银川,免费,4.8
罗家园旅游风景区,宁夏,石嘴山,石嘴山,免费,暂无评分
盐池县革命历史纪念园,宁夏,盐池,盐池,免费,4.6
银川市城市规划展示馆,宁夏,银川,银川 · 览山公园/阅彩城,免费,4.7
金塔公园-多宝塔,宁夏,永宁,永宁,免费,暂无评分
银川森淼生态旅游区,宁夏,银川,银川,9.9,2.3
宏佛塔,宁夏,贺兰,贺兰,免费,暂无评分
红军西征纪念堂,宁夏,同心,同心,免费,暂无评分
花马寺,宁夏,盐池,盐池,免费,暂无评分
北象山,宁夏,隆德,隆德,免费,5.0
青铜峡鸟岛自然保护区,宁夏,青铜峡,青铜峡,免费,5.0
贺兰山1958主题创意休闲区,宁夏,贺兰,贺兰,免费,5.0
兵沟旅游区浑怀障汉墓群景区,宁夏,银川,银川,免费,5.0
光明广场,宁夏,银川,银川 · 鼓楼/南门广场,免费,4.2
白云寺景区,宁夏,泾源,泾源,免费,5.0
中山公园-古城墙,宁夏,银川,银川 · 鼓楼/南门广场,免费,4.6
中宁县枸杞博物馆,宁夏,中宁,中宁,免费,4.6
西安州古城,宁夏,海原,海原,免费,暂无评分
马场湖,宁夏,中卫,中卫,免费,暂无评分
弹力酷跑猩球蹦床主题乐园,宁夏,中卫,中卫,免费,3.4
人民广场,宁夏,中宁,中宁,免费,4.5
猴头像,宁夏,贺兰,贺兰,免费,5.0
青铜峡市塞上驿站青铜古镇,宁夏,青铜峡,青铜峡,免费,4.1
宁夏水利博物馆,宁夏,青铜峡,青铜峡,免费,4.4
宁夏贺兰山国家森林公园-樱桃谷景区,宁夏,贺兰,贺兰,免费,5.0
龙宫生态旅游区,宁夏,中卫,中卫,免费,5.0
贺兰山冰雪大世界,宁夏,银川,银川,免费,5.0
西夏行者全地形车运动基地,宁夏,银川,银川,免费,5.0
宁夏质量文化博物馆,宁夏,贺兰,贺兰,免费,5.0
银川国际会展中心-北广场,宁夏,银川,银川 · 宁夏博物馆/市中心,免费,5.0
党家岔,宁夏,西吉,西吉,免费,1.0
宁夏国际会堂,宁夏,银川,银川 · 览山公园/阅彩城,免费,4.5
宁夏无线电博物馆,宁夏,银川,银川 · 览山公园/阅彩城,免费,4.0
吴忠灵应山石窟寺,宁夏,盐池,盐池,免费,5.0
老君台,宁夏,中卫,中卫,免费,暂无评分
一号帝王陵园,宁夏,银川,银川,免费,4.7
石嘴山市科技馆,宁夏,石嘴山,石嘴山,免费,4.7
西吉钱币博物馆,宁夏,西吉,西吉,免费,4.7
沙湖景区-奇幻雨屋,宁夏,平罗,平罗,免费,4.7
泾源香水花海景区,宁夏,泾源,泾源,免费,3.5
羚羊寺,宁夏,中卫,中卫,免费,3.0
世界魔鬼城,新疆,克拉玛依,克拉玛依,62.0,4.3
禾木风景区,新疆,布尔津,布尔津,75.0,4.5
喀纳斯景区,新疆,布尔津,布尔津 · 喀纳斯风景区,227.0,4.6
赛里木湖,新疆,博乐,博乐 · 赛里木湖/天鹅乐水,100.0,4.7
白沙山-白沙湖景区,新疆,阿克陶,阿克陶,39.8,4.5
天山天池,新疆,阜康,阜康,152.0,4.6
那拉提旅游风景区,新疆,新源,新源 · 那拉提旅游风景区/那拉提镇人民政府,135.0,4.5
新疆维吾尔自治区博物馆,新疆,乌鲁木齐,乌鲁木齐 · 新疆博物馆/友好路商业街,免费,4.8
喀拉峻景区,新疆,特克斯县,特克斯县,140.0,4.6
巴音布鲁克景区,新疆,和静,和静,127.0,4.5
葡萄沟,新疆,吐鲁番,吐鲁番,免费,4.2
新疆国际大巴扎,新疆,乌鲁木齐,乌鲁木齐 · 国际大巴扎,免费,4.5
天山神秘大峡谷,新疆,库车,库车,40.0,4.6
喀什古城,新疆,喀什市,喀什市 · 喀什古城,免费,4.7
库尔德宁景区,新疆,巩留,巩留,60.0,4.5
火焰山景区,新疆,吐鲁番,吐鲁番,40.0,4.2
独山子大峡谷,新疆,克拉玛依,克拉玛依,30.0,4.4
五彩滩,新疆,布尔津,布尔津,45.0,4.4
将军山国际滑雪度假区,新疆,阿勒泰市,阿勒泰市,395.0,4.6
乌鲁木齐天山大峡谷,新疆,乌鲁木齐县,乌鲁木齐县,110.0,4.3
香妃园,新疆,喀什市,喀什市,40.0,4.4
可可托海景区,新疆,富蕴,富蕴,116.0,4.4
天山托木尔大峡谷,新疆,温宿,温宿,35.8,4.7
红其拉甫国门,新疆,塔什库尔干,塔什库尔干,免费,4.7
慕士塔格冰川公园,新疆,阿克陶,阿克陶,66.0,4.6
库车王府,新疆,库车,库车,45.0,4.1
江布拉克,新疆,奇台,奇台,49.0,4.7
白哈巴景区,新疆,哈巴河,哈巴河,75.0,4.4
大海道,新疆,哈密,哈密,45.0,4.7
夏塔旅游景区,新疆,昭苏,昭苏,40.0,4.5
库木塔格沙漠,新疆,鄯善,鄯善,30.0,4.7
新疆古生态园汗血马基地,新疆,乌鲁木齐,乌鲁木齐 · 医学院/王家梁,128.0,4.6
昭苏湿地公园景区,新疆,昭苏,昭苏,40.0,4.4
慕士塔格峰-喀拉库勒湖景区,新疆,阿克陶,阿克陶,44.8,4.5
伊宁市六星街,新疆,伊宁市,伊宁市 · 六星街,免费,4.6
独库公路,新疆,奎屯,奎屯,免费,4.8
坎儿井民俗园,新疆,吐鲁番,吐鲁番,40.0,4.2
艾提尕尔清真寺,新疆,喀什市,喀什市 · 喀什古城,免费,3.8
恰西森林公园,新疆,巩留,巩留,30.0,4.5
交河故城,新疆,吐鲁番,吐鲁番,70.0,4.6
帕米尔高原,新疆,塔什库尔干,塔什库尔干,免费,4.8
昭苏玉湖景区,新疆,昭苏,昭苏,30.0,4.6
罗布人村寨,新疆,尉犁,尉犁,50.0,4.5
鲤鱼山公园,新疆,乌鲁木齐,乌鲁木齐 · 医学院/王家梁,免费,4.8
乌伦古湖(黄金海岸景区),新疆,福海,福海,35.0,4.1
和田约特干故城,新疆,和田县,和田县,78.0,4.1
塔里木胡杨林公园,新疆,轮台,轮台,40.0,4.1
吉克普林国际滑雪度假区,新疆,布尔津,布尔津 · 禾木风景区/吉克普林国际滑雪度假区,490.0,4.8
阿曼尼莎汗纪念陵,新疆,莎车,莎车,15.0,4.2
那拉提草原,新疆,新源,新源,免费,4.7
特克斯八卦城,新疆,特克斯县,特克斯县,免费,4.3
博斯腾湖,新疆,博湖,博湖,免费,4.2
果子沟大桥,新疆,霍城,霍城,免费,4.9
西极时光景区,新疆,乌恰,乌恰,免费,4.7
琼库什台,新疆,特克斯县,特克斯县,免费,4.7
夏塔古道国家森林公园,新疆,昭苏,昭苏,免费,4.6
吐峪沟,新疆,鄯善,鄯善,30.0,4.4
喀纳斯湖,新疆,布尔津,布尔津 · 喀纳斯风景区,免费,4.7
木吉火山口,新疆,阿克陶,阿克陶,免费,4.6
伊犁天山花海景区,新疆,伊宁县,伊宁县,60.0,4.4
金湖杨国家森林公园,新疆,泽普,泽普,38.0,4.3
帕米尔旅游景区,新疆,塔什库尔干,塔什库尔干,40.0,4.5
霍尔果斯国门景区,新疆,霍尔果斯,霍尔果斯,27.0,4.1
南山牧场,新疆,乌鲁木齐县,乌鲁木齐县,免费,4.4
刀郎部落,新疆,阿瓦提,阿瓦提,43.0,4.4
白沙湖景区,新疆,哈巴河,哈巴河,78.0,4.2
新疆盐湖景区,新疆,乌鲁木齐,乌鲁木齐,39.9,4.0
盘龙古道,新疆,塔什库尔干,塔什库尔干,免费,4.8
昭苏天马文化园,新疆,昭苏,昭苏,免费,4.3
伊犁老城文化旅游区,新疆,伊宁市,伊宁市 · 伊宁喀赞其/汉人街,免费,4.4
丝绸之路山地度假区滑雪场,新疆,乌鲁木齐县,乌鲁木齐县,188.0,4.6
克孜利亚胜景,新疆,库车,库车,25.0,4.6
百里画廊,新疆,尼勒克,尼勒克,免费,4.0
塔克拉玛干沙漠,新疆,阿克苏市,阿克苏市,免费,4.7
坎儿井乐园,新疆,吐鲁番,吐鲁番,40.0,4.5
唐布拉草原,新疆,尼勒克,尼勒克,免费,4.8
伊吾胡杨景区,新疆,伊吾,伊吾,45.0,4.5
交河驿·坎儿井源,新疆,吐鲁番,吐鲁番,40.0,4.4
克州冰川公园,新疆,阿克陶,阿克陶,50.8,4.0
吐峪沟石窟,新疆,鄯善,鄯善,免费,4.5
阿禾公路,新疆,布尔津,布尔津,免费,5.0
S21沙漠公路,新疆,五家渠,五家渠,免费,4.4
塔塔秘境-罗布湖风景游览区,新疆,尉犁,尉犁,39.0,4.8
阿图什天门景区,新疆,阿图什,阿图什,45.0,4.4
达坂城古镇,新疆,乌鲁木齐,乌鲁木齐,40.0,4.1
买买提的老房子,新疆,喀什市,喀什市 · 喀什古城,29.0,4.3
木吉湿地泥火山群,新疆,阿克陶,阿克陶,39.8,4.6
红山公园,新疆,乌鲁木齐,乌鲁木齐 · 红山公园/南湖,免费,4.6
库车大寺,新疆,库车,库车,免费,4.3
红海景区,新疆,巴楚,巴楚,35.0,4.3
博斯腾湖大河口景区,新疆,博湖,博湖,42.0,4.2
苏巴什佛寺遗址,新疆,库车,库车,24.0,4.6
龟兹魏晋古墓遗址博物馆,新疆,库车,库车,29.0,4.4
阿克塔斯草原,新疆,特克斯县,特克斯县,30.0,4.6
水磨沟风景区,新疆,乌鲁木齐,乌鲁木齐 · 水磨沟,免费,4.8
班迪尔蓝湖,新疆,塔什库尔干,塔什库尔干,免费,4.6
吐峪沟麻扎村,新疆,鄯善,鄯善,免费,4.3
黑油山,新疆,克拉玛依,克拉玛依,40.0,4.2
可可托海国家矿山公园,新疆,富蕴,富蕴 · 可可托海国际滑雪度假区/新疆阿勒泰可可托海三号坑景点,80.0,4.4
克拉美丽沙漠公园,新疆,福海,福海,免费,4.0
喀什博物馆,新疆,喀什市,喀什市,免费,4.5
喀拉峻大草原,新疆,特克斯县,特克斯县,免费,4.9
丝绸之路山地度假区,新疆,乌鲁木齐县,乌鲁木齐县,免费,3.8
孟克特旅游景区,新疆,尼勒克,尼勒克,免费,4.4
慕士塔格峰,新疆,阿克陶,阿克陶,免费,4.9
回王府,新疆,哈密,哈密,免费,3.8
和田夜市(京和小区店),新疆,和田市,和田市,免费,4.7
克孜尔红石林,新疆,拜城,拜城,20.0,4.6
喀什水城,新疆,喀什市,喀什市,免费,5.0
天山,新疆,阜康,阜康,免费,4.8
禾木观景台,新疆,布尔津,布尔津 · 禾木风景区/吉克普林国际滑雪度假区,免费,4.8
喀什古石头城,新疆,塔什库尔干,塔什库尔干,免费,4.5
库车大馕城,新疆,库车,库车,19.0,3.5
那拉提空中草原,新疆,新源,新源 · 那拉提旅游风景区/那拉提镇人民政府,免费,4.3
新疆昆仑山景区,新疆,策勒,策勒,免费,4.1
中巴友谊路,新疆,塔什库尔干,塔什库尔干,免费,4.1
麓泉温泉中心,新疆,温泉县,温泉县,免费,3.9
玉龙喀什河,新疆,和田市,和田市,免费,4.0
龟兹乐舞,新疆,库车,库车,135.0,4.6
N39沙漠探险基地,新疆,麦盖提,麦盖提,28.5,3.7
新疆张裕巴保男爵酒庄,新疆,石河子,石河子,100.0,4.9
月亮湾,新疆,布尔津,布尔津 · 喀纳斯风景区,免费,4.7
郡王府,新疆,吐鲁番,吐鲁番,27.0,4.5
贾登峪国家森林公园,新疆,布尔津,布尔津,免费,4.6
伊昭公路,新疆,昭苏,昭苏,免费,4.9
安集海大峡谷,新疆,沙湾,沙湾,免费,4.6
吐鲁番火焰山大景区,新疆,吐鲁番,吐鲁番,40.0,3.9
卧龙湾,新疆,布尔津,布尔津 · 喀纳斯风景区,免费,4.8
乌伦古湖国家湿地公园,新疆,阿勒泰市,阿勒泰市,免费,4.1
帕米尔之眼,新疆,塔什库尔干,塔什库尔干,免费,3.5
白桦林区,新疆,布尔津,布尔津 · 禾木风景区/吉克普林国际滑雪度假区,免费,4.4
花海那拉提,新疆,新源,新源,95.0,4.4
达瓦昆沙漠旅游风景区,新疆,岳普湖,岳普湖,40.0,3.9
伊犁河风景旅游区,新疆,伊宁市,伊宁市 · 伊犁河风景旅游区,免费,4.4
和田博物馆,新疆,和田市,和田市,免费,4.8
柏孜克里克千佛洞,新疆,吐鲁番,吐鲁番,40.0,4.2
莎车府景区,新疆,莎车,莎车,10.0,3.9
新疆天山托木尔景区·塔村,新疆,温宿,温宿,30.0,3.9
乌鲁木齐海洋馆,新疆,乌鲁木齐,乌鲁木齐 · 国际大巴扎,89.0,4.6
奥依塔克红山谷,新疆,阿克陶,阿克陶,免费,4.5
果子沟,新疆,霍城,霍城,免费,4.8
罗布泊,新疆,若羌,若羌,免费,4.5
楼兰博物馆,新疆,若羌,若羌,免费,4.7
恰西草原风景旅游区,新疆,巩留,巩留,免费,5.0
西夜迷城景区,新疆,叶城,叶城,30.0,4.0
禾木桥,新疆,布尔津,布尔津 · 禾木风景区/吉克普林国际滑雪度假区,免费,4.3
鸣沙山,新疆,伊吾,伊吾,30.0,4.4
伊帕尔汗薰衣草观光园,新疆,伊宁县,伊宁县,45.0,4.0
鹿角湾旅游风景区,新疆,沙湾,沙湾,免费,4.2
克孜尔千佛洞,新疆,拜城,拜城,免费,4.2
可可托海国际滑雪度假区,新疆,富蕴,富蕴 · 可可托海国际滑雪度假区/新疆阿勒泰可可托海三号坑景点,350.0,4.8
解忧公主薰衣草园,新疆,霍城,霍城,免费,3.6
和田团城景区,新疆,和田市,和田市,免费,3.5
巴里坤湖风景区,新疆,巴里坤,巴里坤,免费,4.6
老城景区喀赞其街,新疆,莎车,莎车,免费,4.5
沙雁洲景区,新疆,沙雅,沙雅,30.0,4.2
库尔勒体育公园,新疆,库尔勒,库尔勒,28.0,4.0
乌鲁木齐市博物馆,新疆,乌鲁木齐,乌鲁木齐 · 新疆国际会展中心/红光山旅游区,免费,4.7
太极眼摩天轮,新疆,特克斯县,特克斯县,80.0,3.3
古尔班通古特沙漠,新疆,阜康,阜康,免费,3.9
拜城烈焰泉,新疆,拜城,拜城,免费,4.2
万佛宫(大漠土艺馆),新疆,吐鲁番,吐鲁番,45.0,4.2
高昌故城,新疆,吐鲁番,吐鲁番,70.0,4.5
肯斯瓦特蓝湖景区,新疆,玛纳斯,玛纳斯,20.0,4.4
帕米尔旅游景区-瓦罕走廊,新疆,塔什库尔干,塔什库尔干,免费,暂无评分
哈密博物馆,新疆,哈密,哈密,免费,4.4
孔雀河,新疆,库尔勒,库尔勒,免费,4.8
可可苏里湖,新疆,富蕴,富蕴,免费,4.5
精河县木特塔尔沙漠景区,新疆,精河,精河,30.0,3.3
高台民居,新疆,喀什市,喀什市 · 喀什古城,免费,4.5
神仙湾,新疆,布尔津,布尔津 · 喀纳斯风景区,免费,4.7
乌鲁木齐文化中心,新疆,乌鲁木齐,乌鲁木齐 · 新疆国际会展中心/红光山旅游区,免费,4.8
克孜尔尕哈烽燧,新疆,库车,库车,24.0,4.4
老城文化中心,新疆,莎车,莎车,30.0,4.7
新疆国际大巴扎《丝绸之路千年印象》,新疆,乌鲁木齐,乌鲁木齐 · 国际大巴扎,399.0,3.8
中国西极石碑,新疆,乌恰,乌恰,免费,4.5
怪石峪风景区,新疆,博乐,博乐,48.0,4.8
阿唛龙幻想乐园,新疆,乌鲁木齐县,乌鲁木齐县,199.0,4.7
阿勒屯古街广场,新疆,哈密,哈密,免费,4.1
伊犁河谷国家湿地公园,新疆,霍城,霍城,免费,4.8
新疆金沙滩旅游度假区,新疆,和硕,和硕,35.0,4.3
铁门关,新疆,库尔勒,库尔勒,免费,4.5
禾木河,新疆,布尔津,布尔津 · 禾木风景区/吉克普林国际滑雪度假区,免费,5.0
乌恰天山昆仑山交汇地貌,新疆,乌恰,乌恰,免费,4.6
大巴扎步行街,新疆,乌鲁木齐,乌鲁木齐 · 国际大巴扎,免费,4.9
乌鲁木齐水上乐园,新疆,乌鲁木齐,乌鲁木齐 · 国际大巴扎,免费,4.3
交河古村,新疆,吐鲁番,吐鲁番,35.0,4.9
S101百里丹霞观景台,新疆,呼图壁,呼图壁,免费,5.0
乔尔玛,新疆,尼勒克,尼勒克,免费,4.7
老城景区,新疆,莎车,莎车,免费,暂无评分
巴州博物馆,新疆,库尔勒,库尔勒,免费,4.2
阔克苏大峡谷,新疆,特克斯县,特克斯县,免费,4.5
海上魔鬼城景区,新疆,福海,福海,免费,4.3
原始胡杨林,新疆,克拉玛依,克拉玛依,免费,4.3
南山牧场西白杨沟景区,新疆,乌鲁木齐县,乌鲁木齐县,45.0,4.2
苏公塔,新疆,吐鲁番,吐鲁番,45.0,4.1
莲海世界,新疆,博湖,博湖,16.0,4.3
博格达峰,新疆,乌鲁木齐,乌鲁木齐,免费,4.5
蜜蜂小镇,新疆,尼勒克,尼勒克,免费,4.0
库车市龟兹博物馆,新疆,库车,库车,免费,4.0
伊犁将军府遗址,新疆,霍城,霍城,免费,4.4
定海神针,新疆,阜康,阜康,免费,4.8
白云国际滑雪场度假区,新疆,乌鲁木齐县,乌鲁木齐县,188.0,4.6
阿克苏老街,新疆,阿克苏市,阿克苏市,免费,3.7
红其拉甫口岸,新疆,塔什库尔干,塔什库尔干,免费,4.6
巴音布鲁克景区-九曲十八弯,新疆,和静,和静,免费,4.7
恰甫其海,新疆,巩留,巩留,免费,4.7
五江温泉城,新疆,阜康,阜康,129.0,4.5
克勒涌珠,新疆,博乐,博乐,免费,5.0
喀什古城景区-空中花园,新疆,喀什市,喀什市 · 喀什古城,39.0,5.0
潜龙渊,新疆,阜康,阜康,免费,4.8
库车老城,新疆,库车,库车,免费,4.6
哈密东天山景区,新疆,伊吾,伊吾,免费,4.2
楼兰古城,新疆,若羌,若羌,免费,4.6
天鹅泉湿地公园,新疆,伊宁县,伊宁县,免费,4.3
喀什昆仑塔,新疆,喀什市,喀什市 · 喀什古城,免费,5.0
那拉提河谷草原森林公园,新疆,新源,新源 · 那拉提旅游风景区/那拉提镇人民政府,免费,4.8
图开沙漠旅游度假区,新疆,霍城,霍城,免费,3.6
桦林公园,新疆,阿勒泰市,阿勒泰市,免费,4.2
特克斯离街,新疆,特克斯县,特克斯县,免费,4.7
松树头,新疆,博乐,博乐 · 赛里木湖/天鹅乐水,免费,5.0
赛里木湖点将台,新疆,博乐,博乐 · 赛里木湖/天鹅乐水,免费,4.7
阿克塔斯姑娘峰景区,新疆,特克斯县,特克斯县,60.0,4.4
额尔齐斯河,新疆,布尔津,布尔津,免费,4.8
塔合曼湿地公园,新疆,塔什库尔干,塔什库尔干,免费,5.0
乌鲁木齐市植物园,新疆,乌鲁木齐,乌鲁木齐 · 乌鲁木齐高新区,免费,4.6
艾丁湖,新疆,吐鲁番,吐鲁番,30.0,4.2
沙漠之门景区,新疆,阿拉尔,阿拉尔,60.0,3.8
新疆活体昆虫博物馆,新疆,乌鲁木齐,乌鲁木齐 · 乌鲁木齐高新区,78.0,4.9
中俄老码头风情街景区,新疆,布尔津,布尔津,免费,4.4
吉木乃草原石城,新疆,吉木乃,吉木乃,免费,4.8
莎车古城门,新疆,莎车,莎车,免费,4.5
那拉提空中乐园,新疆,新源,新源,免费,4.4
巩留库尔德宁柏睿营地,新疆,巩留,巩留,免费,5.0
阿和公路,新疆,和田市,和田市,免费,5.0
色格孜库勒乡翡翠湖,新疆,和田县,和田县,免费,2.5
哈巴河白桦林,新疆,哈巴河,哈巴河,免费,4.1
幻彩湖景区,新疆,伊吾,伊吾,免费,4.6
惠远古城,新疆,霍城,霍城,免费,4.4
霍尔果斯口岸新国门,新疆,霍尔果斯,霍尔果斯,免费,4.3
塔莎古道,新疆,阿克陶,阿克陶,免费,4.8
巴里坤草原,新疆,巴里坤,巴里坤,免费,4.7
巴音布鲁克天鹅湖,新疆,和静,和静,免费,4.4
禾木风景区吉克普林国际滑雪度假区云霄峰,新疆,布尔津,布尔津,免费,4.7
罗布泊雅丹大峡谷,新疆,尉犁,尉犁,免费,3.6
伊犁哈萨克自治州博物馆,新疆,伊宁市,伊宁市 · 伊宁开发区,免费,4.0
龟兹小巷(库车老城),新疆,库车,库车,免费,4.8
观鱼台,新疆,布尔津,布尔津 · 喀纳斯风景区,免费,4.7
新疆兵团军垦博物馆,新疆,石河子,石河子,免费,暂无评分
托乎拉苏景区,新疆,伊宁县,伊宁县,免费,4.6
三五九旅屯垦纪念馆,新疆,阿拉尔,阿拉尔,免费,暂无评分
孟克特古道-观景台,新疆,尼勒克,尼勒克,免费,4.0
库车大峡谷国家地质公园,新疆,库车,库车,免费,4.8
将军山森林公园,新疆,阿勒泰市,阿勒泰市,免费,5.0
巴里坤古城景区,新疆,巴里坤,巴里坤,免费,4.5
哈密回王墓,新疆,哈密,哈密,免费,4.3
解忧公主薰衣草农场,新疆,霍城,霍城,免费,3.1
庙尔沟景区,新疆,乌鲁木齐县,乌鲁木齐县,45.0,3.9
伊犁河大桥,新疆,伊宁市,伊宁市 · 伊犁河风景旅游区,免费,4.7
独库公路零起点(独山子),新疆,克拉玛依,克拉玛依,免费,5.0
库尔勒尉犁县葫芦岛景区,新疆,尉犁,尉犁,免费,3.0
盘龙谷道,新疆,新源,新源 · 那拉提旅游风景区/那拉提镇人民政府,免费,5.0
英吉沙县土陶村景区,新疆,英吉沙,英吉沙,免费,4.3
阿克苏地区文博院（博物馆）,新疆,阿克苏市,阿克苏市,免费,4.7
那拉提索道,新疆,新源,新源 · 那拉提旅游风景区/那拉提镇人民政府,免费,4.6
喀纳斯河,新疆,布尔津,布尔津 · 喀纳斯风景区,免费,4.7
红光山旅游景区,新疆,乌鲁木齐,乌鲁木齐 · 新疆国际会展中心/红光山旅游区,免费,4.8
人民公园,新疆,乌鲁木齐,乌鲁木齐 · 红山公园/南湖,免费,4.8
阿勒泰博物馆,新疆,阿勒泰市,阿勒泰市,免费,4.5
塔里木沙漠公路,新疆,且末,且末,免费,4.6
哈密雅丹地貌生态公园,新疆,哈密,哈密,免费,5.0
芭提雅圣境温泉,新疆,温泉县,温泉县,148.0,3.8
吐鲁番博物馆,新疆,吐鲁番,吐鲁番,免费,4.8
热斯坦路,新疆,库车,库车,免费,4.2
巩乃斯林场,新疆,和静,和静,免费,4.8
红山石林,新疆,库车,库车,免费,暂无评分
喀纳斯图瓦村,新疆,布尔津,布尔津 · 喀纳斯风景区,免费,4.6
西海草原,新疆,博乐,博乐,免费,5.0
红山公园大佛寺,新疆,乌鲁木齐,乌鲁木齐 · 红山公园/南湖,免费,4.7
双河古道温泉康养中心,新疆,双河,双河,99.0,4.9
布尔津西大桥,新疆,布尔津,布尔津,免费,4.5
巴尔鲁克旅游风景区,新疆,裕民,裕民,免费,4.8
喀纳斯盛典,新疆,布尔津,布尔津,免费,4.3
石河子市政广场,新疆,石河子,石河子,免费,4.8
疏勒城,新疆,奇台,奇台,免费,5.0
那拉提国家森林公园,新疆,新源,新源,免费,4.6
昭苏云端草原景区,新疆,昭苏,昭苏,免费,5.0
南湖市民广场,新疆,乌鲁木齐,乌鲁木齐 · 红山公园/南湖,免费,5.0
昭苏草原,新疆,昭苏,昭苏,免费,4.8
昭苏油菜花,新疆,昭苏,昭苏,免费,5.0
八师石河子市图书馆(北三路),新疆,石河子,石河子,免费,5.0
那拉提国家湿地公园,新疆,新源,新源,免费,4.6
游憩广场,新疆,石河子,石河子,免费,5.0
塔里木河,新疆,沙雅,沙雅,免费,4.7
塔城红楼博物馆,新疆,塔城市,塔城市,免费,4.6
新疆大学(红湖校区),新疆,乌鲁木齐,乌鲁木齐 · 国际大巴扎,免费,4.9
班禅沟景区,新疆,和静,和静,35.0,4.8
库木塔格沙漠景区-沙山公园,新疆,鄯善,鄯善,免费,4.9
一号冰川,新疆,乌鲁木齐县,乌鲁木齐县,免费,4.8
巴克图口岸旅游景区,新疆,塔城市,塔城市,免费,4.9
石河子南山风景区,新疆,沙湾,沙湾,免费,4.8
毛泽民故居,新疆,乌鲁木齐,乌鲁木齐 · 国际大巴扎,免费,暂无评分
达坂城风电场,新疆,乌鲁木齐,乌鲁木齐,免费,4.4
阿瓦提丝绸古道,新疆,阿克苏市,阿克苏市,免费,4.8
克拉玛依湖湿地,新疆,奎屯,奎屯,免费,4.9
红山塔,新疆,乌鲁木齐,乌鲁木齐 · 红山公园/南湖,免费,4.6
阿尔泰山脉,新疆,富蕴,富蕴,免费,4.4
滨湖河,新疆,昌吉市,昌吉市,免费,4.1
艾提尕民俗文化景区,新疆,喀什市,喀什市 · 喀什古城,免费,4.9
团结广场,新疆,和田市,和田市,免费,4.5
吐峪沟大峡谷,新疆,鄯善,鄯善,30.0,4.6
开都河,新疆,和静,和静,免费,4.7
克拉玛依河景区-九龙潭,新疆,克拉玛依,克拉玛依,免费,4.7
乌鲁木齐银行(乌鲁木齐水磨沟区支行),新疆,乌鲁木齐,乌鲁木齐 · 红山公园/南湖,免费,4.8
千里葡萄长廊,新疆,和田县,和田县,免费,4.5
神木园,新疆,温宿,温宿,40.0,4.3
塔里木大学,新疆,阿拉尔,阿拉尔,免费,4.4
周恩来总理纪念碑,新疆,石河子,石河子,免费,暂无评分
大同乡杏花,新疆,塔什库尔干,塔什库尔干,免费,4.9
巴山塔斯特旅游风景区,新疆,裕民,裕民,免费,4.9
天山天池国际滑雪场,新疆,阜康,阜康,147.0,3.8
城市海景,新疆,伊宁市,伊宁市 · 伊犁河风景旅游区,免费,4.7
王震将军雕像,新疆,石河子,石河子,免费,暂无评分
新疆科技馆,新疆,乌鲁木齐,乌鲁木齐 · 新疆博物馆/友好路商业街,免费,4.4
可可托海白桦林,新疆,富蕴,富蕴 · 可可托海国际滑雪度假区/新疆阿勒泰可可托海三号坑景点,免费,4.7
乔尔玛革命烈士陵园,新疆,尼勒克,尼勒克,免费,暂无评分
新疆农业博览园,新疆,昌吉市,昌吉市,30.0,4.1
塔里木河与塔克拉玛干游览区,新疆,尉犁,尉犁,免费,4.6
阿拉山口口岸,新疆,阿拉山口,阿拉山口,免费,4.7
石河子音乐广场,新疆,石河子,石河子,免费,4.8
红山公园-远眺楼,新疆,乌鲁木齐,乌鲁木齐 · 红山公园/南湖,免费,4.8
巴里坤寺,新疆,乌鲁木齐,乌鲁木齐 · 国际大巴扎,免费,5.0
乔戈里峰,新疆,塔什库尔干,塔什库尔干,免费,4.8
大龙池旅游风景区,新疆,库车,库车,免费,4.6
帝锚·热岛乐园,新疆,奎屯,奎屯,免费,4.5
独库之眼摩天轮,新疆,克拉玛依,克拉玛依,39.0,5.0
南山海世界海洋公园,新疆,乌鲁木齐县,乌鲁木齐县,69.9,4.8
多浪公园,新疆,阿克苏市,阿克苏市,免费,4.7
飞龙潭,新疆,阜康,阜康,免费,4.2
新疆民街,新疆,乌鲁木齐,乌鲁木齐 · 国际大巴扎,免费,4.1
乌鲁木齐市儿童公园,新疆,乌鲁木齐,乌鲁木齐 · 新疆博物馆/友好路商业街,免费,4.5
二道桥清真寺,新疆,乌鲁木齐,乌鲁木齐 · 国际大巴扎,免费,4.8
哈希勒根,新疆,乌苏,乌苏,免费,4.9
南大寺,新疆,乌鲁木齐,乌鲁木齐 · 国际大巴扎,免费,5.0
文庙,新疆,乌鲁木齐,乌鲁木齐 · 红山公园/南湖,免费,4.7
新疆地质矿产博物馆,新疆,乌鲁木齐,乌鲁木齐,免费,4.6
驼铃梦坡沙漠生态景区,新疆,玛纳斯,玛纳斯,免费,4.7
艾青诗歌馆(石河子),新疆,石河子,石河子,免费,4.8
叶尔羌河,新疆,莎车,莎车,免费,4.8
新疆帕米尔高原阿拉尔国家湿地公园,新疆,塔什库尔干,塔什库尔干,免费,4.4
山顶缆车,香港,香港,中环,71.0,4.6
香港海洋公园,香港,香港,南区,414.0,4.6
香港迪士尼乐园,香港,香港,香港迪士尼乐园度假区,495.0,4.7
香港故宫文化博物馆,香港,香港,西九龙,58.0,4.7
昂坪360,香港,香港,离岛,140.0,4.7
太平山顶,香港,香港,香港,免费,4.6
香港摩天轮,香港,香港,中环,17.5,4.6
维多利亚港,香港,香港,香港,免费,4.7
Big Bus香港观光巴士游,香港,香港,中环,224.16,4.4
港珠澳大桥游,香港,珠海,珠海,188.0,4.5
M+,香港,香港,西九龙,160.0,4.7
香港机场快线列车,香港,香港,香港国际机场,51.0,4.9
天星小轮,香港,香港,尖沙咀,274.0,4.5
香港杜莎夫人蜡像馆,香港,香港,香港,146.0,4.6
香港港澳码头,香港,香港,西环/上环,免费,4.7
香港岛,香港,香港,香港,免费,5.0
香港乐高探索中心,香港,香港,尖沙咀,154.0,4.2
山顶凌霄阁摩天台428,香港,香港,香港,60.0,4.5
尖沙咀,香港,香港,尖沙咀,免费,4.7
大屿山,香港,香港,离岛,免费,4.7
兰桂坊,香港,香港,中环,免费,4.7
张保仔号游船,香港,香港,尖沙咀,114.0,4.6
星光大道,香港,香港,尖沙咀,免费,4.7
香港海洋公园水上乐园,香港,香港,南区,151.0,4.6
香港电车叮叮车,香港,香港,西环/上环,403.0,4.6
启德主场馆,香港,香港,红磡/九龙城,免费,4.5
铜锣湾,香港,香港,湾仔/铜锣湾,免费,4.7
香港观光城巴,香港,香港,中环,免费,4.3
中环,香港,香港,中环,免费,4.7
西九文化区,香港,香港,西九龙,免费,4.8
启德体育园,香港,香港,红磡/九龙城,免费,4.9
洋紫荆维港游,香港,香港,北角/鲗鱼涌,179.0,4.5
大富翁梦想世界,香港,香港,香港,128.0,4.3
麦理浩径,香港,香港,香港,免费,4.7
奇梦香港WAKUKU号游船,香港,香港,红磡/九龙城,257.0,4.2
香港K11 MUSEA,香港,香港,尖沙咀,免费,4.7
香港太空馆,香港,香港,尖沙咀,免费,4.8
凌霄阁,香港,香港,香港,免费,4.5
亚洲国际博览馆,香港,香港,香港国际机场,免费,4.5
南丫岛,香港,香港,离岛,免费,4.7
香港科学馆,香港,香港,尖沙咀,免费,4.6
浅水湾,香港,香港,香港,免费,4.6
坚尼地城,香港,香港,西环/上环,免费,4.5
油麻地警署,香港,香港,油麻地,免费,4.6
沙田马场,香港,香港,沙田,免费,4.7
尖沙咀钟楼,香港,香港,尖沙咀,免费,4.7
香港马湾公园挪亚方舟,香港,香港,荃湾,102.0,4.4
旺角,香港,香港,香港,免费,4.7
重庆大厦,香港,香港,尖沙咀,免费,4.2
金紫荆广场,香港,香港,湾仔/铜锣湾,免费,4.3
香港海洋公园登山缆车,香港,香港,南区,414.0,4.7
庙街夜市,香港,香港,油麻地,免费,4.3
油麻地,香港,香港,油麻地,免费,4.5
大澳,香港,香港,离岛,免费,4.7
天星维港游,香港,香港,尖沙咀,免费,4.1
大馆,香港,香港,中环,免费,4.6
长洲岛,香港,香港,离岛,免费,4.7
跑马地马场,香港,香港,香港,免费,4.6
《幻彩咏香江》灯光表演,香港,香港,尖沙咀,免费,4.3
香港艺术馆,香港,香港,尖沙咀,免费,4.6
赤柱,香港,香港,香港,免费,4.7
中环至半山自动扶手电梯,香港,香港,中环,免费,4.5
香港渔人码头,香港,香港,南区,免费,4.6
西贡,香港,香港,香港,免费,4.6
啬色园黄大仙祠,香港,香港,香港,免费,4.7
香港历史博物馆,香港,香港,尖沙咀,免费,4.6
怪兽大厦,香港,香港,北角/鲗鱼涌,免费,4.5
香港 JOYPOLIS SPORTS (JP超动感世界),香港,香港,红磡/九龙城,221.0,4.3
中环街市,香港,香港,中环,免费,4.7
天星码头,香港,香港,中环,免费,4.7
天坛大佛,香港,香港,离岛,免费,4.7
荃湾,香港,香港,荃湾,免费,4.7
香港体育馆,香港,香港,红磡/九龙城,免费,4.8
西九艺术公园,香港,香港,香港,免费,4.8
庙街,香港,香港,油麻地,免费,4.6
天际100香港观景台,香港,香港,西九龙,110.0,4.6
慈山寺,香港,香港,香港,免费,4.8
环球贸易广场,香港,香港,西九龙,免费,4.8
廉政公署总部大楼,香港,香港,北角/鲗鱼涌,免费,4.6
石澳,香港,香港,香港,免费,4.7
香港文化博物馆,香港,香港,沙田,免费,4.5
永安号维港游船,香港,香港,中环,83.0,4.3
九龙公园,香港,香港,尖沙咀,免费,4.7
香港水上的士,香港,香港,尖沙咀,免费,4.1
昂坪360缆车站,香港,香港,香港国际机场,免费,4.9
Big Bus随上随下巴士九龙游,香港,香港,中环,免费,4.3
迷离庄园,香港,香港,香港迪士尼乐园度假区,免费,4.7
九龙寨城公园,香港,香港,红磡/九龙城,免费,4.5
弥敦道,香港,香港,油麻地,免费,4.5
维多利亚公园,香港,香港,湾仔/铜锣湾,免费,4.6
魔雪奇缘世界,香港,香港,香港迪士尼乐园度假区,免费,4.7
沙田,香港,香港,沙田,免费,4.6
砵甸乍街,香港,香港,中环,免费,4.4
蓝屋,香港,香港,湾仔/铜锣湾,免费,4.6
港珠澳大桥香港口岸人工岛,香港,香港,香港,免费,5.0
鸭灵号,香港,香港,中环,240.0,4.5
香港公园,香港,香港,中环,免费,4.7
北角,香港,香港,北角/鲗鱼涌,免费,4.6
AXA安盛创梦馆,香港,香港,香港,免费,暂无评分
AsiaWorld-Arena（1号展馆）,香港,香港,香港,免费,暂无评分
东涌,香港,香港,香港国际机场,免费,4.6
美国小镇大街,香港,香港,香港迪士尼乐园度假区,免费,4.5
旺角通菜街,香港,香港,旺角,免费,4.6
迪士尼码头,香港,香港,香港,免费,4.8
香港迪士尼城堡广场,香港,香港,香港迪士尼乐园度假区,免费,暂无评分
破边洲,香港,香港,香港,免费,4.6
将军澳,香港,香港,香港,免费,4.6
香港海事博物馆,香港,香港,中环,免费,4.6
史诺比开心世界,香港,香港,沙田,免费,4.4
青衣,香港,香港,荃湾,免费,4.6
中银大厦,香港,香港,香港,免费,4.5
中环海滨活动空间,香港,香港,中环,免费,4.5
宝莲禅寺,香港,香港,离岛,免费,4.3
塔门,香港,香港,香港,免费,4.3
灰熊山极速矿车,香港,香港,香港迪士尼乐园度假区,免费,4.9
麦花臣场馆,香港,香港,旺角,免费,暂无评分
启德体艺馆,香港,香港,红磡/九龙城,免费,5.0
合和中心,香港,香港,香港,免费,4.5
麦理浩径2段,香港,香港,香港,免费,暂无评分
香港动植物公园,香港,香港,中环,免费,4.6
梦之旅游船,香港,香港,尖沙咀,免费,4.7
九龙城,香港,香港,红磡/九龙城,免费,4.7
梅窝,香港,香港,离岛,免费,4.5
西环钟声泳棚,香港,香港,西环/上环,免费,4.5
室内游乐场,香港,香港,红磡/九龙城,免费,4.0
东平洲,香港,香港,香港,免费,4.5
香港大学美术博物馆,香港,香港,西环/上环,免费,4.7
愉景湾,香港,香港,离岛,免费,4.7
文武庙,香港,香港,西环/上环,免费,4.4
香港天文台,香港,香港,尖沙咀,免费,4.5
HELISERVICES直升机游香港,香港,香港,尖沙咀,15901.0,4.7
天际线之旅游船,香港,香港,香港,免费,4.2
香港黄金海岸,香港,香港,香港,免费,4.5
香港医学博物馆,香港,香港,西环/上环,免费,4.6
香港文化中心,香港,香港,尖沙咀,免费,4.3
三栋屋博物馆,香港,香港,荃湾,免费,4.3
香港联合国教科文组织世界地质公园,香港,香港,香港,免费,4.6
李小龙铜像,香港,香港,尖沙咀,免费,4.7
浪茄湾,香港,香港,香港,免费,4.6
灵隐寺,香港,香港,离岛,免费,4.3
旺角西洋菜南街,香港,香港,香港,免费,4.5
昂坪市集,香港,香港,离岛,免费,4.7
皇后像广场,香港,香港,中环,免费,4.4
马湾1868,香港,香港,香港,免费,4.3
警队博物馆,香港,香港,香港,免费,4.3
煤气灯街,香港,香港,中环,免费,4.5
南莲园池,香港,香港,香港,免费,4.6
西贡海鲜街,香港,香港,香港,免费,4.4
香港湿地公园,香港,香港,香港,免费,4.4
Ryze Hong Kong,香港,香港,北角/鲗鱼涌,210.0,4.5
明日世界,香港,香港,香港迪士尼乐园度假区,免费,4.8
花园街,香港,香港,旺角,免费,4.4
落马洲,香港,香港,香港,免费,4.1
女人街,香港,香港,旺角,免费,4.5
荃湾西约海滨长廊,香港,香港,荃湾,免费,4.7
汇丰总行大厦,香港,香港,中环,免费,4.4
荷李活道,香港,香港,西环/上环,免费,4.3
尖沙咀海滨花园,香港,香港,尖沙咀,免费,4.5
西贡公众码头,香港,香港,香港,免费,暂无评分
亚洲国际博览馆11号展馆,香港,香港,香港国际机场,免费,暂无评分
桥咀洲,香港,香港,香港,免费,4.6
DX设计馆,香港,香港,太子/大角嘴,免费,5.0
油麻地天后庙,香港,香港,油麻地,免费,4.4
坪洲,香港,香港,离岛,免费,4.4
西贡东郊野公园,香港,香港,香港,免费,4.5
海港城·美术馆,香港,香港,香港,免费,4.4
鹅颈桥打小人,香港,香港,湾仔/铜锣湾,免费,4.3
2026香港高尔夫球公开赛,香港,香港,南区,免费,暂无评分
海洋奇观,香港,香港,南区,免费,4.5
铜锣湾天后庙,香港,香港,湾仔/铜锣湾,免费,4.4
沙田车公庙,香港,香港,沙田,免费,4.7
中环广场,香港,香港,湾仔/铜锣湾,免费,4.3
九龙塘,香港,香港,香港,免费,4.5
西九龙海滨长廊,香港,香港,香港,免费,4.6
香港競馬博物館,香港,香港,香港,免费,4.4
竹翠公园,香港,香港,香港,免费,4.3
金鱼街,香港,香港,香港,免费,3.6
钻石山,香港,香港,香港,免费,4.5
香港迪士尼乐园铁路,香港,香港,香港迪士尼乐园度假区,免费,4.5
狮子山,香港,香港,香港,免费,4.6
孙中山纪念馆,香港,香港,中环,免费,暂无评分
圣约翰座堂,香港,香港,中环,免费,4.5
浩海立方・探游馆,香港,香港,荃湾,免费,4.3
城市花园公园,香港,香港,北角/鲗鱼涌,免费,暂无评分
艺穗会,香港,香港,中环,免费,4.4
鸭寮街市集,香港,香港,太子/大角嘴,免费,4.3
南丫島漁民文化村,香港,香港,离岛,免费,3.9
香港铁路博物馆,香港,香港,香港,免费,4.3
半月湾,香港,香港,香港,免费,4.8
香港机场展望台,香港,香港,香港国际机场,免费,4.5
K11 ATELIER(King's Road),香港,香港,北角/鲗鱼涌,免费,4.5
星光夜游,香港,香港,香港,免费,5.0
香港仔,香港,香港,西环/上环,免费,4.4
美荷楼生活馆,香港,香港,太子/大角嘴,免费,4.6
湾仔临时海滨花园,香港,香港,湾仔/铜锣湾,免费,4.7
浪琴香港国际马术盛典2027,香港,香港,香港国际机场,642.0,5.0
南丰纱厂,香港,香港,荃湾,免费,4.7
TVB City,香港,香港,香港,免费,4.5
黄大仙文化公园,香港,香港,红磡/九龙城,免费,4.3
反斗奇兵大本营,香港,香港,香港迪士尼乐园度假区,免费,4.2
魔雪奇幻之旅,香港,香港,香港迪士尼乐园度假区,免费,5.0
东龙洲,香港,香港,香港,免费,4.4
香港大学本部大楼,香港,香港,香港,免费,暂无评分
九龙湾,香港,香港,香港,免费,4.4
石板街,香港,香港,中环,免费,5.0
立法会综合大楼,香港,香港,中环,免费,4.5
香港中央图书馆,香港,香港,湾仔/铜锣湾,免费,4.7
志莲净苑,香港,香港,香港,免费,4.4
旋转楼梯,香港,香港,中环,免费,5.0
万佛寺,香港,香港,沙田,免费,4.2
黄家驹墓,香港,香港,香港,免费,4.2
前水警总部大楼及马厩,香港,香港,尖沙咀,免费,4.7
摩天巨轮,香港,香港,南区,免费,5.0
《童话》高桥龙太郎及M+藏品选粹展,香港,香港,西九龙,免费,暂无评分
卢吉道观景台,香港,香港,香港,免费,5.0
雪岭滑雪橇,香港,香港,香港迪士尼乐园度假区,免费,暂无评分
启德跑道公园,香港,香港,红磡/九龙城,免费,5.0
讯号山花园,香港,香港,尖沙咀,免费,4.4
海洋公园海洋天地,香港,香港,南区,免费,5.0
尖东,香港,香港,尖沙咀,免费,4.5
大坑舞火龙,香港,香港,湾仔/铜锣湾,免费,4.8
中华文化节,香港,香港,尖沙咀,免费,暂无评分
幻想世界,香港,香港,香港迪士尼乐园度假区,免费,4.9
探險世界,香港,香港,香港迪士尼乐园度假区,免费,4.4
云枕山,香港,香港,香港,免费,4.6
山顶夏力道和卢吉道环回步行径,香港,香港,香港,免费,4.8
米奇幻想曲,香港,香港,香港迪士尼乐园度假区,免费,4.7
尖沙咀中心,香港,香港,尖沙咀,免费,4.5
旧山顶道,香港,香港,香港,免费,4.5
香港迪士尼乐园度假区-万圣狂欢反转迪士尼,香港,香港,香港迪士尼乐园度假区,免费,4.3
香港漫画星光大道,香港,香港,尖沙咀,免费,4.2
旺角大球场,香港,香港,太子/大角嘴,免费,4.1
玫瑰堂,香港,香港,尖沙咀,免费,4.5
元创方,香港,香港,中环,免费,4.6
中西区海滨长廊 - 中环段,香港,香港,中环,免费,4.5
中区自然径,香港,香港,香港,免费,4.3
天水围,香港,香港,香港,免费,4.5
清水湾,香港,香港,香港,免费,4.6
山顶邮政局,香港,香港,香港,免费,4.8
添马公园,香港,香港,中环,免费,4.7
伊利沙伯体育馆,香港,香港,湾仔/铜锣湾,免费,4.7
青马大桥,香港,香港,荃湾,免费,4.7
罗素街,香港,香港,湾仔/铜锣湾,免费,4.5
皇后大道东,香港,香港,香港,免费,4.5
礼宾府,香港,香港,中环,免费,4.6
高等法院,香港,香港,中环,免费,4.5
金魚寶殿,香港,香港,南区,免费,4.6
旧湾仔邮政局,香港,香港,湾仔/铜锣湾,免费,4.5
蒲台群岛,香港,香港,香港,免费,4.6
美利楼,香港,香港,香港,免费,4.5
香港艺术中心,香港,香港,湾仔/铜锣湾,免费,4.5
樓梯街,香港,香港,西环/上环,免费,4.4
诺士佛台,香港,香港,尖沙咀,免费,4.4
南大屿郊野公园,香港,香港,离岛,免费,4.3
10号干线,香港,深圳,深圳,免费,4.1
九龙清真寺,香港,香港,尖沙咀,免费,4.3
马屎洲特别地区,香港,香港,香港,免费,4.4
和平纪念碑,香港,香港,中环,免费,4.5
荔枝角公园,香港,香港,荃湾,免费,4.6
太子花墟道,香港,香港,旺角,免费,4.6
香港文物探知馆,香港,香港,尖沙咀,免费,4.6
昂坪高原,香港,香港,香港国际机场,免费,4.6
星際極速穿梭,香港,香港,香港迪士尼乐园度假区,免费,4.3
将军澳南海滨长廊,香港,香港,香港,免费,4.6
中环中心,香港,香港,中环,免费,4.3
聖安德烈堂,香港,香港,尖沙咀,免费,4.3
香港龙狮节,香港,香港,尖沙咀,免费,4.8
长洲西堤道,香港,香港,离岛,免费,4.4
皇后大道西,香港,香港,西环/上环,免费,4.4
遮打花园,香港,香港,中环,免费,4.3
太平山獅子亭,香港,香港,香港,免费,4.5
大东山,香港,香港,离岛,免费,4.6
鲤鱼门,香港,香港,香港,免费,4.5
香港电影资料馆,香港,香港,北角/鲗鱼涌,免费,4.5
古物古迹办事处,香港,香港,尖沙咀,免费,4.6
昂坪广场,香港,香港,离岛,免费,4.6
星光花园,香港,香港,尖沙咀,免费,4.6
摆花街,香港,香港,中环,免费,4.2
大浪湾,香港,香港,香港,免费,4.5
中央南丫岛远足径,香港,香港,离岛,免费,3.7
湾仔自然径,香港,香港,香港,免费,4.0
香港水晶巴士游,香港,香港,油麻地,214.0,3.7
石澳泳滩,香港,香港,香港,免费,4.6
马湾公园,香港,香港,荃湾,免费,4.4
北社海傍路,香港,香港,离岛,免费,4.7
棉登径,香港,香港,尖沙咀,免费,4.1
司徒拔道瞭望处,香港,香港,香港,免费,4.4
米埔,香港,香港,香港,免费,4.3
The Rink,香港,香港,西九龙,免费,4.3
香港金融管理局,香港,香港,中环,免费,4.7
榕树湾渡轮码头,香港,香港,离岛,免费,4.1
加多利山,香港,香港,旺角,免费,4.4
香港仔郊野公园,香港,香港,香港,免费,4.4
飞鹅山观景台,香港,香港,香港,免费,4.5
赤柱卜公码头,香港,香港,香港,免费,4.6
观塘海滨花园,香港,香港,观塘地区,免费,4.7
凤凰径,香港,香港,离岛,免费,4.5
彩虹村,香港,香港,香港,免费,4.5
心经简林,香港,香港,离岛,免费,4.5
东湾,香港,香港,荃湾,免费,4.3
毕打街,香港,香港,中环,免费,4.4
香港吐露港,香港,香港,香港,免费,4.4
南極奇觀,香港,香港,南区,免费,4.9
海味参茸燕窝街,香港,香港,西环/上环,免费,4.0
摩罗街,香港,香港,西环/上环,免费,4.1
万宜水库,香港,香港,香港,免费,4.6
马鞍山海滨长廊,香港,香港,沙田,免费,4.4
洪圣爷湾泳滩,香港,香港,离岛,免费,4.1
City Gallery,香港,香港,中环,免费,4.3
大围村,香港,香港,沙田,免费,4.4
贝澳营地,香港,香港,离岛,免费,4.4
力宝中心,香港,香港,中环,免费,4.2
艺里坊,香港,香港,西环/上环,免费,4.6
怡和午炮,香港,香港,湾仔/铜锣湾,免费,4.3
大帽山,香港,香港,香港,免费,4.5
许爱周科学馆,香港,香港,西环/上环,免费,4.5
城门水塘,香港,香港,香港,免费,4.5
银矿湾泳滩,香港,香港,离岛,免费,4.3
红砖楼，滑铁卢路8号,香港,香港,香港,免费,4.2
宝灵街,香港,香港,香港,免费,4.3
天主教聖母無原罪主教座堂,香港,香港,中环,免费,3.9
香港大球场,香港,香港,香港,免费,4.2
香港大会堂,香港,香港,中环,免费,4.2
屏山文物径,香港,香港,香港,免费,3.8
HK Free Walk,香港,香港,香港,免费,4.8
大潭郊野公园,香港,香港,香港,免费,4.4
翻天覆地,香港,香港,南区,免费,4.8
森林河流之旅,香港,香港,香港迪士尼乐园度假区,免费,4.6
屯门公园,香港,香港,香港,免费,4.7
香港中文大学文物馆,香港,香港,香港,免费,4.1
炮台山,香港,香港,北角/鲗鱼涌,免费,4.5
南丫岛家乐径,香港,香港,离岛,免费,4.5
九龙佑宁堂,香港,香港,油麻地,免费,4.5
榕树湾大街,香港,香港,离岛,免费,4.2
从心苑,香港,香港,香港,免费,4.7
南生围,香港,香港,香港,免费,4.3
山顶缆车历史珍藏馆,香港,香港,中环,免费,4.0
大美督,香港,香港,香港,免费,4.5
IMAGINE NATION 幻,香港,香港,湾仔/铜锣湾,免费,4.0
中国人民解放军驻香港部队大厦,香港,香港,中环,免费,4.8
九龙佐治五世纪念公园,香港,香港,香港,免费,4.1
天后古庙,香港,香港,离岛,免费,4.6
香港海防博物馆,香港,香港,香港,免费,4.4
卫奕信径,香港,香港,香港,免费,4.2
芬梨道,香港,香港,香港,免费,4.5
香港故事馆,香港,香港,香港,免费,4.5
圣玛加利大堂,香港,香港,湾仔/铜锣湾,免费,4.4
索罟湾,香港,香港,离岛,免费,4.2
热带激流,香港,香港,南区,免费,5.0
宝康公园,香港,香港,香港,免费,4.6
澳门新濠天地《水舞间》,澳门,澳门,澳门,588.0,4.8
澳门大赛车博物馆,澳门,澳门,澳门,44.7,4.7
澳门teamLab超自然空间,澳门,澳门,澳门,179.0,4.6
影汇之星8字形摩天轮,澳门,澳门,澳门,66.0,4.6
新濠天地,澳门,澳门,澳门,免费,4.8
澳门旅游塔,澳门,澳门,澳门,116.0,4.6
港珠澳大桥游,澳门,珠海,珠海,188.0,4.5
新濠影汇水上乐园,澳门,澳门,澳门,288.0,4.7
澳门新濠影汇度假区,澳门,澳门,澳门,免费,4.6
澳门开篷观光巴士,澳门,澳门,澳门,154.0,4.5
澳门科学馆,澳门,澳门,澳门,28.9,4.7
贡多拉船体验之旅（澳门威尼斯人）,澳门,澳门,澳门,125.0,4.5
大三巴牌坊,澳门,澳门,澳门,免费,4.7
澳门氹仔客运码头,澳门,澳门,澳门,免费,4.6
澳门巴黎铁塔（澳门巴黎人）,澳门,澳门,澳门,65.0,4.7
保利美高梅博物馆,澳门,澳门,澳门,免费,4.9
澳门威尼斯人度假区,澳门,澳门,澳门,免费,4.7
澳门伦敦人度假区,澳门,澳门,澳门,免费,4.7
官也街,澳门,澳门,澳门,免费,4.6
永利皇宫,澳门,澳门,澳门,免费,4.8
妈阁庙,澳门,澳门,澳门,免费,4.7
银河度假,澳门,澳门,澳门,免费,4.7
澳门巴黎人度假区,澳门,澳门,澳门,免费,4.6
童梦天地,澳门,澳门,澳门,16.0,4.9
氹仔岛,澳门,澳门,澳门,免费,4.7
永利皇宫观光缆车,澳门,澳门,澳门,免费,4.7
ZIPCITY澳门飞索,澳门,澳门,澳门,137.0,4.7
澳门渔人码头-马可勃罗露天广场,澳门,澳门,澳门,免费,4.0
葡京人综合度假区,澳门,澳门,澳门,免费,4.6
澳门旅游塔笨猪跳(蹦极跳),澳门,澳门,澳门,2277.0,4.8
澳门金沙度假区,澳门,澳门,澳门,免费,4.6
澳门威尼斯人综艺馆,澳门,澳门,澳门,免费,4.9
银河综艺馆,澳门,澳门,澳门,免费,4.4
新濠影汇满纷乐园,澳门,澳门,澳门,72.0,4.5
澳门上葡京综合度假区,澳门,澳门,澳门,免费,4.7
澳门博物馆,澳门,澳门,澳门,免费,4.7
澳门美狮美高梅度假区,澳门,澳门,澳门,免费,4.0
湾仔旅游码头,澳门,珠海,珠海,免费,4.4
路环岛,澳门,澳门,澳门,免费,4.7
大炮台,澳门,澳门,澳门,免费,4.6
银河水幕钻石秀表演,澳门,澳门,澳门,免费,4.4
议事亭前地,澳门,澳门,澳门,免费,4.6
恋爱巷,澳门,澳门,澳门,免费,4.4
黑沙海滩,澳门,澳门,澳门,免费,4.6
疯堂斜巷,澳门,澳门,澳门,免费,4.4
天浪淘园,澳门,澳门,澳门,免费,4.8
葡京娱乐场,澳门,澳门,澳门,免费,暂无评分
永利澳门吉祥树,澳门,澳门,澳门,免费,4.5
澳门大学,澳门,澳门,长隆旅游度假区,免费,4.6
澳门旅游塔空中漫步,澳门,澳门,澳门,538.0,4.8
十月初五马路,澳门,澳门,澳门,免费,4.5
澳门回归贺礼陈列馆,澳门,澳门,澳门,免费,4.4
永利皇宫Illuminarium幻影空间,澳门,澳门,澳门,免费,4.4
东望洋新街,澳门,澳门,澳门,免费,4.1
玫瑰圣母堂（板樟堂）,澳门,澳门,澳门,免费,4.6
东望洋炮台及灯塔,澳门,澳门,澳门,免费,4.7
永利澳门表演湖,澳门,澳门,澳门,免费,4.8
澳门历史城区,澳门,澳门,澳门,免费,4.7
澳门百老汇,澳门,澳门,澳门,免费,4.4
关闸,澳门,澳门,澳门,免费,4.4
传奇英雄科技城,澳门,澳门,澳门,177.0,4.2
金莲花广场,澳门,澳门,澳门,免费,4.4
龙环葡韵住宅式博物馆,澳门,澳门,澳门,免费,4.6
澳门 SANDBOX VR 虚拟实境体验,澳门,澳门,澳门,免费,4.7
澳门美高梅天幕广场,澳门,澳门,澳门,免费,4.8
伦敦人综艺馆,澳门,澳门,澳门,免费,4.8
石排湾郊野公园,澳门,澳门,澳门,免费,4.7
路环圣方济各堂,澳门,澳门,澳门,免费,4.4
郑家大屋,澳门,澳门,澳门,免费,4.5
澳门市政署,澳门,澳门,澳门,免费,4.6
大三巴街,澳门,澳门,澳门,免费,4.5
GoAirborne室内跳伞,澳门,澳门,澳门,694.0,4.5
哪吒庙,澳门,澳门,澳门,免费,4.4
澳门旅游塔高飞跳,澳门,澳门,澳门,1328.0,5.0
主教山小堂,澳门,澳门,澳门,免费,4.7
竹湾海滩,澳门,澳门,澳门,免费,4.3
松山缆车,澳门,澳门,澳门,免费,4.6
加思栏花园,澳门,澳门,澳门,免费,4.4
三盏灯小吃街,澳门,澳门,澳门,免费,4.3
Fun Fun Kart卡丁车,澳门,澳门,澳门,171.0,4.3
金光大道度假区,澳门,澳门,澳门,免费,4.7
海事博物馆,澳门,澳门,澳门,免费,4.8
澳门国父纪念馆,澳门,澳门,澳门,免费,4.6
澳门福隆新街,澳门,澳门,澳门,免费,4.6
卢家大屋,澳门,澳门,澳门,免费,4.5
澳门艺术博物馆,澳门,澳门,澳门,免费,4.6
圣老楞佐堂,澳门,澳门,澳门,免费,4.5
大潭山了望台,澳门,澳门,澳门,免费,4.5
新濠影汇综艺馆,澳门,澳门,澳门,免费,4.7
熊猫馆,澳门,澳门,澳门,免费,4.5
澳门林则徐纪念馆,澳门,澳门,澳门,免费,4.1
亚婆井前地,澳门,澳门,澳门,免费,4.6
新濠影汇尼克酷玩小镇,澳门,澳门,澳门,192.0,4.3
二龙喉公园,澳门,澳门,澳门,免费,4.5
塔石广场,澳门,澳门,澳门,免费,4.5
仁慈堂大樓,澳门,澳门,澳门,免费,4.4
何东图书馆,澳门,澳门,澳门,免费,4.5
南湾湖,澳门,澳门,澳门,免费,4.7
2026澳门高尔夫球公开赛,澳门,澳门,澳门,免费,暂无评分
水世界（澳门巴黎人）,澳门,澳门,澳门,免费,4.5
银河国际会议中心,澳门,澳门,澳门,免费,暂无评分
天主教圣安多尼堂,澳门,澳门,澳门,免费,4.5
岗顶前地,澳门,澳门,澳门,免费,4.2
卢廉若公园,澳门,澳门,澳门,免费,4.4
儿童地带- 历险Q立方（澳门威尼斯人）,澳门,澳门,澳门,免费,5.0
南湾大马路,澳门,澳门,澳门,免费,4.0
澳门十月初五日街,澳门,澳门,澳门,免费,暂无评分
澳门户外表演区,澳门,澳门,澳门,免费,暂无评分
嘉模圣母教堂,澳门,澳门,澳门,免费,4.6
Q立方王国(澳门巴黎人),澳门,澳门,澳门,免费,4.7
消防博物馆,澳门,澳门,澳门,免费,4.5
小潭山观景台,澳门,澳门,澳门,免费,暂无评分
烂鬼楼巷,澳门,澳门,澳门,免费,4.6
星际娱乐场,澳门,澳门,澳门,免费,暂无评分
WX侏罗纪恐龙-冒险乐园,澳门,澳门,横琴口岸,免费,4.7
澳门渔人码头-励骏广场,澳门,澳门,澳门,免费,暂无评分
玫瑰堂圣物宝库,澳门,澳门,澳门,免费,4.4
小潭山,澳门,澳门,澳门,免费,5.0
亚马喇前地,澳门,澳门,澳门,免费,5.0
玫瑰圣母广场,澳门,澳门,澳门,免费,4.6
奥林匹克体育中心,澳门,澳门,澳门,免费,5.0
路环图书馆,澳门,澳门,澳门,免费,4.3
友谊大桥,澳门,澳门,澳门,免费,4.6
司打口,澳门,澳门,澳门,免费,暂无评分
圣若瑟修院藏珍馆,澳门,澳门,澳门,免费,4.4
澳门东亚运动会体育馆,澳门,澳门,澳门,免费,5.0
关前正街,澳门,澳门,澳门,免费,4.6
澳门旅游塔百步登天,澳门,澳门,澳门,2009.0,4.6
东望洋山,澳门,澳门,澳门,免费,4.8
大潭山郊野公园,澳门,澳门,澳门,免费,4.5
童乐坊,澳门,澳门,澳门,免费,暂无评分
女娲庙,澳门,澳门,澳门,免费,4.2
澳门永利纸料非遗手搓神香体验工作坊,澳门,澳门,澳门,免费,暂无评分
澳门海上游 Macau Cruise,澳门,澳门,澳门,免费,4.6
澳门会展中心,澳门,澳门,澳门,免费,4.6
澳门天后宫,澳门,澳门,澳门,免费,4.8
圣母诞辰主教座堂,澳门,澳门,澳门,免费,4.6
东方基金会会址,澳门,澳门,澳门,免费,4.8
妈祖圣像,澳门,澳门,澳门,免费,5.0
妈祖文化村,澳门,澳门,澳门,免费,4.8
疯堂十号创意园,澳门,澳门,澳门,免费,3.7
澳门特别行政区政府文化局,澳门,澳门,澳门,免费,5.0
大炮台公园,澳门,澳门,澳门,免费,暂无评分
The Spectacle (MGM Cotai),澳门,澳门,澳门,免费,5.0
葉挺將軍故居,澳门,澳门,澳门,免费,暂无评分
港务局,澳门,澳门,澳门,免费,4.5
路环小型赛车场,澳门,澳门,澳门,免费,3.8
观音莲花苑,澳门,澳门,澳门,免费,4.3
观音古庙,澳门,澳门,澳门,免费,4.3
龙环葡韵湿地生态区,澳门,澳门,澳门,免费,5.0
音乐喷泉,澳门,澳门,澳门,免费,暂无评分
博物馆奇遇记 - 盛唐有话说,澳门,澳门,澳门,免费,4.0
永利皇宫表演湖,澳门,澳门,澳门,免费,4.7
氹仔中央公園,澳门,澳门,澳门,免费,4.7
西望洋山,澳门,澳门,澳门,免费,4.4
澳门国际高尔夫,澳门,澳门,澳门,免费,4.5
康公夜市,澳门,澳门,澳门,免费,4.4
澳门可口可乐收藏博物馆,澳门,澳门,澳门,免费,4.6
黑沙龙爪角家乐径,澳门,澳门,澳门,免费,4.7
路凼历史馆,澳门,澳门,澳门,免费,4.6
葡国街,澳门,澳门,澳门,免费,4.3
九澳灯塔,澳门,澳门,澳门,免费,暂无评分
沙梨头图书馆,澳门,澳门,澳门,免费,4.8
上葡京艺术文化展馆,澳门,澳门,澳门,免费,5.0
圣奥斯定教堂,澳门,澳门,澳门,免费,4.6
松山市政公园,澳门,澳门,澳门,免费,4.9
白鸽巢公园,澳门,澳门,澳门,免费,4.5
黑沙环公园,澳门,澳门,澳门,免费,3.5
澳门旅游塔户外广场,澳门,澳门,澳门,免费,4.6
婆仔屋,澳门,澳门,澳门,免费,4.3
澳门保安部队博物馆,澳门,澳门,澳门,免费,4.2
普济禅院,澳门,澳门,澳门,免费,4.6
哪吒古庙,澳门,澳门,澳门,免费,5.0
龙环葡韵花展场地,澳门,澳门,澳门,免费,5.0
澳门地堡街,澳门,澳门,澳门,免费,4.6
邮政总局,澳门,澳门,澳门,免费,4.6
嘉乐庇总督大桥,澳门,澳门,澳门,免费,4.6
茶文化馆,澳门,澳门,澳门,免费,4.7
天主教艺术博物馆与墓室,澳门,澳门,澳门,免费,4.3
澳门文化中心,澳门,澳门,澳门,免费,4.6
澳门最南点,澳门,澳门,澳门,免费,4.0
路环步行径,澳门,澳门,澳门,免费,暂无评分
英皇戏院(澳门葡京人),澳门,澳门,澳门,免费,暂无评分
西湾湖广场,澳门,澳门,澳门,免费,4.3
澳门综艺馆,澳门,澳门,澳门,免费,4.0
东望洋炮台,澳门,澳门,澳门,免费,5.0
同善堂,澳门,澳门,澳门,免费,4.5
黑沙公园和黑沙海滩休憩区,澳门,澳门,澳门,免费,3.0
东望洋新街 - Guia New Street,澳门,澳门,澳门,免费,暂无评分
亚美打利庇卢大马路,澳门,澳门,澳门,免费,4.6
通讯博物馆,澳门,澳门,澳门,免费,4.7
四面佛,澳门,澳门,澳门,免费,4.8
三街会馆,澳门,澳门,澳门,免费,4.2
海月水母水族箱,澳门,澳门,澳门,免费,暂无评分
心形树,澳门,澳门,澳门,免费,5.0
氹仔天后古庙（天后宫）,澳门,澳门,澳门,免费,暂无评分
纪念孙中山市政公园,澳门,澳门,澳门,免费,4.7
银河艺萃 GalaxyArt,澳门,澳门,澳门,免费,暂无评分
板樟堂街,澳门,澳门,澳门,免费,4.8
望德圣母堂,澳门,澳门,澳门,免费,4.2
圣母雪地殿教堂,澳门,澳门,澳门,免费,4.3
益隆炮竹厂,澳门,澳门,澳门,免费,4.7
土地暨自然博物馆,澳门,澳门,澳门,免费,4.8
虚拟水族馆,澳门,澳门,澳门,免费,5.0
北帝庙,澳门,澳门,澳门,免费,4.4
望厦山市政公园,澳门,澳门,澳门,免费,4.5
大三巴哪咤展馆,澳门,澳门,澳门,免费,4.0
告利雅施利华街,澳门,澳门,澳门,免费,4.7
澳门文学馆,澳门,澳门,澳门,免费,4.0
塔石体育馆,澳门,澳门,澳门,免费,4.6
波士芬兰浴,澳门,澳门,澳门,免费,暂无评分
旧城墙遗址,澳门,澳门,澳门,免费,4.0
海洋花园,澳门,澳门,澳门,免费,暂无评分
南湾•雅文湖畔,澳门,澳门,澳门,免费,4.8
康公庙,澳门,澳门,澳门,免费,4.3
莲峰庙,澳门,澳门,澳门,免费,4.1
香山岛,澳门,澳门,澳门,免费,暂无评分
路环山顶公园,澳门,澳门,澳门,免费,5.0
主教山圣母了望台,澳门,澳门,澳门,免费,4.3
九澳七苦圣母小堂,澳门,澳门,澳门,免费,4.4
冼星海纪念馆,澳门,澳门,澳门,免费,暂无评分
恩尼斯总统前地,澳门,澳门,澳门,免费,4.5
BEEBEELAND 蜂狂天地,澳门,澳门,澳门,免费,暂无评分
花地瑪聖母堂,澳门,澳门,澳门,免费,4.4
青洲坊莲花广场,澳门,澳门,澳门,免费,暂无评分
何贤爵士公园,澳门,澳门,澳门,免费,5.0
民国大马路,澳门,澳门,澳门,免费,4.4
澳门中央图书馆,澳门,澳门,澳门,免费,5.0
大堂前地,澳门,澳门,澳门,免费,暂无评分
望厦炮台,澳门,澳门,澳门,免费,4.3
澳门四月二十五日前地,澳门,澳门,澳门,免费,5.0
文化中心广场,澳门,澳门,澳门,免费,5.0
荷兰园二马路,澳门,澳门,澳门,免费,4.0
八角亭图书馆,澳门,澳门,澳门,免费,4.4
大潭山,澳门,澳门,澳门,免费,暂无评分
天主堂,澳门,澳门,澳门,免费,暂无评分
宋玉生广场,澳门,澳门,澳门,免费,4.7
海事工房1号 - 当代艺术中心,澳门,澳门,澳门,免费,4.0
德成按典当业展示馆,澳门,澳门,澳门,免费,4.6
佑汉街市公园,澳门,澳门,澳门,免费,暂无评分
塔石艺文馆,澳门,澳门,澳门,免费,3.0
澳门旗缘旗袍体验馆,澳门,澳门,澳门,免费,暂无评分
伯多禄局长街,澳门,澳门,澳门,免费,4.6
花城公园,澳门,澳门,澳门,免费,4.4
凼仔牌坊,澳门,澳门,澳门,免费,暂无评分
凼仔图书馆,澳门,澳门,澳门,免费,4.2
澳门大街,澳门,澳门,澳门,免费,5.0
凼仔海滨休憩区,澳门,澳门,澳门,免费,4.8
卡梅尔花园,澳门,澳门,澳门,免费,4.7
竹林寺,澳门,澳门,澳门,免费,4.0
宋玉生公园.,澳门,澳门,澳门,免费,4.5
融和门,澳门,澳门,澳门,免费,3.0
菩提园,澳门,澳门,澳门,免费,4.4
土地庙,澳门,澳门,澳门,免费,4.3
政府总部,澳门,澳门,澳门,免费,4.7
螺丝山公园,澳门,澳门,澳门,免费,4.6
澳门基本法纪念馆,澳门,澳门,澳门,免费,4.7
包公庙,澳门,澳门,澳门,免费,4.0
嘉思栏兵营,澳门,澳门,澳门,免费,4.6
西湾湖,澳门,澳门,澳门,免费,4.4
黑沙水库郊野公园,澳门,澳门,澳门,免费,4.6
水塘,澳门,澳门,澳门,免费,4.7
圣味基坟场,澳门,澳门,澳门,免费,4.2
利澳娱乐场,澳门,澳门,澳门,免费,4.6
礼宾府,澳门,澳门,澳门,免费,5.0
艺园,澳门,澳门,澳门,免费,4.4
佳景乐园,澳门,澳门,澳门,免费,5.0
莲溪庙,澳门,澳门,澳门,免费,4.5
澳门名人蜡像馆,澳门,澳门,澳门,137.0,4.3
華士古達嘉馬花園,澳门,澳门,澳门,免费,4.4
肥利喇亚美打大马路,澳门,澳门,澳门,免费,4.6
基督教坟场,澳门,澳门,澳门,免费,4.5
望厦圣方济各堂,澳门,澳门,澳门,免费,4.6
圣雅各伯小堂,澳门,澳门,澳门,免费,4.7
马交石炮台,澳门,澳门,澳门,免费,4.5
圣若瑟劳工主保堂,澳门,澳门,澳门,免费,4.2
买草地街,澳门,澳门,澳门,免费,4.4
瑪利二世皇后眺望台,澳门,澳门,澳门,免费,3.8
唐城,澳门,澳门,澳门,免费,3.3
金光大道度假区体验梦工场,澳门,澳门,澳门,免费,4.4
全艺社,澳门,澳门,澳门,免费,5.0
嘉模墟,澳门,澳门,澳门,免费,4.6
烧灰炉公园,澳门,澳门,澳门,免费,4.3
同善堂历史档案陈列馆,澳门,澳门,澳门,免费,4.3
松山军用隧道A组,澳门,澳门,澳门,免费,4.5
跛脚梯,澳门,澳门,澳门,免费,4.6
鲁班先师木工艺陈列馆,澳门,澳门,澳门,免费,4.8
饶宗颐学艺馆,澳门,澳门,澳门,免费,4.0
东方拱门,澳门,澳门,澳门,免费,4.3
中西药局旧址,澳门,澳门,澳门,免费,5.0
药山禅院,澳门,澳门,澳门,免费,4.3
观音堂,澳门,澳门,澳门,免费,5.0
极品桑拿,澳门,澳门,澳门,免费,5.0
运动场圆形地,澳门,澳门,澳门,免费,5.0
伦敦探索的士,澳门,澳门,澳门,免费,5.0
新豪门桑拿殿,澳门,澳门,澳门,免费,5.0
纷纷乐动感世界,澳门,澳门,澳门,免费,5.0
得胜花园,澳门,澳门,澳门,免费,4.8
黑沙环公园黄营均图书馆,澳门,澳门,澳门,免费,4.4
马礼逊教堂,澳门,澳门,澳门,免费,4.0
高可宁大宅,澳门,澳门,澳门,免费,4.0
沙梨头更馆,澳门,澳门,澳门,免费,4.5
华都娱乐场,澳门,澳门,澳门,免费,1.0
大堂广场,澳门,澳门,澳门,免费,5.0
水塘公园,澳门,澳门,澳门,免费,5.0
三婆庙,澳门,澳门,澳门,免费,5.0
上架行会馆,澳门,澳门,澳门,免费,5.0
第二十六届澳门美食节,澳门,澳门,澳门,免费,5.0
Red Market Library,澳门,澳门,澳门,免费,5.0
Taipa Food Street,澳门,澳门,澳门,免费,5.0
黑沙环第四街休憩区,澳门,澳门,澳门,免费,5.0
Av. View of Lake Nam Van,澳门,澳门,澳门,免费,5.0
Seng Wong Temple,澳门,澳门,澳门,免费,5.0
石敢当行台,澳门,澳门,澳门,免费,5.0
和隆街,澳门,澳门,澳门,免费,5.0
神召会澳门福音堂,澳门,澳门,澳门,免费,5.0
中葡友谊,澳门,澳门,澳门,免费,5.0
林茂海边大马路休憩区,澳门,澳门,澳门,免费,4.7
绿杨花园休憩区,澳门,澳门,澳门,免费,4.4
卢廉若公园养心堂,澳门,澳门,澳门,免费,4.3
澳门新濠影汇之「心寒影汇」,澳门,澳门,澳门,免费,4.2
耶稣会纪念广场,澳门,澳门,澳门,免费,4.0
Mong-Ha Sports Centre,澳门,澳门,澳门,免费,4.0
Artelli,澳门,澳门,澳门,免费,暂无评分
8 shaped ferris wheel,澳门,澳门,澳门,免费,暂无评分
Dr. Sun Yat Sen Swimming Pool,澳门,澳门,拱北口岸/富华里,免费,暂无评分
石排湾,澳门,澳门,澳门,免费,暂无评分
Park,澳门,澳门,澳门,免费,暂无评分
Monte Fort Corridor,澳门,澳门,澳门,免费,暂无评分
Guia Hill Park,澳门,澳门,澳门,免费,暂无评分
Punk Metal Fitness Macau,澳门,澳门,澳门,免费,暂无评分
新桥乞巧创意市集,澳门,澳门,澳门,免费,暂无评分
第二十六届澳门荷花节,澳门,澳门,澳门,免费,暂无评分
葡萄牙瓷砖壁画,澳门,澳门,澳门,免费,暂无评分
葡京 VIEW 街,澳门,澳门,澳门,免费,暂无评分
澳门国际光影节,澳门,澳门,澳门,免费,暂无评分
The Grand Suites at Four Seasons,澳门,澳门,澳门,免费,暂无评分
耶稣基督后期圣徒教会,澳门,澳门,澳门,免费,暂无评分
半边橙,澳门,澳门,澳门,免费,暂无评分
伊莉莎白塔,澳门,澳门,澳门,免费,暂无评分
澳门中华总商会附设的阅书报室 (八角亭图书馆),澳门,澳门,澳门,免费,暂无评分
Butterball,澳门,澳门,澳门,免费,暂无评分
第二十三届澳门城市艺穗节,澳门,澳门,澳门,免费,暂无评分
石排湾湿地,澳门,澳门,澳门,免费,暂无评分
棕榈公园,澳门,澳门,澳门,免费,暂无评分
四桥亭,澳门,澳门,澳门,免费,暂无评分
石排湾水库休憩区,澳门,澳门,澳门,免费,暂无评分
路环步行径休憩公园,澳门,澳门,澳门,免费,暂无评分
医灵庙 (嘉善堂),澳门,澳门,澳门,免费,暂无评分
氹仔国际基督复临安息日会（澳门）,澳门,澳门,澳门,免费,暂无评分
台北故宫博物院,台湾,台北,台北 · 台北故宫,32.0,4.7
野柳地质公园,台湾,新北,新北 · 野柳地质公园,24.0,4.8
日月潭,台湾,南投,南投 · 日月潭水社码头商圈,免费,4.8
台北101大楼,台湾,台北,台北 · 信义区/台北101大楼,免费,4.7
士林官邸正馆,台湾,台北,台北 · 台北故宫,19.0,4.8
台北101观景台,台湾,台北,台北 · 信义区/台北101大楼,116.0,4.6
猫空缆车,台湾,台北,台北 · 台北猫空缆车,63.0,4.7
台北市立动物园,台湾,台北,台北 · 台北猫空缆车,20.0,4.8
鲸世界赏鲸(花莲港),台湾,花莲,花莲 · 花莲火车站/花莲市区,152.0,4.7
猫空,台湾,台北,台北,免费,4.7
阿里山国家森林游乐区,台湾,嘉义县,嘉义县,43.0,4.8
阿里山国家风景区,台湾,嘉义县,嘉义县,免费,4.8
奇美博物馆,台湾,台南,台南 · 奇美博物馆,43.0,4.8
台湾海洋生物博物馆,台湾,屏东,屏东,86.0,4.8
打狗英国领事馆,台湾,高雄,高雄 · 西子湾,免费,4.6
九份老街,台湾,新北,新北,免费,4.8
Xpark 水族馆,台湾,桃园,桃园,121.0,4.7
丽宝乐园,台湾,台中,台中,168.0,4.7
袖珍博物馆,台湾,台北,台北 · 松江南京商圈,44.0,4.7
清水断崖,台湾,花莲,花莲,免费,4.8
台湾博物馆,台湾,台北,台北 · 西门町商圈,免费,4.8
铃鹿赛道乐园,台湾,高雄,高雄 · 梦时代/凯旋青年夜市,68.0,4.6
台北市儿童新乐园,台湾,台北,台北,39.0,4.8
清境农场,台湾,南投,南投 · 清境农场,免费,4.7
安平古堡,台湾,台南,台南 · 安平区,14.0,4.6
中正纪念堂,台湾,台北,台北 · 台北自由广场,免费,暂无评分
和平岛地质公园,台湾,基隆,基隆,25.0,4.8
北投春天温泉,台湾,台北,台北 · 北投温泉区,93.0,4.6
六福村主题游乐园,台湾,新竹县,新竹县,295.0,4.6
自由广场,台湾,台北,台北 · 台北自由广场,免费,4.8
义大游乐世界,台湾,高雄,高雄 · 义大世界/佛光山,129.0,4.6
九族文化村,台湾,南投,南投,185.0,4.7
四草绿色隧道,台湾,台南,台南,42.0,4.6
故宫博物院南部院区 亚洲艺术文化博物馆,台湾,嘉义县,嘉义县,32.0,4.8
台北市立美术馆,台湾,台北,台北 · 松山机场地区,6.0,4.8
十分老街,台湾,新北,新北,免费,4.8
日月潭缆车,台湾,南投,南投 · 日月潭伊达邵码头商圈,87.0,4.8
琉球屿,台湾,屏东,屏东 · 小琉球,免费,4.8
四草野生动物保护区,台湾,台南,台南,免费,4.7
赤崁楼,台湾,台南,台南 · 赤崁楼,14.0,4.6
艋舺龙山寺,台湾,台北,台北 · 西门町商圈,免费,4.8
爱河,台湾,高雄,高雄 · 高雄巨蛋/瑞丰夜市,免费,4.7
台湾自然科学博物馆,台湾,台中,台中 · 绿园道/草悟道,免费,4.8
台北流行音乐中心,台湾,台北,台北 · 南港展览馆,免费,4.9
垦丁国家公园,台湾,屏东,屏东,免费,4.8
张美阿嬷农场 (月森宁手作工坊),台湾,宜兰,宜兰,53.0,4.6
高雄市立美术馆,台湾,高雄,高雄 · 美术馆,免费,4.5
彩虹眷村,台湾,台中,台中,免费,4.6
台北大巨蛋,台湾,台北,台北 · 松山文创园区,免费,4.8
兰阳博物馆,台湾,宜兰,宜兰,15.0,4.7
新北市立黄金博物馆,台湾,新北,新北,16.0,4.7
阳明山国家公园,台湾,台北,台北 · 阳明山国家公园,免费,4.8
澎湖列岛,台湾,澎湖,澎湖,免费,5.0
远雄海洋公园,台湾,花莲,花莲 · 远雄海洋公园,170.0,4.6
饶河街观光夜市,台湾,台北,台北 · 饶河街观光夜市,免费,4.7
台湾传统艺术中心,台湾,宜兰,宜兰,28.0,4.8
太平山森林游乐区,台湾,宜兰,宜兰,30.0,4.8
绿岛朝日温泉,台湾,台东,台东 · 绿岛,64.0,4.5
鹅銮鼻公园,台湾,屏东,屏东 · 鹅銮鼻,13.0,4.7
小人国主题乐园,台湾,桃园,桃园,免费,4.7
圆山大饭店密道,台湾,台北,台北 · 士林观光夜市,免费,4.8
安平树屋,台湾,台南,台南 · 安平区,14.0,4.6
七星潭海岸风景特定区,台湾,花莲,花莲 · 七星潭,免费,4.8
美丽华摩天轮,台湾,台北,台北 · 美丽华摩天轮,25.0,4.7
淡水红毛城,台湾,新北,新北 · 淡水红毛城,免费,4.8
美丽华百乐园,台湾,台北,台北 · 美丽华摩天轮,免费,4.7
高美湿地,台湾,台中,台中 · 梧栖,免费,4.8
寿山动物园,台湾,高雄,高雄,7.0,4.6
逢甲夜市,台湾,台中,台中 · 逢甲夜市,免费,4.6
太鲁阁国家公园,台湾,花莲,花莲 · 太鲁阁国家公园,免费,4.8
台北市双层观光巴士,台湾,台北,台北,70.0,4.6
驳二艺术特区,台湾,高雄,高雄,免费,4.7
台北市立天文科学教育馆,台湾,台北,台北,免费,4.7
淡水老街,台湾,新北,新北 · 淡水老街,免费,4.7
永康街,台湾,台北,台北,免费,4.6
高雄体育场,台湾,高雄,高雄,免费,4.5
迪化街,台湾,台北,台北 · 台北火车站地区,免费,4.8
海洋科技博物馆,台湾,基隆,基隆,35.0,4.7
青青草原,台湾,南投,南投 · 清境农场,51.0,4.7
女王头,台湾,新北,新北 · 野柳地质公园,免费,4.8
十鼓文创园区,台湾,台南,台南 · 奇美博物馆,103.0,4.6
台湾科学工艺博物馆,台湾,高雄,高雄 · 高雄火车站地区,23.0,4.8
台湾科学教育馆,台湾,台北,台北,免费,4.7
台湾历史博物馆,台湾,台南,台南,22.0,4.9
猴硐猫村,台湾,新北,新北,免费,4.6
台南孔子庙 全台首学,台湾,台南,台南 · 赤崁楼,15.0,4.7
白沙湾海水浴场,台湾,新北,新北 · 白沙湾,免费,4.8
八仙山国家森林游乐区,台湾,台中,台中 · 谷关,20.0,4.8
松山文创园区,台湾,台北,台北 · 松山文创园区,免费,4.8
清境高空观景步道,台湾,南投,南投 · 清境农场,11.0,4.6
佛光山佛陀纪念馆,台湾,高雄,高雄 · 义大世界/佛光山,免费,4.8
垦丁鹿境梅花鹿生态园区,台湾,屏东,屏东 · 恒春镇,46.0,4.5
旗津岛,台湾,高雄,高雄,免费,4.7
乌来观光台车,台湾,新北,新北 · 乌来老街,免费,4.8
新竹市立动物园,台湾,新竹,新竹,9.0,4.6
澎湖水族馆,台湾,澎湖,澎湖,63.0,4.7
斑比山丘,台湾,宜兰,宜兰,39.0,4.7
绿岛乡,台湾,台东,台东 · 绿岛,免费,4.9
莲池潭,台湾,高雄,高雄 · 左营高铁,免费,4.6
兰阳动植物王国,台湾,宜兰,宜兰,59.0,4.7
台北小巨蛋,台湾,台北,台北 · 台北小巨蛋,免费,4.7
巧虎梦想乐园,台湾,桃园,桃园,42.0,4.8
欧乐沃筑梦城堡,台湾,嘉义县,嘉义县,免费,4.2
阎锡山故居,台湾,台北,台北,免费,暂无评分
美丽岛站 光之穹顶,台湾,高雄,高雄 · 六合夜市/美丽岛捷运站,免费,4.6
纸箱王创意园区,台湾,台中,台中,59.0,4.7
薰衣草森林(台中新社),台湾,台中,台中,免费,4.6
大溪老街,台湾,桃园,桃园,免费,4.8
日胜生加贺屋国际饭店温泉,台湾,台北,台北 · 北投温泉区,免费,4.4
西门红楼,台湾,台北,台北 · 西门町商圈,免费,4.7
国立历史博物馆,台湾,台北,台北 · 西门町商圈,17.0,4.6
顽皮世界野生动物园,台湾,台南,台南,105.0,4.6
佐登妮丝城堡,台湾,嘉义县,嘉义县,64.0,4.5
台东观光夜市,台湾,台东,台东 · 台东市区/铁花村,免费,4.3
Cona’s妮娜巧克力梦想城堡,台湾,南投,南投,40.0,4.5
淡水渔人码头,台湾,新北,新北 · 淡水渔人码头,免费,4.8
黄金瀑布,台湾,新北,新北 · 金瓜石,免费,4.7
绿世界生态农场,台湾,新竹县,新竹县,104.0,4.6
小叮当科学主题乐园,台湾,新竹县,新竹县,68.0,4.7
飞牛牧场,台湾,苗栗,苗栗,免费,4.7
兰屿,台湾,台东,台东,免费,4.8
太平云梯,台湾,嘉义县,嘉义县,18.0,4.5
玉山国家公园,台湾,南投,南投,免费,4.2
七星公园,台湾,台北,台北 · 北投温泉区,免费,4.6
台北戏棚,台湾,台北,台北,免费,4.8
象山,台湾,台北,台北,免费,4.9
师大夜市,台湾,台北,台北 · 永康商圈,免费,4.8
高雄港,台湾,高雄,高雄,免费,4.6
净园农场,台湾,高雄,高雄 · 小港机场,59.0,4.6
剑湖山世界主题乐园,台湾,云林,云林 · 华山游憩区,112.0,4.8
北投温泉博物馆,台湾,台北,台北 · 北投温泉区,免费,4.7
野柳海洋世界,台湾,新北,新北 · 野柳地质公园,91.0,4.7
神农街,台湾,台南,台南 · 赤崁楼,免费,4.6
三仙台,台湾,台东,台东,免费,4.8
安平老街,台湾,台南,台南 · 安平区,免费,4.5
台南市美术馆,台湾,台南,台南 · 赤崁楼,免费,4.7
台南美术馆二馆,台湾,台南,台南,免费,4.9
龟山岛,台湾,宜兰,宜兰,免费,4.8
华山1914文创园区,台湾,台北,台北 · 台北火车站地区,免费,4.8
雾峰林家宫保第园区,台湾,台中,台中,50.0,4.7
当代艺术馆,台湾,台北,台北 · 台北火车站地区,免费,4.8
爱河爱之船,台湾,高雄,高雄 · 爱河,免费,4.8
四四南村眷村文物馆,台湾,台北,台北 · 世贸中心展览中心,免费,4.8
垦丁国家森林游乐区,台湾,屏东,屏东 · 社顶自然公园,21.0,4.8
国民革命忠烈祠,台湾,台北,台北,免费,4.6
一中街,台湾,台中,台中 · 一中商圈,免费,4.8
垦丁鹿儿岛水豚生态园区,台湾,屏东,屏东 · 恒春镇,47.0,4.4
阿里山森林铁路车库园区,台湾,嘉义市,嘉义市 · 嘉义火车站地区,免费,4.5
鹿港,台湾,彰化,彰化,免费,4.7
临江街观光夜市,台湾,台北,台北 · 世贸中心展览中心,免费,4.8
地热谷,台湾,台北,台北 · 北投温泉区,免费,4.6
芯浪国际滑板冲浪水公园,台湾,嘉义县,嘉义县,免费,4.5
关山,台湾,屏东,屏东 · 后壁湖/大光,免费,4.8
台东知本森林游乐区,台湾,台东,台东,17.0,4.8
台湾地区领导人办公大楼,台湾,台北,台北 · 西门町商圈,免费,4.5
异想新乐园,台湾,台中,台中,40.0,4.6
垦丁白沙湾,台湾,屏东,屏东 · 白砂湾海滩,免费,4.8
高雄巨蛋,台湾,高雄,高雄 · 高雄巨蛋/瑞丰夜市,免费,4.8
拉拉山国家森林游乐区,台湾,桃园,桃园,32.0,4.9
台南花园夜市,台湾,台南,台南 · 花园夜市,免费,4.8
大安森林公园,台湾,台北,台北 · 永康商圈,免费,4.8
池上乡,台湾,台东,台东,免费,4.9
葱宝宝体验农场,台湾,宜兰,宜兰,免费,4.4
西子湾风景区,台湾,高雄,高雄,免费,4.8
台湾美术馆,台湾,台中,台中 · 绿园道/草悟道,免费,4.9
野森动物学校,台湾,高雄,高雄,免费,3.6
台北天后宫,台湾,台北,台北 · 西门町商圈,免费,4.5
多罗满赏鲸公司,台湾,花莲,花莲,免费,暂无评分
心海潜水中心 & SUP,台湾,屏东,屏东 · 后壁湖/大光,免费,5.0
罗东夜市,台湾,宜兰,宜兰 · 罗东夜市,免费,4.4
鹿野高台,台湾,台东,台东,免费,4.9
溪头妖怪村,台湾,南投,南投 · 溪头松林町商圈,免费,4.7
丽宝国际赛车场,台湾,台中,台中,免费,4.8
宜兰狐狸村(九九峰动物乐园),台湾,宜兰,宜兰,53.0,4.0
台湾最南点,台湾,屏东,屏东 · 鹅銮鼻,免费,4.3
凤仪书院,台湾,高雄,高雄 · 凤山,免费,4.6
回巢 Homing 荒野沙漠农场园区,台湾,宜兰,宜兰,43.0,4.6
擎天岗,台湾,台北,台北 · 阳明山国家公园,免费,4.8
大坑风景区,台湾,台中,台中,免费,4.8
南天宫十八层地狱,台湾,彰化,彰化 · 彰化市区,免费,5.0
松园别馆,台湾,花莲,花莲 · 花莲火车站/花莲市区,免费,4.7
大稻埕码头,台湾,台北,台北 · 台北火车站地区,免费,4.8
阴阳海,台湾,新北,新北,免费,4.6
2026-2027台湾好汤-温泉美食嘉年华,台湾,南投,南投,免费,暂无评分
桃园机场第二航厦北侧观景台,台湾,桃园,桃园,免费,4.8
宝熊渔乐码头,台湾,台中,台中,免费,4.6
台湾博物馆铁道部园区,台湾,台北,台北,22.0,4.8
走马濑农场,台湾,台南,台南,40.0,4.6
新竹都城隍庙,台湾,新竹,新竹,免费,4.8
星宝葱体验农场,台湾,宜兰,宜兰,免费,4.7
三只小猪观光农场,台湾,嘉义县,嘉义县,27.0,4.7
九九峰动物乐园,台湾,南投,南投,118.0,4.5
台湾文学馆,台湾,台南,台南 · 赤崁楼,55.0,4.8
十分瀑布,台湾,新北,新北,免费,4.7
十分瀑布公园,台湾,新北,新北,免费,4.7
咩咩上树萌宠乐园,台湾,嘉义县,嘉义县,36.0,4.4
阿里山受镇宫,台湾,嘉义县,嘉义县,免费,4.6
苏维拉庄园,台湾,苗栗,苗栗,43.0,4.6
溪头自然教育园区,台湾,南投,南投 · 溪头松林町商圈,53.0,4.9
聚奎居,台湾,台中,台中,22.0,4.7
多良车站,台湾,台东,台东,免费,4.5
七星山,台湾,台北,台北 · 阳明山国家公园,免费,4.9
小琉球诺亚方舟(小琉球海洋馆),台湾,屏东,屏东 · 小琉球,38.0,4.3
玩具总动员,台湾,台北,台北,免费,暂无评分
嘉义触口-天长山龙隐寺,台湾,嘉义县,嘉义县,免费,4.7
哈玛星台湾铁道馆,台湾,高雄,高雄,免费,4.8
桧意森活村,台湾,嘉义市,嘉义市 · 嘉义火车站地区,免费,4.7
奋起湖,台湾,嘉义县,嘉义县,免费,4.6
日月潭环潭自行车道,台湾,南投,南投 · 日月潭伊达邵码头商圈,免费,4.7
观海楼,台湾,台南,台南,免费,5.0
北回归线标志公园,台湾,花莲,花莲,免费,4.3
尚顺育乐世界,台湾,苗栗,苗栗,免费,4.8
合欢山,台湾,南投,南投,免费,4.8
行天宫,台湾,台北,台北 · 松山机场地区,免费,4.8
云仙乐园,台湾,新北,新北,61.0,4.4
象山步道,台湾,台北,台北,免费,4.9
垦丁大街夜市,台湾,屏东,屏东 · 垦丁大街,免费,4.6
追风奇幻岛-高雄梦时代-AI机器人星球,台湾,高雄,高雄 · 梦时代/凯旋青年夜市,59.0,4.7
鹿港老街,台湾,彰化,彰化 · 鹿港商圈,免费,4.8
朱铭美术馆,台湾,新北,新北,74.0,4.8
优游吧斯邹族文化部落,台湾,嘉义县,嘉义县,免费,4.4
南寮漁港,台湾,新竹,新竹,免费,4.8
伯朗大道,台湾,台东,台东,免费,4.9
几米广场,台湾,宜兰,宜兰 · 宜兰火车站/几米公园,免费,4.6
阿信巧克力农场,台湾,屏东,屏东 · 后壁湖/大光,38.0,4.6
北投文物馆,台湾,台北,台北 · 北投温泉区,26.0,4.8
慈湖营区,台湾,桃园,桃园,免费,4.3
花莲维纳司赏鲸（花莲旅游 游艇包船 天空之镜沙滩车 独木舟 SUP）,台湾,花莲,花莲,免费,暂无评分
手信坊创意和菓子文化馆,台湾,新北,新北,免费,暂无评分
旗后灯塔,台湾,高雄,高雄 · 旗津,免费,4.7
卓也小屋,台湾,苗栗,苗栗,36.0,4.7
平溪老街第一家天灯店 +平溪第一家天灯专卖店,台湾,新北,新北,免费,4.4
外澳沙滩,台湾,宜兰,宜兰,免费,4.9
卫武营艺术文化中心,台湾,高雄,高雄,免费,4.9
七一三事件纪念步道,台湾,澎湖,澎湖,免费,暂无评分
台北时装周,台湾,台北,台北 · 松山文创园区,免费,暂无评分
高雄85大楼,台湾,高雄,高雄 · 三多商圈/五福商圈,免费,4.6
礁渓温泉,台湾,宜兰,宜兰 · 礁溪火车站/礁溪溫泉,免费,4.8
双流国家森林游乐区,台湾,屏东,屏东,免费,4.9
鹿芝谷,台湾,南投,南投,免费,4.8
猫鼻头公园,台湾,屏东,屏东 · 猫鼻头,免费,4.6
高雄市立图书馆总馆,台湾,高雄,高雄 · 三多商圈/五福商圈,免费,4.9
百果山探索乐园,台湾,彰化,彰化,免费,4.4
中台禅寺,台湾,南投,南投,免费,4.8
潮境智能海洋馆,台湾,基隆,基隆,53.0,4.6
蜡艺蜡笔城堡,台湾,宜兰,宜兰 · 苏澳火车站,免费,4.8
木育森林,台湾,台中,台中,免费,暂无评分
国定古迹-北港朝天宫,台湾,云林,云林,免费,4.9
杉林溪森林生态渡假园区,台湾,南投,南投 · 溪头松林町商圈,免费,4.8
旧山线铁道自行车-龙腾站,台湾,苗栗,苗栗,免费,4.8
陶朱隐园,台湾,台北,台北 · 信义区/台北101大楼,免费,暂无评分
审计新村,台湾,台中,台中 · 绿园道/草悟道,免费,4.7
环岛之星-迪士尼列车,台湾,台北,台北,免费,4.7
马场町纪念公园,台湾,台北,台北,免费,4.3
台北市国父史迹馆,台湾,台北,台北 · 台北火车站地区,免费,4.8
花东纵谷,台湾,花莲,花莲,免费,4.7
乌来老街,台湾,新北,新北 · 乌来老街,免费,5.0
台南左镇化石园区,台湾,台南,台南,19.0,4.7
大稻埕码头货柜市集,台湾,台北,台北 · 台北火车站地区,免费,4.9
辰光桥,台湾,新北,新北,免费,5.0
大台北都会公园(二重疏洪道河滨公园),台湾,新北,新北,免费,4.9
226台湾新北市平溪区平溪线,台湾,新北,新北,免费,4.9
心中山线形公园,台湾,台北,台北 · 台北火车站地区,免费,5.0
金色水岸自行车道,台湾,新北,新北,免费,4.9
石梯坪,台湾,花莲,花莲,免费,4.8
澄清湖海洋奇珍园,台湾,高雄,高雄,免费,4.8
龙磐公园,台湾,屏东,屏东 · 佳乐水,免费,4.7
巨木群栈道,台湾,嘉义县,嘉义县,免费,5.0
龙坑生态保护区,台湾,屏东,屏东 · 鹅銮鼻,免费,4.8
路思义教堂,台湾,台中,台中 · 东海大学周边,免费,4.7
台北市立图书馆 北投分馆,台湾,台北,台北 · 北投温泉区,免费,4.8
香林神木,台湾,嘉义县,嘉义县,免费,4.6
花莲文化创意产业园,台湾,花莲,花莲 · 花莲火车站/花莲市区,免费,4.8
基隆庙口夜市,台湾,基隆,基隆 · 基隆庙口,免费,4.8
垦丁海水浴场,台湾,屏东,屏东 · 垦丁大街,免费,4.4
圆山公园,台湾,台北,台北 · 宁夏夜市,免费,4.7
十分车站,台湾,新北,新北,免费,4.7
鹅銮鼻灯塔,台湾,屏东,屏东 · 鹅銮鼻,免费,4.6
统一梦时代购物中心,台湾,高雄,高雄,免费,4.7
台北植物园,台湾,台北,台北,免费,4.9
苏花公路,台湾,花莲,花莲,免费,4.7
深坑老街,台湾,新北,新北 · 深坑老街,免费,4.6
旗津老街,台湾,高雄,高雄 · 旗津,免费,4.8
姊妹潭,台湾,嘉义县,嘉义县,免费,4.7
台中公园,台湾,台中,台中 · 一中商圈,免费,4.8
潮境公园,台湾,基隆,基隆,免费,4.9
瑞穗牧场,台湾,花莲,花莲,免费,4.7
大湖公园 (防灾公园）,台湾,台北,台北,免费,4.9
澎湖国家风景区,台湾,澎湖,澎湖 · 马公机场,免费,4.7
邮政博物馆,台湾,台北,台北 · 台北自由广场,免费,4.7
鹿港天后宫,台湾,彰化,彰化 · 鹿港商圈,免费,4.8
小野柳,台湾,台东,台东,免费,4.7
武陵农场,台湾,台中,台中,免费,4.9
林本源园邸,台湾,新北,新北,免费,4.6
六十石山风景区,台湾,花莲,花莲,免费,4.7
阿里山神木遗迹,台湾,嘉义县,嘉义县,免费,4.6
梦时代高雄之眼摩天轮,台湾,高雄,高雄 · 梦时代/凯旋青年夜市,免费,4.7
松山慈佑宫,台湾,台北,台北 · 饶河街观光夜市,免费,4.8
燕子口,台湾,花莲,花莲 · 太鲁阁国家公园,免费,4.7
情人桥,台湾,新北,新北 · 淡水渔人码头,免费,4.6
碧潭风景区,台湾,新北,新北,免费,4.9
至善园,台湾,台北,台北 · 台北故宫,免费,4.8
竹子湖,台湾,台北,台北,免费,4.9
国立国父纪念馆,台湾,台北,台北 · 松山文创园区,免费,暂无评分
乐活南湾游憩区,台湾,屏东,屏东 · 南湾,免费,4.9
日月潭文武庙,台湾,南投,南投 · 日月潭水社码头商圈,免费,4.6
风吹砂,台湾,屏东,屏东 · 佳乐水,免费,4.4
龙虎塔,台湾,高雄,高雄,免费,4.7
大天后宫 宁靖王府邸,台湾,台南,台南 · 赤崁楼,免费,4.6
淡水河,台湾,新北,新北,免费,4.8
清境农场小瑞士花园,台湾,南投,南投 · 清境农场,28.0,4.5
台北公会堂,台湾,台北,台北 · 西门町商圈,免费,4.6
彩虹教堂,台湾,高雄,高雄,免费,4.3
澄清湖,台湾,高雄,高雄,免费,4.7
新店溪河滨公园,台湾,新北,新北,免费,5.0
基隆内港,台湾,基隆,基隆,免费,4.7
砂岛,台湾,屏东,屏东 · 鹅銮鼻,免费,4.4
美浓黄蝶翠谷,台湾,高雄,高雄,免费,4.7
美浓民俗村,台湾,高雄,高雄,免费,4.6
台11線,台湾,台东,台东,免费,5.0
船帆石,台湾,屏东,屏东 · 船帆石,免费,4.6
日月潭自行车步道,台湾,南投,南投 · 日月潭水社码头商圈,免费,4.8
新北市立莺歌陶瓷博物馆,台湾,新北,新北,17.0,4.5
双心石沪,台湾,澎湖,澎湖,免费,4.9
大东夜市,台湾,台南,台南 · 南纺,免费,4.7
东部海岸国家风景区碑,台湾,台东,台东,免费,4.5
涵碧步道,台湾,南投,南投 · 日月潭水社码头商圈,免费,4.6
张大千先生纪念馆,台湾,台北,台北 · 美丽华摩天轮,免费,4.7
宝藏岩国际艺术村,台湾,台北,台北,免费,4.7
林田山林业文化园区,台湾,花莲,花莲,免费,4.8
花莲滨海自行车道,台湾,花莲,花莲 · 七星潭,免费,4.6
莺歌陶瓷老街,台湾,新北,新北,免费,4.7
台北华西街夜市,台湾,台北,台北 · 西门町商圈,免费,4.5
林语堂故居,台湾,台北,台北,免费,4.5
象鼻木,台湾,嘉义县,嘉义县,免费,5.0
花糖文物馆,台湾,花莲,花莲 · 花莲机场地区,免费,4.6
台北偶戏馆 Puppetry Art Center of Taipei,台湾,台北,台北 · 台北小巨蛋,免费,4.0
天祥风景区,台湾,花莲,花莲 · 太鲁阁国家公园,免费,4.8
佳乐水(加洛水),台湾,屏东,屏东 · 佳乐水,免费,3.8
社顶自然公园,台湾,屏东,屏东 · 社顶自然公园,免费,4.8
福隆海水浴场,台湾,新北,新北 · 福隆海水浴场,免费,4.6
台湾台北市忠孝东路,台湾,台北,台北 · 信义区/台北101大楼,免费,4.9
海安路艺术街,台湾,台南,台南 · 赤崁楼,免费,4.6
乌来瀑布,台湾,新北,新北,免费,4.8
旗津海岸公园,台湾,高雄,高雄,免费,4.6
鲤鱼潭,台湾,花莲,花莲 · 鲤鱼潭,免费,4.8
花莲港,台湾,花莲,花莲,免费,4.4
青龙山步道,台湾,南投,南投 · 日月潭伊达邵码头商圈,免费,3.0
祀典武庙,台湾,台南,台南 · 赤崁楼,免费,4.8
大甲镇澜宫,台湾,台中,台中,免费,4.8
